frame,time,active_links,max_possible_links,link_fraction,total_link_distance,mean_link_distance,normalized_distance_sum,link_score,receiver_count,covered_receivers,coverage_fraction,mean_nearest_receiver_distance,max_nearest_receiver_distance,receiver_penalty,worst_receiver_penalty,blended_receiver_penalty,base_score,score,running_score
0,0.0,53,435,0.12183908045977011,185241.48583088574,3495.1223741676554,37.04829716617715,0.08516849923259115,100,78,0.78,1732.2039945982217,inf,0.4902238231573226,1.0,0.7451119115786613,0.17002829382696494,0.39042507073456745,0.39042507073456745
1,11.117287381878821,54,435,0.12413793103448276,190567.27410439035,3529.0235945257473,38.11345482087807,0.08761713751925992,100,77,0.77,1712.3734517802425,inf,0.4937055115741573,1.0,0.7468527557870787,0.17038219086609058,0.38542595547716524,0.3879255131058663
2,22.234574763757642,54,435,0.12413793103448276,190931.2890270759,3535.7646116125165,38.18625780541517,0.08778450070210383,100,78,0.78,1724.7233141907047,inf,0.4890568370137499,1.0,0.744528418506875,0.17162804109761443,0.390429070102744,0.3887600321048255
3,33.35186214563646,53,435,0.12183908045977011,186366.93755250995,3516.3573123115084,37.27338751050199,0.08568594830000457,100,79,0.79,1736.9223939682963,inf,0.4844337382469908,1.0,0.7422168691234954,0.17173453958825458,0.39542933634897065,0.3904273581658618
4,44.469149527515285,53,435,0.12183908045977011,186850.11546845277,3525.47387676326,37.37002309369054,0.08590809906595527,100,79,0.79,1737.329704617605,inf,0.4844980933295816,1.0,0.7422490466647909,0.17182952620058223,0.3954295738155015,0.39142780129578975
5,55.58643690939411,53,435,0.12183908045977011,187398.4933345606,3535.8206289539735,37.479698666912114,0.08616022682048761,100,78,0.78,1724.8925368822488,inf,0.48908323575363083,1.0,0.7445416178768154,0.17080930447183607,0.3904270232611796,0.39126100495668803
6,66.70372429127293,52,435,0.11954022988505747,182982.5235713118,3518.894684063688,36.596504714262366,0.08412989589485602,100,79,0.79,1740.2589873737177,inf,0.4849609200050473,1.0,0.7424804600025237,0.17082471794616616,0.3954270617948654,0.39185615593357054
7,77.82101167315176,54,435,0.12413793103448276,193466.7587742792,3582.7177550792444,38.69335175485584,0.08895023391920882,100,80,0.8,1753.8672770045189,inf,0.48061876432072287,1.0,0.7403093821603615,0.17432042587942365,0.40043580106469856,0.3929286115749615
8,88.93829905503058,51,435,0.11724137931034483,178789.0696216377,3505.6680317968176,35.757813924327536,0.08220187109040814,100,81,0.81,1769.955738399506,inf,0.47673282962072,1.0,0.73836641481036,0.1719177281400241,0.4054297943203501,0.3943176318800047
9,100.05558643690941,50,435,0.11494252873563218,174115.89463756865,3482.317892751373,34.82317892751372,0.08005328489083614,100,81,0.81,1771.2090709474342,inf,0.47693586949348427,1.0,0.7384679347467421,0.17079267507204704,0.40542698168768015,0.39542856686077227
10,111.17287381878823,53,435,0.12183908045977011,189352.86940799895,3572.6956492075274,37.870573881599796,0.08705879053241332,100,81,0.81,1771.7628233856992,inf,0.4770255773884833,1.0,0.7385127886942416,0.17427300091908587,0.4054356825022977,0.3963383046463655
11,122.29016120066706,52,435,0.11954022988505747,184496.17987752322,3548.0034591831386,36.899235975504645,0.08482582982874631,100,81,0.81,1772.2426143444777,inf,0.47710330352380537,1.0,0.7385516517619026,0.17313708903342184,0.40543284272258356,0.3970961828193837
12,133.40744858254587,53,435,0.12183908045977011,189612.55068951487,3577.5952960285827,37.922510137902975,0.0871781842250643,100,81,0.81,1771.7191350539956,inf,0.4770184998787473,1.0,0.7385092499393736,0.17433446714284534,0.40543583616785717,0.39773769461542013
13,144.52473596442468,53,435,0.12183908045977011,189764.37915877963,3580.4599841279173,37.95287583175594,0.08724799041782974,100,81,0.81,1770.4246426037173,inf,0.47680879210180216,1.0,0.738404396050901,0.1744217971834644,0.40543605449295866,0.3982875774638157
14,155.6420233463035,55,435,0.12643678160919541,199952.5902041576,3635.5016400755926,39.99051804083153,0.09193222538122191,100,81,0.81,1769.5606519142798,inf,0.4766688256101134,1.0,0.7383344128050567,0.17679890628808254,0.4054419972657202,0.3987645387839427
15,166.7593107281823,53,435,0.12183908045977011,190006.7779820986,3585.033546832049,38.001355596419714,0.087359438152689,100,81,0.81,1768.8479063427008,inf,0.4765533608275176,1.0,0.7382766804137588,0.17454137886946508,0.4054363534471737,0.3991815272003946
16,177.8765981100611,53,435,0.12183908045977011,190012.51516850482,3585.1417956321666,38.002503033700954,0.08736207593954243,100,81,0.81,1769.8593010502198,inf,0.4767172067701355,1.0,0.7383586033850678,0.1745017362772373,0.40543625434069314,0.3995494523262946
17,188.99388549193992,54,435,0.12413793103448276,194990.51851791437,3610.9355281095254,38.99810370358287,0.08965081311168475,100,82,0.82,1785.859757758052,inf,0.4728810002723204,1.0,0.7364405001361602,0.1766051564877622,0.4104415128912194,0.40015456680212375
18,200.11117287381873,54,435,0.12413793103448276,195021.6325581295,3611.511714039435,39.004326511625905,0.08966511841753082,100,82,0.82,1784.457587784569,inf,0.4726510443966693,1.0,0.7363255221983347,0.17666979810959804,0.41044167449527397,0.4006959935228159
19,211.22846025569754,54,435,0.12413793103448276,195059.62550295412,3612.215287091743,39.011925100590815,0.08968258643813981,100,83,0.83,1793.0158920949827,inf,0.4676406380877671,1.0,0.7338203190438836,0.17793113369712815,0.4154448278342428,0.4014334352383872
20,222.34574763757635,54,435,0.12413793103448276,195101.10578897037,3612.983440536488,39.020221157794076,0.08970165783400937,100,83,0.83,1787.242164943118,inf,0.46668219938055755,1.0,0.7333410996902787,0.1781802790718653,0.41544545069767963,0.4021006740697821
21,233.46303501945516,57,435,0.1310344827586207,210112.7541748151,3686.1886697335985,42.02255083496303,0.09660356513784604,100,84,0.84,1794.9259665483298,inf,0.4615475623801195,1.0,0.7307737811900598,0.18291489197389316,0.4204572872299347,0.40293506557706177
22,244.58032240133397,57,435,0.1310344827586207,209948.35331960247,3683.304444203552,41.9896706639205,0.09652797853774828,100,82,0.82,1766.9061508575169,inf,0.46977260874063276,1.0,0.7348863043703164,0.18082083708371588,0.41045205209270924,0.40326189107774213
23,255.69760978321278,56,435,0.12873563218390804,204801.14142376132,3657.1632397100234,40.960228284752255,0.0941614443327638,100,81,0.81,1750.2564060113973,inf,0.4735415377738464,1.0,0.7367707688869232,0.17869533772292034,0.40544673834430733,0.40335292638051573
24,266.8148971650916,56,435,0.12873563218390804,204609.83877461098,3653.747120975196,40.92196775492219,0.09407348909177515,100,81,0.81,1747.0076544830376,inf,0.47301524002625206,1.0,0.736507620013126,0.1787829345393246,0.40544695733634833,0.403436687618749
25,277.93218454697046,56,435,0.12873563218390804,204478.23859076836,3651.3971176922923,40.89564771815367,0.09401298326012338,100,80,0.8,1730.192141082271,inf,0.4768307425731633,1.0,0.7384153712865816,0.17779880598677084,0.4004444970149669,0.40332160336475736
26,289.0494719288493,55,435,0.12643678160919541,199335.9825310066,3624.290591472847,39.86719650620131,0.09164872760046278,100,79,0.79,1715.6501505920005,inf,0.4810727237935361,1.0,0.7405363618967681,0.17555618285184732,0.39543889045712965,0.4030296510348452
27,300.16675931072814,54,435,0.12413793103448276,194105.36180964397,3594.5437372156293,38.8210723619288,0.08924384451018115,100,79,0.79,1716.8486859928692,inf,0.4812620923868734,1.0,0.7406310461934367,0.1743063991583722,0.3954357659978959,0.40275844085495416
28,311.284046692607,52,435,0.11954022988505747,183871.11897318327,3535.9830571766015,36.77422379463665,0.08453844550491184,100,83,0.83,1770.8621684224556,inf,0.4639631199581275,1.0,0.7319815599790638,0.17627844276292404,0.4154406961069073,0.4031957600015732
29,322.4013340744858,52,435,0.11954022988505747,183631.36253730019,3531.3723564865422,36.72627250746003,0.08442821266082766,100,82,0.82,1757.902776139997,inf,0.46829605528695945,1.0,0.7341480276434798,0.1751400925086739,0.41043785023127166,0.4034371630092298
30,333.51862145636466,52,435,0.11954022988505747,183445.56336597196,3527.7992954994606,36.689112673194394,0.08434278775446988,100,83,0.83,1770.6205337960841,inf,0.46392300861014996,1.0,0.731961504305075,0.1761906417246974,0.4154404766043117,0.40382436667358734
31,344.6359088382435,53,435,0.12183908045977011,188311.04563788784,3553.03859694128,37.66220912757758,0.0865797910978795,100,83,0.83,1771.6487718164615,inf,0.46409369612153256,1.0,0.7320468480607663,0.17726647151855668,0.4154431661787964,0.4041874541581251
32,355.75319622012233,53,435,0.12183908045977011,188194.79578088401,3550.845203412906,37.63895915617679,0.08652634288776273,100,83,0.83,1774.8308338129582,inf,0.46462191841295103,1.0,0.7323109592064755,0.17710769184064362,0.4154427692296016,0.40452852431180625
33,366.8704836020012,52,435,0.11954022988505747,183119.65718534088,3521.531868948863,36.62393143706817,0.08419294583234063,100,83,0.83,1779.0837012302454,inf,0.46532789440422073,1.0,0.7326639472021104,0.17576449931511517,0.41543941124828776,0.4048494327511145
34,377.98777098388,54,435,0.12413793103448276,192820.2577818713,3570.7455144790983,38.564051556374274,0.08865299208361901,100,79,0.79,1728.403457087696,inf,0.483087746219856,1.0,0.741543873109928,0.1735545594868455,0.3954338863987171,0.40458041714104603
35,389.10505836575885,54,435,0.12413793103448276,192412.90335693504,3563.2019140173156,38.48258067138701,0.0884657026928437,100,78,0.78,1716.1800172502426,inf,0.48772408269103784,1.0,0.7438620413455189,0.1723018306736624,0.3904307545766842,0.4041873709587026
36,400.2223457476377,55,435,0.12643678160919541,197011.78296203222,3582.032417491495,39.402356592406434,0.09058013009748606,100,79,0.79,1735.9504654071425,inf,0.4842801735343286,1.0,0.7421400867671644,0.17422002166516082,0.3954355500541629,0.40395083525857994
37,411.3396331295165,53,435,0.12183908045977011,186633.75210722294,3521.3915491928856,37.32675042144459,0.08580862165849332,100,79,0.79,1739.9267466754043,inf,0.4849084259747139,1.0,0.7424542129873569,0.17167720433556816,0.39542919301083895,0.40372658151521834
38,422.45692051139537,53,435,0.12183908045977011,186263.90953858034,3514.413387520384,37.25278190771606,0.08563857909819785,100,79,0.79,1743.1998620751344,inf,0.48542557820787124,1.0,0.7427127891039356,0.1714628949971312,0.3954286572374928,0.40351381422604593
39,433.5742078932742,54,435,0.12413793103448276,190916.88046405505,3535.49778637139,38.183376092811,0.08777787607542759,100,78,0.78,1733.8456215023361,inf,0.4904799169543643,1.0,0.7452399584771822,0.17126895879912268,0.39042817239699784,0.40318667318031964
40,444.69149527515304,55,435,0.12643678160919541,195552.8951733155,3555.507184969373,39.1105790346631,0.08990937709117953,100,78,0.78,1740.7705842925607,inf,0.4915602111496395,1.0,0.7457801055748198,0.17206463575817993,0.3904301615893955,0.40287553875127274
41,455.8087826570319,58,435,0.13333333333333333,210088.90595829856,3622.222516522389,42.01778119165971,0.09659260044059703,100,77,0.77,1724.1593025027537,inf,0.49552053258542406,1.0,0.7477602662927121,0.17441616707394247,0.38543604041768487,0.402460312600473
42,466.9260700389107,58,435,0.13333333333333333,209517.3291629513,3612.3677441888153,41.90346583259026,0.09632980651170174,100,77,0.77,1726.0199905840564,inf,0.4958070785499446,1.0,0.7479035392749723,0.1742131336183647,0.3854355328340459,0.40206438748962586
43,478.04335742078956,58,435,0.13333333333333333,208996.02946157727,3603.3798183030563,41.79920589231545,0.09609012848808149,100,77,0.77,1731.2869155208407,inf,0.49661818499020943,1.0,0.7483090924951047,0.17389051799648841,0.3854347262949912,0.40168644064429326
44,489.1606448026684,58,435,0.13333333333333333,208526.14374132786,3595.2783403677217,41.70522874826557,0.09587408907647257,100,76,0.76,1720.6622231333595,inf,0.5015406579162707,1.0,0.7507703289581353,0.17255188005916866,0.38043137970014795,0.4012141059566456
45,500.27793218454724,58,435,0.13333333333333333,208025.84491693266,3586.6524985678047,41.605168983386534,0.09564406662847479,100,76,0.76,1724.8435871957784,inf,0.5021762252537584,1.0,0.7510881126268791,0.17227797700079783,0.380430694942502,0.4007622926737294
46,511.3952195664261,57,435,0.1310344827586207,202530.66143302032,3553.169498824918,40.50613228660406,0.0931175454864461,100,77,0.77,1747.079972930692,inf,0.4990503158313265,1.0,0.7495251579156632,0.17179619378539146,0.3854294904844635,0.40043606283991523
47,522.5125069483049,56,435,0.12873563218390804,196934.43623672822,3516.6863613701466,39.38688724734564,0.09054456838470262,100,78,0.78,1769.6533022687258,inf,0.49606591515392123,1.0,0.7480329575769606,0.17125580540387098,0.3904281395135097,0.40022756443728175
48,533.6297943301837,56,435,0.12873563218390804,196389.4946153005,3506.955260987509,39.2778989230601,0.09029402051278183,100,78,0.78,1775.6093247391364,inf,0.4969950546593054,1.0,0.7484975273296527,0.17089824659156455,0.3904272456164789,0.40002755793073475
49,544.7470817120625,56,435,0.12873563218390804,195910.09202971347,3498.3945005305977,39.1820184059427,0.09007360553090275,100,77,0.77,1770.679814953487,inf,0.5026846915028371,1.0,0.7513423457514186,0.16936562988974213,0.38542341407472436,0.3997354750536146
50,555.8643690939413,57,435,0.1310344827586207,200442.81606543236,3516.5406327268834,40.08856321308647,0.09215761658180799,100,77,0.77,1778.7693529872604,inf,0.503930480360038,1.0,0.751965240180019,0.17009618820089456,0.38542524047050225,0.3994548822186516
51,566.98165647582,56,435,0.12873563218390804,195028.53955846024,3482.6524921153614,39.005707911692056,0.0896682940498668,100,77,0.77,1784.8281689679818,inf,0.5048635380210692,1.0,0.7524317690105347,0.16861826251966605,0.38542154565629916,0.3991850103616833
52,578.0989438576988,55,435,0.12643678160919541,189640.2726663179,3448.0049575694165,37.928054533263584,0.08719092996152548,100,78,0.78,1806.3022147258057,inf,0.5017831454972257,1.0,0.7508915727486128,0.1681496786064563,0.39042037419651615,0.39901963986800093
53,589.2162312395776,55,435,0.12643678160919541,189294.98401891088,3441.726982162016,37.85899680378218,0.08703217656041881,100,80,0.8,1842.6231383447189,inf,0.49481970213515497,1.0,0.7474098510675775,0.1698111627464206,0.40042452790686606,0.39904565631316513
54,600.3335186214564,54,435,0.12413793103448276,184065.46323342485,3408.6196895078674,36.81309264668497,0.08462779918778154,100,80,0.8,1847.9133913527962,inf,0.4956661426164474,1.0,0.7478330713082237,0.1683973639397789,0.4004209934098495,0.39907066244219574
55,611.4508060033352,55,435,0.12643678160919541,188915.71435076962,3434.831170013993,37.783142870153924,0.08685779970150327,100,79,0.79,1842.1740174752472,inf,0.5010634947610889,1.0,0.7505317473805444,0.1681630261604794,0.3954204075654012,0.39900547931939584
56,622.568093385214,55,435,0.12643678160919541,188847.64097653353,3433.5934723006094,37.7695281953067,0.0868265015984062,100,78,0.78,1832.2285145144285,inf,0.5058276482642509,1.0,0.7529138241321254,0.16695633873314042,0.39041739084683286,0.3988548111005789
57,633.6853807670927,55,435,0.12643678160919541,188891.17093763806,3434.3849261388737,37.77823418752761,0.08684651537362668,100,77,0.77,1824.261279259732,inf,0.5109362370059987,1.0,0.7554681185029993,0.16568919843531366,0.3854142229960883,0.3986230768229153
58,644.8026681489715,54,435,0.12413793103448276,184028.9950458257,3407.944352700476,36.805799009165135,0.08461103220497732,100,78,0.78,1840.3562820800812,inf,0.5070955800044927,1.0,0.7535477900022464,0.1655316211013655,0.3904138290527534,0.3984839370302007
59,655.9199555308503,54,435,0.12413793103448276,184201.9511633774,3411.1472437662483,36.84039023267548,0.0846905522590241,100,77,0.77,1822.1383626086838,inf,0.5106093078417373,1.0,0.7553046539208687,0.16469294916907767,0.3854117323729227,0.3982660669525794
60,667.0372429127291,51,435,0.11724137931034483,169408.52117791347,3321.7357093708524,33.881704235582696,0.0778889752542131,100,79,0.79,1841.6310327314898,inf,0.5009777031715754,1.0,0.7504888515857877,0.1637000618342127,0.39540925015458556,0.3982192338903172
61,678.1545302946079,51,435,0.11724137931034483,169526.1444510447,3324.0420480597,33.90522889020894,0.07794305492002054,100,79,0.79,1841.8118286501028,inf,0.5010062689267162,1.0,0.7505031344633581,0.16371996022833124,0.39540929990057083,0.39817391237435357
62,689.2718176764866,50,435,0.11494252873563218,164665.78361715513,3293.3156723431025,32.933156723431026,0.07570840626076097,100,79,0.79,1842.5357920213885,inf,0.5011206551393794,1.0,0.7505603275696897,0.1625740393455356,0.3954064350983639,0.39812998416362355
63,700.3891050583654,50,435,0.11494252873563218,164827.6459529391,3296.552919058782,32.965529190587816,0.07578282572548924,100,77,0.77,1815.0340191711439,inf,0.5095152389523561,1.0,0.754757619476178,0.16051260312465565,0.38540128150781167,0.39793109818462646
64,711.5063924402442,50,435,0.11494252873563218,164949.9897127652,3298.999794255304,32.989997942553046,0.075839075730007,100,74,0.74,1767.229237204392,inf,0.5215499271062499,1.0,0.7607749635531249,0.157532056088441,0.3703938301402211,0.3975074479070202
65,722.623679822123,51,435,0.11724137931034483,170066.01551404438,3334.627755177341,34.01320310280887,0.07819127150071005,100,75,0.75,1777.5462274622998,inf,0.5166319341193449,1.0,0.7583159670596724,0.1599376522205188,0.3753998441305513,0.39717248421343737
66,733.7409672040018,52,435,0.11954022988505747,175169.58346209466,3368.6458358095124,35.03391669241894,0.08053773952280216,100,74,0.74,1757.356716149631,inf,0.5200887939901454,1.0,0.7600443969950728,0.16024667126386472,0.37040061667815966,0.39677290410097055
67,744.8582545858806,51,435,0.11724137931034483,170269.24419708634,3338.6126313154186,34.05384883941727,0.07828470997567188,100,74,0.74,1754.3459193855504,inf,0.5196431960690614,1.0,0.7598215980345306,0.1592315559705706,0.37039807888992643,0.3963850390243375
68,755.9755419677593,50,435,0.11494252873563218,165351.13210641476,3307.022642128295,33.07022642128295,0.07602350901444357,100,74,0.74,1754.8791566632267,inf,0.5197221151861575,1.0,0.7598610575930788,0.15808122571068245,0.3703952030642767,0.3960083747350613
69,767.0928293496381,51,435,0.11724137931034483,170420.0920844487,3341.5704330284057,34.08401841688974,0.07835406532618332,100,75,0.75,1768.8991256623303,inf,0.5153348688493496,1.0,0.7576674344246748,0.1603433154507543,0.3754008582886269,0.3957139816429694
70,778.2101167315169,53,435,0.12183908045977011,180455.68465132936,3404.8242387043274,36.09113693026587,0.08296813087417441,100,74,0.74,1754.4852737701483,inf,0.5196638205179819,1.0,0.759831910258991,0.16156811030759166,0.37040392027576896,0.3953575019054032
71,789.3274041133957,53,435,0.12183908045977011,180456.17930619995,3404.8335718150934,36.09123586123998,0.0829683583017011,100,75,0.75,1769.4220598812165,inf,0.5154133089821823,1.0,0.7577066544910911,0.16263085190530502,0.3754065771297633,0.39508040572796377
72,800.4446914952745,53,435,0.12183908045977011,180401.77585677797,3403.8070916373204,36.08035517135559,0.0829433452215071,100,74,0.74,1754.7880499175396,inf,0.5197086313877959,1.0,0.7598543156938979,0.1615445147638046,0.3704038612869095,0.3947423708726069
73,811.5619788771533,54,435,0.12413793103448276,185359.93100985844,3432.5913149973785,37.07198620197168,0.08522295678614179,100,73,0.73,1738.6326869921727,inf,0.5238403723008572,1.0,0.7619201861504286,0.1616513853178566,0.3654041284632946,0.3943459081373459
74,822.679266259032,54,435,0.12413793103448276,185365.9406525158,3432.7026046762185,37.073188130503155,0.08522571984023714,100,74,0.74,1749.6792038810602,inf,0.5189525221743968,1.0,0.7594762610871983,0.16287472937651937,0.3704071868234413,0.39402672518649384
75,833.7965536409108,55,435,0.12643678160919541,190419.487218607,3462.172494883764,38.08389744372141,0.08754918952579635,100,75,0.75,1756.196108632896,inf,0.5134294162949344,1.0,0.7567147081474672,0.16541724068916452,0.3754135431017229,0.3937818148959047
76,844.9138410227896,55,435,0.12643678160919541,190517.26990910372,3463.950361983704,38.103453981820756,0.08759414708464541,100,76,0.76,1768.3291193324671,inf,0.5087860261385351,1.0,0.7543930130692675,0.166600567007689,0.3804165014175192,0.3936082393961854
77,856.0311284046684,55,435,0.12643678160919541,190663.39387077012,3466.6071612867295,38.13267877415402,0.0876613305152966,100,75,0.75,1745.610002252468,inf,0.5118415003378701,1.0,0.7559207501689351,0.16587029017318078,0.37541467572543297,0.3933749885798937
78,867.1484157865472,55,435,0.12643678160919541,190857.43256633144,3470.1351375696627,38.17148651326629,0.08775054370865813,100,75,0.75,1741.2070698991902,inf,0.5111810604848784,1.0,0.7555905302424393,0.1660800067331094,0.37541520001683276,0.39314764948415876
79,878.265703168426,55,435,0.12643678160919541,191057.25143978186,3473.7682079960337,38.21145028795637,0.08784241445507211,100,78,0.78,1781.295414033148,inf,0.4978820845891711,1.0,0.7489410422945856,0.16945068608024322,0.39042362671520064,0.3931135991995468
80,889.3829905503047,54,435,0.12413793103448276,186418.77376751413,3452.1995142132246,37.28375475350283,0.08570978104253525,100,78,0.78,1777.153370847999,inf,0.4972359258522879,1.0,0.7486179629261439,0.16854590905819572,0.3904213647726455,0.3930803617374863
81,900.5002779321835,54,435,0.12413793103448276,186908.2768272011,3461.2643856889094,37.381655365440224,0.08593483992055224,100,78,0.78,1774.5941451416625,inf,0.4968366866420994,1.0,0.7484183433210497,0.16875824829975122,0.3904218956207494,0.39304794141898947
82,911.6175653140623,54,435,0.12413793103448276,187444.6808646358,3471.1977937895517,37.488936172927176,0.08618146246649926,100,79,0.79,1784.3804554082817,inf,0.4919321119545085,1.0,0.7459660559772543,0.17010770324462243,0.39542526925811156,0.39307658392307526
83,922.7348526959411,54,435,0.12413793103448276,187910.13659833913,3479.817344413688,37.58202731966782,0.08639546510268466,100,80,0.8,1799.3520518828911,inf,0.48789632830126256,1.0,0.7439481641506313,0.17122365047602667,0.40042805912619006,0.3931641014850171
84,933.8521400778199,55,435,0.12643678160919541,193337.2465413404,3515.222664388007,38.66744930826808,0.0888906880649841,100,79,0.79,1784.1398802208412,inf,0.49189410107489295,1.0,0.7459470505374465,0.17147181876376877,0.39542867954690947,0.39319074357986294
85,944.9694274596986,55,435,0.12643678160919541,193788.94495276726,3523.4353627775863,38.75778899055344,0.08909836549552516,100,80,0.8,1791.2922201281876,inf,0.48660675522051006,1.0,0.743303377610255,0.17289749394263504,0.4004322437348566,0.39327494707003724
86,956.0867148415774,55,435,0.12643678160919541,194281.0412917471,3532.3825689408563,38.856208258349426,0.08932461668586075,100,80,0.8,1788.3390644852275,inf,0.48613425031763635,1.0,0.7430671251588181,0.17312874576352133,0.4004328218644088,0.39335722149296104
87,967.2040022234562,53,435,0.12183908045977011,184713.24876948356,3485.1556371600673,36.94264975389671,0.08492563161815335,100,81,0.81,1797.2084558060815,inf,0.4811477698405852,1.0,0.7405738849202926,0.1721758733489303,0.40543043968337233,0.3934944171542157
88,978.321289605335,52,435,0.11954022988505747,180048.66610522204,3462.474348177347,36.009733221044414,0.08278099591044692,100,81,0.81,1793.497033264502,inf,0.4805465193888493,1.0,0.7402732596944246,0.17125386810801113,0.40542813467027006,0.3936285038678792
89,989.4385769872138,52,435,0.11954022988505747,180399.350525674,3469.2182793398847,36.079870105134795,0.08294223012674666,100,82,0.82,1803.3744226377742,inf,0.47575340531259497,1.0,0.7378767026562975,0.17253276373522458,0.41043133190933806,0.39381520195722874
90,1000.5558643690925,53,435,0.12183908045977011,185741.51781487148,3504.5569399032356,37.148303562974284,0.08539839899534318,100,81,0.81,1783.6211092539108,inf,0.4789466196991336,1.0,0.7394733098495668,0.17296254457288812,0.40543240636143224,0.39394286354408814
91,1011.6731517509713,55,435,0.12643678160919541,196073.7532357052,3564.977331558276,39.21475064714104,0.09014885206239319,100,81,0.81,1778.7747116745034,inf,0.47816150329126955,1.0,0.7390807516456348,0.1755340502083792,0.405438835125521,0.3940678197569298
92,1022.7904391328501,53,435,0.12183908045977011,186351.63947413975,3516.0686693233915,37.27032789482795,0.08567891470075391,100,81,0.81,1774.879509833427,inf,0.47753048059301517,1.0,0.7387652402965076,0.17345683720212318,0.4054336420930053,0.3941900329003285
93,1033.907726514729,54,435,0.12413793103448276,191512.06426539572,3546.5197086184394,38.30241285307914,0.08805152380018193,100,80,0.8,1759.751708951324,inf,0.4815602734322118,1.0,0.7407801367161059,0.17363569354203806,0.4004340892338551,0.3942564590315362
94,1045.0250138966078,55,435,0.12643678160919541,196606.0737193875,3574.6558858070453,39.3212147438775,0.09039359711236207,100,80,0.8,1753.6023076654324,inf,0.48057636922646924,1.0,0.7402881846132346,0.17505270624956376,0.4004376317656239,0.39432152400768455
95,1056.1423012784867,57,435,0.1310344827586207,206639.53464179434,3625.25499371569,41.327906928358864,0.09500668259392843,100,79,0.79,1738.0297111880477,inf,0.4846086943677115,1.0,0.7423043471838557,0.17635116770503634,0.39544087791926263,0.3943331839442635
96,1067.2595886603656,56,435,0.12873563218390804,201664.06476039425,3601.1440135784687,40.332812952078854,0.09271911023466403,100,77,0.77,1702.745080794924,inf,0.4922227424424183,1.0,0.7461113712212092,0.17330386950672744,0.38543325967376685,0.39424143214766044
97,1078.3768760422445,56,435,0.12873563218390804,201704.1605981267,3601.860010680834,40.34083211962535,0.092737545102587,100,78,0.78,1716.228191022278,inf,0.48773159779947534,1.0,0.7438657988997377,0.1744358731014246,0.39043608968275356,0.3942026021225083
98,1089.4941634241234,56,435,0.12873563218390804,201796.9894571528,3603.5176688777287,40.35939789143056,0.0927802250377714,100,77,0.77,1702.0376653442572,inf,0.4921138004630156,1.0,0.7460569002315078,0.17336166240313178,0.38543340415600785,0.394114024365271
99,1100.6114508060023,56,435,0.12873563218390804,201885.54382765148,3605.098996922348,40.3771087655303,0.09282093969087425,100,76,0.76,1691.952400677249,inf,0.4971767649029418,1.0,0.748588382451471,0.1721162786197017,0.38043029069654927,0.39397718702858375
100,1111.7287381878812,54,435,0.12413793103448276,191919.8076210092,3554.0705115001706,38.38396152420184,0.0882389920096594,100,77,0.77,1711.1683536884118,inf,0.49351992646801535,1.0,0.7467599632340076,0.17073951438782586,0.38542684878596956,0.39389253021430043
101,1122.84602556976,54,435,0.12413793103448276,191884.71780655574,3553.4207001214027,38.37694356131116,0.08822285876163484,100,79,0.79,1744.885064288096,inf,0.4856918401575192,1.0,0.7428459200787596,0.17268846934143767,0.3954317211733536,0.39390762032174215
102,1133.963312951639,54,435,0.12413793103448276,191911.68862970997,3553.9201598094437,38.382337725942,0.08823525914009656,100,81,0.81,1777.1069787812444,inf,0.4778913305625615,1.0,0.7389456652812807,0.17464479692940793,0.40543661199232356,0.3940195522797089
103,1145.0806003335179,53,435,0.12183908045977011,186978.72059727594,3527.900388627848,37.39574411945518,0.08596722786081651,100,81,0.81,1778.2014563430182,inf,0.4780686359275688,1.0,0.7390343179637844,0.1734664549485161,0.4054336661373713,0.39412930337449414
104,1156.1978877153967,54,435,0.12413793103448276,192062.9574850355,3556.7214349080646,38.41259149700711,0.0883048080390968,100,81,0.81,1778.9001483407983,inf,0.47818182403120935,1.0,0.7390909120156046,0.17460694801174614,0.4054365173700294,0.3942369911268325
105,1167.3151750972756,54,435,0.12413793103448276,192168.7208706189,3558.6800161225724,38.43374417412378,0.08835343488304317,100,80,0.8,1769.0694164995264,inf,0.4830511066399242,1.0,0.7415255533199621,0.1734139407815406,0.4004335348519539,0.3942954490865035
106,1178.4324624791545,55,435,0.12643678160919541,197331.67132462098,3587.8485695385634,39.4663342649242,0.0907272052067223,100,79,0.79,1757.4408517474487,inf,0.4876756545760968,1.0,0.7438378272880484,0.17344468895933696,0.3954336117223984,0.39430608612048385
107,1189.5497498610334,56,435,0.12873563218390804,202487.5867917515,3615.8497641384197,40.4975173583503,0.09309774105367885,100,79,0.79,1756.7733590128817,inf,0.4875701907240353,1.0,0.7437850953620176,0.1746563228458306,0.3954366408071146,0.39431655421943407
108,1200.6670372429123,57,435,0.1310344827586207,207623.64773397677,3642.520135683803,41.524729546795356,0.0954591483834376,100,78,0.78,1745.0639426267533,inf,0.49222997504977345,1.0,0.7461149875248867,0.1746720804292754,0.3904366802010732,0.3942809590449537
109,1211.7843246247912,56,435,0.12873563218390804,202718.24230268598,3619.968612547964,40.54364846053719,0.09320378956445331,100,77,0.77,1733.9834015315516,inf,0.497033443835859,1.0,0.7485167219179295,0.1723435338232619,0.3854308588345582,0.39420050358849557
110,1222.9016120066701,56,435,0.12873563218390804,202800.5965854518,3621.4392247402106,40.56011931709036,0.09324165360250658,100,76,0.76,1721.2361128655962,inf,0.5016278891555705,1.0,0.7508139445777853,0.1712138545123607,0.3804280346362809,0.3940764272916288
111,1234.018899388549,56,435,0.12873563218390804,202936.25153868305,3623.8616346193403,40.58725030773661,0.09330402369594623,100,75,0.75,1708.7440023544866,inf,0.5063116003531729,1.0,0.7531558001765865,0.17007411175967985,0.3754251852793992,0.393909898345091
112,1245.136186770428,54,435,0.12413793103448276,193085.54637001056,3575.6582661113066,38.617109274002104,0.0887749638482807,100,75,0.75,1712.0779312119073,inf,0.506811689681786,1.0,0.753405844840893,0.16768455950369382,0.3754192113987592,0.3937462639473358
113,1256.2534741523068,53,435,0.12183908045977011,188260.97533890267,3552.0938743189186,37.652195067780546,0.08655677027075988,100,75,0.75,1712.2767310517254,inf,0.5068415096577589,1.0,0.7534207548288794,0.16656800772094027,0.37541642001930237,0.3935854758427039
114,1267.3707615341857,54,435,0.12413793103448276,193411.57853439648,3581.69589878512,38.68231570687931,0.08892486369397543,100,75,0.75,1716.0685486265554,inf,0.5074102822939833,1.0,0.7537051411469917,0.16760986127349187,0.3754190246531837,0.3934275067019255
115,1278.4880489160646,53,435,0.12183908045977011,188482.26200157238,3556.26909436929,37.69645240031448,0.08665851126509075,100,75,0.75,1714.1755948839107,inf,0.5071263392325865,1.0,0.7535631696162932,0.1665476708243988,0.375416369177061,0.393272238274987
116,1289.6053362979435,54,435,0.12413793103448276,193460.84542566538,3582.608248623433,38.69216908513309,0.08894751513823698,100,76,0.76,1725.1628548597819,inf,0.5022247539386868,1.0,0.7511123769693434,0.16891756908444683,0.3804222939227111,0.39316240969077954
117,1300.7226236798224,54,435,0.12413793103448276,193463.47248577158,3582.656897884659,38.69269449715432,0.08894872298196396,100,76,0.76,1723.886329729993,inf,0.5020307221189589,1.0,0.7510153610594794,0.16896668096124223,0.3804224167024031,0.3930544436485051
118,1311.8399110617013,54,435,0.12413793103448276,193508.0401713661,3583.4822253956686,38.701608034273214,0.08896921387189245,100,77,0.77,1740.9792472355896,inf,0.4981108040742807,1.0,0.7490554020371404,0.16995690591737606,0.38542489226479343,0.3929903297713311
119,1322.9571984435802,53,435,0.12183908045977011,188498.78712789953,3556.5808892056516,37.69975742557991,0.08666610902432163,100,78,0.78,1754.0166570830538,inf,0.49362659850495644,1.0,0.7468132992524782,0.16992640488592176,0.3904248160122148,0.3929689504900051
120,1334.074485825459,53,435,0.12183908045977011,188370.52703836435,3554.1608875163083,37.67410540767287,0.08660713886821349,100,78,0.78,1754.446643237685,inf,0.49369367634507894,1.0,0.7468468381725395,0.169880150347837,0.3904247003758696,0.39294792362955766
121,1345.191773207338,52,435,0.11954022988505747,183183.22131740267,3522.7542561038977,36.636644263480534,0.0842221707206449,100,76,0.76,1722.9599283979899,inf,0.5018899091164946,1.0,0.7509449545582473,0.16663860808119885,0.380416596520203,0.3928452078335794
122,1356.3090605892169,52,435,0.11954022988505747,183022.53721461105,3519.6641772040584,36.60450744292221,0.08414829297223497,100,76,0.76,1725.2580718141471,inf,0.5022392269157504,1.0,0.7511196134578753,0.16651433975717989,0.38041628584939297,0.3927441596873665
123,1367.4263479710958,54,435,0.12413793103448276,192877.71821319198,3571.8095965405923,38.5755436426384,0.08867941067273195,100,76,0.76,1727.797116619635,inf,0.5026251617261845,1.0,0.7513125808630923,0.16868341490481986,0.38042170853726204,0.3926447850813173
124,1378.5436353529747,54,435,0.12413793103448276,192737.72063107867,3569.217048723679,38.54754412621573,0.08861504396831203,100,76,0.76,1734.5820467539797,inf,0.5036564711066048,1.0,0.7518282355533024,0.16839340420750482,0.3804209835105188,0.39254699466875087
125,1389.6609227348536,53,435,0.12183908045977011,187640.8611104481,3540.3936058575114,37.52817222208963,0.08627166028066581,100,75,0.75,1721.2643317116099,inf,0.5081896497567414,1.0,0.7540948248783708,0.16608841770114757,0.37541522104425284,0.39241102821141355
126,1400.7782101167325,52,435,0.11954022988505747,182489.44645715848,3509.4124318684326,36.4978892914317,0.0839031937734062,100,75,0.75,1720.5190666806493,inf,0.5080778600020973,1.0,0.7540389300010486,0.16493213188617883,0.37541233032971544,0.392277180196597
127,1411.8954974986113,52,435,0.11954022988505747,182363.8502293734,3506.9971197956424,36.47277004587468,0.0838454483813211,100,76,0.76,1737.435454292524,inf,0.5040901890524636,1.0,0.7520450945262318,0.16590017692754466,0.38041475044231887,0.39218450496414176
128,1423.0127848804902,52,435,0.11954022988505747,182291.42085850728,3505.604247278986,36.45828417170146,0.08381214752115278,100,78,0.78,1764.775185485166,inf,0.495304928935686,1.0,0.7476524644678431,0.1680798415266549,0.39042019960381663,0.3921708281784028
129,1434.1300722623691,53,435,0.12183908045977011,187245.74960639013,3532.938671818682,37.44914992127803,0.08608999981902996,100,77,0.77,1748.1499851571098,inf,0.49921509771419487,1.0,0.7496075488570975,0.1682412254809662,0.3854206030637024,0.3921189033698282
130,1445.247359644248,52,435,0.11954022988505747,182181.15885616493,3503.483824157018,36.43623177123298,0.08376145234766202,100,77,0.77,1745.967335364366,inf,0.4988789696461123,1.0,0.7494394848230561,0.16716098376230293,0.38541790245940577,0.39206775069112265
131,1456.364647026127,52,435,0.11954022988505747,182160.21265775771,3503.081012649187,36.432042531551545,0.08375182191161275,100,78,0.78,1758.8843011227884,inf,0.49438595097515503,1.0,0.7471929754875775,0.1682794232120176,0.3904206985580301,0.3920552730234477
132,1467.4819344080058,52,435,0.11954022988505747,182186.99087059643,3503.595978280701,36.43739817411928,0.08376413373360754,100,79,0.79,1773.3843673122494,inf,0.4901947300353354,1.0,0.7450973650176678,0.16933338435796985,0.3954233334608949,0.3920805967861353
133,1478.5992217898847,50,435,0.11494252873563218,172203.02996917212,3444.0605993834424,34.44060599383443,0.079173806882378,100,78,0.78,1759.6816787403782,inf,0.494510341883499,1.0,0.7472551709417495,0.1659593179703142,0.3904148982949258,0.39206816620038004
134,1489.7165091717636,51,435,0.11724137931034483,177074.47508328094,3472.0485310447243,35.41489501665618,0.08141355176242801,100,79,0.79,1775.0645340957585,inf,0.49046019638712984,1.0,0.7452300981935649,0.16809172678443152,0.3954202293169611,0.3920929962975399
135,1500.8337965536425,51,435,0.11724137931034483,176986.7916481454,3470.329248002851,35.39735832962908,0.0813732375393772,100,79,0.79,1778.9291581019493,inf,0.49107080698010797,1.0,0.745535403490054,0.1679189170246616,0.39541979729256166,0.3921174580695621
136,1511.9510839355214,49,435,0.11264367816091954,166884.61290042094,3405.8084265392026,33.376922580084184,0.07672855765536594,100,79,0.79,1781.8196956637585,inf,0.49152751191487376,1.0,0.7457637559574368,0.1654824008489646,0.39541370600212244,0.39214151827344945
137,1523.0683713174003,49,435,0.11264367816091954,166762.54773515306,3403.317300717409,33.35250954703062,0.07667243574030028,100,81,0.81,1813.3356579240606,inf,0.4837603765836978,1.0,0.7418801882918489,0.16739612372422574,0.4054184903093106,0.39223772821573827
138,1534.1856586992792,50,435,0.11494252873563218,171671.0752896324,3433.421505792648,34.33421505792648,0.07892923001822179,100,82,0.82,1824.874571093982,inf,0.479279429659413,1.0,0.7396397148297065,0.16964475759425768,0.41042411189398564,0.39236856550838756
139,1545.302946081158,50,435,0.11494252873563218,171611.92236710823,3432.2384473421644,34.32238447342165,0.07890203327223368,100,83,0.83,1835.1319311636105,inf,0.4746319005731593,1.0,0.7373159502865796,0.17079304149282704,0.41542698260373206,0.39253326848764003
140,1556.420233463037,52,435,0.11954022988505747,181528.14619636044,3490.925888391547,36.30562923927209,0.08346121664200482,100,82,0.82,1822.8506592083747,inf,0.4789475081101734,1.0,0.7394737540550866,0.17199373129345907,0.41042998432823363,0.39266019555033926
141,1567.537520844916,52,435,0.11954022988505747,181431.9851411815,3489.0766373304136,36.286397028236294,0.08341700466261218,100,83,0.83,1838.3155743024388,inf,0.47516038533420485,1.0,0.7375801926671024,0.17291840599775488,0.4154322960149944,0.3928205624550199
142,1578.6548082267948,52,435,0.11954022988505747,181385.96363433736,3488.1916083526417,36.277192726867476,0.08339584534912063,100,83,0.83,1839.4660349802741,inf,0.47535136180672544,1.0,0.7376756809033627,0.17286008222287896,0.4154321502055572,0.3929786854462824
143,1589.7720956086737,52,435,0.11954022988505747,181261.92594751023,3485.8062682213504,36.25238518950204,0.0833388165275909,100,80,0.8,1800.9229183008392,inf,0.4881476669281344,1.0,0.7440738334640672,0.1696324915317618,0.40042408122882944,0.39303038958366115
144,1600.8893829905526,51,435,0.11724137931034483,176088.73791505743,3452.720351275636,35.21774758301149,0.08096033927129077,100,80,0.8,1800.7593093170512,inf,0.4881214894907282,1.0,0.7440607447453641,0.16844979726296333,0.4004211244931574,0.3930813601692439
145,1612.0066703724315,51,435,0.11724137931034483,175926.73001285826,3449.5437257423187,35.185346002571656,0.08088585287947507,100,81,0.81,1816.9549060989452,inf,0.48434669478802905,1.0,0.7421733473940145,0.1693562527427303,0.40542339063185684,0.3931658946244673
146,1623.1239577543104,50,435,0.11494252873563218,170837.48009554282,3416.7496019108567,34.16749601910857,0.0785459678600197,100,81,0.81,1818.712461322495,inf,0.4846314187342442,1.0,0.7423157093671221,0.16811512924644884,0.4054202878231161,0.39324925784350573
147,1634.2412451361893,51,435,0.11724137931034483,175807.05805285572,3447.1972167226613,35.161411610571136,0.08083083128866927,100,79,0.79,1789.9715872884667,inf,0.49281551079157787,1.0,0.746407755395789,0.16721153794644011,0.3954180288448661,0.39326391170162306
148,1645.3585325180682,50,435,0.11494252873563218,170833.7146974898,3416.6742939497963,34.16674293949795,0.07854423664252402,100,79,0.79,1790.231401755728,inf,0.49285656147740503,1.0,0.7464282807387025,0.16605797795191074,0.3954151449448798,0.3932783495086247
149,1656.475819899947,50,435,0.11494252873563218,170947.53116150288,3418.9506232300573,34.18950623230057,0.07859656605126568,100,79,0.79,1790.639916321784,inf,0.49292110677884193,1.0,0.746460553389421,0.1660680063309224,0.3954151700158273,0.3932925949786728
150,1667.593107281826,49,435,0.11264367816091954,166147.83037695507,3390.7720485092873,33.22956607539102,0.07638980706986441,100,78,0.78,1776.6864999784307,inf,0.4971630939966352,1.0,0.7485815469983176,0.16390413003577337,0.39040976032508945,0.3932735033584504
151,1678.7103946637048,51,435,0.11724137931034483,176334.59715713878,3457.5411207282114,35.26691943142776,0.08107337800328221,100,78,0.78,1779.357563568022,inf,0.4975797799166115,1.0,0.7487898899583058,0.1661417440224882,0.39041535436005625,0.39325469974661886
152,1689.8276820455837,53,435,0.12183908045977011,186501.2295538103,3518.891123656798,37.30024591076206,0.0857476917488783,100,79,0.79,1789.7009917694159,inf,0.49277275669956766,1.0,0.7463863783497838,0.16968065669954718,0.3954242016417489,0.39326887949756745
153,1700.9449694274626,54,435,0.12413793103448276,191719.24885852286,3550.356460343016,38.34384977170457,0.08814678108437832,100,79,0.79,1784.0237814353395,inf,0.4918757574667837,1.0,0.7459378787333919,0.17110445117549322,0.39542776112793876,0.393282898209453
154,1712.0622568093415,54,435,0.12413793103448276,191988.2500633778,3555.337964136626,38.39765001267556,0.08827045979925417,100,79,0.79,1779.9500190479657,inf,0.49123210300957854,1.0,0.7456160515047893,0.1713272041472324,0.3954283180103681,0.39329673962752343
155,1723.1795441912204,54,435,0.12413793103448276,192322.60539494528,3561.5297295360238,38.464521078989044,0.08842418638848056,100,80,0.8,1788.0430957893918,inf,0.4860868953263027,1.0,0.7430434476631513,0.17269036936266458,0.4004317259234067,0.39334247671916367
156,1734.2968315730993,54,435,0.12413793103448276,192719.71878258558,3568.883681158992,38.5439437565171,0.08860676725636116,100,79,0.79,1770.3748189400774,inf,0.4897192213925322,1.0,0.7448596106962662,0.17187357828004746,0.39542968394570016,0.3933557710327085
157,1745.4141189549782,55,435,0.12643678160919541,198143.1494636202,3602.6027175203676,39.62862989272406,0.09110029860396335,100,78,0.78,1750.433656669258,inf,0.49306765044040424,1.0,0.7465338252202021,0.17228323669188061,0.3904307080917297,0.39333725797612
158,1756.5314063368571,55,435,0.12643678160919541,198586.81197256933,3610.6693085921697,39.717362394513856,0.09130428136669852,100,78,0.78,1748.8477919251563,inf,0.49282025554032444,1.0,0.7464101277701622,0.1724470767982681,0.3904311176919957,0.39331898036427015
159,1767.648693718736,55,435,0.12643678160919541,198986.20694477338,3617.931035359516,39.797241388954674,0.09148791123897626,100,76,0.76,1718.2350305418813,inf,0.5011717246423659,1.0,0.750585862321183,0.1704510244588966,0.38042612756114724,0.39323840003425065
160,1778.765981100615,54,435,0.12413793103448276,194358.28095190314,3599.2274250352434,38.87165619038061,0.08936012917328877,100,77,0.77,1735.0623497791073,inf,0.49719960186598267,1.0,0.7485998009329913,0.17038016412014878,0.38542595041030037,0.39318987550242485
161,1789.8832684824938,55,435,0.12643678160919541,199664.9603621848,3630.272006585178,39.93299207243696,0.09179998177571715,100,76,0.76,1723.7838885178905,inf,0.5020151510547194,1.0,0.7510075755273597,0.1703962031241787,0.38042599050781045,0.39311108608887785
162,1801.0005558643727,55,435,0.12643678160919541,199978.06274201738,3635.9647771275886,39.995612548403464,0.09194393689288152,100,76,0.76,1724.604558887487,inf,0.5021398929508981,1.0,0.7510699464754491,0.17043699520871625,0.3804260924880218,0.39303326404224687
163,1812.1178432462516,56,435,0.12873563218390804,205267.08720300533,3665.483700053667,41.053417440601066,0.09437567227724383,100,78,0.78,1758.6039493481633,inf,0.4943422160983134,1.0,0.7471711080491568,0.1736022821140435,0.39043400570528514,0.39301741490604586
164,1823.2351306281305,56,435,0.12873563218390804,205570.71213807922,3670.905573894272,41.114142427615846,0.09451526994854217,100,79,0.79,1774.8112003733884,inf,0.49042016965899526,1.0,0.7452100848294976,0.17465259255952226,0.39543663148139885,0.3930320768246844
165,1834.3524180100094,55,435,0.12643678160919541,200885.3988098201,3652.4617965421835,40.17707976196401,0.0923611029010667,100,79,0.79,1774.0322130451916,inf,0.4902970896611403,1.0,0.7451485448305701,0.17360627903524828,0.3954340156975881,0.393046546335967
166,1845.4697053918883,50,435,0.11494252873563218,176058.6254465733,3521.172508931466,35.21172508931467,0.08094649445819464,100,78,0.78,1759.8278102655481,inf,0.4945331384014255,1.0,0.7472665692007128,0.1668399626287409,0.39041709990657186,0.39303080114776695
167,1856.5869927737672,50,435,0.11494252873563218,176190.12540429863,3523.8025080859725,35.23802508085972,0.08100695420887292,100,78,0.78,1758.1871921815944,inf,0.4942772019803287,1.0,0.7471386009901644,0.16693417660935428,0.3904173354415234,0.39301524480427746
168,1867.704280155646,50,435,0.11494252873563218,176259.57798652147,3525.1915597304296,35.25191559730428,0.08103888643058456,100,79,0.79,1773.0336496442817,inf,0.49013931664379645,1.0,0.7450696583218982,0.16798461405434323,0.39541996153513587,0.3930294738973595
169,1878.821567537525,48,435,0.1103448275862069,166285.1419231613,3464.273790065861,33.257028384632264,0.07645293881524658,100,80,0.8,1786.762960651528,inf,0.48588207370424435,1.0,0.7429410368521222,0.1667559509815622,0.40041688987745394,0.39307292928547766
170,1889.9388549194039,48,435,0.1103448275862069,166323.10581053142,3465.0647043860713,33.26462116210628,0.07647039347610639,100,79,0.79,1775.9175814111684,inf,0.49059497786296463,1.0,0.7452974889314823,0.16558645227231206,0.3954139661306808,0.3930866195594262
171,1901.0561423012828,48,435,0.1103448275862069,166390.6391062276,3466.4716480464085,33.278127821245526,0.0765014432672311,100,81,0.81,1806.62867355554,inf,0.48267384511599754,1.0,0.7413369225579988,0.16758226035461615,0.4054189556508866,0.3931583191878649
172,1912.1734296831617,47,435,0.10804597701149425,161474.96221327988,3435.637493899572,32.294992442655975,0.07424136193714018,100,81,0.81,1808.7211803346534,inf,0.4830128312142139,1.0,0.741506415607107,0.16636747316501665,0.40541591868291255,0.3932291723641369
173,1923.2907170650406,47,435,0.10804597701149425,161554.88492055915,3437.3379770331735,32.310976984111825,0.07427810800945248,100,82,0.82,1820.997010010202,inf,0.47864350964167307,1.0,0.7393217548208365,0.16747817659430803,0.41041869544148574,0.39332796272665044
174,1934.4080044469194,47,435,0.10804597701149425,161675.35169066495,3439.901099801382,32.33507033813298,0.07433349503019075,100,82,0.82,1819.9740914820673,inf,0.47847575100305906,1.0,0.7392378755015295,0.16754780976433065,0.4104188695244108,0.39342562505120904
175,1945.5252918287983,48,435,0.1103448275862069,166804.02775921585,3475.0839116503303,33.36080555184317,0.07669150701573142,100,81,0.81,1805.6522361503958,inf,0.4825156622563642,1.0,0.7412578311281821,0.16771683794377468,0.40541929209485944,0.39349377088668436
176,1956.6425792106772,48,435,0.1103448275862069,166980.34140976547,3478.7571127034475,33.39606828195309,0.07677257076311056,100,80,0.8,1788.9789368770994,inf,0.48623662990033595,1.0,0.743118314950168,0.1668271279064713,0.4004170678197662,0.3935328855586226
177,1967.7598665925561,47,435,0.10804597701149425,162196.4381333656,3450.988045390757,32.43928762667312,0.07457307500384626,100,81,0.81,1802.5916959908086,inf,0.48201985475051096,1.0,0.7410099273752555,0.16678157381429537,0.40541695393453575,0.39359964998770075
178,1978.877153974435,47,435,0.10804597701149425,162408.02876573382,3455.4899737390174,32.48160575314675,0.07467035805321093,100,80,0.8,1786.189451462272,inf,0.4857903122339635,1.0,0.7428951561169818,0.16588760096811456,0.4004147190024203,0.3936377229989562
179,1989.994441356314,46,435,0.10574712643678161,157568.52280546902,3425.4026696841092,31.5137045610938,0.07244529784159494,100,80,0.8,1786.1477158528603,inf,0.4857836345364576,1.0,0.7428918172682288,0.1647767402866831,0.4004119418507167,0.3936753575481327
180,2001.1117287381928,46,435,0.10574712643678161,157627.34655736256,3426.681446899186,31.525469311472516,0.07247234324476441,100,80,0.8,1788.4266492059123,inf,0.48614826387294596,1.0,0.743074131936473,0.16469910565414575,0.4004117477641354,0.3937125751736355
181,2012.2290161200717,46,435,0.10574712643678161,157740.82534896073,3429.1483771513203,31.548165069792148,0.07252451740182103,100,80,0.8,1794.944979278598,inf,0.4871911966845758,1.0,0.743595598342288,0.16446445952976652,0.4004111611488244,0.39374938059108155
182,2023.3463035019506,46,435,0.10574712643678161,157899.82185991012,3432.6048230415245,31.57996437198204,0.07259761924593572,100,81,0.81,1814.1049536428493,inf,0.48388500249014155,1.0,0.7419425012450708,0.16532755900043244,0.4054133188975011,0.39381311795887625
183,2034.4635908838295,47,435,0.10804597701149425,163067.07008872463,3469.5121295473327,32.61341401774494,0.07497336555803434,100,78,0.78,1776.3586802251928,inf,0.4971119541151301,1.0,0.748555977057565,0.1632086942502346,0.3904080217356256,0.39379461200114113
184,2045.5808782657084,46,435,0.10574712643678161,158260.7566605596,3440.4512317512954,31.652151332111913,0.07276356628071703,100,77,0.77,1760.0828733154087,inf,0.501052762490573,1.0,0.7505263812452865,0.16111859251771532,0.3854027964812943,0.3937492508361691
185,2056.6981656475873,46,435,0.10574712643678161,158480.87577854414,3445.236429968351,31.696175155708833,0.07286477047289387,100,78,0.78,1776.604850811499,inf,0.4971503567265938,1.0,0.7485751783632969,0.16214479605479853,0.39040536199013703,0.39373127293914734
186,2067.815453029466,44,435,0.10114942528735632,148711.4429847157,3379.805522379902,29.742288596943133,0.06837307723435203,100,76,0.76,1745.1418044863194,inf,0.5052615542819205,1.0,0.7526307771409603,0.15787115004669589,0.38039467787511677,0.3936599542489654
187,2078.9327404113446,44,435,0.10114942528735632,148876.10709963777,3383.547888628131,29.775221419927554,0.06844878487339667,100,77,0.77,1758.8594941049564,inf,0.5008643620921633,1.0,0.7504321810460817,0.15900830191365745,0.3853975207547842,0.3936160051346346
188,2090.0500277932233,45,435,0.10344827586206896,154034.88156274374,3422.997368060972,30.80697631254875,0.07082063520126149,100,78,0.78,1767.9177559659609,inf,0.49579516993068984,1.0,0.7478975849653449,0.1614615251179583,0.3904036538127949,0.3935990085667942
189,2101.167315175102,43,435,0.09885057471264368,144026.718719173,3349.458574864488,28.805343743834595,0.06621918102030941,100,79,0.79,1777.7587949212348,inf,0.49088588959755514,1.0,0.7454429447987776,0.16038811811076592,0.39540097029527693,0.3936084925758914
190,2112.2846025569806,43,435,0.09885057471264368,144007.49244676597,3349.0114522503713,28.801498489353193,0.06621034135483493,100,78,0.78,1759.0820572409716,inf,0.4944168009295916,1.0,0.7472084004647959,0.15950097044501954,0.39039875242611255,0.3935916876536412
191,2123.4018899388593,43,435,0.09885057471264368,144021.41017371774,3349.3351203190173,28.80428203474355,0.06621674030975529,100,79,0.79,1774.449106472535,inf,0.4903629588226606,1.0,0.7451814794113303,0.16051763044921252,0.39540129407612307,0.3936011126870917
192,2134.519177320738,44,435,0.10114942528735632,149041.04518176883,3387.296481403837,29.808209036353762,0.06852461847437646,100,78,0.78,1762.7491277302079,inf,0.49498886392591246,1.0,0.7474944319629562,0.16051509325571012,0.3904012877331393,0.3935845332831852
193,2145.6364647026166,43,435,0.09885057471264368,144044.91716198364,3349.881794464736,28.808983432396733,0.06622754812045226,100,79,0.79,1775.6880640750387,inf,0.49055871412385615,1.0,0.745279357061928,0.16047409552926206,0.39540118523882317,0.3935938974685235
194,2156.7537520844953,43,435,0.09885057471264368,144069.1862042498,3350.446190796507,28.813837240849956,0.0662387063008045,100,79,0.79,1774.8131806606916,inf,0.49042048254438925,1.0,0.7452102412721946,0.16051423251430497,0.3954012855812858,0.39360316612551205
195,2167.871039466374,43,435,0.09885057471264368,144129.31600668695,3351.8445582950453,28.825863201337384,0.06626635218698249,100,76,0.76,1728.7134077631931,inf,0.5027644379800053,1.0,0.7513822189900026,0.15744206659848992,0.38039360516649623,0.3935357704063335
196,2178.9883268482527,43,435,0.09885057471264368,144225.7183292906,3354.0864727742,28.845143665858117,0.06631067509392671,100,77,0.77,1741.1286359267165,inf,0.4981338099327144,1.0,0.7490669049663572,0.15862188506378472,0.3853965547126595,0.3934944545906295
197,2190.1056142301313,43,435,0.09885057471264368,144358.77095848793,3357.1807199648356,28.87175419169759,0.06637184871654618,100,77,0.77,1737.5754344093702,inf,0.497586616899043,1.0,0.7487933084495215,0.1587892701335123,0.3853969731753338,0.3934535582198452
198,2201.22290161201,43,435,0.09885057471264368,144528.8099060232,3361.135114093563,28.905761981204638,0.06645002754299917,100,78,0.78,1748.6252493308525,inf,0.49278553889561294,1.0,0.7463927694478065,0.1600286290475963,0.390400071572619,0.393438214065839
199,2212.3401889938887,44,435,0.10114942528735632,149692.52689092484,3402.1028838846555,29.938505378184963,0.06882415029467807,100,78,0.78,1743.2701571916857,inf,0.49195014452190294,1.0,0.7459750722609515,0.16142453901686327,0.39040356134754217,0.3934230408022475
200,2223.4574763757673,45,435,0.10344827586206896,154866.68515561832,3441.481892347074,30.97333703112366,0.07120307363476704,100,79,0.79,1754.6204657259655,inf,0.4872300335847025,1.0,0.7436150167923512,0.16379402842120794,0.39540948507105306,0.393432923609555
201,2234.574763757646,45,435,0.10344827586206896,155044.9782384969,3445.4439608554867,31.008995647699372,0.07128504746597557,100,78,0.78,1742.242922826081,inf,0.49178989596086864,1.0,0.7458949479804343,0.16269504974277066,0.39040673762435696,0.3934179424908164
202,2245.6920511395247,45,435,0.10344827586206896,155262.22792648483,3450.271731699663,31.052445585296965,0.07138493237999302,100,77,0.77,1724.0104530302244,inf,0.4954976097666545,1.0,0.7477488048833273,0.1618180637483329,0.38540454515937084,0.39337846762711476
203,2256.8093385214033,45,435,0.10344827586206896,155429.7106305195,3453.9935695670997,31.08594212610389,0.0714619359220779,100,77,0.77,1722.3598355295517,inf,0.495243414671551,1.0,0.7476217073357755,0.16192011429315117,0.3854048002857329,0.3933393810225001
204,2267.926625903282,45,435,0.10344827586206896,155524.22326197042,3456.093850266009,31.104844652394085,0.07150539000550364,100,77,0.77,1721.2528880412997,inf,0.4950729447583601,1.0,0.7475364723791801,0.16198445881316176,0.38540496114703293,0.3933006765353027
205,2279.0439132851607,45,435,0.10344827586206896,155513.15356386921,3455.8478569748713,31.102630712773838,0.07150030048913526,100,78,0.78,1738.1909058446302,inf,0.4911577813117624,1.0,0.7455788906558812,0.162960704916627,0.3904074017622916,0.3932866315121327
206,2290.1612006670393,47,435,0.10804597701149425,165458.70206164423,3520.3979162051965,33.091740412328846,0.07607296646512378,100,79,0.79,1755.4991948417178,inf,0.4873688727849914,1.0,0.7436844363924957,0.16619426503631407,0.3954154856625908,0.3932969158317002
207,2301.278488048918,48,435,0.1103448275862069,170197.23209755472,3545.7756686990565,34.03944641951094,0.07825160096439296,100,79,0.79,1757.2381935992976,inf,0.487643634588689,1.0,0.7438218172943445,0.16721489183502425,0.39541803722958757,0.3933071135307285
208,2312.3957754307967,47,435,0.10804597701149425,164964.53830536053,3509.883793731075,32.992907661072095,0.07584576473809677,100,79,0.79,1757.6277154879995,inf,0.48770517904710387,1.0,0.7438525895235519,0.16599658760727243,0.3954149914690182,0.39331719907110313
209,2323.5130628126753,47,435,0.10804597701149425,164749.45862204427,3505.3076302562613,32.94989172440885,0.07574687752737667,100,79,0.79,1758.742113129925,inf,0.4878812538745281,1.0,0.743940626937264,0.1659031252950563,0.39541475781323765,0.39332718744606565
210,2334.630350194554,47,435,0.10804597701149425,164585.25057132647,3501.8138419431166,32.917050114265294,0.07567137957302367,100,78,0.78,1746.165546456296,inf,0.4924018252471821,1.0,0.7462009126235911,0.1647352334747163,0.3904118380836868,0.39331337062444305
211,2345.7476375764327,47,435,0.10804597701149425,164439.06459488816,3498.703502018897,32.88781291897762,0.07560416762983362,100,78,0.78,1745.8543243749475,inf,0.4923532746024918,1.0,0.746176637301246,0.1647137651642938,0.39041178441291075,0.39329968389703013
212,2356.8649249583113,48,435,0.1103448275862069,169301.70711538295,3527.1188982371445,33.86034142307659,0.07783986534040596,100,78,0.78,1745.4900989743207,inf,0.49229645543999395,1.0,0.746148227719997,0.1658458188102045,0.39041461454702553,0.3932861389705043
213,2367.98221234019,48,435,0.1103448275862069,169213.6457569027,3525.2842866021397,33.84272915138054,0.07779937735949549,100,79,0.79,1763.1710409444265,inf,0.4885810244692194,1.0,0.7442905122346097,0.16675443256244282,0.3954168860814061,0.3932960957327048
214,2379.0994997220687,46,435,0.10574712643678161,159113.72109193564,3458.99393678121,31.822744218387125,0.0731557338353727,100,78,0.78,1750.4148705056932,inf,0.4930647197988882,1.0,0.7465323598994441,0.16331168696796433,0.39040827921741994,0.39328266402798256
215,2390.2167871039474,47,435,0.10804597701149425,163932.43359731472,3487.924119091803,32.78648671946296,0.07537123383784587,100,79,0.79,1768.3718409780568,inf,0.4894027508745329,1.0,0.7447013754372664,0.1653349292002897,0.39541333732300077,0.39329252825620026
216,2401.334074485826,47,435,0.10804597701149425,163760.8879873479,3484.274212496764,32.7521775974696,0.07529236229303356,100,79,0.79,1772.927169136049,inf,0.49012249272349584,1.0,0.7450612463617479,0.1651155579656428,0.3954127888949141,0.39330229904255376
217,2412.4513618677047,46,435,0.10574712643678161,158584.2563295836,3447.483833251817,31.71685126591672,0.07291230176072809,100,80,0.8,1792.7459963614688,inf,0.48683935941783507,1.0,0.7434196797089175,0.16474631102590526,0.40041186577756477,0.3933349117339988
218,2423.5686492495834,45,435,0.10344827586206896,153444.1159368528,3409.869243041173,30.68882318737056,0.07054901882154152,100,80,0.8,1791.902076071226,inf,0.4867043321713962,1.0,0.7433521660856981,0.16359842636792166,0.40040899606591984,0.3933672134889391
219,2434.685936631462,45,435,0.10344827586206896,153332.0018002815,3407.377817784033,30.6664003600563,0.07049747209208344,100,80,0.8,1786.554742931589,inf,0.4858487588690544,1.0,0.7429243794345272,0.16378654632877815,0.400409466365822,0.39339922372928854
220,2445.8032240133407,45,435,0.10344827586206896,153265.8576632814,3405.90794807292,30.65317153265628,0.07046706099461214,100,79,0.79,1769.4731570976699,inf,0.4895767588214317,1.0,0.7447883794107159,0.16283934079194812,0.3954070983519799,0.39340830913482105
221,2456.9205113952194,45,435,0.10344827586206896,153244.40288271016,3405.4311751713367,30.648880576542027,0.07045719672768282,100,80,0.8,1780.1204438081593,inf,0.4848192710093054,1.0,0.7424096355046527,0.16402378061151507,0.4004100594515288,0.3934398485506621
222,2468.037798777098,46,435,0.10574712643678161,158215.36207814422,3439.4643930031352,31.643072415628833,0.07274269520834215,100,80,0.8,1777.9194616140671,inf,0.48446711385825075,1.0,0.7422335569291254,0.16525456913960834,0.40041313642284904,0.39347111889986475
223,2479.1550861589767,48,435,0.1103448275862069,168056.090875444,3501.1685599050834,33.61121817508881,0.07726716821859496,100,79,0.79,1761.8206057257275,inf,0.48836765570466506,1.0,0.7441838278523325,0.16654167018313126,0.39541635417545784,0.3934798029859165
224,2490.2723735408554,49,435,0.11264367816091954,172783.24592545192,3526.1886923561615,34.55664918509038,0.07944057283928822,100,78,0.78,1744.4576246332326,inf,0.49213538944278434,1.0,0.7460676947213922,0.16668643905894798,0.3904167160976474,0.3934661892664131
225,2501.389660922734,49,435,0.11264367816091954,172506.10597832882,3520.5327750679353,34.501221195665764,0.07931315217394429,100,75,0.75,1698.4764680441212,inf,0.5047714702066182,1.0,0.7523857351033091,0.1634637085353176,0.3754086592713383,0.39338628869121367
226,2512.5069483046127,49,435,0.11264367816091954,172269.4743834285,3515.703558845479,34.4538948766857,0.07920435603835793,100,75,0.75,1700.2304670685387,inf,0.5050345700602807,1.0,0.7525172850301404,0.1633435355041088,0.3754083588387603,0.3933070907623482
227,2523.6242356864914,48,435,0.1103448275862069,167072.22741675028,3480.671404515631,33.41444548335006,0.07681481720310358,100,75,0.75,1704.1114827033314,inf,0.5056167224054997,1.0,0.7528083612027499,0.16200322800017686,0.37540500807000043,0.3932285728558028
228,2534.74152306837,48,435,0.1103448275862069,166882.5961162073,3476.7207524209857,33.376519223241466,0.07672763039825624,100,74,0.74,1690.817198837662,inf,0.510240945427974,1.0,0.7551204727139871,0.1608035788421346,0.37040200894710534,0.39312889353742425
229,2545.8588104502487,48,435,0.1103448275862069,166734.39440364635,3473.633216742632,33.34687888072927,0.0766594916798374,100,74,0.74,1694.0824053640802,inf,0.5107241959938839,1.0,0.755362097996942,0.16064869684144767,0.3704016217421036,0.3930300793122272
230,2556.9760978321274,48,435,0.1103448275862069,166628.41490497428,3471.4253105202974,33.325682980994856,0.07661076547355139,100,74,0.74,1699.2647247761035,inf,0.5114911792668633,1.0,0.7557455896334316,0.16043258792005982,0.37040108146980016,0.39293211828260627
231,2568.093385214006,48,435,0.1103448275862069,166565.69879464363,3470.118724888409,33.31313975892872,0.0765819304802959,100,75,0.75,1716.0645745954566,inf,0.5074096861893186,1.0,0.7537048430946593,0.1614385436928183,0.37540359635923204,0.3928565643087987
232,2579.2106725958847,49,435,0.11264367816091954,171493.43826494427,3499.866087039679,34.29868765298885,0.07884755782296288,100,75,0.75,1718.7955742020706,inf,0.5078193361303106,1.0,0.7539096680651554,0.16246894487890373,0.37540617236219725,0.3927816699227617
233,2590.3279599777634,49,435,0.11264367816091954,171394.06874529278,3497.8381376590364,34.27881374905856,0.07880187068749094,100,74,0.74,1708.1109212301985,inf,0.5128004163420694,1.0,0.7564002081710347,0.1612008312582281,0.3704030020781456,0.39268603459009244
234,2601.445247359642,51,435,0.11724137931034483,181288.90581532376,3554.684427751446,36.25778116306475,0.08335122106451666,100,76,0.76,1738.5823908679085,inf,0.5042645234119221,1.0,0.752132261705961,0.1656094796792778,0.3804140236991982,0.39263381326715246
235,2612.5625347415207,51,435,0.11724137931034483,181133.44463482968,3551.636169310386,36.226688926965934,0.0832797446596918,100,76,0.76,1735.44608267242,inf,0.5037878045662078,1.0,0.7518939022831039,0.16569292118829393,0.3804142323029707,0.392582035381711
236,2623.6798221233994,51,435,0.11724137931034483,180973.40298780703,3548.4980978001377,36.1946805975614,0.0832061622932446,100,76,0.76,1734.7130587884626,inf,0.5036763849358463,1.0,0.7518381924679232,0.16568398491266068,0.38041420996228165,0.392530694346186
237,2634.797109505278,52,435,0.11954022988505747,185773.84429041747,3572.5739286618746,37.15476885808349,0.08541326174272067,100,77,0.77,1748.721923173537,inf,0.4993031761687247,1.0,0.7496515880843624,0.1678808368291791,0.38541970209207294,0.39250081622747124
238,2645.9143968871567,51,435,0.11724137931034483,180535.0601132539,3539.9031394755666,36.107012022650785,0.0830046253394271,100,77,0.77,1745.2946192463426,inf,0.4987753713639368,1.0,0.7493876856819683,0.16680846982872943,0.3854170211745718,0.3924711769176265
239,2657.0316842690354,50,435,0.11494252873563218,175311.5192512652,3506.2303850253043,35.06230385025305,0.08060299735690357,100,79,0.79,1773.0239636508215,inf,0.49013778625682974,1.0,0.7450688931284148,0.16776705211424436,0.39541941763028565,0.39248346125392924
240,2668.148971650914,52,435,0.11954022988505747,185030.90661235023,3558.28666562212,37.00618132247005,0.08507168120108057,100,79,0.79,1770.3908849702696,inf,0.4897217598253025,1.0,0.7448608799126513,0.17010540064421464,0.39542526350161056,0.3924956679022598
241,2679.2662590327927,52,435,0.11954022988505747,184778.75154941285,3553.4375297964007,36.955750309882575,0.08495574783881052,100,79,0.79,1769.9278071556753,inf,0.48964859353059664,1.0,0.7448242967652983,0.17006572553675614,0.3954251643138419,0.39250777325933245
242,2690.3835464146714,52,435,0.11954022988505747,184585.97074350604,3549.7302066058855,36.917194148701206,0.08486711298552002,100,79,0.79,1771.6509140349483,inf,0.4899208444175218,1.0,0.7449604222087609,0.16995334538837958,0.395424883363471,0.3925197778276623
243,2701.50083379655,54,435,0.12413793103448276,194426.91841849044,3600.4984892313046,38.8853836836981,0.08939168662919104,100,78,0.78,1762.7434752325148,inf,0.4949879821362724,1.0,0.7474939910681362,0.17094884778052744,0.39042737211945133,0.3925112023944319
244,2712.6181211784287,55,435,0.12643678160919541,199238.933932316,3622.5260714966544,39.84778678646319,0.09160410755508779,100,77,0.77,1752.6738080973114,inf,0.499911766446986,1.0,0.7499558832234929,0.1708241121657974,0.3854270602804145,0.3924822875286604
245,2723.7354085603074,54,435,0.12413793103448276,194098.75320513526,3594.421355650653,38.81975064102705,0.08924080607132655,100,77,0.77,1752.2700013223946,inf,0.4998495802036488,1.0,0.7499247901018244,0.16965800798475106,0.38542414501996186,0.3924535958924462
246,2734.852695942186,54,435,0.12413793103448276,193978.93326065983,3592.2024677899967,38.79578665213198,0.08918571644168272,100,76,0.76,1742.6592047918837,inf,0.5048841991283662,1.0,0.7524420995641832,0.16837180843874977,0.38042092952109685,0.3924048806439792
247,2745.9699833240647,54,435,0.12413793103448276,193770.37892715452,3588.3403505028614,38.7540757854309,0.08908982939179518,100,77,0.77,1763.653053137834,inf,0.5016025701832265,1.0,0.7508012850916133,0.16914427215009098,0.38542286068037523,0.39237672733767437
248,2757.0872707059434,54,435,0.12413793103448276,193399.61178907912,3581.474292390354,38.679922357815826,0.08891936174210535,100,76,0.76,1754.5325764406807,inf,0.5066889516189835,1.0,0.7533444758094918,0.16778744296630677,0.38041946860741577,0.3923287062182757
249,2768.204558087822,54,435,0.12413793103448276,193084.3457359359,3575.636032146961,38.61686914718718,0.08877441183261421,100,76,0.76,1756.16732564275,inf,0.506937433497698,1.0,0.753468716748849,0.1676528475418826,0.3804191321188547,0.39228106792187806
250,2779.3218454697007,54,435,0.12413793103448276,192772.4112749942,3569.8594680554484,38.554482254998845,0.08863099368965252,100,75,0.75,1745.208763330059,inf,0.5117813144995088,1.0,0.7558906572497543,0.1663701682199491,0.37541592542054986,0.3922138761190839
251,2790.4391328515794,55,435,0.12643678160919541,197316.98460338527,3587.5815382433684,39.463396920677056,0.09072045269121162,100,77,0.77,1783.3052531001192,inf,0.5046290089774184,1.0,0.7523145044887092,0.16920297410125118,0.38542300743525315,0.3921869282274814
252,2801.556420233458,55,435,0.12643678160919541,196911.12585392635,3580.2022882532065,39.38222517078526,0.09053385096732244,100,78,0.78,1799.01203312058,inf,0.5006458771668104,1.0,0.7503229385834052,0.1701054561919586,0.3904252636404799,0.392179965126347
253,2812.6737076153368,55,435,0.12643678160919541,196562.2574878918,3573.8592270525783,39.312451497578365,0.09037345171857096,100,78,0.78,1797.7271242550312,inf,0.5004454313837848,1.0,0.7502227156918924,0.17007536801333933,0.3904251884200334,0.39217305655663715
254,2823.7909949972154,54,435,0.12413793103448276,191181.08507168692,3540.3904642904986,38.236217014337385,0.08789934945824686,100,79,0.79,1811.0048927128396,inf,0.49613877304862863,1.0,0.7480693865243143,0.16991498146696632,0.39542478745366744,0.39218580844250783
255,2834.908282379094,54,435,0.12413793103448276,190776.14562330593,3532.8915856167764,38.15522912466119,0.08771317040151998,100,79,0.79,1811.345917309468,inf,0.49619265493489584,1.0,0.7480963274674479,0.169808421467036,0.3954245210536676,0.3921984596636452
256,2846.0255697609728,53,435,0.12183908045977011,185391.56002548465,3497.9539627449935,37.07831200509694,0.08523749886229182,100,79,0.79,1811.6545582813096,inf,0.4962414202084469,1.0,0.7481207101042234,0.16855839437903414,0.3954213959859476,0.3922110002719032
257,2857.1428571428514,53,435,0.12183908045977011,185039.6150595187,3491.3134916890317,37.00792301190374,0.08507568508483619,100,79,0.79,1818.069021009056,inf,0.49725490531943095,1.0,0.7486274526597154,0.1682241162125604,0.3954205602905314,0.3922234404270141
258,2868.26014452473,54,435,0.12413793103448276,189745.48418975377,3513.805262773218,37.94909683795077,0.0872393030757489,100,78,0.78,1798.6928194320192,inf,0.5005960798313951,1.0,0.7502980399156975,0.16847063158002562,0.3904211765789501,0.3922164818793382
259,2879.3774319066088,54,435,0.12413793103448276,189454.01471810957,3508.407679964992,37.890802943621914,0.08710529412326877,100,77,0.77,1779.5922771477026,inf,0.5040572106807462,1.0,0.7520286053403731,0.16753834439144788,0.38541884586097863,0.3921903371254215
260,2890.4947192884874,54,435,0.12413793103448276,189232.04200654605,3504.2970741952972,37.84640840130921,0.0870032377041591,100,79,0.79,1802.6198266917568,inf,0.49481393261729745,1.0,0.7474069663086487,0.16979813569775526,0.3954244953392444,0.3922027285362024
261,2901.612006670366,55,435,0.12643678160919541,194062.58368366092,3528.4106124301984,38.81251673673219,0.0892241764062809,100,78,0.78,1784.2313608751788,inf,0.49834009229652787,1.0,0.749170046148264,0.17002706512900845,0.39042506766282253,0.3921959435710368
262,2912.7292940522448,54,435,0.12413793103448276,188881.63073876442,3497.8079766437854,37.77632614775288,0.08684212907529398,100,78,0.78,1779.044222230827,inf,0.49753089866800904,1.0,0.7487654493340046,0.16903833987064465,0.39042259584967665,0.3921892008040354
263,2923.8465814341234,54,435,0.12413793103448276,188766.02874037274,3495.6671988957914,37.75320574807454,0.08678897873120585,100,78,0.78,1772.9075389999848,inf,0.49657357608399755,1.0,0.7482867880419988,0.16925109534460359,0.3904231277383615,0.39218251113333213
264,2934.963868816002,54,435,0.12413793103448276,188730.18390158608,3495.0034055849273,37.74603678031722,0.08677249834555682,100,78,0.78,1768.153002044697,inf,0.49583186831897264,1.0,0.7479159341594863,0.1694282820930353,0.3904235707052326,0.3921758736222827
265,2946.081156197881,54,435,0.12413793103448276,188775.66682530486,3495.84568195009,37.75513336506097,0.08679341003462292,100,77,0.77,1747.9045282210436,inf,0.4991772973460407,1.0,0.7495886486730203,0.16860238068080124,0.385421505951702,0.39215048126261887
266,2957.1984435797594,54,435,0.12413793103448276,188904.2287872688,3498.2264590234963,37.78084575745377,0.08685251898265234,100,78,0.78,1759.3551532967585,inf,0.4944594039142942,1.0,0.7472297019571471,0.16981140851275262,0.3904245285212819,0.3921440170201419
267,2968.315730961638,55,435,0.12643678160919541,194061.22669838462,3528.3859399706294,38.81224533967692,0.08922355250500441,100,78,0.78,1755.778356427077,inf,0.49390142360262396,1.0,0.746950711801312,0.17113642035184623,0.39042784105087963,0.3921376133784656
268,2979.433018343517,55,435,0.12643678160919541,194243.18562002218,3531.6942840004035,38.84863712400443,0.08930721177932054,100,78,0.78,1754.757888519558,inf,0.4937422306090509,1.0,0.7468711153045254,0.17121804823739756,0.3904280451205935,0.3921312581061314
269,2990.5503057253954,56,435,0.12873563218390804,199348.05499397198,3559.786696320928,39.8696109987944,0.09165427815814804,100,77,0.77,1741.920299137559,inf,0.49825572606718405,1.0,0.749127863033592,0.17126320756227797,0.38542815801890573,0.3921064318095121
270,3001.667593107274,55,435,0.12643678160919541,194511.59930713096,3536.5745328569265,38.90231986142619,0.0894306203710947,100,77,0.77,1743.9809469100105,inf,0.4985730658241417,1.0,0.7492865329120708,0.1700720437295119,0.3854251801093238,0.3920817777441978
271,3012.784880489153,56,435,0.12873563218390804,199707.88360604065,3566.212207250726,39.94157672120813,0.09181971660047845,100,77,0.77,1745.0744278536927,inf,0.49874146188946866,1.0,0.7493707309447344,0.171224492827872,0.3854280612320697,0.3920573155511385
272,3023.9021678710315,56,435,0.12873563218390804,199968.74244921602,3570.8704008788577,39.9937484898432,0.09193965170078897,100,77,0.77,1748.2088947039274,inf,0.4992241697844048,1.0,0.7496120848922024,0.17116378340429322,0.38542790945851074,0.39203303201233763
273,3035.01945525291,55,435,0.12643678160919541,195304.32647824453,3550.9877541499004,39.06086529564892,0.08979509263367567,100,76,0.76,1735.6789783579616,inf,0.5038232047104101,1.0,0.751911602355205,0.16894174513923532,0.3804223543628481,0.3919906572763906
274,3046.136742634789,57,435,0.1310344827586207,205559.53876525667,3606.307697636082,41.111907753051334,0.09451013276563525,100,76,0.76,1738.7797889899919,inf,0.5042945279264787,1.0,0.7521472639632394,0.17118143440119793,0.380427953586003,0.39194861108115286
275,3057.2540300166675,57,435,0.1310344827586207,205727.5983288883,3609.256111033128,41.145519665777655,0.09458740153052335,100,76,0.76,1740.9082913010352,inf,0.5046180602777574,1.0,0.7523090301388786,0.17113918569582232,0.38042784796423956,0.39190686918580175
276,3068.371317398546,57,435,0.1310344827586207,205973.6625308588,3613.573026857172,41.19473250617176,0.09470053449694657,100,74,0.74,1714.7933332463342,inf,0.5137894133204575,1.0,0.7568947066602287,0.16890291391835888,0.3704222572847959,0.39182930740998584
277,3079.488604780425,56,435,0.12873563218390804,201185.46897682297,3592.59766030041,40.2370937953646,0.09249906619624046,100,72,0.72,1685.4414200328183,inf,0.5227035644847259,1.0,0.761351782242363,0.1655736419769387,0.3604139341049423,0.39171630247003963
278,3090.6058921623035,56,435,0.12873563218390804,201236.92274772242,3593.5164776379,40.247384549544485,0.09252272310240112,100,75,0.75,1737.2477271352354,inf,0.5105871590702853,1.0,0.7552935795351426,0.1686145717836292,0.3754215364294591,0.3916578982906827
279,3101.723179544182,56,435,0.12873563218390804,201363.07414941385,3595.769181239533,40.27261482988277,0.09258072374685694,100,75,0.75,1739.38031759263,inf,0.5109070476388945,1.0,0.7554535238194473,0.16856359996370485,0.3754214089999093,0.39159991082893
280,3112.840466926061,56,435,0.12873563218390804,201527.43781993535,3598.70424678456,40.30548756398707,0.09265629325054499,100,74,0.74,1723.81502555195,inf,0.5151246237816887,1.0,0.7575623118908443,0.16754699067985035,0.3704188674766996,0.3915245334504523
281,3123.9577543079395,57,435,0.1310344827586207,206790.3275900955,3627.900484036763,41.3580655180191,0.09507601268510138,100,77,0.77,1764.3997059741573,inf,0.50171755472002,1.0,0.7508587773600099,0.1721086176625457,0.3854302715441564,0.39150292259262853
282,3135.075041689818,57,435,0.1310344827586207,207210.5823893128,3635.2733752511017,41.44211647786255,0.09526923328244263,100,77,0.77,1762.0372955331238,inf,0.5013537435121012,1.0,0.7506768717560506,0.17229618076319608,0.385430740451908,0.39148146611863305
283,3146.192329071697,58,435,0.13333333333333333,212703.1949770939,3667.2964651223087,42.540638995418774,0.09779457240326155,100,76,0.76,1742.2754138948646,inf,0.5048258629120195,1.0,0.7524129314560097,0.17269082047362594,0.38043172705118405,0.3914425585867054
284,3157.3096164535755,56,435,0.12873563218390804,203100.89151485442,3626.8016341938287,40.620178302970885,0.09337972023671468,100,75,0.75,1726.3072973051808,inf,0.5089460945957771,1.0,0.7544730472978886,0.16945333646941302,0.3754236333411735,0.3913863518314579
285,3168.426903835454,56,435,0.12873563218390804,203527.8621077325,3634.426109066652,40.705572421546506,0.09357602855527933,100,75,0.75,1721.2234052236527,inf,0.5081835107835478,1.0,0.7540917553917739,0.16974213658175274,0.3754243553414544,0.39133054065491946
286,3179.544191217333,55,435,0.12643678160919541,198986.03431081944,3617.9278965603535,39.797206862163875,0.09148783186704339,100,75,0.75,1717.572411609711,inf,0.5076358617414567,1.0,0.7538179308707283,0.1688349504981575,0.3754220873762454,0.3912751105041227
287,3190.6614785992115,51,435,0.11724137931034483,179242.41387321462,3514.5571347689142,35.848482774642925,0.0824103052290642,100,76,0.76,1733.5331780055315,inf,0.5034970430568407,1.0,0.7517485215284203,0.1653308918503219,0.3804133272296258,0.39123739597886403
288,3201.77876598109,51,435,0.11724137931034483,179388.52170714416,3517.421994257729,35.87770434142883,0.08247748124466397,100,77,0.77,1747.68807292916,inf,0.4991439632310906,1.0,0.7495719816155453,0.16645274981455938,0.3854161318745364,0.39121725319649614
289,3212.896053362969,50,435,0.11494252873563218,174444.55511611752,3488.8911023223504,34.88891102322351,0.08020439315683565,100,77,0.77,1745.3324200519146,inf,0.4987811926879948,1.0,0.7493905963439974,0.16540689840641914,0.3854135172460161,0.3911972403139083
290,3224.0133407448475,50,435,0.11494252873563218,174364.10813438732,3487.2821626877467,34.87282162687746,0.08016740603879875,100,76,0.76,1723.9093481207447,inf,0.5020342209143531,1.0,0.7510171104571766,0.16457514779081106,0.380411437869477,0.3911601757006972
291,3235.130628126726,50,435,0.11494252873563218,174295.91335173813,3485.9182670347627,34.85918267034763,0.08013605211574168,100,75,0.75,1705.6391795913096,inf,0.5058458769386964,1.0,0.7529229384693482,0.16360655682319675,0.375409016392058,0.39110623337429773
292,3246.247915508605,52,435,0.11954022988505747,184174.2788868138,3541.81305551565,36.83485577736274,0.08467782937324768,100,75,0.75,1697.6326571084232,inf,0.5046448985662636,1.0,0.7523224492831317,0.166177690045058,0.37541544422511264,0.3910526811929012
293,3257.3652028904835,53,435,0.12183908045977011,188916.03996099564,3564.453584169729,37.78320799219913,0.08685794940735432,100,78,0.78,1739.5625555393972,inf,0.491371758664146,1.0,0.745685879332073,0.17058603503764064,0.3904264650875941,0.3910505512061485
294,3268.482490272362,52,435,0.11954022988505747,183657.298085547,3531.8711170297497,36.7314596171094,0.0844401370508262,100,79,0.79,1751.0072288420301,inf,0.48665914215704087,1.0,0.7433295710785204,0.17055528298615286,0.3954263882074654,0.3910653845519157
295,3279.599777654241,53,435,0.12183908045977011,188428.032465534,3555.245895576113,37.685606493106796,0.0866335781450731,100,80,0.8,1758.56343390855,inf,0.48137014942536793,1.0,0.740685074712684,0.17297425171619457,0.4004324356292905,0.3910970299947446
296,3290.7170650361195,53,435,0.12183908045977011,188206.54459867364,3551.0668792202573,37.641308919734726,0.08653174464306834,100,80,0.8,1753.461820199876,inf,0.48055389123198017,1.0,0.7402769456159901,0.17312739951353917,0.40043281849878387,0.39112846362607134
297,3301.834352417998,53,435,0.12183908045977011,188026.6125343333,3547.6719346100626,37.60532250686666,0.08644901725716474,100,81,0.81,1762.5953460582798,inf,0.47554044606144125,1.0,0.7377702230307206,0.1743393971132221,0.4054358484927831,0.3911764749846845
298,3312.951639799877,53,435,0.12183908045977011,187888.3305605843,3545.0628407657414,37.57766611211686,0.08638543933819967,100,82,0.82,1770.4570504535582,inf,0.4703549562743835,1.0,0.7351774781371918,0.17560398060050397,0.41043900995150123,0.39124089817855345
299,3324.0689271817555,53,435,0.12183908045977011,187791.77029255056,3543.240948916048,37.55835405851012,0.08634104381266694,100,81,0.81,1754.446654714587,inf,0.4742203580637632,1.0,0.7371101790318816,0.17461543239039262,0.405436538580976,0.39128821697989485
300,3335.186214563634,53,435,0.12183908045977011,187736.9913451444,3542.207383870649,37.547398269028854,0.0863158580897215,100,80,0.8,1738.1579302309667,inf,0.47810526883695476,1.0,0.7390526344184773,0.17363161183562204,0.40043407902958905,0.391318601903648
301,3346.303501945513,54,435,0.12413793103448276,192665.0021275123,3567.8704097687464,38.53300042550246,0.08858161017356887,100,81,0.81,1751.5648813031828,inf,0.47375351077111544,1.0,0.7368767553855577,0.17585242739400553,0.405439631068485,0.391365360278366
302,3357.4207893273915,54,435,0.12413793103448276,192625.06733778777,3567.1308766256993,38.52501346755755,0.08856324935070702,100,81,0.81,1750.1642434646244,inf,0.4735266074412692,1.0,0.7367633037206346,0.17589997281503617,0.40543974993203763,0.3914118104092362
303,3368.53807670927,53,435,0.12183908045977011,187599.3893491698,3539.6111197956566,37.51987786983396,0.086252592804216,100,83,0.83,1773.8907882790813,inf,0.46446587085432756,1.0,0.7322329354271637,0.1770098286885261,0.4154425245717213,0.39149085881108653
304,3379.655364091149,51,435,0.11724137931034483,177387.59683264594,3478.1881731891363,35.47751936652919,0.08155751578512457,100,83,0.83,1772.0604189191406,inf,0.4641620295405773,1.0,0.7320810147702886,0.17473825050741792,0.41543684562626854,0.39156937024326743
305,3390.7726514730275,53,435,0.12183908045977011,187110.75051388252,3530.391519129859,37.422150102776506,0.08602793127075059,100,82,0.82,1757.1832977367978,inf,0.46817806082883484,1.0,0.7340890304144174,0.17596945042816658,0.4104399236260704,0.3916310387183746
306,3401.889938854906,53,435,0.12183908045977011,186806.99888364915,3524.660356295267,37.36139977672982,0.08588827534880418,100,82,0.82,1757.4898336467922,inf,0.4682283327180739,1.0,0.7341141663590369,0.17588705449488362,0.4104397176362372,0.3916923047734817
307,3413.007226236785,53,435,0.12183908045977011,186549.62048681293,3519.804160128546,37.30992409736258,0.08576994045370709,100,83,0.83,1772.9196382234338,inf,0.4643046599450899,1.0,0.732152329972545,0.17680880524058107,0.41544202201310143,0.39176941424503886
308,3424.1245136186635,54,435,0.12413793103448276,191335.01136014983,3543.240951113886,38.26700227202997,0.08797012016558614,100,83,0.83,1772.6743875761754,inf,0.46426394833764506,1.0,0.7321319741688226,0.17791907299838183,0.4154447976824959,0.3918460336089141
309,3435.241801000542,55,435,0.12643678160919541,196130.68613635076,3566.0124752063775,39.22613722727016,0.09017502810866702,100,83,0.83,1771.4718930959584,inf,0.46406433425392896,1.0,0.7320321671269645,0.17907143049085128,0.4154476785762271,0.3919221679475184
310,3446.359088382421,54,435,0.12413793103448276,190931.38782603375,3535.7664412228473,38.186277565206744,0.08778454612691206,100,82,0.82,1759.349927402709,inf,0.46853338809404427,1.0,0.7342666940470222,0.17675892603994492,0.41044189731509984,0.391981716916546
311,3457.4763757642995,55,435,0.12643678160919541,195723.94807836824,3558.617237788513,39.14478961567363,0.08998802210499685,100,81,0.81,1749.1386864121212,inf,0.47336046719876373,1.0,0.7366802335993818,0.17665389425280753,0.40544163473563205,0.39202485767878664
312,3468.593663146178,56,435,0.12873563218390804,200503.06666207287,3580.411904679873,40.10061333241457,0.09218531800555073,100,80,0.8,1735.7167509184576,inf,0.4777146801469533,1.0,0.7388573400734766,0.17666398896603708,0.4004416599724151,0.3920517484209388
313,3479.710950528057,58,435,0.13333333333333333,210245.8118696019,3624.927790855205,42.04916237392038,0.09666474108947214,100,80,0.8,1743.8331925817351,inf,0.4790133108130776,1.0,0.7395066554065388,0.17857904284146664,0.4004464476071037,0.3920784831317228
314,3490.8282379099355,59,435,0.135632183908046,214931.79031373878,3642.9117002328608,42.98635806274775,0.09881921393735114,100,80,0.8,1748.8221764386647,inf,0.4798115482301864,1.0,0.7399057741150932,0.179456719911129,0.40044864179977785,0.39210505506400234
315,3501.945525291814,59,435,0.135632183908046,214533.13849332745,3636.1548897174143,42.90662769866549,0.09863592574405859,100,81,0.81,1769.8938087024978,inf,0.47672279700980474,1.0,0.7383613985049023,0.1801372636195781,0.405450343159049,0.39214728698835377
316,3513.062812673693,59,435,0.135632183908046,214053.82568524967,3628.030943817791,42.810765137049934,0.09841555203919525,100,82,0.82,1789.3294704696361,inf,0.4734500331570203,1.0,0.7367250165785102,0.18084526773034248,0.41045211316932584,0.392205030919524
317,3524.1801000555715,58,435,0.13333333333333333,208609.252197686,3596.71124478769,41.72185043953721,0.09591229986100508,100,80,0.8,1763.698557664145,inf,0.4821917692262632,1.0,0.7410958846131316,0.17740820762393678,0.40044352051905985,0.3922309381195226
318,3535.29738743745,58,435,0.13333333333333333,208229.47344457064,3590.163335251218,41.64589468891413,0.09573768894003248,100,81,0.81,1779.9989042713034,inf,0.478359822491951,1.0,0.7391799112459755,0.17827888884702853,0.4054456972221176,0.3922723636966467
319,3546.414674819329,58,435,0.13333333333333333,207916.76531498646,3584.7718157756285,41.58335306299729,0.09559391508735009,100,79,0.79,1757.1432978025423,inf,0.4876286410528017,1.0,0.7438143205264008,0.17588979728047466,0.3954397244932012,0.39228226169913594
320,3557.5319622012075,58,435,0.13333333333333333,207532.30301264633,3578.143155390454,41.506460602529266,0.0954171508104121,100,78,0.78,1745.0647396029403,inf,0.4922300993780588,1.0,0.7461150496890294,0.1746510505606913,0.39043662762640174,0.3922765120602801
321,3568.649249583086,59,435,0.135632183908046,211982.78097611983,3592.928491120675,42.39655619522397,0.09746334757522752,100,79,0.79,1760.6207366068397,inf,0.4881780763838808,1.0,0.7440890381919404,0.1766871546916436,0.3954417178867291,0.3922863418920392
322,3579.766536964965,60,435,0.13793103448275862,216384.8692893271,3606.4144881554516,43.276973857865414,0.09948729622497797,100,79,0.79,1762.5686145929105,inf,0.48848584110567983,1.0,0.7442429205528399,0.17762218783606903,0.3954440554695902,0.3922961180950657
323,3590.8838243468435,60,435,0.13793103448275862,215789.83080798155,3596.4971801330257,43.15796616159631,0.09921371531401452,100,79,0.79,1760.6408519077409,inf,0.48818125460142314,1.0,0.7440906273007115,0.17756154400665147,0.39544390386001665,0.3923058334832291
324,3602.001111728722,61,435,0.14022988505747128,220200.78478453794,3609.848930894065,44.04015695690759,0.10124174013082204,100,79,0.79,1757.7496155501058,inf,0.48772443925691666,1.0,0.7438622196284583,0.17868976025118188,0.39544672440062795,0.392315497762975
325,3613.118399110601,60,435,0.13793103448275862,214640.94042470012,3577.3490070783355,42.92818808494002,0.09868548985043682,100,79,0.79,1756.6471679416065,inf,0.48755025253477385,1.0,0.743775126267387,0.17745518179152492,0.39544363795447884,0.3923250932850348
326,3624.2356864924795,60,435,0.13793103448275862,214005.70230046718,3566.7617050077865,42.801140460093436,0.09839342634504238,100,79,0.79,1757.5196671683439,inf,0.4876881074125983,1.0,0.7438440537062991,0.1772746863193716,0.3954431867157984,0.39233462873895153
327,3635.352973874358,60,435,0.13793103448275862,213311.7589387205,3555.1959823120083,42.66235178774411,0.09807437192584852,100,80,0.8,1771.0620217658811,inf,0.48336992348254093,1.0,0.7416849617412704,0.17819470509228907,0.40044548676273073,0.39235935696463375
328,3646.470261256237,60,435,0.13793103448275862,212691.81258174093,3544.8635430290155,42.53836251634819,0.09778933911804182,100,80,0.8,1772.2362981169783,inf,0.4835578076987165,1.0,0.7417789038493583,0.17800521763434174,0.40044501304408586,0.39238393342688127
329,3657.5875486381155,59,435,0.135632183908046,207122.3532106931,3510.548359503273,41.424470642138616,0.09522866814284739,100,80,0.8,1773.5468327422393,inf,0.4837674932387583,1.0,0.7418837466193792,0.1766724607617341,0.40044168115190437,0.3924083508442298
330,3668.704836019994,59,435,0.135632183908046,206563.217774509,3501.071487703542,41.312643554901804,0.0949715943790846,100,80,0.8,1776.636674004051,inf,0.4842618678406482,1.0,0.7421309339203241,0.1764203302293802,0.40044105082557346,0.3924326188200043
331,3679.822123401873,60,435,0.13793103448275862,211020.9270588407,3517.0154509806785,42.20418541176814,0.09702111588912216,100,78,0.78,1755.9717403982515,inf,0.49393159150212723,1.0,0.7469657957510636,0.17502766006902926,0.3904375691501726,0.3924266096342518
332,3690.9394107837516,61,435,0.14022988505747128,215494.3354784276,3532.6940242365176,43.09886709568552,0.09907785539238051,100,78,0.78,1759.299562617938,inf,0.4944507317683982,1.0,0.7472253658841991,0.17592624475409074,0.39043981561188523,0.3924206432858363
333,3702.05669816563,60,435,0.13793103448275862,209889.77636545862,3498.1629394243105,41.97795527309173,0.09650104660480857,100,77,0.77,1746.1888721868102,inf,0.49891308631676895,1.0,0.7494565431583845,0.17352225172321206,0.385433805629308,0.392399724610218
334,3713.173985547509,60,435,0.13793103448275862,209285.57919732656,3488.0929866221095,41.8571158394653,0.0962232548033685,100,75,0.75,1720.2254810667146,inf,0.5080338221600073,1.0,0.7540169110800037,0.17110317186168245,0.3754277579296542,0.3923490620231118
335,3724.2912729293876,61,435,0.14022988505747128,213742.110500797,3503.969024603229,42.748422100159395,0.09827223471301011,100,75,0.75,1718.5510991372378,inf,0.5077826648705855,1.0,0.7538913324352927,0.17219045113885867,0.37543047612784713,0.39229870908889974
336,3735.4085603112662,60,435,0.13793103448275862,208240.11996674252,3470.6686661123754,41.64802399334851,0.0957425838927552,100,74,0.74,1704.7143718201764,inf,0.512297727029386,1.0,0.756148863514693,0.16979686018903112,0.3704244921504726,0.39223380043329614
337,3746.525847693145,60,435,0.13793103448275862,207676.38306131188,3461.273051021865,41.535276612262386,0.09548339451094802,100,74,0.74,1705.32401876661,inf,0.5123879547774582,1.0,0.7561939773887292,0.16964470856110947,0.3704241117714028,0.39216927472719587
338,3757.6431350750236,60,435,0.13793103448275862,207145.97041368016,3452.4328402280025,41.42919408273603,0.09523952662697939,100,73,0.73,1694.0463269479949,inf,0.5173307637344073,1.0,0.7586653818672037,0.16828707237988788,0.3654207176809497,0.39209037042912437
339,3768.7604224569022,60,435,0.13793103448275862,206680.1575491062,3444.669292485103,41.33603150982124,0.0950253597926925,100,72,0.72,1679.4944997154423,inf,0.5218472079590237,1.0,0.7609236039795119,0.1670508779065903,0.36041762719476644,0.3919972153019645
340,3779.877709838781,60,435,0.13793103448275862,206182.01569002023,3436.3669281670036,41.23640313800405,0.09479632905288288,100,72,0.72,1682.3891235644624,inf,0.5222640337932826,1.0,0.7611320168966413,0.16683215607812074,0.36041708039019527,0.3919046049356543
341,3790.9949972206596,60,435,0.13793103448275862,205701.95889680635,3428.365981613439,41.14039177936127,0.09457561328588798,100,73,0.73,1702.4946735328333,inf,0.5185642223357937,1.0,0.7592821111678969,0.1676467510589955,0.3654191168776475,0.39182716198811635
342,3802.1122846025382,60,435,0.13793103448275862,205290.83553688435,3421.513925614739,41.058167107376875,0.0943865910514411,100,73,0.73,1705.388724868293,inf,0.5189867538307708,1.0,0.7594933769153853,0.16744660706802794,0.36541861651767005,0.3917501691441792
343,3813.229571984417,60,435,0.13793103448275862,204950.9389540287,3415.848982567145,40.99018779080574,0.09423031676047297,100,73,0.73,1711.7886641192702,inf,0.5199211449614135,1.0,0.7599605724807068,0.1671348721398831,0.3654178371803497,0.39167362166754016
344,3824.3468593662956,59,435,0.135632183908046,199680.20967898495,3384.4103335421178,39.936041935796986,0.09180699295585514,100,73,0.73,1716.9773956734261,inf,0.5206786997683203,1.0,0.7603393498841602,0.16573382153584748,0.3654143345538396,0.39159750779184826
345,3835.4641467481742,60,435,0.13793103448275862,204379.9793919535,3406.3329898658917,40.875995878390704,0.09396780661699013,100,73,0.73,1722.5451418135901,inf,0.5214915907047841,1.0,0.7607457953523921,0.16661100563229908,0.3654165275140807,0.3915218402187911
346,3846.581434130053,60,435,0.13793103448275862,204112.3101262929,3401.871835438215,40.82246202525858,0.09384474028795076,100,74,0.74,1751.8256517545633,inf,0.5192701964596753,1.0,0.7596350982298377,0.16710482102905655,0.37041776205257265,0.3914610215497242
347,3857.6987215119316,60,435,0.13793103448275862,203922.85016719977,3398.7141694533293,40.78457003343995,0.09375763226078149,100,76,0.76,1783.3039010971897,inf,0.5110621929667728,1.0,0.7555310964833863,0.16911326788869763,0.3804227831697217,0.3914293024739196
348,3868.8160088938102,60,435,0.13793103448275862,203774.0206699386,3396.2336778323097,40.75480413398772,0.09368920490571889,100,76,0.76,1789.0404141226966,inf,0.51193414294665,1.0,0.755967071473325,0.168861066716197,0.38042215266679047,0.3913977633627244
349,3879.933296275689,60,435,0.13793103448275862,203491.5561368599,3391.5259356143315,40.69831122737198,0.09355933615487812,100,76,0.76,1794.6792214996485,inf,0.5127912416679465,1.0,0.7563956208339733,0.16858185766045242,0.3804214546441511,0.3913664024806714
350,3891.0505836575676,61,435,0.14022988505747128,208237.45095245694,3413.7287041386385,41.6474901904914,0.09574135675975036,100,76,0.76,1799.432482024563,inf,0.5135137372677335,1.0,0.7567568686338668,0.16949224406294172,0.3804237306101574,0.39133522677733656
351,3902.1678710394463,60,435,0.13793103448275862,203036.2543811433,3383.9375730190554,40.60725087622867,0.09335000201431878,100,75,0.75,1791.3227174129795,inf,0.5186984076119469,1.0,0.7593492038059735,0.16700039910417264,0.37541750099776044,0.3912900059654628
352,3913.285158421325,60,435,0.13793103448275862,202875.57752638563,3381.2596254397604,40.57511550527715,0.09327612759833827,100,75,0.75,1800.010780315905,inf,0.5200016170473858,1.0,0.7600008085236929,0.16663765953732268,0.3754165941488433,0.3912450387931778
353,3924.4024458032036,60,435,0.13793103448275862,202800.93296071113,3380.0155493451853,40.56018659214222,0.09324180825779821,100,75,0.75,1811.0551511341423,inf,0.5216582726701212,1.0,0.7608291363350606,0.1662063359613688,0.3754155158399034,0.3912003226266431
354,3935.5197331850823,61,435,0.14022988505747128,207804.06246032036,3406.6239747593504,41.56081249206406,0.09554209768290588,100,75,0.75,1818.53046472576,inf,0.522779569708864,1.0,0.761389784854432,0.1670761564142369,0.3754176903910356,0.39115586450766954
355,3946.637020566961,60,435,0.13793103448275862,202861.2967791433,3381.0216129857217,40.57225935582866,0.09326956173753716,100,75,0.75,1818.7798117954155,inf,0.5228169717693124,1.0,0.7614084858846561,0.16593053792644052,0.3754148263448161,0.39111164810833565
356,3957.7543079488396,60,435,0.13793103448275862,202972.33694480025,3382.8722824133374,40.59446738896005,0.09332061468726448,100,72,0.72,1772.3185706065435,inf,0.5352138741673422,1.0,0.7676069370836711,0.1628568388017967,0.3604071420970045,0.39102564108869614
357,3968.8715953307183,59,435,0.135632183908046,198101.34574266555,3357.649927841789,39.62026914853311,0.09108107850237497,100,74,0.74,1798.8479227408018,inf,0.5262294925656387,1.0,0.7631147462828194,0.1639831661097778,0.3704099579152744,0.3909680553815078
358,3979.988882712597,59,435,0.135632183908046,198241.5486433487,3360.026248192351,39.648309728669744,0.09114553960613735,100,74,0.74,1795.2923317799518,inf,0.5257032651034328,1.0,0.7628516325517164,0.16414695352721048,0.370410367383818,0.3909107916266396
359,3991.1061700944756,58,435,0.13333333333333333,193382.1350910409,3334.174742948981,38.67642701820817,0.08891132647863947,100,75,0.75,1805.3336619990012,inf,0.5208000492998501,1.0,0.7604000246499251,0.16425565091435718,0.3754106391272859,0.39086773564747473
360,4002.2234574763543,58,435,0.13333333333333333,193598.873843317,3337.9116179882244,38.719774768663406,0.08901097647968599,100,74,0.74,1789.1125335457473,inf,0.5247886549647706,1.0,0.7623943274823852,0.1633083244986504,0.3704082708112466,0.3908110612296459
361,4013.340744858233,58,435,0.13333333333333333,193892.1869854608,3342.9687411286345,38.77843739709216,0.08914583309676359,100,75,0.75,1804.4637562891853,inf,0.5206695634433778,1.0,0.7603347817216889,0.16440552568753736,0.3754110138142188,0.39076851966219994
362,4024.4580322401116,59,435,0.135632183908046,199172.3206114825,3375.802044262415,39.83446412229649,0.09157348074091147,100,76,0.76,1819.1096410250034,inf,0.5165046654358005,1.0,0.7582523327179003,0.16666057401150558,0.3804166514350288,0.39074000211887444
363,4035.5753196219903,60,435,0.13793103448275862,204439.28908009623,3407.3214846682704,40.887857816019256,0.09399507543912472,100,77,0.77,1828.9761689088723,inf,0.5116623300119664,1.0,0.7558311650059832,0.16908195521657077,0.3854227048880414,0.39072539415944907
364,4046.692607003869,60,435,0.13793103448275862,204774.96939196772,3412.9161565327954,40.95499387839355,0.09414941121469782,100,76,0.76,1811.0564010090097,inf,0.5152805729533696,1.0,0.7576402864766848,0.16825456236900654,0.3804206364059225,0.3906971619464257
365,4057.8098943857476,60,435,0.13793103448275862,205182.88106002138,3419.7146843336895,41.03657621200427,0.09433695680920522,100,75,0.75,1792.583761788595,inf,0.5188875642682892,1.0,0.7594437821341447,0.16744658733753026,0.37541861646834385,0.39065541728664954
366,4068.9271817676263,59,435,0.135632183908046,200618.11147894416,3400.3069742193925,40.12362229578884,0.09223821217422722,100,75,0.75,1787.4593787133003,inf,0.5181189068069952,1.0,0.7590594534034976,0.16658937938536478,0.3754164734484634,0.3906138942789161
367,4080.044469149505,59,435,0.135632183908046,200990.77142785772,3406.6232445399614,40.19815428557155,0.09240955008177368,100,76,0.76,1796.8023734880228,inf,0.5131139607701796,1.0,0.7565569803850898,0.16792628484834193,0.38041981571212086,0.3905861929784628
368,4091.1617565313836,59,435,0.135632183908046,201437.59629416015,3414.1965473586465,40.287519258832035,0.09261498680191273,100,75,0.75,1769.9965137440852,inf,0.5154994770616128,1.0,0.7577497385308064,0.1674326241355532,0.37541858156033886,0.3905450883404733
369,4102.279043913262,59,435,0.135632183908046,201886.1524915517,3421.799194772063,40.37723049831035,0.09282121953634563,100,75,0.75,1761.916404375225,inf,0.5142874606562837,1.0,0.7571437303281419,0.16783874460410186,0.3754195968615103,0.3905042086337734
370,4113.396331295141,57,435,0.1310344827586207,192357.39168423938,3374.691082179638,38.47147833684787,0.08844018008470776,100,75,0.75,1753.598190535107,inf,0.5130397285802661,1.0,0.7565198642901331,0.1659601578972873,0.37541490039474323,0.39046353664391076
371,4124.51361867702,56,435,0.12873563218390804,187803.78084990033,3353.6389437482203,37.56075616998007,0.08634656590800015,100,76,0.76,1758.9222991797812,inf,0.5073561894753267,1.0,0.7536780947376633,0.16633423558516836,0.3804158355889629,0.3904365266948383
372,4135.630906058898,57,435,0.1310344827586207,193289.0743004241,3391.0363912355106,38.65781486008481,0.08886853990824095,100,76,0.76,1752.0892570240355,inf,0.5063175670676535,1.0,0.7531587835338267,0.16785487818720712,0.380419637195468,0.3904096717632046
373,4146.748193440777,56,435,0.12873563218390804,188779.51960427169,3371.06285007628,37.75590392085434,0.08679518142725134,100,76,0.76,1745.9628141712299,inf,0.5053863477540269,1.0,0.7526931738770135,0.16705100377511894,0.3804176275094378,0.39038295506733894
374,4157.865480822656,56,435,0.12873563218390804,189357.1119563903,3381.376999221255,37.87142239127806,0.08706074112937486,100,76,0.76,1741.010017765571,inf,0.5046335227003669,1.0,0.7523167613501834,0.16737198988959573,0.38041842997472397,0.3903563830004253
375,4168.982768204534,56,435,0.12873563218390804,190026.58265430428,3393.3318331125765,38.00531653086086,0.08736854374910542,100,76,0.76,1736.6620385351366,inf,0.5039726298573408,1.0,0.7519863149286704,0.1676911144102175,0.38041922778602555,0.3903299543961317
376,4180.100055586413,56,435,0.12873563218390804,190784.70332879433,3406.869702299899,38.15694066575887,0.08771710497875601,100,77,0.77,1746.928373593699,inf,0.4990269695334297,1.0,0.7495134847667149,0.16910181010602054,0.3854227545252651,0.3903169379508509
377,4191.217342968292,55,435,0.12643678160919541,186626.62621668167,3393.211385757849,37.32532524333633,0.08580534538698006,100,77,0.77,1743.8457834078113,inf,0.49855225064480285,1.0,0.7492761253224014,0.16826461003228932,0.38542066152508075,0.3903039848386134
378,4202.33463035017,56,435,0.12873563218390804,192498.84172268157,3437.4793164764565,38.49976834453631,0.08850521458514093,100,78,0.78,1755.2184651120497,inf,0.4938140805574798,1.0,0.7469070402787399,0.17079908715320047,0.39042699771788303,0.3903043094108542
379,4213.451917732049,56,435,0.12873563218390804,193320.45537599223,3452.150988857004,38.66409107519845,0.08888296798896195,100,78,0.78,1753.177154708516,inf,0.49349563613452846,1.0,0.7467478180672642,0.1710675749608489,0.39042766893740216,0.39030463404118726
380,4224.569205113928,57,435,0.1310344827586207,199138.9961340535,3493.666598843044,39.827799226810704,0.09155815914209357,100,76,0.76,1726.0711358086724,inf,0.5023628126429182,1.0,0.751181406321459,0.17018837641031725,0.3804254709410258,0.39027870447924456
381,4235.686492495806,57,435,0.1310344827586207,199853.1502206377,3506.195617905925,39.97063004412754,0.09188650584856906,100,76,0.76,1726.6224985624078,inf,0.502446619781486,1.0,0.751223309890743,0.17033159797891295,0.3804258289949473,0.3902529116114846
382,4246.803779877685,57,435,0.1310344827586207,200604.57292566868,3519.3784723801523,40.12091458513374,0.09223198755203159,100,76,0.76,1724.3679663423766,inf,0.5021039308840411,1.0,0.7510519654420206,0.17059001105500554,0.38042647502763755,0.3902272551190986
383,4257.921067259564,57,435,0.1310344827586207,201367.98450402552,3532.7716579653597,40.27359690080511,0.09258298138116117,100,76,0.76,1720.9829108957888,inf,0.5015894024561599,1.0,0.75079470122808,0.17089414007654058,0.38042723535019135,0.3902017342342838
384,4269.038354641442,57,435,0.1310344827586207,202128.04916537917,3546.1061257084066,40.42560983307583,0.09293243639787548,100,76,0.76,1720.7584167003934,inf,0.5015552793384597,1.0,0.7507776396692298,0.17107739836432279,0.3804276934959108,0.39017634711548277
385,4280.155642023321,56,435,0.12873563218390804,197920.751123755,3534.2991272099107,39.584150224751,0.09099804649368046,100,75,0.75,1705.7223268017615,inf,0.5058583490202642,1.0,0.7529291745101321,0.16903443599177415,0.3754225860899794,0.3901381249366602
386,4291.2729294052,56,435,0.12873563218390804,198564.9616695076,3545.8028869554932,39.712992333901525,0.09129423525034833,100,76,0.76,1720.5455874552772,inf,0.5015229292932022,1.0,0.7507614646466011,0.1702663853018736,0.38042566596325467,0.3901130281434473
387,4302.390216787078,55,435,0.12643678160919541,194114.99752576623,3529.363591377568,38.822999505153255,0.08924827472449025,100,77,0.77,1730.3713874491832,inf,0.49647719366717424,1.0,0.7482385968335872,0.17050483894545154,0.38542626209736364,0.390100948849514
388,4313.507504168957,54,435,0.12413793103448276,189670.25532288957,3512.412135609066,37.93405106457791,0.0872047150909837,100,77,0.77,1726.4729024920598,inf,0.4958768269837772,1.0,0.7479384134918886,0.1696331507995475,0.38542408287699886,0.3900889260578109
389,4324.624791550836,54,435,0.12413793103448276,190141.05518585874,3521.130651589977,38.028211037171744,0.08742117479809597,100,78,0.78,1735.4689526450534,inf,0.49073315661262834,1.0,0.7453665783063141,0.1710272982458909,0.39042756824561475,0.390089794371113
390,4335.742078932714,55,435,0.12643678160919541,195456.05915248184,3553.7465300451245,39.091211830496384,0.0898648547827503,100,79,0.79,1741.7429095952712,inf,0.4851953797160528,1.0,0.7425976898580264,0.17363358246236194,0.3954340839561559,0.3901034626309213
391,4346.859366314593,54,435,0.12413793103448276,190788.4274145204,3533.1190261948223,38.15768548290408,0.08771881720207834,100,79,0.79,1738.391806648082,inf,0.484665905450397,1.0,0.7423329527251985,0.17269293223843996,0.39543173233059614,0.39011705515566536
392,4357.976653696472,55,435,0.12643678160919541,196076.11438365778,3565.0202615210505,39.215222876731566,0.09014993764765877,100,80,0.8,1751.0004060833307,inf,0.48016006497333286,1.0,0.7400800324866664,0.17503495258049623,0.40043758738145124,0.39014331605191416
393,4369.09394107835,55,435,0.12643678160919541,196364.32772734333,3570.260504133515,39.27286554546867,0.09028244952981303,100,81,0.81,1764.5912127209403,inf,0.4758637764607924,1.0,0.7379318882303962,0.17617528064970844,0.4054404382016243,0.39018214123503525
394,4380.211228460229,54,435,0.12413793103448276,191612.66642765346,3548.3827116232123,38.32253328553069,0.08809777766788664,100,81,0.81,1758.227423316251,inf,0.4748328425772326,1.0,0.7374164212886163,0.17534067818963517,0.4054383516954741,0.3902207645526566
395,4391.328515842108,53,435,0.12183908045977011,186717.43376000258,3522.9704483019354,37.34348675200051,0.08584709598161036,100,81,0.81,1755.6099512537853,inf,0.4744088121031132,1.0,0.7372044060515566,0.17432134496502694,0.4054358033624126,0.3902591863678328
396,4402.445803223986,54,435,0.12413793103448276,191850.4183363779,3552.7855247477387,38.37008366727558,0.08820708889028869,100,79,0.79,1726.1846855414706,inf,0.4827371803155522,1.0,0.7413685901577761,0.17341924936625625,0.39543354812341563,0.39027222002464784
397,4413.563090605865,53,435,0.12183908045977011,186949.50620664706,3527.349173710322,37.3899012413294,0.08595379595707907,100,79,0.79,1724.7079091299258,inf,0.4825038496425283,1.0,0.7412519248212641,0.17235093556790748,0.3954308773389198,0.3902851814751862
398,4424.680377987744,53,435,0.12183908045977011,187062.28739766532,3529.4771207106664,37.41245747953306,0.08600564937823692,100,81,0.81,1748.9285016630893,inf,0.4733264172694204,1.0,0.7366632086347102,0.1746712203717633,0.4054366780509294,0.39032315515081467
399,4435.797665369622,53,435,0.12183908045977011,187206.4735066575,3532.1976133331605,37.44129470133151,0.0860719418421414,100,82,0.82,1761.4191461236742,inf,0.4688727399642824,1.0,0.7344363699821412,0.17581778593000008,0.410439544464825,0.3903734461240997
400,4446.914952751501,53,435,0.12183908045977011,187381.70720114378,3535.503909455543,37.47634144022875,0.08615250905799712,100,83,0.83,1774.291566085441,inf,0.46453239997018314,1.0,0.7322661999850916,0.17694315453645276,0.4154423578863411,0.3904359621135317
401,4458.03224013338,53,435,0.12183908045977011,187526.4537558013,3538.234976524553,37.50529075116027,0.08621905919806958,100,82,0.82,1765.242340703509,inf,0.4694997438753755,1.0,0.7347498719376877,0.17573459363019095,0.41043933648407543,0.3904857217512694
402,4469.149527515258,53,435,0.12183908045977011,187666.8544797593,3540.8840467879113,37.53337089595186,0.08628361125506175,100,82,0.82,1769.5998053571582,inf,0.47021436807857414,1.0,0.7351071840392871,0.17558821360788734,0.4104389705340197,0.3905352335348494
403,4480.266814897137,52,435,0.11954022988505747,182787.6986155544,3515.148050299123,36.55753972311088,0.08404032120255374,100,82,0.82,1771.2285820250258,inf,0.47048148745210416,1.0,0.7352407437260521,0.17439978873825085,0.4104359994718456,0.3905844928564756
404,4491.384102279016,51,435,0.11724137931034483,177921.35849579485,3488.6540881528404,35.58427169915897,0.08180292344634246,100,82,0.82,1773.9409603190768,inf,0.4709263174923285,1.0,0.7354631587461642,0.17316988235008912,0.4104329247058752,0.3906335013301778
405,4502.501389660894,51,435,0.11724137931034483,178021.05570588674,3490.608935409544,35.60421114117734,0.08184876124408583,100,82,0.82,1779.029871900533,inf,0.47176089899168744,1.0,0.7358804494958437,0.17298415587412108,0.4104324603896853,0.39068226723919136
406,4513.618677042773,51,435,0.11724137931034483,178132.95304669728,3492.8030009156328,35.626590609339466,0.0819002082973321,100,81,0.81,1768.4232860705758,inf,0.4764845723434333,1.0,0.7382422861717166,0.17182896106280776,0.40542957240265703,0.39071850140421216
407,4524.735964424652,51,435,0.11724137931034483,178273.66265988944,3495.5620129390086,35.6547325319779,0.08196490237236298,100,80,0.8,1757.5698251910192,inf,0.4812111720305631,1.0,0.7406055860152816,0.1706796581785407,0.4004266991454464,0.3907422960065191
408,4535.85325180653,51,435,0.11724137931034483,178444.03389893615,3498.9026254693363,35.68880677978723,0.08204323397652237,100,80,0.8,1760.2126425510432,inf,0.48163402280816703,1.0,0.7408170114040835,0.17061311128621948,0.40042653277821555,0.3907659738470367
409,4546.970539188409,50,435,0.11494252873563218,173570.70159003438,3471.4140318006876,34.714140318006876,0.07980262142070546,100,79,0.79,1747.4376125785886,inf,0.48609514278741695,1.0,0.7430475713937085,0.1683775250134985,0.3954209438125338,0.3907773274323184
410,4558.087826570288,50,435,0.11494252873563218,173685.25871504296,3473.705174300859,34.73705174300859,0.07985529136323814,100,79,0.79,1750.6401447839917,inf,0.48660114287587064,1.0,0.7433005714379353,0.16827735996265147,0.39542069339990665,0.39078862515973345
411,4569.205113952166,50,435,0.11494252873563218,173779.82166140902,3475.5964332281806,34.755964332281806,0.07989876857995817,100,78,0.78,1741.2740296747386,inf,0.4916387486292592,1.0,0.7458193743146296,0.16703969713266426,0.39041759924283165,0.39078772461139144
412,4580.322401334045,49,435,0.11264367816091954,168784.2490481623,3444.576511186986,33.75684980963246,0.07760195358536198,100,78,0.78,1740.5930877192393,inf,0.4915325216842015,1.0,0.7457662608421007,0.16591784637163065,0.3904147946159291,0.39078682163319417
413,4591.439688715924,49,435,0.11264367816091954,168739.62585990905,3443.6658338756947,33.747925171981805,0.07758143717696966,100,78,0.78,1744.0533115178805,inf,0.4920723165967894,1.0,0.7460361582983948,0.16577263943928744,0.39041443159859823,0.390785922140357
414,4602.556976097802,49,435,0.11264367816091954,168739.63568237165,3443.6660343341155,33.74792713647433,0.07758144169304444,100,79,0.79,1759.8475894945193,inf,0.48805591914013413,1.0,0.7440279595700671,0.1667767410614887,0.39541694185265375,0.3907970812240011
415,4613.674263479681,49,435,0.11264367816091954,168792.01826624418,3444.7350666580446,33.75840365324884,0.0776055256396525,100,77,0.77,1736.2012652438625,inf,0.49737499484755476,1.0,0.7486874974237774,0.1644590141079375,0.38541114753526984,0.3907841342680186
416,4624.79155086156,48,435,0.1103448275862069,163885.40349115783,3414.2792393991217,32.77708069823157,0.07534961080053235,100,78,0.78,1755.9095353688333,inf,0.49392188751753807,1.0,0.746960943758769,0.16419433352088164,0.3904104858338022,0.390783238228608
417,4635.908838243438,48,435,0.1103448275862069,163966.11700952437,3415.9607710317578,32.793223401904875,0.07538672046414914,100,78,0.78,1760.6788400447426,inf,0.4946658990469798,1.0,0.7473329495234899,0.16402688547032962,0.3904100672136758,0.39078234547498375
418,4647.026125625317,46,435,0.10574712643678161,154095.4136542702,3349.900296831961,30.81908273085405,0.07084846604794034,100,80,0.8,1790.757867831441,inf,0.4865212588530307,1.0,0.7432606294265154,0.16379391831071244,0.4004094847957768,0.39080532194114315
419,4658.143413007196,47,435,0.10804597701149425,159176.87659700698,3386.7420552554677,31.8353753194014,0.07318477084919862,100,83,0.83,1831.6973566247623,inf,0.47406176119971055,1.0,0.7370308805998553,0.16807694512467164,0.41542019236281164,0.39086392877548043
420,4669.260700389074,46,435,0.10574712643678161,154283.66549844737,3353.992728227117,30.85673309968948,0.07093501861997582,100,84,0.84,1842.923623525269,inf,0.4696111687522452,1.0,0.7348055843761225,0.1680647171219266,0.4204201617928048,0.39093413360450024
421,4680.377987770953,46,435,0.10574712643678161,154448.86465826482,3357.584014310105,30.889772931652956,0.07101097225667347,100,83,0.83,1832.4903432203748,inf,0.4741933969745822,1.0,0.7370966984872911,0.16695713688469116,0.4154173928422117,0.39099215080648536
422,4691.495275152832,45,435,0.10344827586206896,149520.65882244552,3322.681307165456,29.904131764489104,0.0687451304930784,100,82,0.82,1818.6584025782258,inf,0.47825997802282905,1.0,0.7391299890114145,0.16480757074083197,0.41041201892685203,0.39103806066019775
423,4702.61256253471,45,435,0.10344827586206896,149545.16373740995,3323.2258608313323,29.909032747481994,0.06875639712064827,100,80,0.8,1791.084266413533,inf,0.48657348262616523,1.0,0.7432867413130826,0.1627348279037828,0.4004068370697595,0.39106015683097506
424,4713.729849916589,45,435,0.10344827586206896,149622.58154347306,3324.9462565216236,29.92451630869462,0.06879199151424051,100,80,0.8,1789.8346281131503,inf,0.48637354049810405,1.0,0.743186770249052,0.16280261063259427,0.4004070065265815,0.3910821494184942
425,4724.847137298468,44,435,0.10114942528735632,144739.37817505913,3289.5313221604347,28.94787563501183,0.06654684054025709,100,79,0.79,1773.0010822433503,inf,0.49013417099444934,1.0,0.7450670854972247,0.16073987752151625,0.3954018496938038,0.3910922895599855
426,4735.964424680346,43,435,0.09885057471264368,139857.00111480182,3252.488398018647,27.97140022296036,0.0643020694780698,100,81,0.81,1799.55254596126,inf,0.48152751244572406,1.0,0.7407637562228621,0.16176915662760388,0.405404422891569,0.3911258074366402
427,4747.081712062225,44,435,0.10114942528735632,144934.76582949507,3293.9719506703423,28.986953165899017,0.06663667394459544,100,80,0.8,1784.4428760969308,inf,0.4855108601755089,1.0,0.7427554300877545,0.16194062192842046,0.4004048515548211,0.39114748744626215
428,4758.198999444104,44,435,0.10114942528735632,145042.75331044136,3296.42621160094,29.008550662088275,0.06668632336112247,100,79,0.79,1773.3760755224116,inf,0.490193419932541,1.0,0.7450967099662705,0.16079480669742602,0.39540198701674356,0.3911574046946782
429,4769.316286825982,43,435,0.09885057471264368,140149.0791543912,3259.280910567237,28.02981583087824,0.064436358231904,100,79,0.79,1774.3339338192245,inf,0.4903447615434375,1.0,0.7451723807717188,0.15963198873009266,0.3953990799718253,0.39116726905578786
430,4780.433574207861,43,435,0.09885057471264368,140297.9340627409,3262.7426526218815,28.059586812548183,0.0645047972702257,100,78,0.78,1763.162999310086,inf,0.49505342789237355,1.0,0.7475267139461867,0.1584890416620195,0.3903962226041551,0.39116548008490243
431,4791.55086158974,43,435,0.09885057471264368,140450.45598793958,3266.2896741381296,28.09009119758792,0.06457492229330557,100,77,0.77,1751.4758107704024,inf,0.4997272748586419,1.0,0.7498636374293209,0.15735564243199235,0.38539338910608,0.39115211876319217
432,4802.668148971618,43,435,0.09885057471264368,140593.44874196526,3269.615087022448,28.118689748393052,0.06464066608825988,100,77,0.77,1754.169054273649,inf,0.500142034358142,1.0,0.750071017179071,0.15728482445459446,0.38539321206113647,0.39113881874771395
433,4813.785436353497,43,435,0.09885057471264368,140651.5790653632,3270.966955008447,28.13031581307264,0.06466739267373021,100,76,0.76,1742.6847336239819,inf,0.5048880795108452,1.0,0.7524440397554226,0.1561116764591538,0.3803902791911479,0.3911140525275375
434,4824.902723735376,43,435,0.09885057471264368,140704.34065109785,3272.1939686301826,28.140868130219562,0.06469165087406796,100,76,0.76,1746.900698334549,inf,0.5055289061468514,1.0,0.7527644530734257,0.1559635989003212,0.3803899089972508,0.3910893993240196
435,4836.020011117254,42,435,0.09655172413793103,135777.65735347438,3232.801365558914,27.15553147069488,0.062426509128034206,100,77,0.77,1762.7312693954896,inf,0.5014606154869053,1.0,0.7507303077434526,0.15584810069229083,0.38538962025173074,0.3910763264362392
436,4847.137298499133,43,435,0.09885057471264368,140813.8400041588,3274.740465212995,28.162768000831754,0.06474199540421093,100,77,0.77,1762.9295613704044,inf,0.5014911524510423,1.0,0.7507455762255211,0.15699820958934496,0.38539249552397337,0.39106331995817906
437,4858.254585881012,43,435,0.09885057471264368,140874.14321903064,3276.142865558852,28.17482864380613,0.06476972102024398,100,78,0.78,1776.049133913431,inf,0.4970636648904953,1.0,0.7485318324452477,0.15811894428749818,0.39039529736071876,0.39106179479243147
438,4869.37187326289,43,435,0.09885057471264368,140981.28852016272,3278.63461674797,28.196257704032544,0.06481898322766103,100,78,0.78,1775.6117837429867,inf,0.4969954382639058,1.0,0.7484977191319528,0.15816063204785413,0.39039540158011965,0.391060276812449
439,4880.489160644769,43,435,0.09885057471264368,141098.3725709488,3281.3575016499717,28.219674514189762,0.06487281497514888,100,79,0.79,1784.154141922107,inf,0.4918963544236928,1.0,0.7459481772118464,0.1594623188816513,0.3953986557972041,0.39107013676468705
440,4891.606448026648,43,435,0.09885057471264368,141211.3471135362,3283.984816593865,28.24226942270724,0.06492475729357985,100,80,0.8,1792.9615365213365,inf,0.48687384584341387,1.0,0.7434369229217069,0.16074391718593645,0.4004018597929649,0.3910912971343657
441,4902.723735408526,42,435,0.09655172413793103,136356.47846049946,3246.5828204880827,27.271295692099894,0.06269263377494229,100,80,0.8,1789.2539130781424,inf,0.4862806260925028,1.0,0.7431403130462514,0.15977616036434544,0.4003994404009109,0.39111235628202756
442,4913.841022790405,43,435,0.09885057471264368,141498.56097635248,3290.6642087523833,28.29971219527049,0.06505680964429998,100,80,0.8,1785.650997805352,inf,0.4857041596488564,1.0,0.7428520798244282,0.1611023649099359,0.40040275591227487,0.391133327838755
443,4924.958310172284,43,435,0.09885057471264368,141682.5816832066,3294.9437600745723,28.336516336641324,0.06514141686584213,100,78,0.78,1760.5984939955583,inf,0.49465336506330715,1.0,0.7473266825316536,0.1589073671670943,0.3903972684179178,0.3911316700472666
444,4936.075597554162,45,435,0.10344827586206896,151840.53291295,3374.234064732222,30.368106582590006,0.06981173927032185,100,78,0.78,1759.8017184084492,inf,0.4945290680717181,1.0,0.747264534035859,0.16127360261723145,0.3904031840065431,0.3911300329999841
445,4947.192884936041,45,435,0.10344827586206896,152018.12321666637,3378.1805159259193,30.403624643333288,0.06989338998467423,100,79,0.79,1771.1869848121548,inf,0.4898475436003204,1.0,0.7449237718001602,0.16248480909225704,0.3954062120227307,0.39113962084532655
446,4958.31017231792,45,435,0.10344827586206896,152175.09892942724,3381.6688650983833,30.435019785885448,0.06996556272617345,100,78,0.78,1760.1466231091274,inf,0.494582873205024,1.0,0.747291436602512,0.16133706306183077,0.3904033426576546,0.3911379736905443
447,4969.427459699798,46,435,0.10574712643678161,157363.8197968027,3420.9526042783195,31.47276395936054,0.07235118151577136,100,78,0.78,1758.6016986111028,inf,0.49434186498333205,1.0,0.747170932491666,0.16259012451205268,0.39040647531128014,0.391136340881662
448,4980.544747081677,46,435,0.10574712643678161,157589.9523949688,3425.8685303254088,31.517990478993767,0.07245515052642246,100,77,0.77,1741.271513139914,inf,0.4981558130235469,1.0,0.7490779065117734,0.16168862200732448,0.3854042215550183,0.3911235744689078
449,4991.662034463556,46,435,0.10574712643678161,157773.70580559797,3429.8631696869124,31.554741161119587,0.07253963485314847,100,80,0.8,1782.580237518848,inf,0.4852128380030157,1.0,0.7426064190015078,0.1649666079258203,0.4004124165198146,0.391144216340132
450,5002.779321845434,46,435,0.10574712643678161,157841.82772774374,3431.3440810379075,31.56836554554875,0.07257095527712357,100,81,0.81,1793.508104285806,inf,0.4805483128943006,1.0,0.7402741564471503,0.16614839941498666,0.40541537099853747,0.3911758596985764
451,5013.896609227313,46,435,0.10574712643678161,157945.88442988548,3433.60618325838,31.589176885977096,0.07261879743902781,100,80,0.8,1770.7756349170045,inf,0.48332410158672084,1.0,0.7416620507933605,0.16547837332283366,0.4004136959333071,0.3911962973893612
452,5025.013896609192,46,435,0.10574712643678161,158085.18281126858,3436.634408940621,31.617036562253716,0.07268284267184762,100,80,0.8,1766.5194669858706,inf,0.48264311471773913,1.0,0.7413215573588696,0.16568064265648896,0.40041420160664126,0.39121664596379224
453,5036.13118399107,46,435,0.10574712643678161,158259.13902077626,3440.416065669049,31.651827804155253,0.07276282253828793,100,79,0.79,1747.178683507565,inf,0.4860542319941953,1.0,0.7430271159970976,0.16486785327059517,0.3954121696331765,0.3912258872053548
454,5047.248471372949,47,435,0.10804597701149425,163410.66708378532,3476.822703910326,32.68213341675707,0.07513134118794729,100,78,0.78,1727.4815654629917,inf,0.48948712421222657,1.0,0.7447435621061133,0.16519388954091702,0.39041298472385233,0.3912241006064944
455,5058.365758754828,47,435,0.10804597701149425,163582.042427946,3480.468987828638,32.7164084855892,0.07521013444963034,100,79,0.79,1736.0036860586913,inf,0.4842885823972732,1.0,0.7421442911986366,0.16653292162549688,0.39541633230406376,0.3912332940970592
456,5069.483046136706,47,435,0.10804597701149425,163796.8689955533,3485.039765862836,32.759373799110655,0.07530890528531185,100,78,0.78,1718.8369685140106,inf,0.48813856708818554,1.0,0.7440692835440927,0.1656198108706095,0.3904140495271765,0.39123150143935703
457,5080.600333518585,47,435,0.10804597701149425,164118.50868865653,3491.8831635884367,32.8237017377313,0.07545678560397999,100,77,0.77,1701.1912960393693,inf,0.4919834595900629,1.0,0.7459917297950315,0.1647325279044743,0.3854118313197612,0.39121879473603915
458,5091.717620900464,46,435,0.10574712643678161,159578.18151411813,3469.090902480829,31.915636302823618,0.07336927885706579,100,78,0.78,1713.2877930260474,inf,0.4872728957120634,1.0,0.7436364478560317,0.16486641550051712,0.3904121660387513,0.3912170373750429
459,5102.834908282342,47,435,0.10804597701149425,165054.32261690006,3511.794098231916,33.010864523380015,0.07588704488133337,100,78,0.78,1712.7128506790539,inf,0.48718320470593246,1.0,0.7435916023529663,0.16614772126418353,0.39041536930316045,0.39121529461836485
460,5113.952195664221,49,435,0.11264367816091954,175308.8311276315,3577.731247502684,35.0617662255263,0.08060176143799148,100,81,0.81,1755.8477527159828,inf,0.47444733593998917,1.0,0.7372236679699946,0.17168904673399843,0.405429222616835,0.3912461274339798
461,5125.0694830461,50,435,0.11494252873563218,180515.70489351536,3610.3140978703073,36.103140978703074,0.08299572638782315,100,81,0.81,1751.8622587990144,inf,0.4738016859254403,1.0,0.7369008429627202,0.1730474417125515,0.4054326186042814,0.3912768341248246
462,5136.186770427978,50,435,0.11494252873563218,180717.20955986442,3614.3441911972886,36.14344191197288,0.08308837221143191,100,82,0.82,1764.2945504604247,inf,0.46934430627550966,1.0,0.7346721531377548,0.17420810953683857,0.41043552027384206,0.3913182135765504
463,5147.304057809857,49,435,0.11264367816091954,175846.79441481756,3588.7100900983173,35.169358882963515,0.08084910088037589,100,83,0.83,1775.9729832073203,inf,0.4648115152124151,1.0,0.7324057576062075,0.17422167163708413,0.41543555417909267,0.391370190603711
464,5158.421345191736,49,435,0.11264367816091954,175959.59278860455,3591.0120977266233,35.1919185577209,0.08090096220165725,100,84,0.84,1787.0044871077664,inf,0.4602167538341048,1.0,0.7301083769170524,0.1753962926423024,0.4204384907316057,0.3914327030771043
465,5169.538632573614,49,435,0.11264367816091954,176100.8942145205,3593.895800296337,35.220178842904104,0.0809659283744922,100,84,0.84,1785.367130869061,inf,0.4599416779860022,1.0,0.7299708389930011,0.17549754469074552,0.42043874386172686,0.3914949477998181
466,5180.655919955493,49,435,0.11264367816091954,176270.59383000876,3597.359057755281,35.25411876600176,0.08104395118621094,100,84,0.84,1784.49410932945,inf,0.45979501036734766,1.0,0.7298975051836738,0.17557322300126854,0.42043893305750313,0.39155692635497374
467,5191.773207337372,48,435,0.1103448275862069,171412.826170703,3571.100545222979,34.2825652341406,0.07881049479112781,100,84,0.84,1784.080384040192,inf,0.4597255045187522,1.0,0.7298627522593761,0.17447387126587588,0.4204361846781647,0.3916186341719036
468,5202.8904947192505,48,435,0.1103448275862069,171564.1202882726,3574.252506005679,34.31282405765452,0.07888005530495291,100,83,0.83,1771.4758037341007,inf,0.46406498341986063,1.0,0.7320324917099303,0.17342378179751128,0.4154335594544938,0.3916694122641906
469,5214.007782101129,48,435,0.1103448275862069,171728.5582933902,3577.6782977789626,34.34571165867804,0.07895565898546676,100,83,0.83,1771.0720483937048,inf,0.4639979600333552,1.0,0.7319989800166776,0.17347833948439456,0.415433695848711,0.3917199745696896
470,5225.125069483008,49,435,0.11264367816091954,176798.9347069687,3608.141524632014,35.359786941393736,0.08128686653193962,100,82,0.82,1759.29341006233,inf,0.4685241192502221,1.0,0.734262059625111,0.17351240345341423,0.41043378100863354,0.3917597066428084
471,5236.2423568648865,49,435,0.11264367816091954,176880.63356243854,3609.8088482130315,35.37612671248771,0.08132442922410968,100,84,0.84,1790.6920096308927,inf,0.46083625761798996,1.0,0.730418128808995,0.17545315020755736,0.42043863287551886,0.3918204670797421
472,5247.359644246765,48,435,0.1103448275862069,171950.50733525233,3582.3022361510903,34.39010146705047,0.07905770452195511,100,85,0.85,1805.2231815535126,inf,0.4568879408640973,1.0,0.7284439704320487,0.17530686704495324,0.42543826716761235,0.3918915406528665
473,5258.476931628644,49,435,0.11264367816091954,176961.07742350697,3611.4505596634076,35.39221548470139,0.08136141490735951,100,85,0.85,1805.9662903779608,inf,0.45701426936425343,1.0,0.7285071346821267,0.17642714011261645,0.4254410678502815,0.39196232024611
474,5269.5942190105225,49,435,0.11264367816091954,176996.17623871833,3612.1668620146597,35.39923524774366,0.08137755229366359,100,86,0.86,1818.394473950624,inf,0.45276384951950727,1.0,0.7263819247597536,0.17749781376695495,0.43044374453441736,0.3920433337709275
475,5280.711506392401,48,435,0.1103448275862069,171985.76917070587,3583.036857723039,34.39715383414118,0.07907391686009467,100,85,0.85,1809.7826058597927,inf,0.4576630429961647,1.0,0.7288315214980824,0.17512119768100615,0.42543780299420253,0.39211349021887554
476,5291.82879377428,48,435,0.1103448275862069,171996.8749564808,3583.2682282600167,34.39937499129617,0.07907902296849695,100,85,0.85,1813.2666252460588,inf,0.45825532629183,1.0,0.729127663145915,0.17497567991129098,0.4254374391997782,0.3921833517471374
477,5302.9460811561585,48,435,0.1103448275862069,172040.27121513302,3584.172316981938,34.408054243026605,0.07909897527132553,100,84,0.84,1807.5037356226226,inf,0.4636606275846006,1.0,0.7318303137923003,0.17363433073951262,0.42043408582684877,0.3922424537012791
478,5314.063368538037,48,435,0.1103448275862069,172116.31017202325,3585.7564619171512,34.42326203440465,0.07913393571127506,100,83,0.83,1800.9642507933538,inf,0.46896006563169673,1.0,0.7344800328158484,0.17232695144771332,0.41543081737861925,0.3922908636463257
479,5325.180655919916,48,435,0.1103448275862069,172101.84093371127,3585.455019452318,34.42036818674225,0.07912728318791322,100,81,0.81,1774.8152702871855,inf,0.47752007378652417,1.0,0.7387600368932621,0.1701836231473256,0.40542545905786836,0.39231822738676647
480,5336.2979433017945,47,435,0.10804597701149425,167037.967814247,3553.9993151967446,33.4075935628494,0.07679906566172276,100,82,0.82,1791.7914788796604,inf,0.47385380253626425,1.0,0.7369269012681321,0.16993608219679535,0.41042484020549197,0.3923558710724602
481,5347.415230683673,47,435,0.10804597701149425,166964.868756246,3552.4440160903405,33.39297375124919,0.07676545689942342,100,83,0.83,1811.3881257685257,inf,0.47069042887757534,1.0,0.7353452144387876,0.17071012123031787,0.41542677530307576,0.3924037360189968
482,5358.532518065552,46,435,0.10574712643678161,161894.16342170053,3519.4383352543596,32.37883268434011,0.0744340981249198,100,83,0.83,1819.2437955893313,inf,0.47199447006782896,1.0,0.7359972350339145,0.1692184315455027,0.4154230460788637,0.3924513950460359
483,5369.6498054474305,46,435,0.10574712643678161,161696.8625931969,3515.1491868086287,32.33937251863938,0.07434338510032042,100,82,0.82,1809.6331366663394,inf,0.4767798344132796,1.0,0.7383899172066398,0.16797673394684026,0.4104199418348671,0.392488520142707
484,5380.767092829309,46,435,0.10574712643678161,161489.7628453661,3510.6470183775236,32.29795256907321,0.07424816682545565,100,82,0.82,1817.3481784893534,inf,0.47804510127225397,1.0,0.739022550636127,0.16761280809466428,0.41041903202023666,0.39252549027028955
485,5391.884380211188,46,435,0.10574712643678161,161319.65620815582,3506.9490480033874,32.26393124163117,0.07416995687731304,100,83,0.83,1834.246340207773,inf,0.4744848924744904,1.0,0.7372424462372452,0.16846375532003394,0.41542115938830004,0.39257260070057354
486,5403.0016675930665,45,435,0.10344827586206896,156164.2706371978,3470.317125271062,31.23285412743956,0.0717996646607806,100,81,0.81,1813.4031784778185,inf,0.4837713149134067,1.0,0.7418856574567033,0.16495700360203863,0.4054123925090051,0.3925989657761555
487,5414.118954974945,45,435,0.10344827586206896,155989.45081899583,3466.4322404221293,31.19789016379916,0.07171928773287163,100,81,0.81,1814.8608623262626,inf,0.48400745969685444,1.0,0.7420037298484272,0.1648577789422222,0.40541214444735557,0.392625222289826
488,5425.236242356824,46,435,0.10574712643678161,160789.99840144932,3495.434747857594,32.15799968028987,0.07392643604664338,100,80,0.8,1804.1367088474558,inf,0.488661873415593,1.0,0.7443309367077965,0.16479774966942345,0.4004119943741736,0.3926411461591191
489,5436.3535297387025,43,435,0.09885057471264368,145555.33813295685,3385.0078635571363,29.111067626591367,0.0669219945438882,100,78,0.78,1775.7347696248348,inf,0.4970146240614743,1.0,0.7485073120307372,0.15920734125657549,0.3903980183531415,0.3926365683472702
490,5447.470817120581,43,435,0.09885057471264368,145307.59443385273,3379.246382182622,29.061518886770543,0.06680808939487481,100,78,0.78,1771.5667245535,inf,0.4963644090303461,1.0,0.748182204515173,0.1593129424398509,0.39039828235609964,0.39263200971999695
491,5458.58810450246,44,435,0.10114942528735632,150072.7040245074,3410.743273284259,30.014540804901475,0.06899894437908385,100,79,0.79,1781.2479646447814,inf,0.49143717841387546,1.0,0.7457185892069378,0.16164017758607307,0.3954041004439652,0.3926376440507367
492,5469.7053918843385,42,435,0.09655172413793103,139837.51573130477,3329.464660269161,27.96750314626096,0.06429311068105968,100,78,0.78,1767.6926581090397,inf,0.4957600546650102,1.0,0.7478800273325051,0.15820654167427722,0.3903955163541857,0.3926330961243745
493,5480.822679266217,41,435,0.09425287356321839,134476.84670800532,3279.9230904391543,26.895369341601068,0.06182843526804843,100,78,0.78,1766.9576260960462,inf,0.4956453896709831,1.0,0.7478226948354916,0.15700287021627846,0.3903925071755407,0.3926285605192149
494,5491.939966648096,42,435,0.09655172413793103,139038.65665807,3310.4442061445234,27.80773133161399,0.06392581915313561,100,79,0.79,1780.305343173374,inf,0.49128824422139317,1.0,0.7456441221106966,0.15914084852121946,0.3953978521213031,0.392634155047704
495,5503.0572540299745,42,435,0.09655172413793103,138662.48233724674,3301.487674696351,27.732496467449344,0.06375286544241228,100,79,0.79,1784.6550141712828,inf,0.4919754922390628,1.0,0.7459877461195314,0.15888255966144038,0.3953972063991536,0.3926397257157513
496,5514.174541411853,42,435,0.09655172413793103,138343.76002038323,3293.8990481043625,27.66875200407664,0.0636063264461532,100,77,0.77,1758.9441516399165,inf,0.5008773993525472,1.0,0.7504386996762735,0.15658381338493987,0.3853914595334624,0.3926251416791672
497,5525.291828793732,43,435,0.09885057471264368,143065.64964936397,3327.1081313805576,28.6131299298728,0.06577731018361564,100,76,0.76,1746.030282080539,inf,0.505396602876242,1.0,0.752698301438121,0.15653950437274733,0.3803913487609319,0.39260057582993374
498,5536.4091161756105,42,435,0.09655172413793103,137698.72996044127,3278.541189534316,27.53974599208825,0.0633097609013523,100,77,0.77,1759.3534799918295,inf,0.5009404359187417,1.0,0.7504702179593709,0.15641977147099068,0.38539104942867747,0.3925861278812338
499,5547.526403557489,42,435,0.09655172413793103,137341.68368526714,3270.040087744456,27.468336737053427,0.06314560169437569,100,77,0.77,1752.929429844684,inf,0.49995113219608134,1.0,0.7499755660980407,0.15658501779816747,0.3853914625444954,0.3925717385505604
500,5558.643690939368,42,435,0.09655172413793103,137024.1057024945,3262.47870720225,27.404821140498903,0.0629995888287331,100,77,0.77,1749.8126960045865,inf,0.4994711551847063,1.0,0.7497355775923531,0.15663200561819002,0.3853915800140455,0.39255740689679486
501,5569.7609783212465,42,435,0.09655172413793103,136745.4826535936,3255.8448250855618,27.349096530718725,0.06287148627751431,100,79,0.79,1778.5359051486628,inf,0.4910086730134888,1.0,0.7455043365067444,0.15868357488538498,0.39539670893721346,0.3925630628769551
502,5580.878265703125,41,435,0.09425287356321839,131476.24943685404,3206.737791142781,26.295249887370808,0.06044885031579496,100,80,0.8,1792.8566255328872,inf,0.486857060085262,1.0,0.743428530042631,0.15851016013658198,0.40039627540034145,0.39257863586407915
503,5591.995553085004,41,435,0.09425287356321839,131216.7993549335,3200.4097403642318,26.243359870986698,0.0603295629218085,100,81,0.81,1805.9942451752506,inf,0.48257106771839053,1.0,0.7412855338591953,0.15952201453130666,0.4053988050363283,0.39260407270767483
504,5603.1128404668825,42,435,0.09655172413793103,135969.42143951444,3237.367177131296,27.193884287902893,0.0625146765239147,100,82,0.82,1814.9968229738067,inf,0.47765947896770433,1.0,0.7388297394838521,0.16184246852003126,0.41040460617130003,0.392639321288791
505,5614.230127848761,44,435,0.10114942528735632,145678.8345814196,3310.8826041231728,29.135766916283917,0.06697877452019291,100,81,0.81,1801.5962474457629,inf,0.4818585920862135,1.0,0.7409292960431068,0.16302473923854305,0.4054075618480964,0.3926645549657857
506,5625.34741523064,45,435,0.10344827586206896,150321.52169408536,3340.4782598685633,30.06430433881707,0.06911334330762545,100,81,0.81,1800.643525364286,inf,0.48170425110901427,1.0,0.7408521255545071,0.16413060887655917,0.40541032652219144,0.39268969455465436
507,5636.4647026125185,46,435,0.10574712643678161,154956.28641787896,3368.6149221278033,30.99125728357579,0.07124426961741562,100,81,0.81,1801.670859344571,inf,0.4818706792138206,1.0,0.7409353396069103,0.16515446500525266,0.40541288616251314,0.3927147402074257
508,5647.581989994397,47,435,0.10804597701149425,159417.99340868567,3391.8722001848014,31.88359868173714,0.07329562915341871,100,82,0.82,1817.4030543053696,inf,0.47805410090608064,1.0,0.7390270504530403,0.16713428935018926,0.4104178357233754,0.3927495203557871
509,5658.699277376276,47,435,0.10804597701149425,158912.74230241126,3381.122176647048,31.78254846048226,0.0730633297942121,100,82,0.82,1817.083310735825,inf,0.4780016629606753,1.0,0.7390008314803377,0.16703124915693718,0.4104175781228923,0.3927841636063108
510,5669.8165647581545,46,435,0.10574712643678161,153434.1693344475,3335.525420314076,30.686833866889497,0.07054444567101034,100,83,0.83,1830.3745108484975,inf,0.47384216880085056,1.0,0.7369210844004253,0.1668116806352925,0.4154170292015882,0.39282845492841506
511,5680.933852140033,46,435,0.10574712643678161,152979.0650026718,3325.6318478841695,30.595813000534363,0.070335202300079,100,83,0.83,1827.9683575950166,inf,0.47344274736077274,1.0,0.7367213736803864,0.1668069143098463,0.41541701728577457,0.39287257321426927
512,5692.051139521912,46,435,0.10574712643678161,152566.93882617686,3316.672583177758,30.513387765235375,0.07014571900054109,100,84,0.84,1837.235340130606,inf,0.4686555371419417,1.0,0.7343277685709708,0.1679089752147851,0.42041977243803696,0.39292627145837017
513,5703.1684269037905,47,435,0.10804597701149425,157111.29784520852,3342.7935711746495,31.42225956904171,0.07223507946906141,100,83,0.83,1820.7156662595828,inf,0.47223880059909085,1.0,0.7361194002995455,0.16805783958475795,0.41542014459896187,0.39297003385747636
514,5714.285714285669,46,435,0.10574712643678161,151649.52485927852,3296.7288012886634,30.329904971855715,0.06972391947553037,100,83,0.83,1821.317702112916,inf,0.47233873855074404,1.0,0.736169369275372,0.16677727510007917,0.4154169431877502,0.39301362008918567
515,5725.403001667548,46,435,0.10574712643678161,151202.88544704427,3287.0192488487887,30.24057708940886,0.06951856802162956,100,82,0.82,1812.149041307818,inf,0.47719244277448214,1.0,0.738596221387241,0.16546117331719423,0.41041365293329296,0.3930473410830696
516,5736.5202890494265,46,435,0.10574712643678161,150798.97038746136,3278.2384866839425,30.15979407749227,0.0693328599482581,100,82,0.82,1814.329456570502,inf,0.4775500308775623,1.0,0.7387750154387811,0.1652789222547385,0.4104131973056368,0.39308093074694306
517,5747.637576431305,46,435,0.10574712643678161,150437.71954902855,3270.385207587577,30.087543909805714,0.06916676760874876,100,81,0.81,1805.2902711070894,inf,0.4824570239193484,1.0,0.7412285119596742,0.16396912782453732,0.4054099228195614,0.3931047318899404
518,5758.754863813184,48,435,0.1103448275862069,160039.19307010432,3334.149855627173,32.00783861402086,0.0735812381931514,100,82,0.82,1820.6983139576782,inf,0.47859452348905923,1.0,0.7392972617445296,0.16714198822431087,0.41041785497056077,0.3931380905085928
519,5769.8721511950625,48,435,0.1103448275862069,159631.34231163404,3325.652964825709,31.92626846232681,0.07339372060305013,100,81,0.81,1810.452514712723,inf,0.4832933073834612,1.0,0.7416466536917306,0.1658735334556598,0.40541468383363916,0.3931616993419102
520,5780.989438576941,47,435,0.10804597701149425,154161.26175571478,3280.0268458662717,30.83225235114295,0.07087874103711023,100,80,0.8,1798.7307465692138,inf,0.48779691945107423,1.0,0.7438984597255371,0.1634901406557866,0.4004087253516395,0.39317560918070044
521,5792.10672595882,48,435,0.1103448275862069,158704.14958906468,3306.336449772181,31.74082991781294,0.07296742509842055,100,80,0.8,1802.4819256466515,inf,0.4883971081034643,1.0,0.7441985540517322,0.16438443552334414,0.40041096108880836,0.3931894700081106
522,5803.224013340699,49,435,0.11264367816091954,163217.37419346345,3330.9668202747644,32.64347483869269,0.07504247089354642,100,82,0.82,1830.7786862952953,inf,0.4802477045524283,1.0,0.7401238522762141,0.16745930930866615,0.4104186482732716,0.3932224129875851
523,5814.341300722577,49,435,0.11264367816091954,162715.8146588932,3320.730911405984,32.543162931778646,0.07481186880868654,100,81,0.81,1822.3328821664072,inf,0.4852179269109579,1.0,0.7426089634554789,0.1661014526766038,0.40541525363169156,0.3932456817674403
524,5825.458588104456,49,435,0.11264367816091954,162264.32301942862,3311.5167963148697,32.452864603885715,0.07460428644571429,100,80,0.8,1814.7706696322057,inf,0.4903633071411528,1.0,0.7451816535705764,0.16471131643756898,0.4004117782910939,0.3932593314751044
525,5836.575875486335,47,435,0.10804597701149425,151812.4250436374,3230.051596673136,30.36248500872748,0.06979881611201719,100,80,0.8,1819.077001754945,inf,0.49105232028079115,1.0,0.7455261601403955,0.1621363279858108,0.40040534081996454,0.3932729170442011
526,5847.693162868213,48,435,0.1103448275862069,156372.5747504933,3257.7619739686106,31.274514950098663,0.07189543666689348,100,79,0.79,1810.4316077653004,inf,0.4960481940269175,1.0,0.7480240970134587,0.16193566982671742,0.3954048391745668,0.3932769624372378
527,5858.810450250092,48,435,0.1103448275862069,155995.54314206503,3249.9071487930214,31.199108628413008,0.07172208880094945,100,76,0.76,1774.0441214345215,inf,0.5096547064580473,1.0,0.7548273532290237,0.1584473677859629,0.3803961184194649,0.39325256689932536
528,5869.927737631971,48,435,0.1103448275862069,155692.6816583643,3243.5975345492566,31.13853633167286,0.0715828421417767,100,76,0.76,1777.0088504370294,inf,0.5101053452664285,1.0,0.7550526726332143,0.15826508475428125,0.3803956627118857,0.39322826273261946
529,5881.045025013849,49,435,0.11264367816091954,160429.30659547806,3274.0674815403686,32.08586131909561,0.07376060073355313,100,75,0.75,1765.9935779828959,inf,0.5148990366974344,1.0,0.7574495183487172,0.15815554119241798,0.37539538885298107,0.3931946158007711
530,5892.162312395728,50,435,0.11494252873563218,165214.03240085862,3304.2806480171726,33.04280648017172,0.07596047466706142,100,75,0.75,1764.418309268759,inf,0.514662746390314,1.0,0.757331373195157,0.15931455073595224,0.37539828637683986,0.39316110105609325
531,5903.279599777607,50,435,0.11494252873563218,165095.95327892774,3301.919065578555,33.01919065578555,0.07590618541559897,100,75,0.75,1763.1874334362526,inf,0.5144781150154379,1.0,0.757239057507719,0.15933356395393994,0.37539833390988486,0.393127712396044
532,5914.396887159485,50,435,0.11494252873563218,165099.16324563354,3301.9832649126706,33.019832649126705,0.07590766126236025,100,75,0.75,1762.847895547706,inf,0.5144271843321558,1.0,0.7572135921660779,0.15934703454814114,0.37539836758637035,0.39309444908495644
533,5925.514174541364,50,435,0.11494252873563218,165096.95401120244,3301.9390802240487,33.019390802240494,0.07590664552239194,100,74,0.74,1745.045901493146,inf,0.5182667934209856,1.0,0.7591333967104927,0.15838662440594964,0.37039596656101487,0.393051942563376
534,5936.631461923243,53,435,0.12183908045977011,180119.37918179343,3398.4788524866685,36.023875836358684,0.08281350766979008,100,74,0.74,1745.8521841158108,inf,0.51838612324914,1.0,0.75919306162457,0.16181022302261,0.37040452555755654,0.39300961094280434
535,5947.748749305121,53,435,0.12183908045977011,180113.24327170226,3398.3630805981556,36.02264865434044,0.08281068656170217,100,75,0.75,1762.6991249772607,inf,0.5144048687465891,1.0,0.7572024343732946,0.1628041260942038,0.3754070103152355,0.3929767702699917
536,5958.866036687,54,435,0.12413793103448276,185038.63432444018,3426.6413763785217,37.00772686488804,0.08507523417215641,100,75,0.75,1762.714339367632,inf,0.5144071509051448,1.0,0.7572035754525723,0.163935829359792,0.37540983957339946,0.39294405717744685
537,5969.983324068879,53,435,0.12183908045977011,179914.33856260436,3394.610161558573,35.98286771252087,0.08271923612073763,100,75,0.75,1762.1914939123792,inf,0.5143287240868569,1.0,0.7571643620434285,0.16277743703865455,0.37540694359259663,0.3929114603120475
538,5981.100611450757,53,435,0.12183908045977011,179807.8231467607,3392.600436731334,35.961564629352154,0.08267026351575207,100,74,0.74,1747.1726972031202,inf,0.5185815591860616,1.0,0.7592907795930308,0.16168974196136066,0.3704042243549034,0.3928697029169507
539,5992.217898832636,54,435,0.12413793103448276,184736.82123043083,3421.0522450079784,36.94736424608617,0.08493646953123257,100,76,0.76,1771.554134860765,inf,0.5092762284988361,1.0,0.7546381142494181,0.1651491776409072,0.38041287294410225,0.39284663471329734
540,6003.335186214515,54,435,0.12413793103448276,184724.81227966954,3420.8298570309175,36.94496245593392,0.08493094817456073,100,75,0.75,1756.4447822059003,inf,0.5134667173308851,1.0,0.7567333586654426,0.16409879475455913,0.3754102469868864,0.39281440479143703
541,6014.452473596393,54,435,0.12413793103448276,184782.8830606283,3421.905241863487,36.95657661212565,0.0849576473841969,100,74,0.74,1739.9685380808194,inf,0.5175153436359612,1.0,0.7587576718179806,0.16309998778310814,0.37040774996945774,0.39277306409988355
542,6025.569760978272,56,435,0.12873563218390804,194718.21521234547,3477.1109859347407,38.94364304246909,0.08952561618958411,100,74,0.74,1734.88850397966,inf,0.5167634985889896,1.0,0.7583817492944949,0.16557193344754462,0.37041392983361887,0.39273188705703593
543,6036.687048360151,56,435,0.12873563218390804,194682.72750490578,3476.4772768733174,38.936545500981154,0.08950930000225553,100,74,0.74,1731.7375860654547,inf,0.5162971627376873,1.0,0.7581485813688437,0.16568035931670594,0.37041420089829175,0.39269086189865593
544,6047.804335742029,55,435,0.12643678160919541,189745.11942080432,3449.9112621964423,37.949023884160866,0.08723913536588705,100,76,0.76,1759.1248451614672,inf,0.507386976464543,1.0,0.7536934882322714,0.16677282356680778,0.380416932058917,0.3926683409264729
545,6058.921623123908,54,435,0.12413793103448276,184878.58192632467,3423.6774430800865,36.97571638526494,0.08500164686267801,100,75,0.75,1739.1407700882494,inf,0.5108711155132374,1.0,0.7554355577566187,0.1647830445530296,0.3754119576113826,0.39263673582882624
546,6070.038910505787,54,435,0.12413793103448276,185044.75837467297,3426.754784716166,37.0089516749346,0.08507804982743586,100,75,0.75,1734.2958789087643,inf,0.5101443818363146,1.0,0.7550721909181572,0.16500292945463935,0.3754125073236366,0.3926052472940818
547,6081.156197887665,53,435,0.12183908045977011,180261.70526880058,3401.1642503547278,36.05234105376013,0.08287894495117272,100,76,0.76,1746.4324863444529,inf,0.5054577379243568,1.0,0.7527288689621784,0.16507503799449713,0.38041268759498625,0.39258299809755065
548,6092.273485269544,54,435,0.12413793103448276,185429.78846986845,3433.8849716642308,37.0859576939737,0.08525507515856022,100,76,0.76,1744.3692393261529,inf,0.5051441243775753,1.0,0.7525720621887877,0.16634150648488621,0.38041585376621223,0.3925608357217194
549,6103.390772651423,55,435,0.12643678160919541,190590.14468983348,3465.2753579969726,38.1180289379667,0.08762765273095793,100,77,0.77,1754.5992325812158,inf,0.5002082818175073,1.0,0.7501041409087537,0.1687617559111021,0.38542190438977775,0.3925478558465704
550,6114.508060033301,55,435,0.12643678160919541,190784.56283258338,3468.810233319698,38.15691256651669,0.08771704038279698,100,78,0.78,1768.7995204295644,inf,0.49593272518701204,1.0,0.747966362593506,0.16987533889464546,0.39042468834723665,0.3925440025480235
551,6125.62534741518,55,435,0.12643678160919541,191026.0355284581,3473.2006459719655,38.20520710569163,0.08782806231193478,100,77,0.77,1752.7893285541345,inf,0.4999295565973368,1.0,0.7499647782986684,0.1689316420066332,0.3854223291050166,0.3925311009656992
552,6136.742634797059,54,435,0.12413793103448276,186268.8670711508,3449.4234642805704,37.25377341423017,0.08564085842351762,100,76,0.76,1737.8518433140662,inf,0.5041534801837382,1.0,0.7520767400918691,0.16678205916582423,0.38041695514791457,0.392509194734564
553,6147.859922178937,54,435,0.12413793103448276,186526.5064747507,3454.194564347235,37.30530129495014,0.08575931332172446,100,76,0.76,1738.875524451468,inf,0.5043090797166231,1.0,0.7521545398583116,0.16680238673170644,0.38041700596682926,0.39248736767902653
554,6158.977209560816,54,435,0.12413793103448276,186828.32698032723,3459.7838329690226,37.36566539606544,0.08589808137026538,100,75,0.75,1721.2322977232734,inf,0.5081848446584911,1.0,0.7540924223292456,0.16590282952050994,0.3754147570738013,0.3924566062184766
555,6170.094496942695,51,435,0.11724137931034483,172151.4394715903,3375.5184210115744,34.43028789431805,0.07915008711337483,100,76,0.76,1733.5869987223457,inf,0.5035052238057965,1.0,0.7517526119028983,0.16369873760523823,0.3804092468440131,0.39243493830593257
556,6181.211784324573,51,435,0.11724137931034483,172392.63391131477,3380.24772375127,34.478526782262946,0.07926098110865046,100,76,0.76,1728.8280258053212,inf,0.5027818599224088,1.0,0.7513909299612044,0.16393502557372303,0.3804098375639343,0.39241334925612653
557,6192.329071706452,52,435,0.11954022988505747,177657.45805827537,3416.4895780437573,35.53149161165507,0.08168158991185073,100,76,0.76,1727.7199242537138,inf,0.5026134284865645,1.0,0.7513067142432823,0.16518743783428425,0.38041296859458573,0.3923918431975933
558,6203.446359088331,52,435,0.11954022988505747,177936.18417854366,3421.849695741224,35.587236835708744,0.08180973985220401,100,77,0.77,1742.9534310031445,inf,0.49841482837448425,1.0,0.7492074141872421,0.16630116283248092,0.3854157529070812,0.3923793636085226
559,6214.563646470209,52,435,0.11954022988505747,178175.54478280208,3426.4527842846555,35.63510895656042,0.08191979070473661,100,76,0.76,1727.6859795356756,inf,0.5026082688894227,1.0,0.7513041344447113,0.16530782813001266,0.38041326957032506,0.39235799558345436
560,6225.680933852088,52,435,0.11954022988505747,178456.01770042686,3431.8464942389783,35.69120354008536,0.08204874377031117,100,75,0.75,1716.4864907978395,inf,0.5074729736196759,1.0,0.753736486809838,0.16415612848023664,0.3754103903212006,0.3923277859484058
561,6236.798221233967,52,435,0.11954022988505747,178777.69767117506,3438.0326475225975,35.755539534235005,0.0821966426074368,100,75,0.75,1718.1998072456583,inf,0.5077299710868488,1.0,0.7538649855434244,0.16416582853200617,0.37541041457133,0.3922976838641049
562,6247.915508615845,52,435,0.11954022988505747,179140.66906741922,3445.012866681139,35.828133813483845,0.08236352600800884,100,76,0.76,1733.9845464752439,inf,0.5035656510642371,1.0,0.7517828255321186,0.16529035023794514,0.38041322587559484,0.3922765747024912
563,6259.032795997724,51,435,0.11724137931034483,174243.59092968638,3416.5409986213017,34.84871818593728,0.08011199582974088,100,74,0.74,1709.3676999324475,inf,0.5129864195900021,1.0,0.756493209795001,0.16180939301736996,0.37040452348254344,0.39223779446983176
564,6270.150083379603,52,435,0.11954022988505747,179183.6003562736,3445.8384683898767,35.83672007125472,0.08238326453162004,100,74,0.74,1713.9089503310654,inf,0.5136585246489976,1.0,0.7568292623244988,0.16277700110356064,0.3704069425027589,0.39219915579378384
565,6281.267370761481,51,435,0.11724137931034483,174103.87708278585,3413.8015114271734,34.820775416557176,0.08004775957829235,100,72,0.72,1688.4116106332024,inf,0.5231312719311813,1.0,0.7615656359655907,0.15924106180635078,0.3603981026545159,0.39214297018753075
566,6292.38465814336,50,435,0.11494252873563218,169014.96726946972,3380.2993453893946,33.80299345389395,0.07770803092849184,100,72,0.72,1694.3855816850519,inf,0.5239915237626475,1.0,0.7619957618813238,0.15785613452358405,0.36039464033630897,0.3920869766604563
567,6303.501945525239,50,435,0.11494252873563218,168872.70491996937,3377.4540983993875,33.77454098399387,0.07764262295171005,100,71,0.71,1688.1587420901378,inf,0.5297185413767995,1.0,0.7648592706883998,0.1563916761316551,0.35539097919032914,0.39202237103110743
568,6314.619232907117,51,435,0.11724137931034483,173717.7475819152,3406.230344743435,34.74354951638304,0.07987022877329435,100,71,0.71,1692.0187348296877,inf,0.5302666603458156,1.0,0.7651333301729077,0.15736844930019334,0.35539342112325045,0.39195799677819376
569,6325.736520288996,51,435,0.11724137931034483,173525.52207805947,3402.461217216852,34.70510441561188,0.07978184923129167,100,70,0.7,1681.265500248753,inf,0.5353771700348253,1.0,0.7676885850174127,0.15604663210693948,0.3503901165802673,0.3918850706725834
570,6336.853807670875,51,435,0.11724137931034483,173472.77053134135,3401.4268731635557,34.69455410626827,0.07975759564659372,100,70,0.7,1684.223706206561,inf,0.5357913188689186,1.0,0.7678956594344593,0.1559309681060672,0.35038982742026514,0.3918123994935075
571,6347.971095052753,50,435,0.11494252873563218,168505.81309543332,3370.1162619086663,33.701162619086666,0.07747393705537164,100,72,0.72,1719.8030037019148,inf,0.5276516325330757,1.0,0.7638258162665379,0.15682406039441688,0.360392060150986,0.39175746883032125
572,6359.088382434632,49,435,0.11264367816091954,163486.54046807464,3336.460009552544,32.69730809361492,0.07516622550256304,100,73,0.73,1740.3485670041644,inf,0.524090890782608,1.0,0.7620454453913039,0.1565603900556296,0.36539140097513906,0.3917114547502948
573,6370.205669816511,48,435,0.1103448275862069,158402.0805363442,3300.043344507171,31.680416107268844,0.07282854277533067,100,74,0.74,1754.508853300169,inf,0.519667310288425,1.0,0.7598336551442125,0.15649744381555902,0.3703912436095389,0.39167431152531085
574,6381.322957198389,48,435,0.1103448275862069,158273.2126096263,3297.358596033881,31.65464252192526,0.07276929315385118,100,74,0.74,1755.4763805250407,inf,0.5198105043177059,1.0,0.759905252158853,0.15643202049749916,0.37039108005124377,0.3916372972097038
575,6392.440244580268,48,435,0.1103448275862069,158185.8514294289,3295.5385714464355,31.63717028588578,0.0727291270939903,100,75,0.75,1774.8821959643897,inf,0.5162323293946584,1.0,0.7581161646973291,0.15730648119833057,0.37539326620299585,0.3916090957669838
576,6403.557531962147,47,435,0.10804597701149425,153096.99127608683,3257.3827931082305,30.619398255217373,0.07038942127636177,100,77,0.77,1801.9081493824128,inf,0.5074938550048916,1.0,0.7537469275024458,0.15832124688695803,0.3853958031172174,0.3915983274954937
577,6414.674819344025,46,435,0.10574712643678161,147918.48544603278,3215.6192488267993,29.583697089206556,0.06800849905564725,100,77,0.77,1800.8243427674688,inf,0.5073269487861903,1.0,0.7536634743930952,0.15717251233127605,0.3853929312808282,0.39158759151588357
578,6425.792106725904,46,435,0.10574712643678161,147762.9890644185,3212.23889270475,29.5525978128837,0.06793700646639932,100,77,0.77,1801.5928970909101,inf,0.5074453061520002,1.0,0.7537226530760002,0.15710717669519958,0.385392767941738,0.3915768923387261
579,6436.909394107783,45,435,0.10344827586206896,142642.21646960304,3169.8270326578454,28.528443293920613,0.06558262826188646,100,78,0.78,1819.4438306306245,inf,0.5038332375783773,1.0,0.7519166187891886,0.15683300473634898,0.3903920825118409,0.3915748495631626
580,6448.026681489661,46,435,0.10574712643678161,147549.68923426856,3207.6019398754033,29.50993784685372,0.06783893757897407,100,77,0.77,1807.1874707569227,inf,0.5083068704965661,1.0,0.754153435248283,0.15684275116534552,0.38539210687791337,0.3915642080094874
581,6459.14396887154,46,435,0.10574712643678161,147270.92123977578,3201.541766082082,29.454184247955155,0.0677107683861038,100,78,0.78,1825.8285169672133,inf,0.5048292486468853,1.0,0.7524146243234426,0.15764807203133058,0.39039412018007835,0.39156219754929944
582,6470.261256253419,46,435,0.10574712643678161,147021.7451807365,3196.124895233402,29.404349036147302,0.0675962046807984,100,79,0.79,1845.7903582364047,inf,0.5016348766013521,1.0,0.750817438300676,0.15838938319006113,0.39539597345797517,0.39156877349425423
583,6481.378543635297,48,435,0.1103448275862069,156784.68872061593,3266.3476816794987,31.35693774412318,0.07208491435430615,100,79,0.79,1851.2820890896094,inf,0.5025025700761582,1.0,0.751251285038079,0.16041681465811353,0.3954010420366453,0.39157533559792274
584,6492.495831017176,48,435,0.1103448275862069,156521.50120584632,3260.8646084551315,31.304300241169265,0.07196390860038912,100,79,0.79,1857.7577973470895,inf,0.5035257319808403,1.0,0.7517628659904201,0.16010052130498453,0.3954002513032625,0.39158187391536775
585,6503.613118399055,48,435,0.1103448275862069,156301.093011687,3256.272771076812,31.260218602337392,0.07186257149962619,100,79,0.79,1863.5669987336353,inf,0.5044435857999143,1.0,0.7522217928999572,0.1598203892998345,0.3953995509732496,0.3915883887226338
586,6514.730405780933,48,435,0.1103448275862069,156124.3361146524,3252.590335721925,31.224867222930474,0.07178130396075971,100,79,0.79,1867.819691512154,inf,0.5051155112589202,1.0,0.75255775562946,0.15961177416564987,0.39539902943541416,0.39159488044446134
587,6525.847693162812,47,435,0.10804597701149425,150962.19158101428,3211.9615230003037,30.19243831620286,0.06940790417517899,100,80,0.8,1880.1140305090419,inf,0.5008182448814467,1.0,0.7504091224407233,0.1594993908672278,0.4003987484771681,0.3916098530091428
588,6536.964980544691,49,435,0.11264367816091954,160738.3331087542,3280.374145076616,32.14766662175084,0.07390268188908239,100,79,0.79,1865.2736960133723,inf,0.5047132439701129,1.0,0.7523566219850564,0.16077302995201304,0.39540193257488004,0.39161629117478924
589,6548.082267926569,49,435,0.11264367816091954,160347.39536123635,3272.395823698701,32.06947907224727,0.07372294039597073,100,79,0.79,1868.2975760554089,inf,0.5051910170167545,1.0,0.7525955085083773,0.1605637159437967,0.3954014092898595,0.39162270662922155
590,6559.199555308448,49,435,0.11264367816091954,159929.60375355696,3263.8694643583053,31.985920750711394,0.07353085230048596,100,78,0.78,1854.6931343546453,inf,0.5093321289593248,1.0,0.7546660644796623,0.15943239391041186,0.39039858098477603,0.39162063535063535
591,6570.316842690327,48,435,0.1103448275862069,154541.86468495597,3219.622180936583,30.908372936991192,0.07105373088963493,100,77,0.77,1841.7152484208027,inf,0.5136241482568038,1.0,0.7568120741284019,0.15712082838061647,0.38539280207095156,0.3916101153619872
592,6581.434130072205,49,435,0.11264367816091954,159208.19590318776,3249.1468551670973,31.84163918063755,0.07319917053020127,100,77,0.77,1840.755303573817,inf,0.5134763167503678,1.0,0.7567381583751839,0.15823050607750871,0.3853955762651938,0.3915996355321444
593,6592.551417454084,51,435,0.11724137931034483,168863.14933541196,3311.042143831607,33.772629867082394,0.07763822957949976,100,77,0.77,1840.5332565769786,inf,0.5134421215128547,1.0,0.7567210607564274,0.16045858441153615,0.38540114646102885,0.391589200365358
594,6603.668704835963,51,435,0.11724137931034483,168559.20035203057,3305.082359843737,33.71184007040612,0.07749848292047383,100,78,0.78,1857.3663863159197,inf,0.5097491562652835,1.0,0.7548745781326418,0.16131195239391605,0.3904032798809848,0.3915872072216868
595,6614.785992217841,50,435,0.11494252873563218,163345.8979952614,3266.9179599052277,32.66917959905228,0.0751015622966719,100,77,0.77,1847.0736819816402,inf,0.5144493470251726,1.0,0.7572246735125863,0.15893844439204285,0.38539734611098014,0.39157682154868223
596,6625.90327959972,50,435,0.11494252873563218,163148.6826903097,3262.9736538061943,32.62973653806194,0.07501088859324584,100,74,0.74,1809.6878518238238,inf,0.5278338020699259,1.0,0.7639169010349629,0.1555469937791415,0.3703888674844478,0.39154133083835685
597,6637.020566981599,52,435,0.11954022988505747,172934.41574298436,3325.6618412112375,34.58688314859688,0.079510076203671,100,75,0.75,1824.5127717152754,inf,0.5236769157572914,1.0,0.7618384578786457,0.1588358091625126,0.3753970895229063,0.39151433377930095
598,6648.137854363477,52,435,0.11954022988505747,172715.62113110707,3321.4542525212896,34.543124226221416,0.07940948097981934,100,78,0.78,1863.475842355874,inf,0.5107022314075162,1.0,0.7553511157037581,0.16202918263803062,0.3904050729565951,0.391512481924839
599,6659.255141745356,51,435,0.11724137931034483,167542.21620787363,3285.141494272032,33.508443241574724,0.07703090400362006,100,78,0.78,1863.5117231294078,inf,0.5107078288081877,1.0,0.7553539144040938,0.16083849479976314,0.3904020962369994,0.39151063128202596
600,6670.372429127235,51,435,0.11724137931034483,167402.87077009407,3282.4092307861583,33.48057415401882,0.07696683713567544,100,78,0.78,1864.8231071228504,inf,0.5109124047111648,1.0,0.7554562023555824,0.16075531739004656,0.3904018882934751,0.3915087864517621
601,6681.489716509113,51,435,0.11724137931034483,167308.23576239447,3280.5536423998915,33.46164715247889,0.07692332678730779,100,78,0.78,1866.095763126556,inf,0.5111109390477426,1.0,0.7555554695238713,0.1606839286317182,0.3904017098215793,0.3915069474540376
602,6692.607003890992,52,435,0.11954022988505747,172235.23398363113,3312.2160381467525,34.44704679672623,0.07918861332580741,100,78,0.78,1868.4567379727632,inf,0.5114792511237511,1.0,0.7557396255618756,0.16172449388196597,0.3904043112347049,0.3915051188699259
603,6703.724291272871,52,435,0.11954022988505747,172162.9225872496,3310.8254343701847,34.432584517449925,0.07915536670678143,100,77,0.77,1859.398705649733,inf,0.5163474006700588,1.0,0.7581737003350294,0.16049083318587604,0.3854012270829647,0.3914950130888217
604,6714.841578654749,52,435,0.11954022988505747,171946.3919483243,3306.661383621621,34.38927838966486,0.07905581239003416,100,76,0.76,1847.9582384601179,inf,0.520889652245938,1.0,0.760444826122969,0.1593054931335326,0.38039826373283386,0.39147667135434894
605,6725.958866036628,53,435,0.12183908045977011,176509.85301241028,3330.3745851398166,35.30197060248206,0.08115395540800473,100,75,0.75,1829.9492394863144,inf,0.5244923859229472,1.0,0.7622461929614737,0.15945388122326554,0.3753986347030582,0.39145013994073297
606,6737.076153418507,54,435,0.12413793103448276,180920.1308958911,3350.372794368354,36.184026179178225,0.0831816693774212,100,76,0.76,1838.841749817815,inf,0.5195039459723079,1.0,0.7597519729861539,0.16171484819563364,0.38040428712048907,0.39143194248962876
607,6748.193440800385,57,435,0.1310344827586207,195242.34808157608,3425.3043523083525,39.04846961631523,0.08976659681911547,100,78,0.78,1870.9286293686648,inf,0.5118648661815117,1.0,0.7559324330907559,0.1669170818641798,0.39041729270466047,0.3914302736577456
608,6759.310728182264,58,435,0.13333333333333333,199482.86613965273,3439.3597610284955,39.89657322793055,0.09171626029409323,100,79,0.79,1877.6140563494826,inf,0.5066630209032182,1.0,0.7533315104516092,0.16919237492124206,0.3954229809373031,0.39143682982733435
609,6770.428015564143,58,435,0.13333333333333333,198711.50389988458,3426.0604120669755,39.742300779976915,0.09136161098845268,100,79,0.79,1874.9938443127037,inf,0.5062490274014072,1.0,0.7531245137007037,0.16911854864387454,0.3954227963716097,0.3914433641987184
610,6781.545302946021,57,435,0.1310344827586207,192881.67813454042,3383.8890900796564,38.57633562690808,0.08868123132622548,100,78,0.78,1857.760739271291,inf,0.5098106753263214,1.0,0.7549053376631607,0.1668879468315324,0.39041721986707884,0.3914416847480938
611,6792.6625903279,59,435,0.135632183908046,201943.04287480167,3422.7634385559604,40.38860857496033,0.09284737603439157,100,77,0.77,1845.5774322683558,inf,0.5142189245693268,1.0,0.7571094622846635,0.16786895687486403,0.38541967239218716,0.39143184485862337
612,6803.779877709779,59,435,0.135632183908046,200996.87431313068,3406.7266832734012,40.19937486262614,0.09241235600603709,100,77,0.77,1847.507960908565,inf,0.514516225979919,1.0,0.7572581129899595,0.16757712150803877,0.3854189428037701,0.39142203588300367
613,6814.897165091657,58,435,0.13333333333333333,195039.13154709808,3362.74364736376,39.00782630941962,0.08967316392970028,100,75,0.75,1820.6562303629719,inf,0.5230984345544457,1.0,0.7615492172772229,0.16406197332623873,0.3754101549333156,0.39139595790100096
614,6826.014452473536,57,435,0.1310344827586207,189108.9278719314,3317.700488981253,37.82178557438628,0.08694663350433628,100,75,0.75,1819.1361814980596,inf,0.522870427224709,1.0,0.7614352136123546,0.16275570994599087,0.375406889274865,0.39136995941543
615,6837.131739855415,58,435,0.13333333333333333,193155.77361128974,3330.2719588153404,38.63115472225795,0.08880725223507575,100,75,0.75,1817.0345563648684,inf,0.5225551834547303,1.0,0.7612775917273651,0.16376483025385535,0.37540941207563466,0.3913440494359823
616,6848.249027237293,58,435,0.13333333333333333,192201.98014937725,3313.8272439547804,38.44039602987545,0.0883687265054608,100,75,0.75,1814.097497461319,inf,0.5221146246191978,1.0,0.7610573123095989,0.16365570709793098,0.37540913926774483,0.3913182230013498
617,6859.366314619172,59,435,0.135632183908046,196233.9422007428,3325.999020351573,39.24678844014856,0.09022250216126107,100,74,0.74,1798.7869573410328,inf,0.5262204696864728,1.0,0.7631102348432364,0.16355613365901234,0.37040889033414753,0.39128438912972
618,6870.483602001051,59,435,0.135632183908046,195314.52438464327,3310.4156675363265,39.062904876928656,0.08979978132627277,100,74,0.74,1796.0253586420483,inf,0.5258117530790232,1.0,0.7629058765395116,0.16344695239338058,0.37040861738098346,0.39125066413497245
619,6881.600889382929,59,435,0.135632183908046,194452.31133839788,3295.8018870914893,38.890462267679574,0.08940336153489557,100,73,0.73,1779.746454776393,inf,0.5298429823973535,1.0,0.7649214911986768,0.16224093516810933,0.36540560233792024,0.3912089785514288
620,6892.718176764808,59,435,0.135632183908046,193648.61430548734,3282.1799034828364,38.72972286109746,0.0890338456576953,100,73,0.73,1777.746797723971,inf,0.5295510324676997,1.0,0.7647755162338499,0.16212916471192274,0.3654053229117798,0.3911674267710107
621,6903.835464146687,60,435,0.13793103448275862,197903.38711806355,3298.389785301059,39.58067742361271,0.09099006304278784,100,72,0.72,1760.3376408406327,inf,0.5334886202810512,1.0,0.7667443101405256,0.1621228764511311,0.3604053071911278,0.3911179699871202
622,6914.952751528565,60,435,0.13793103448275862,197104.24513828265,3285.070752304711,39.42084902765654,0.09062264144288859,100,72,0.72,1761.8463478077558,inf,0.5337058740843169,1.0,0.7668529370421584,0.16188485220036508,0.3604047121305009,0.3910686710178479
623,6926.070038910444,60,435,0.13793103448275862,196365.44379977358,3272.757396662893,39.27308875995472,0.09028296266656256,100,71,0.71,1744.6572144601041,inf,0.5377413244533347,1.0,0.7688706622266673,0.16070615021994766,0.35540176537554985,0.39101151251521604
624,6937.187326292323,60,435,0.13793103448275862,195688.03236133436,3261.467206022239,39.137606472266874,0.08997150913164799,100,73,0.73,1775.9475472533995,inf,0.5292883418989963,1.0,0.7646441709494982,0.16266366909107488,0.3654066591727277,0.39097054474986803
625,6948.304613674201,60,435,0.13793103448275862,195073.43280712183,3251.2238801186973,39.01468656142436,0.08968893462396405,100,72,0.72,1765.6091589199884,inf,0.5342477188844783,1.0,0.7671238594422392,0.16128253759086242,0.36040320634397716,0.39092171513580115
626,6959.42190105608,62,435,0.1425287356321839,204461.48062096725,3297.765816467214,40.89229612419345,0.09400527844642173,100,72,0.72,1770.173299387905,inf,0.5349049551118583,1.0,0.7674524775559292,0.16327640044524633,0.3604081910011131,0.3908730492280903
627,6970.539188437959,61,435,0.14022988505747128,198698.02869258498,3257.3447326653277,39.73960573851699,0.09135541549084367,100,72,0.72,1777.6856727318745,inf,0.53598673687339,1.0,0.7679933684366951,0.16168102352707425,0.36040420255881767,0.39082453195632394
628,6981.656475819837,63,435,0.14482758620689656,207883.22407346283,3299.733715451791,41.57664481469258,0.0955784938268795,100,71,0.71,1769.6184261653784,inf,0.5412858165154837,1.0,0.7706429082577418,0.16246779278456885,0.3554061694819614,0.39076822295397995
629,6992.773763201716,64,435,0.1471264367816092,212126.41514521366,3314.4752366439634,42.42528302904273,0.09752938627366145,100,70,0.7,1754.386162071031,inf,0.5456140626899443,1.0,0.7728070313449722,0.16236117746434464,0.35040590294366086,0.3907041557793604
630,7003.891050583595,64,435,0.1471264367816092,211441.42995756253,3303.7723430869146,42.28828599151251,0.09721445055520117,100,70,0.7,1756.8078206412943,inf,0.5459530948897813,1.0,0.7729765474448906,0.16211895155515532,0.35040529737888787,0.39064029071058
631,7015.008337965473,64,435,0.1471264367816092,210840.4351675819,3294.381799493467,42.16808703351638,0.0969381311115319,100,70,0.7,1759.543397812957,inf,0.5463360756938139,1.0,0.773168037846907,0.1618850466323124,0.35040471261658074,0.3905766268211907
632,7026.125625347352,65,435,0.14942528735632185,215299.90807922228,3312.306278141881,43.05998161584445,0.09898846348469989,100,70,0.7,1761.1185035104315,inf,0.5465565904914603,1.0,0.7732782952457302,0.1628550841194848,0.3504071377102987,0.39051316791264273
633,7037.242912729231,65,435,0.14942528735632185,214835.5858285109,3305.1628589001675,42.96711716570218,0.09877498199011994,100,71,0.71,1784.032567585982,inf,0.5433326245972094,1.0,0.7716663122986047,0.16355433484575765,0.3554088858371144,0.3904577983825551
634,7048.360200111109,64,435,0.1471264367816092,209412.94420008978,3272.077253126403,41.88258884001796,0.09628181342532864,100,71,0.71,1785.5088203367327,inf,0.5435422524878162,1.0,0.7717711262439081,0.1622553435907103,0.35540563835897676,0.3904025981305495
635,7059.477487492988,64,435,0.1471264367816092,209043.20910751977,3266.3001423049964,41.808641821503954,0.09611182027931943,100,72,0.72,1801.4647741865483,inf,0.5394109274828629,1.0,0.7697054637414315,0.16320317826894398,0.36040800794567235,0.39035543682522733
636,7070.594774874867,63,435,0.14482758620689656,203723.898125999,3233.7126686666506,40.744779625199804,0.09366616005793059,100,73,0.73,1817.1639746902526,inf,0.535305940304777,1.0,0.7676529701523884,0.16300659495277103,0.3654075164873819,0.3903162721151208
637,7081.712062256745,63,435,0.14482758620689656,203369.52947587028,3228.087769458258,40.67390589517406,0.09350323194292887,100,74,0.74,1834.782617466363,inf,0.5315478273850217,1.0,0.7657739136925108,0.1638646591252091,0.370409661647813,0.3902850705313163
638,7092.829349638624,63,435,0.14482758620689656,203109.1151796034,3223.954209200054,40.62182303592067,0.09338350123200154,100,73,0.73,1815.7458598505218,inf,0.5350988955381761,1.0,0.7675494477690881,0.1629170267314567,0.36540729256682863,0.39024613817143444
639,7103.946637020503,63,435,0.14482758620689656,202935.8915312122,3221.204627479559,40.587178306242436,0.09330385817526997,100,73,0.73,1815.5947140439848,inf,0.5350768282504217,1.0,0.7675384141252108,0.1628827220250295,0.36540720680506256,0.39020732734117447
640,7115.063924402381,63,435,0.14482758620689656,202849.37312460615,3219.831319438193,40.56987462492124,0.09326407959752009,100,72,0.72,1796.6842047248313,inf,0.5387225254803757,1.0,0.7693612627401878,0.16195140842866618,0.36040487852107167,0.39016083366126797
641,7126.18121178426,64,435,0.1471264367816092,207770.4366615412,3246.4130728365813,41.55408733230824,0.09552663754553618,100,72,0.72,1798.8313799724274,inf,0.5390317187160296,1.0,0.7695158593580148,0.16300538909376067,0.36040751347273436,0.3901144889257718
642,7137.298499166139,62,435,0.1425287356321839,197687.42145777578,3188.506797706061,39.53748429155515,0.09089076848633368,100,72,0.72,1794.332165509795,inf,0.5383838318334105,1.0,0.7691919159167053,0.16084942628481413,0.360402123565712,0.3900682799594264
643,7148.415786548017,62,435,0.1425287356321839,197660.48757007322,3188.0723801624713,39.532097514014644,0.09087838508968883,100,71,0.71,1778.9997552182178,inf,0.5426179652409869,1.0,0.7713089826204935,0.15978470123459765,0.35539946175308645,0.39001444639078303
644,7159.533073929896,62,435,0.1425287356321839,197687.90434120153,3188.5145861484116,39.537580868240305,0.09089099050170185,100,70,0.7,1763.9093957192288,inf,0.5469473154006921,1.0,0.773473657700346,0.15870866640067793,0.3503967716660017,0.3899530236392717
645,7170.650361311775,62,435,0.1425287356321839,197762.1493171516,3189.7120857605096,39.55242986343032,0.09092512612282833,100,69,0.69,1750.487933182738,inf,0.5515673347792177,1.0,0.7757836673896088,0.15757072936660976,0.3453939268234165,0.3898840467092162
646,7181.767648693653,61,435,0.14022988505747128,192893.24177269323,3162.1842913556266,38.57864835453864,0.08868654794146814,100,71,0.71,1784.3398820087093,inf,0.5433762632452367,1.0,0.7716881316226183,0.15849920815942498,0.35539624802039854,0.38983074253813615
647,7192.884936075532,61,435,0.14022988505747128,193102.22448606815,3165.610237476527,38.62044489721363,0.08878263194761754,100,70,0.7,1764.3621809652927,inf,0.547010705335141,1.0,0.7735053526675705,0.1576386396400235,0.35039409659910004,0.3897698835166253
648,7204.002223457411,61,435,0.14022988505747128,193433.30660249956,3171.0378131557304,38.686661320499915,0.08893485361034463,100,70,0.7,1764.6389241222676,inf,0.5470494493771175,1.0,0.7735247246885588,0.15770506446089294,0.3503942626611522,0.38970921229804983
649,7215.119510839289,61,435,0.14022988505747128,193891.1868404852,3178.544046565331,38.77823736809703,0.08914537325999318,100,70,0.7,1765.5209671192154,inf,0.5471729353966901,1.0,0.773586467698345,0.15777945278082406,0.350394448631952,0.3896487280462559
650,7226.236798221168,62,435,0.1425287356321839,199446.06843840823,3216.8720715872296,39.889213687681654,0.09169934181076242,100,72,0.72,1796.2174568885946,inf,0.5386553137919576,1.0,0.7693276568959788,0.16118584245739176,0.36040296460614346,0.3896038036784523
651,7237.354085603047,61,435,0.14022988505747128,195078.8286191338,3198.013583920226,39.015765723826775,0.08969141545707304,100,74,0.74,1822.4045146045617,inf,0.5297158681614751,1.0,0.7648579340807375,0.1624167406881677,0.37040604185172044,0.38957435925847267
652,7248.471372984925,61,435,0.14022988505747128,195780.18694993397,3209.5112614743275,39.15603738998679,0.0900138790574409,100,74,0.74,1817.2030488581372,inf,0.5289460512310044,1.0,0.7644730256155021,0.16277042672096942,0.3704069260668024,0.3895450063745651
653,7259.588660366804,61,435,0.14022988505747128,196577.53200729407,3222.5824919228535,39.315506401458805,0.0903804744861122,100,74,0.74,1813.1339231408422,inf,0.5283438206248448,1.0,0.7641719103124224,0.16310428208684496,0.3704077607052171,0.38951574453103394
654,7270.705947748683,62,435,0.1425287356321839,202457.67807567152,3265.446420575347,40.49153561513431,0.093083989919849,100,74,0.74,1809.3771355906624,inf,0.527787816067418,1.0,0.763893908033709,0.16459504094306998,0.37041148760235765,0.38948657772656264
655,7281.823235130561,62,435,0.1425287356321839,203401.95486259751,3280.676691332218,40.680390972519504,0.0935181401667115,100,73,0.73,1794.7424510609135,inf,0.5320323978548933,1.0,0.7660161989274467,0.16375097061963245,0.36540937742654905,0.38944987467732484
656,7292.94052251244,61,435,0.14022988505747128,199344.05004869396,3267.9352466999007,39.868810009738795,0.09165243680399723,100,72,0.72,1780.1379608068955,inf,0.536339866356193,1.0,0.7681699331780965,0.1617412518129504,0.36040435312953234,0.38940566535990045
657,7304.057809894319,61,435,0.14022988505747128,200240.75732712814,3282.635366018494,40.04815146542562,0.09206471601247268,100,72,0.72,1778.476753821122,inf,0.5361006525502416,1.0,0.7680503262751208,0.16200719486867587,0.36040501798717167,0.38936159142772303
658,7315.175097276197,61,435,0.14022988505747128,201229.83537645257,3298.8497602697144,40.245967075290515,0.09251946454089774,100,71,0.71,1761.819569245211,inf,0.5401783788328199,1.0,0.7700891894164099,0.16121513756224393,0.3554030378439056,0.3893100609973986
659,7326.292384658076,61,435,0.14022988505747128,202301.33520497388,3316.41533122908,40.46026704099477,0.09301210814021786,100,71,0.71,1759.9759344266117,inf,0.5399165826885789,1.0,0.7699582913442895,0.16152690839796413,0.3554038172709949,0.38925868790084345
660,7337.409672039955,61,435,0.14022988505747128,203445.2139933128,3335.1674425133247,40.68904279866256,0.09353802942221279,100,71,0.71,1757.5802289456446,inf,0.5395763925102816,1.0,0.7697881962551407,0.16187491658353603,0.3554046872914588,0.3892074715610411
661,7348.526959421833,61,435,0.14022988505747128,204692.84071713898,3355.6203396252295,40.9385681434278,0.09411165090443173,100,72,0.72,1774.579288085467,inf,0.5355394174843071,1.0,0.7677697087421536,0.1631709710811391,0.36040792742770283,0.3891639677179394
662,7359.644246803712,60,435,0.13793103448275862,200967.31336756583,3349.455222792764,40.19346267351316,0.09239876476669692,100,73,0.73,1785.6934513664064,inf,0.5307112438994953,1.0,0.7653556219497477,0.16352157140847456,0.36540880392852115,0.38912813790830225
663,7370.761534185591,59,435,0.135632183908046,197163.23381298422,3341.7497256438005,39.43264676259686,0.09064976267263646,100,72,0.72,1765.1709272596588,inf,0.5341846135253907,1.0,0.7670923067626954,0.1617787279549705,0.3604044468198874,0.38908487933738595
664,7381.8788215674695,60,435,0.13793103448275862,203307.77850424065,3388.4629750706777,40.661555700848126,0.09347484069160489,100,72,0.72,1762.7306149575238,inf,0.5338332085538835,1.0,0.7669166042769417,0.16327911820733154,0.3604081977955183,0.38904175650799966
665,7392.996108949348,59,435,0.135632183908046,199394.48611757747,3379.5675613148724,39.87889722351549,0.09167562580118503,100,72,0.72,1758.1622197392662,inf,0.5331753596424543,1.0,0.7665876798212272,0.1625439729899789,0.36040635993247494,0.3889987604170454
666,7404.113396331227,60,435,0.13793103448275862,205432.02925958222,3423.8671543263704,41.08640585191644,0.09445150770555504,100,73,0.73,1767.9162875510997,inf,0.5281157779824606,1.0,0.7640578889912303,0.16519680935716236,0.3654129920233929,0.38896339944494096
667,7415.2306837131055,58,435,0.13333333333333333,196500.43595155963,3387.938550888959,39.300087190311935,0.0903450280237056,100,75,0.75,1798.7817527402374,inf,0.5198172629110356,1.0,0.7599086314555178,0.16521819828409395,0.37541304549571025,0.3889431144839391
668,7426.347971094984,57,435,0.1310344827586207,192442.72052383958,3376.188079365607,38.48854410476792,0.08847941173509866,100,72,0.72,1748.4767818835478,inf,0.5317806565912307,1.0,0.7658903282956153,0.16129454171974167,0.36040323635429933,0.3889004539785136
669,7437.465258476863,56,435,0.12873563218390804,188265.56785077802,3361.885140192465,37.6531135701556,0.08655888177047263,100,72,0.72,1744.3675641971531,inf,0.5311889292443901,1.0,0.765594464622195,0.16048220857413875,0.36040120552143534,0.38885791778678663
670,7448.5825458587415,54,435,0.12413793103448276,179079.09037636936,3316.2794514142474,35.81581807527387,0.08233521396614682,100,74,0.74,1770.7039557523435,inf,0.5220641854513467,1.0,0.7610320927256733,0.16065156062023678,0.3704016289015506,0.38883041214016184
671,7459.69983324062,53,435,0.12183908045977011,174713.0974300854,3296.473536416706,34.942619486017094,0.08032786088739562,100,75,0.75,1779.0412290020367,inf,0.5168561843503056,1.0,0.7584280921751527,0.16094988435612145,0.37540237471089033,0.3888104299416064
672,7470.817120622499,52,435,0.11954022988505747,170289.38390370508,3274.7958443020207,34.05787678074101,0.07829396961089888,100,76,0.76,1789.4401581195723,inf,0.5119949040341749,1.0,0.7559974520170875,0.1611482587969057,0.38040287064699224,0.388797937282922
673,7481.9344080043775,53,435,0.12183908045977011,175886.04820343936,3318.6046830837618,35.17720964068786,0.08086714859928244,100,77,0.77,1798.9653563096892,inf,0.5070406648716921,1.0,0.753520332435846,0.1636734080817182,0.3854091835202043,0.38879290945834827
674,7493.051695386256,54,435,0.12413793103448276,181463.40712831737,3360.4334653392107,36.29268142566348,0.08343145155324938,100,77,0.77,1796.9417480919408,inf,0.5067290292061588,1.0,0.7533645146030794,0.16503346847508504,0.38541258367118775,0.38878790156829324
675,7504.168982768135,54,435,0.12413793103448276,182086.69725677444,3371.9758751254526,36.417339451354884,0.08371802172725261,100,78,0.78,1806.2780224244761,inf,0.5017793714982183,1.0,0.7508896857491092,0.16641416798907172,0.3904160354199727,0.3887903100503223
676,7515.2862701500135,53,435,0.12183908045977011,177747.85957488738,3353.733199526177,35.549571914977484,0.08172315382753445,100,79,0.79,1816.644684989679,inf,0.49702986022836915,1.0,0.7485149301141846,0.16660411185667495,0.3954165102796417,0.38880009764298007
677,7526.403557531892,53,435,0.12183908045977011,178413.6289875126,3366.294886556842,35.68272579750253,0.08202925470690237,100,79,0.79,1811.9577712569783,inf,0.4962893278586025,1.0,0.7481446639293012,0.16694229538880057,0.39541735573847203,0.3888098576106725
678,7537.520844913771,52,435,0.11954022988505747,174085.18856600093,3347.7920878077102,34.81703771320018,0.08003916715678203,100,79,0.79,1806.2658377618575,inf,0.4953900023663734,1.0,0.7476950011831867,0.16617208298679764,0.395415430207467,0.38881958599446753
679,7548.6381322956495,52,435,0.11954022988505747,174734.96151265796,3360.2877213972683,34.946992302531584,0.08033791333915306,100,80,0.8,1808.0557234220184,inf,0.4892889157475229,1.0,0.7446444578737614,0.16784672773269582,0.40041961681933175,0.3888366448633276
680,7559.755419677528,52,435,0.11954022988505747,175419.70956717094,3373.455953214826,35.08394191343419,0.08065274003088319,100,80,0.8,1800.6444383268397,inf,0.4881031101322943,1.0,0.7440515550661472,0.168300592482368,0.4004207514812059,0.3888536552988898
681,7570.872707059407,53,435,0.12183908045977011,181135.65681782714,3417.6539022231536,36.227131363565434,0.08328076175532284,100,80,0.8,1794.5351817055641,inf,0.48712562907289025,1.0,0.7435628145364451,0.16985897360943886,0.4004246474340236,0.38887062156301755
682,7581.9899944412855,52,435,0.11954022988505747,176717.626248635,3398.415889396827,35.343525249726994,0.08124948333270574,100,80,0.8,1789.1324219021085,inf,0.48626118750433733,1.0,0.7431305937521686,0.16905944479026858,0.4004226486119757,0.388887535219019
683,7593.107281823164,52,435,0.11954022988505747,177306.55178769561,3409.7413805326078,35.46131035753911,0.0815202536954922,100,81,0.81,1796.3388685954008,inf,0.48100689671245483,1.0,0.7405034483562274,0.1705084026696324,0.4054262710066741,0.388911714657305
684,7604.224569205043,52,435,0.11954022988505747,177930.44912628634,3421.7394062747376,35.586089825257275,0.08180710304656845,100,82,0.82,1807.3806383427461,inf,0.47641042468821027,1.0,0.7382052123441052,0.17180094535123158,0.41042950236337805,0.388943127486073
685,7615.3418565869215,54,435,0.12413793103448276,188501.00190021092,3490.7592944483504,37.70020038004217,0.08666712731044177,100,81,0.81,1792.7448700719428,inf,0.4804246689516548,1.0,0.7402123344758273,0.17322739641730722,0.40543306849104327,0.3889671653009491
686,7626.4591439688,53,435,0.12183908045977011,184055.13167358583,3472.7383334638835,36.81102633471717,0.08462304904532683,100,80,0.8,1776.3331818550328,inf,0.4842133090968052,1.0,0.7421066545484026,0.17125819724846209,0.40042814549312117,0.38898384795042823
687,7637.576431350679,54,435,0.12413793103448276,189564.08725348779,3510.446060249774,37.91281745069755,0.08715590218551161,100,80,0.8,1772.8336567873953,inf,0.48365338508598327,1.0,0.7418266925429916,0.17266460482126006,0.40043166151205317,0.38900048721432595
688,7648.6937187325575,55,435,0.12643678160919541,195070.91528526752,3546.743914277591,39.01418305705349,0.0896877771426517,100,81,0.81,1782.7617762246307,inf,0.4788074077483902,1.0,0.7394037038741951,0.17514203663422828,0.4054378550915856,0.389024344061753
689,7659.811006114436,55,435,0.12643678160919541,195607.99978872185,3556.50908706767,39.121599957744365,0.08993471254653877,100,80,0.8,1765.4847080331542,inf,0.48247755328530467,1.0,0.7412387766426524,0.17434796795194324,0.4004358699198799,0.38904088250502566
690,7670.928293496315,54,435,0.12413793103448276,191176.56806652265,3540.306816046716,38.23531361330454,0.08789727267426331,100,81,0.81,1776.6027839082067,inf,0.47780965099312955,1.0,0.7389048254965648,0.17449622358884925,0.40543624055897215,0.3890646095065509
691,7682.0455808781935,53,435,0.12183908045977011,186737.21239894745,3523.34363016882,37.34744247978949,0.08585618960871148,100,81,0.81,1772.124173473621,inf,0.4770841161027267,1.0,0.7385420580513633,0.17365706577867412,0.4054341426644467,0.38908826490128773
692,7693.162868260072,54,435,0.12413793103448276,192202.53194044286,3559.306147045238,38.44050638808857,0.08836898020250246,100,81,0.81,1767.689158180264,inf,0.47636564362520273,1.0,0.7381828218126014,0.17509307919495054,0.4054377326979874,0.38911185720691066
693,7704.280155641951,54,435,0.12413793103448276,192612.74550044173,3566.9026944526245,38.52254910008835,0.08855758413813414,100,80,0.8,1753.1520857942771,inf,0.48050433372708423,1.0,0.7402521668635421,0.17415270863729598,0.40043538177159327,0.38912817352472723
694,7715.3974430238295,53,435,0.12183908045977011,188043.2643685046,3547.9861201604645,37.60865287370093,0.0864566732728757,100,79,0.79,1733.0043990657196,inf,0.48381469505238356,1.0,0.7419073475261918,0.17227466287334198,0.3954306866571834,0.38913724188894655
695,7726.514730405708,55,435,0.12643678160919541,198363.1068495603,3606.601942719278,39.67262136991206,0.09120142843657944,100,80,0.8,1744.3931985080421,inf,0.4791029117612867,1.0,0.7395514558806433,0.17582498627796805,0.40043956246569495,0.38915348085529244
696,7737.632017787587,56,435,0.12873563218390804,203678.06434043823,3637.1082917935396,40.73561286808764,0.09364508705307505,100,80,0.8,1741.0410005865153,inf,0.47856656009384246,1.0,0.7392832800469212,0.17718090350307686,0.4004429522587577,0.389169678088296
697,7748.7493051694655,55,435,0.12643678160919541,198939.73273855096,3617.0860497918356,39.78794654771019,0.09146654378783953,100,80,0.8,1739.8300185665146,inf,0.47837280297064233,1.0,0.7391864014853211,0.17614007115125918,0.40044035017787816,0.38918582518298017
698,7759.866592551344,55,435,0.12643678160919541,199106.55129746188,3620.1191144993068,39.82131025949238,0.09154324197584454,100,80,0.8,1740.77662548644,inf,0.47852426007783044,1.0,0.7392621300389153,0.17614055596846467,0.4004403513899212,0.38920192607884135
699,7770.983879933223,55,435,0.12643678160919541,199300.67386354803,3623.648615700873,39.86013477270962,0.09163249373036694,100,81,0.81,1755.1965152796727,inf,0.474341835475307,1.0,0.7371709177376535,0.17723078799635672,0.40544307696999093,0.3892251277229716
700,7782.1011673151015,57,435,0.1310344827586207,209487.9409509783,3675.2270342276897,41.897588190195655,0.09631629469010496,100,79,0.79,1726.7247751843147,inf,0.48282251447912167,1.0,0.7414112572395608,0.17745251872527212,0.3954436312968132,0.3892339986267859
701,7793.21845469698,55,435,0.12643678160919541,199483.6214687507,3626.9749357954674,39.89672429375015,0.09171660757183941,100,79,0.79,1731.8689638359433,inf,0.48363529628607904,1.0,0.7418176481430395,0.17494947971439995,0.395437373699286,0.38924283534341336
702,7804.335742078859,54,435,0.12413793103448276,194407.12590492773,3600.1319612023653,38.88142518098554,0.08938258662295526,100,79,0.79,1733.8270345635501,inf,0.48394467146104075,1.0,0.7419723357305203,0.1737051254462174,0.39543426281361554,0.38925164249486466
703,7815.4530294607375,55,435,0.12643678160919541,199304.38569953418,3623.716103627894,39.860877139906826,0.09163420032162489,100,82,0.82,1773.0599804612405,inf,0.47078183679564345,1.0,0.7353909183978218,0.17812164096190153,0.4104453041024047,0.38928174712782987
704,7826.570316842616,55,435,0.12643678160919541,199214.72848889692,3622.0859725253986,39.84294569777937,0.09159297861558476,100,84,0.84,1800.3672708415872,inf,0.4624617015013866,1.0,0.7312308507506933,0.1801810639324457,0.4204504526598311,0.3893259580576625
705,7837.687604224495,54,435,0.12413793103448276,194104.1007292738,3594.520383875441,38.82082014585477,0.0892432647031144,100,83,0.83,1786.9600806675885,inf,0.4666353733908196,1.0,0.7333176866954099,0.17796278900385232,0.41544490697250963,0.3893629537360121
706,7848.8048916063735,54,435,0.12413793103448276,194005.7454027188,3592.698988939237,38.801149080543766,0.089198043863319,100,83,0.83,1783.7763200820186,inf,0.4661068691336151,1.0,0.7330534345668076,0.17807230464825574,0.4154451807616206,0.38939984514623216
707,7859.922178988252,54,435,0.12413793103448276,193942.46470745394,3591.52712421211,38.788492941490794,0.08916894929078344,100,84,0.84,1793.522369198945,inf,0.4613117580254228,1.0,0.7306558790127113,0.17925653513903606,0.4204481413378476,0.3894436986719265
708,7871.039466370131,54,435,0.12413793103448276,193902.58518276736,3590.788614495692,38.78051703655348,0.08915061387713444,100,84,0.84,1794.0445424834443,inf,0.4613994831372187,1.0,0.7306997415686094,0.17922543615426256,0.42044806359038567,0.3894874283826719
709,7882.1567537520095,54,435,0.12413793103448276,193813.33572906634,3589.135846834562,38.76266714581326,0.08910957964554772,100,85,0.85,1809.1440974627992,inf,0.4575544965686758,1.0,0.7287772482843379,0.1801661656806049,0.4254504154142015,0.38953808047708255
710,7893.274041133888,53,435,0.12183908045977011,188671.7100793458,3559.843586402751,37.734342015869174,0.0867456138295843,100,86,0.86,1819.8216082021495,inf,0.4530093166107697,1.0,0.7265046583053849,0.18012047776209972,0.43045030119440525,0.38959562227837274
711,7904.391328515767,53,435,0.12183908045977011,188558.77463862096,3557.7127290305843,37.7117549277242,0.08669368948902115,100,88,0.88,1844.5187361793012,inf,0.44463529756755693,1.0,0.7223176487837785,0.18218802035262133,0.44045547005088154,0.3896670546488398
712,7915.5086158976455,52,435,0.11954022988505747,183448.21549312441,3527.8502979447003,36.68964309862489,0.08434400712327561,100,87,0.87,1832.7758580110003,inf,0.44890299929391403,1.0,0.724451499646957,0.17994625373815926,0.4354498656343454,0.3897312661649484
713,7926.625903279524,54,435,0.12413793103448276,193285.2532289669,3579.356541277165,38.65705064579338,0.08886678309377789,100,86,0.86,1820.3341423631357,inf,0.4530974724864593,1.0,0.7265487362432297,0.18115902342527412,0.4304528975585632,0.38978829926213837
714,7937.743190661403,55,435,0.12643678160919541,198101.32706092592,3601.842310198653,39.62026541218518,0.09108106991306937,100,86,0.86,1819.9742522193224,inf,0.45303557138172346,1.0,0.7265177856908618,0.18228164211110376,0.4304557041052777,0.38984517675142943
715,7948.860478043282,55,435,0.12643678160919541,197910.60661599576,3598.3746657453776,39.58212132319915,0.09099338235218196,100,87,0.87,1830.496496243259,inf,0.44850639034632706,1.0,0.7242531951731636,0.18337009358950923,0.43545842523397377,0.3899088824057346
716,7959.97776542516,54,435,0.12413793103448276,192750.06301874807,3569.4456114582977,38.55001260374962,0.08862071862930948,100,87,0.87,1830.3676760620856,inf,0.4484839756348029,1.0,0.7242419878174015,0.18218936540595404,0.43545547341351487,0.3899724062425656
717,7971.095052807039,53,435,0.12183908045977011,187584.2343762053,3539.325176909534,37.51684687524106,0.08624562500055416,100,86,0.86,1816.8842789764603,inf,0.45250409598395114,1.0,0.7262520479919756,0.17999678850428924,0.4304499919712607,0.3900287817101543
718,7982.212340188918,53,435,0.12183908045977011,187402.4384560002,3535.895065207551,37.48048769120003,0.08616204066942536,100,85,0.85,1807.3101092423324,inf,0.45724271857119647,1.0,0.7286213592855982,0.1787703406919136,0.4254469258517298,0.3900780419940786
719,7993.329627570796,53,435,0.12183908045977011,187247.606369933,3532.9737050930753,37.4495212739866,0.08609085350341747,100,83,0.83,1784.8739247765204,inf,0.46628907151290244,1.0,0.7331445357564512,0.17647315887348314,0.4154411828971837,0.3901132685786663
720,8004.446914952675,53,435,0.12183908045977011,186966.79907562427,3527.6754542570616,37.39335981512485,0.08596174670143644,100,83,0.83,1787.7599210163457,inf,0.4667681468887133,1.0,0.7333840734443566,0.1762888366285399,0.41544072209157135,0.39014839680822644
721,8015.564202334554,52,435,0.11954022988505747,181727.17678276188,3494.7533996684974,36.34543535655237,0.08355272495759165,100,83,0.83,1792.747005233011,inf,0.46759600286867986,1.0,0.7337980014343399,0.17487736176162583,0.41543719340440405,0.3901834228422931
722,8026.681489716432,52,435,0.11954022988505747,181530.13174091303,3490.964071940635,36.3060263481826,0.08346212953605195,100,82,0.82,1788.336934752171,inf,0.47328725729935606,1.0,0.736643628649678,0.173409250443187,0.4104335231261079,0.3902114312797535
723,8037.798777098311,52,435,0.11954022988505747,181307.81071065186,3486.6886675125356,36.261562142130366,0.08335991297041463,100,81,0.81,1785.750100388155,inf,0.4792915162628812,1.0,0.7396457581314406,0.17185707741948697,0.40542964269354875,0.39023245090877806
724,8048.91606448019,51,435,0.11724137931034483,176071.29012369862,3452.3782377195807,35.21425802473973,0.08095231729825225,100,80,0.8,1781.0629687713586,inf,0.4849700750034174,1.0,0.7424850375017087,0.16923363989827178,0.4004230840997457,0.39024650695455876
725,8060.033351862068,50,435,0.11494252873563218,170796.3567902567,3415.9271358051337,34.159271358051335,0.07852706059322145,100,80,0.8,1787.8473957275485,inf,0.4860555833164078,1.0,0.7430277916582039,0.16774963446750873,0.4004193740861688,0.3902605191682386
726,8071.150639243947,50,435,0.11494252873563218,170566.50604607185,3411.330120921437,34.11330120921438,0.078421382090148,100,80,0.8,1793.4615988475555,inf,0.4869538558156088,1.0,0.7434769279078044,0.16747222709117182,0.40041868056772795,0.3902744918799298
727,8082.267926625826,49,435,0.11264367816091954,165375.41755254168,3375.0085214804426,33.07508351050833,0.07603467473680076,100,80,0.8,1800.4560849342383,inf,0.48807297358947804,1.0,0.744036486794739,0.1659990939710309,0.4004149977349276,0.3902884211462141
728,8093.385214007704,49,435,0.11264367816091954,165227.9108702147,3371.9981810247896,33.04558217404295,0.07596685557251252,100,79,0.79,1798.1054501058945,inf,0.49410066111673134,1.0,0.7470503305583657,0.16445826250707346,0.3954111456562677,0.3902954482031552
729,8104.502501389583,49,435,0.11264367816091954,165129.11149104367,3369.9818671641565,33.025822298208745,0.07592143057059482,100,80,0.8,1810.8709770061353,inf,0.4897393563209817,1.0,0.7448696781604909,0.165525876205052,0.4004138146905126,0.3903093089791653
730,8115.619788771462,50,435,0.11494252873563218,170030.1459516171,3400.602919032342,34.006029190323424,0.07817477974786995,100,79,0.79,1794.8685517925899,inf,0.4935892311832293,1.0,0.7467946155916146,0.1656900820781277,0.3954142252051953,0.39031629244869476
731,8126.73707615334,51,435,0.11724137931034483,174948.62548769108,3430.3652056410015,34.98972509753821,0.08043614964951314,100,77,0.77,1764.0827303662747,inf,0.5016687404764063,1.0,0.7508343702382032,0.16480088970565498,0.38541200222426414,0.3903095925986614
732,8137.854363535219,51,435,0.11724137931034483,174752.5433989343,3426.520458802633,34.950508679786864,0.08034599696502727,100,79,0.79,1791.053463852428,inf,0.4929864472886836,1.0,0.7464932236443418,0.16692638666034276,0.39541731596665086,0.3903165608433653
733,8148.971650917098,51,435,0.11724137931034483,174567.44520623283,3422.891082475154,34.91348904124657,0.08026089434769326,100,79,0.79,1790.8829526047111,inf,0.49295950651154435,1.0,0.7464797532557722,0.16689057054596051,0.3954172264263649,0.390323509979037
734,8160.088938298976,51,435,0.11724137931034483,174446.22287901095,3420.514174098254,34.8892445758022,0.08020515994437288,100,79,0.79,1792.157399504146,inf,0.4931608691216551,1.0,0.7465804345608276,0.1668123626917727,0.39541703090672947,0.39033043993948285
735,8171.206225680855,51,435,0.11724137931034483,174405.83563169622,3419.722267288161,34.88116712633925,0.08018659109503276,100,78,0.78,1778.8182456178001,inf,0.4974956463163768,1.0,0.7487478231581884,0.16571938396842217,0.3904142984599211,0.39033055387768995
736,8182.323513062734,50,435,0.11494252873563218,169462.99286398938,3389.2598572797874,33.89259857279787,0.07791401970758131,100,80,0.8,1802.5858905465211,inf,0.48841374248744335,1.0,0.7442068712437216,0.16685357423192987,0.40041713393557987,0.39034423987505484
737,8193.440800444612,50,435,0.11494252873563218,169624.1050449432,3392.482100898864,33.924821008988644,0.07798809427353712,100,80,0.8,1801.5790562049194,inf,0.4882526489927871,1.0,0.7441263244963936,0.16693088488857177,0.40041732721222145,0.3903578890448884
738,8204.558087826492,50,435,0.11494252873563218,169872.76577199722,3397.4553154399446,33.97455315439944,0.0781024210445964,100,80,0.8,1796.729617016225,inf,0.4874767387225959,1.0,0.743738369361298,0.1671820258416492,0.40041795506460415,0.3903715021247527
739,8215.675375208371,50,435,0.11494252873563218,170188.47746061315,3403.769549212263,34.03769549212263,0.07824757584396007,100,80,0.8,1797.2087240464007,inf,0.4875533958474241,1.0,0.743776697923712,0.167235438960124,0.40041808859740036,0.39038507859295896
740,8226.792662590251,48,435,0.1103448275862069,160517.41927086626,3344.1129014763806,32.10348385417325,0.07380111230844424,100,80,0.8,1794.5335744360818,inf,0.48712537190977306,1.0,0.7435626859548865,0.1651192131767789,0.400412798032942,0.39039861127776326
741,8237.90994997213,48,435,0.1103448275862069,160832.05244804104,3350.6677593341883,32.16641048960821,0.07394577124047864,100,80,0.8,1792.2940313405736,inf,0.48676704501449175,1.0,0.7433835225072458,0.16528112436661646,0.4004132028109166,0.39041210803185106
742,8249.02723735401,47,435,0.10804597701149425,156163.47145175686,3322.6270521650395,31.23269429035138,0.07179929721919857,100,79,0.79,1773.6908438508258,inf,0.49024315332843055,1.0,0.7451215766642153,0.16333886027749162,0.39540834715069373,0.3904188324452008
743,8260.14452473589,46,435,0.10574712643678161,151523.92670686997,3293.9984066710863,30.304785341373993,0.0696661731985609,100,82,0.82,1809.6336575808616,inf,0.4767799198432613,1.0,0.7383899599216306,0.16563810663846512,0.4104140952665961,0.3904457077984554
744,8271.26181211777,46,435,0.10574712643678161,151927.42719644847,3302.770156444532,30.3854854392897,0.06985169066503379,100,82,0.82,1800.773340922755,inf,0.4753268279113317,1.0,0.7376634139556658,0.16609413835468395,0.4104152353458867,0.3904725125334184
745,8282.379099499649,46,435,0.10574712643678161,152374.3158906457,3312.4851280575153,30.474863178129137,0.07005715673133135,100,83,0.83,1806.9790203709615,inf,0.4699585173815796,1.0,0.7349792586907898,0.16753894902027072,0.41541884737255064,0.39050595266054866
746,8293.496386881528,46,435,0.10574712643678161,152864.2292321956,3323.1354180912085,30.57284584643911,0.07028240424468761,100,83,0.83,1802.0772601972749,inf,0.46914482519274764,1.0,0.7345724125963738,0.16785499582415692,0.41541963748956034,0.3905393043135995
747,8304.613674263408,43,435,0.09885057471264368,138268.89308528826,3215.5556531462385,27.65377861705765,0.0635719048667992,100,83,0.83,1799.150352181725,inf,0.4686589584621664,1.0,0.7343294792310832,0.16462121281785808,0.41541155303204463,0.3905725559830092
748,8315.730961645288,44,435,0.10114942528735632,143550.84449643368,3262.5191931007653,28.71016889928674,0.06600038827422239,100,83,0.83,1798.3842473064803,inf,0.46853178505287574,1.0,0.7342658925264378,0.1658672478738923,0.4154146681196847,0.39060572302191
749,8326.848249027167,43,435,0.09885057471264368,138800.39431264452,3227.9161468056864,27.760078862528907,0.06381627324719288,100,84,0.84,1813.0459092014432,inf,0.4645917127458424,1.0,0.7322958563729212,0.1657602084371359,0.4204144005210928,0.3906454679252423
750,8337.965536409047,43,435,0.09885057471264368,139073.36520737302,3234.26430714821,27.8146730414746,0.06394177710683815,100,84,0.84,1817.7438004047533,inf,0.46538095846799854,1.0,0.7326904792339992,0.1656256489364195,0.42041406412234106,0.3906851065353582
751,8349.082823790926,44,435,0.10114942528735632,144365.1039355025,3281.025089443239,28.873020787100497,0.06637476043011609,100,83,0.83,1806.056227296223,inf,0.46980533373117306,1.0,0.7349026668655865,0.16573604678226483,0.41541434011695566,0.3907179911544827
752,8360.200111172806,45,435,0.10344827586206896,149593.17181186978,3324.2927069304396,29.918634362373954,0.06877846979856081,100,82,0.82,1800.8257299406137,inf,0.4753354197102606,1.0,0.7376677098551303,0.1655553799717152,0.41041388844992926,0.39074414772459615
753,8371.317398554685,45,435,0.10344827586206896,149857.83880501692,3330.1741956670426,29.971567761003385,0.06890015577242158,100,80,0.8,1783.7493439517216,inf,0.4853998950322754,1.0,0.7426999475161377,0.16310010412814197,0.4004077502603204,0.3907569641735826
754,8382.434685936565,45,435,0.10344827586206896,150163.89747724085,3336.9754994942414,30.032779495448175,0.06904087240332914,100,80,0.8,1785.9449236354976,inf,0.4857511877816795,1.0,0.7428755938908398,0.16308263925624467,0.4004077065981406,0.39076974661388
755,8393.551973318445,45,435,0.10344827586206896,150509.46271278593,3344.6547269507982,30.101892542557188,0.06919975297139583,100,79,0.79,1770.2403548014443,inf,0.48969797605862814,1.0,0.7448489880293141,0.1621753824710409,0.3954054384561776,0.3907758784813962
756,8404.669260700324,44,435,0.10114942528735632,145733.2339671264,3312.1189537983273,29.146646793425273,0.06700378573201213,100,80,0.8,1785.6326631716815,inf,0.4857012261074691,1.0,0.7428506130537346,0.16207658633913874,0.40040519146584785,0.3907885988420098
757,8415.786548082204,42,435,0.09655172413793103,135831.69629712755,3234.0880070744656,27.166339259425506,0.06245135461936898,100,80,0.8,1790.773114418697,inf,0.4865236983069915,1.0,0.7432618491534957,0.15959475273293666,0.40039898688183234,0.3908012774541995
758,8426.903835464083,42,435,0.09655172413793103,135938.1760428607,3236.623239115731,27.187635208572136,0.06250031082430375,100,80,0.8,1792.371148553029,inf,0.4867793837684846,1.0,0.7433896918842423,0.15955530947003077,0.4003988882736751,0.39081392252774294
759,8438.021122845963,42,435,0.09655172413793103,136075.23246030218,3239.886487150052,27.215046492060438,0.06256332526910445,100,79,0.79,1778.805063907107,inf,0.4910512000973229,1.0,0.7455256000486614,0.15851886261022152,0.3953962971565256,0.39081995196804403
760,8449.138410227843,41,435,0.09425287356321839,131234.16991738888,3200.833412619241,26.246833983477778,0.060337549387305234,100,79,0.79,1783.0844217342283,inf,0.4917273386340081,1.0,0.745863669317004,0.15723694003515065,0.3953930923500879,0.39082596135093767
761,8460.255697609722,42,435,0.09655172413793103,136349.80312774432,3246.4238839939126,27.26996062554887,0.06268956465643419,100,80,0.8,1797.4553673253213,inf,0.48759285877205144,1.0,0.7437964293860257,0.15944656763520426,0.400398616419088,0.39083852389039714
762,8471.372984991602,42,435,0.09655172413793103,136391.16291996333,3247.408640951508,27.278232583992665,0.0627085806528567,100,80,0.8,1799.3715471233947,inf,0.4878994475397431,1.0,0.7439497237698716,0.15937942844149255,0.40039844857110374,0.3908510532805422
763,8482.490272373481,43,435,0.09885057471264368,141448.76723349353,3289.506214732408,28.2897534466987,0.0650339159694223,100,80,0.8,1802.0689131764332,inf,0.4883310261082293,1.0,0.7441655130541147,0.16043420145765375,0.40040108550364417,0.39086355332271905
764,8493.60755975536,43,435,0.09885057471264368,141471.53441581415,3290.035684088701,28.29430688316283,0.06504438363945478,100,79,0.79,1790.9822747434528,inf,0.49297519940946566,1.0,0.7464875997047329,0.15927839196736093,0.39539819597991843,0.3908694809601794
765,8504.72484713724,43,435,0.09885057471264368,141523.75624836882,3291.250145310903,28.304751249673764,0.06506839367741095,100,80,0.8,1807.2260988125533,inf,0.4891561758100086,1.0,0.7445780879050043,0.16024515288620333,0.4004006128822155,0.3908819236911481
766,8515.84213451912,43,435,0.09885057471264368,141605.66456495976,3293.1549898827852,28.321132912991953,0.06510605267354472,100,80,0.8,1810.0746255246115,inf,0.48961194008393766,1.0,0.7448059700419688,0.16015004131578797,0.4004003751032895,0.3908943336669136
767,8526.959421901,43,435,0.09885057471264368,141717.5355603152,3295.756640937563,28.343507112063037,0.06515748761393801,100,80,0.8,1809.2245894497748,inf,0.48947593431196396,1.0,0.744737967155982,0.16020976022897804,0.40040052440057244,0.3909067115194314
768,8538.07670928288,42,435,0.09655172413793103,136810.95678507176,3257.403732977899,27.362191357014346,0.06290158932646976,100,79,0.79,1795.747950329744,inf,0.49372817615209963,1.0,0.7468640880760498,0.15801875062520998,0.395395046876563,0.39091254810637177
769,8549.193996664759,42,435,0.09655172413793103,136895.93101909634,3259.4269290261036,27.37918620381927,0.06294065793981442,100,82,0.82,1836.4117911500298,inf,0.48117153374860494,1.0,0.7405857668743024,0.16117744553275598,0.41040294361383184,0.3909378603083295
770,8560.311284046638,40,435,0.09195402298850575,126955.96340286368,3173.899085071592,25.391192680572736,0.05837055788637411,100,80,0.8,1809.2103403526894,inf,0.4894736544564303,1.0,0.7447368272282151,0.15681686532907946,0.40039204216332275,0.39095012254160444
771,8571.428571428518,40,435,0.09195402298850575,127014.95092152541,3175.3737730381354,25.402990184305082,0.05839767858460938,100,80,0.8,1811.5751237890836,inf,0.4898520198062534,1.0,0.7449260099031267,0.15673583434074134,0.4003918395858519,0.3909623527450296
772,8582.545858810397,41,435,0.09425287356321839,131906.64040145426,3217.235131742787,26.38132808029085,0.060646731219059426,100,79,0.79,1801.2019438605414,inf,0.4945899071299656,1.0,0.7472949535649828,0.15667588882703837,0.3953916897220676,0.39096808280580203
773,8593.663146192277,41,435,0.09425287356321839,131729.80080645127,3212.9219708890555,26.345960161290257,0.06056542565813852,100,77,0.77,1776.167822095553,inf,0.5035298446027151,1.0,0.7517649223013576,0.15440025167839044,0.385386000629196,0.39096087081332576
774,8604.780433574157,42,435,0.09655172413793103,136584.51108063885,3252.0121685866393,27.316902216127772,0.06279747635891442,100,76,0.76,1762.9640728637073,inf,0.5079705390752836,1.0,0.7539852695376418,0.15440610341063626,0.3803860152585266,0.39094722583841635
775,8615.897720956036,44,435,0.10114942528735632,146430.0149030798,3327.954884160905,29.286002980615958,0.06732414478302519,100,77,0.77,1778.0379775237543,inf,0.5038178485386582,1.0,0.7519089242693291,0.1577076102568481,0.3853942690256421,0.3909400699662349
776,8627.015008337916,44,435,0.10114942528735632,146275.52894681552,3324.443839700353,29.255105789363103,0.06725311675715656,100,76,0.76,1765.5075226995934,inf,0.5083571434503383,1.0,0.7541785717251692,0.1565372725159937,0.38039134318129,0.3909264937412865
777,8638.132295719795,43,435,0.09885057471264368,141143.93195773519,3282.4170222729113,28.228786391547036,0.06489376181964836,100,75,0.75,1752.9369675656746,inf,0.5129405451348511,1.0,0.7564702725674255,0.15421174462611142,0.3753855293615653,0.39090651820866473
778,8649.249583101675,46,435,0.10574712643678161,155909.3786865907,3389.334319273711,31.18187573731814,0.07168247295935205,100,75,0.75,1755.0334010357717,inf,0.5132550101553657,1.0,0.7566275050776828,0.15752748394083466,0.3753938187098521,0.3908866046021194
779,8660.366870483555,46,435,0.10574712643678161,155600.33269018718,3382.615928047547,31.12006653803744,0.07154038284606308,100,76,0.76,1773.586738119592,inf,0.509585184194178,1.0,0.754792592097089,0.15837389537448698,0.38039593473843625,0.39087315502537107
780,8671.484157865434,47,435,0.10804597701149425,160298.03049530386,3410.5963935171035,32.05960609906077,0.07370024390588684,100,75,0.75,1760.6618309761618,inf,0.5140992746464244,1.0,0.7570496373232122,0.15832530329133737,0.37539581325822835,0.39085333768636066
781,8682.601445247314,47,435,0.10804597701149425,159987.80435453783,3403.995837330592,31.99756087090757,0.07355761119748867,100,77,0.77,1790.1113972536832,inf,0.5056771551770672,1.0,0.7528385775885336,0.16035951680447758,0.3854008987920112,0.390846365258107
782,8693.718732629193,47,435,0.10804597701149425,159721.1706857219,3398.3227805472748,31.944234137144377,0.0734350210049296,100,77,0.77,1788.7392225379356,inf,0.5054658402708421,1.0,0.752732920135421,0.16035105043475434,0.3854008776260869,0.3908394106123445
783,8704.836020011073,47,435,0.10804597701149425,159417.9605903085,3391.8715019214574,31.883592118061696,0.07329561406450964,100,79,0.79,1813.1490539060417,inf,0.4964775505171546,1.0,0.7482387752585773,0.16252841940296614,0.3954063210485074,0.39084523575320695
784,8715.953307392952,48,435,0.1103448275862069,163947.89819371718,3415.581212369108,32.78957963874343,0.07537834399711134,100,80,0.8,1823.0161566138195,inf,0.49168258505821116,1.0,0.7458412925291056,0.1647685257340029,0.400411921314335,0.39085742261379436
785,8727.070594774832,47,435,0.10804597701149425,158426.09547376045,3370.7679888034136,31.685219094752096,0.07283958412586689,100,80,0.8,1820.5687542883818,inf,0.4912910006861411,1.0,0.7456455003430705,0.16359704189139818,0.4004089926047285,0.3908695747384648
786,8738.187882156712,46,435,0.10574712643678161,152901.7225036389,3323.9504892095415,30.580344500727787,0.0702996425304087,100,80,0.8,1819.0132843464191,inf,0.49104212549542703,1.0,0.7455210627477136,0.1623892898913476,0.4004059732247284,0.3908816921444194
787,8749.305169538591,46,435,0.10574712643678161,152417.38606896572,3313.4214362818634,30.483477213793154,0.07007695911216817,100,77,0.77,1783.5409611262469,inf,0.504665308013442,1.0,0.752332654006721,0.15887215255272358,0.3853971803813818,0.390874732104111
788,8760.42245692047,47,435,0.10804597701149425,156973.14267515138,3339.8540994713057,31.394628535030286,0.07217155985064433,100,78,0.78,1798.745639905809,inf,0.5006043198253061,1.0,0.750302159912653,0.16093469996899562,0.39040233674992253,0.3908741333774263
789,8771.53974430235,47,435,0.10804597701149425,156567.10877481007,3331.215080315108,31.313421754962015,0.07198487759761382,100,76,0.76,1771.2096482134343,inf,0.5092238665284421,1.0,0.754611933264221,0.15868647216669635,0.38039671618041676,0.3908608708240124
790,8782.65703168423,47,435,0.10804597701149425,156206.2730132071,3323.5377236852573,31.241254602641423,0.07181897609802626,100,77,0.77,1787.9412440949297,inf,0.5053429515906191,1.0,0.7526714757953096,0.15957375015135838,0.3853989343753784,0.3908539657210432
791,8793.77431906611,47,435,0.10804597701149425,155890.55493321366,3316.82031772795,31.178110986642725,0.07167381836009822,100,75,0.75,1755.5168176162506,inf,0.5133275226424376,1.0,0.7566637613212188,0.1575050285194397,0.3753937625712986,0.3908344452625208
792,8804.891606447989,46,435,0.10574712643678161,150540.60389775902,3272.6218238643264,30.108120779551808,0.06921407075759037,100,76,0.76,1771.2846305904961,inf,0.5092352638497553,1.0,0.7546176319248776,0.15729821941635636,0.38039324554854087,0.39082127855418036
793,8816.008893829869,46,435,0.10574712643678161,150172.480719367,3264.619146073196,30.034496143873408,0.06904481872154807,100,77,0.77,1785.3826986346257,inf,0.5049489355897324,1.0,0.7524744677948663,0.15828517546334087,0.3853957129386584,0.39081444534811544
794,8827.126181211748,47,435,0.10804597701149425,154764.81576771036,3292.868420589582,30.952963153542076,0.07115623713457948,100,77,0.77,1782.4350738464495,inf,0.5044950013723531,1.0,0.7522475006861766,0.15945436822420145,0.3853986359205605,0.3908076330092129
795,8838.243468593628,46,435,0.10574712643678161,149366.36733346208,3247.0949420317843,29.873273466692407,0.06867419187745381,100,76,0.76,1768.9593436209052,inf,0.5088818202303776,1.0,0.7544409101151888,0.15711664088113253,0.38039279160220285,0.39079454903759603
796,8849.360755975507,46,435,0.10574712643678161,148996.3363629937,3239.050790499863,29.79926727259874,0.0685040626956293,100,77,0.77,1778.6402194736395,inf,0.5039105937989405,1.0,0.7519552968994703,0.1582743828980795,0.3853956859572452,0.3907877750563158
797,8860.478043357387,46,435,0.10574712643678161,148679.61655608975,3232.165577306299,29.735923311217945,0.06835844439360447,100,76,0.76,1761.9406965592548,inf,0.5078149858770067,1.0,0.7539074929385033,0.15722547572755058,0.38039306368931886,0.3907747491022218
798,8871.595330739267,46,435,0.10574712643678161,148419.05520367905,3226.5012000799793,29.683811040735815,0.06823864607065705,100,77,0.77,1775.4369184606555,inf,0.503417285442941,1.0,0.7517086427214705,0.15826500167459323,0.3853956625041865,0.3907680168286323
799,8882.712618121146,45,435,0.10344827586206896,143206.62542016272,3182.3694537813935,28.641325084032538,0.06584212662995986,100,77,0.77,1775.065983088864,inf,0.5033601613956852,1.0,0.7516800806978425,0.15708102296605864,0.38539270255741515,0.39076129768579326
800,8893.829905503026,45,435,0.10344827586206896,143038.61327271227,3178.6358505047174,28.607722654542453,0.06576487966561484,100,77,0.77,1776.9692891940285,inf,0.5036532705358804,1.0,0.7518266352679401,0.1569691221988373,0.3853924228054971,0.39075459497058695
801,8904.947192884905,46,435,0.10574712643678161,147865.49167137907,3214.467210247371,29.573098334275816,0.06798413410178349,100,76,0.76,1761.7858519742495,inf,0.5077914495000859,1.0,0.753895724750043,0.15704420467587027,0.38039261051168965,0.3907416747904637
802,8916.064480266785,46,435,0.10574712643678161,147747.64319640465,3211.905286878362,29.549528639280915,0.06792995089489866,100,76,0.76,1765.0271152676792,inf,0.5082841215206871,1.0,0.7541420607603435,0.1568939450672776,0.3803922348626682,0.39072878632230945
803,8927.181767648664,49,435,0.11264367816091954,162628.97746206538,3318.9587237156197,32.525795492413074,0.07477194366071971,100,78,0.78,1787.283770732846,inf,0.498816268234324,1.0,0.749408134117162,0.16268190477177885,0.39040670476192946,0.3907283857233538
804,8938.299055030544,49,435,0.11264367816091954,162439.56652175015,3315.093194321432,32.48791330435003,0.0746848581709196,100,78,0.78,1786.5175262729347,inf,0.4986967340985779,1.0,0.749348367049289,0.16266824556081533,0.39040667061390205,0.39072798607725506
805,8949.416342412424,50,435,0.11494252873563218,167254.96080690995,3345.099216138199,33.450992161382,0.07689883255490114,100,77,0.77,1773.3472236316052,inf,0.5030954724392672,1.0,0.7515477362196337,0.16267554816763374,0.38540668887041907,0.39072138397153944
806,8960.533629794303,51,435,0.11724137931034483,172116.7672348188,3374.8385732317415,34.42335344696375,0.07913414585508909,100,77,0.77,1771.5394745873477,inf,0.5028170790864516,1.0,0.7514085395432257,0.1638628031559317,0.3854096570078898,0.39071480190590907
807,8971.650917176183,50,435,0.11494252873563218,166978.37424713562,3339.5674849427123,33.395674849427124,0.07677166632052213,100,75,0.75,1740.2656341758086,inf,0.5110398451263714,1.0,0.7555199225631857,0.16062587187866828,0.37540156467969665,0.390695849879639
808,8982.768204558062,49,435,0.11264367816091954,161836.75895897712,3302.7909991627985,32.36735179179542,0.07440770526849522,100,76,0.76,1750.9460936836665,inf,0.5061438062399172,1.0,0.7530719031199586,0.16066790107426832,0.3804016697526857,0.3906831253059345
809,8993.885491939942,49,435,0.11264367816091954,161756.50696522283,3301.1532033718945,32.351301393044565,0.07437080780010245,100,76,0.76,1749.7395080066199,inf,0.5059604052170064,1.0,0.7529802026085032,0.16069530259579962,0.3804017382564895,0.3906704322355031
810,9005.002779321821,50,435,0.11494252873563218,166659.82306736053,3333.1964613472105,33.33196461347212,0.07662520600798188,100,77,0.77,1761.8907788173333,inf,0.5013311799378692,1.0,0.7506655899689346,0.16297980801952366,0.3854074495200488,0.39066394273770355
811,9016.120066703701,50,435,0.11494252873563218,166609.26624095632,3332.1853248191264,33.32185324819127,0.07660196149009486,100,76,0.76,1746.859435694587,inf,0.5055226342255772,1.0,0.7527613171127886,0.1619203221886531,0.3804048008054716,0.39065130832645695
812,9027.23735408558,50,435,0.11494252873563218,166622.19712060422,3332.4439424120847,33.32443942412084,0.07660790672211687,100,75,0.75,1732.0215711233482,inf,0.5098032356685023,1.0,0.7549016178342511,0.16085314444393284,0.37540213286110985,0.3906325516530678
813,9038.35464146746,50,435,0.11494252873563218,166698.32656409714,3333.966531281943,33.33966531281942,0.07664290876510212,100,76,0.76,1748.5977345829156,inf,0.5057868556566032,1.0,0.7528934278283016,0.16187474046840028,0.380404686851171,0.39061998670859377
814,9049.47192884934,50,435,0.11494252873563218,166837.9484359361,3336.758968718722,33.36758968718723,0.07670710272916603,100,75,0.75,1733.4368097807308,inf,0.5100155214671096,1.0,0.7550077607335548,0.16084967099780556,0.3754021241774945,0.3906013144846292
815,9060.58921623122,51,435,0.11724137931034483,171983.6750172314,3372.2289219064983,34.39673500344629,0.07907295403091101,100,75,0.75,1734.5291794028867,inf,0.510179376910433,1.0,0.7550896884552165,0.16199163278784723,0.3754049790819696,0.3905826915245769
816,9071.706503613099,53,435,0.12183908045977011,182128.8642442812,3436.3936649864377,36.425772848856255,0.08373740884794541,100,74,0.74,1717.9737139642943,inf,0.5142601096667155,1.0,0.7571300548333577,0.16330367700729387,0.37040825919251824,0.3905579982169489
817,9082.823790994978,55,435,0.12643678160919541,192162.42629878724,3493.862296341586,38.432485259757456,0.08835054082702863,100,73,0.73,1701.0587062791772,inf,0.51835457111676,1.0,0.75917728555838,0.1645866276343243,0.3654114665690858,0.3905272567357168
818,9093.941078376858,56,435,0.12873563218390804,197050.3413567691,3518.756095656591,39.410068271353815,0.09059785809506624,100,73,0.73,1698.056755756663,inf,0.5179162863404729,1.0,0.7589581431702365,0.16581985746241484,0.36541454964365605,0.3904965940896948
819,9105.058365758738,56,435,0.12873563218390804,197033.10591688042,3518.4483199442934,39.40662118337609,0.09058993375488757,100,73,0.73,1691.5481834610437,inf,0.5169660347853123,1.0,0.7584830173926562,0.16605345818111572,0.3654151336454528,0.3904660069428116
820,9116.175653140617,57,435,0.1310344827586207,202108.14627209125,3545.756952141952,40.42162925441825,0.0929232856423408,100,73,0.73,1688.576295729384,inf,0.5165321391764901,1.0,0.758266069588245,0.16732860802704785,0.3654183215200676,0.3904354981907741
821,9127.292940522497,58,435,0.13333333333333333,207159.1339581833,3571.709206175574,41.43182679163665,0.09524557883134863,100,72,0.72,1671.283349454162,inf,0.5206648023213994,1.0,0.7603324011606998,0.16745658883532444,0.3604186414720883,0.39039898133345213
822,9138.410227904376,58,435,0.13333333333333333,207302.8522057913,3574.187106996402,41.46057044115826,0.09531165618657071,100,72,0.72,1668.3406151586526,inf,0.5202410485828459,1.0,0.760120524291423,0.1675955659475739,0.3604189889148689,0.3903625536391404
823,9149.527515286256,59,435,0.135632183908046,212512.8398828404,3601.9125403871253,42.50256797656807,0.09770705281969672,100,72,0.72,1664.6061242680755,inf,0.5197032818946028,1.0,0.7598516409473014,0.16892770593619771,0.3604223192648405,0.39032621840324927
824,9160.644802668136,60,435,0.13793103448275862,217698.45242170882,3628.3075403618136,43.53969048434177,0.1000912424927397,100,71,0.71,1646.170354838398,inf,0.5237561903870526,1.0,0.7618780951935262,0.16910657364960668,0.355422766434124,0.39028391118874123
825,9171.762090050015,60,435,0.13793103448275862,217861.31490674315,3631.021915112386,43.57226298134862,0.10016612179620372,100,73,0.73,1677.866841125692,inf,0.514968558804351,1.0,0.7574842794021754,0.17134092119701416,0.36542835230299253,0.39025381971309264
826,9182.879377431895,61,435,0.14022988505747128,223075.26562480614,3656.971567619773,44.61505312496124,0.10256334051715228,100,73,0.73,1670.833669908963,inf,0.5139417158067087,1.0,0.7569708579033543,0.17279624130689897,0.36543199060326725,0.3902238054094532
827,9193.996664813774,61,435,0.14022988505747128,223290.1135241256,3660.493664329928,44.65802270482512,0.10266212116051752,100,73,0.73,1668.0749112335805,inf,0.5135389370401028,1.0,0.7567694685200514,0.172946326320233,0.3654323658158006,0.39019386405728695
828,9205.113952195654,60,435,0.13793103448275862,218526.39604952428,3642.1066008254047,43.70527920990485,0.10047190622966633,100,74,0.74,1679.5048538407943,inf,0.5085667183684375,1.0,0.7542833591842187,0.17309427352272383,0.3704327356838068,0.39017002674923695
829,9216.231239577533,59,435,0.135632183908046,213749.17808878198,3622.8674252335927,42.749835617756396,0.09827548417875033,100,74,0.74,1678.77132915631,inf,0.5084581567151338,1.0,0.7542290783575669,0.1720232029105917,0.37043005800727646,0.3901462436543671
830,9227.348526959413,60,435,0.13793103448275862,218909.86605352064,3648.4977675586774,43.78197321070412,0.10064821427748075,100,75,0.75,1695.4817699051669,inf,0.5043222654857751,1.0,0.7521611327428875,0.1742435407672966,0.37543560885191823,0.39012854132608504
831,9238.465814341293,60,435,0.13793103448275862,219044.51100486875,3650.741850081146,43.80890220097375,0.1007101200022385,100,76,0.76,1712.4788355093278,inf,0.5002967829974179,1.0,0.7501483914987089,0.17528086425176476,0.3804382021606294,0.39011689428381885
832,9249.583101723172,60,435,0.13793103448275862,219219.90343458988,3653.665057243165,43.84398068691798,0.10079076019981145,100,76,0.76,1714.0024798179759,inf,0.5005283769323325,1.0,0.7502641884661663,0.1752632858668226,0.3804381582146671,0.3901052751528835
833,9260.700389105052,61,435,0.14022988505747128,224422.2034031622,3679.0525148059373,44.88444068063244,0.10318262225432744,100,77,0.77,1729.8663501698704,inf,0.49639941792616,1.0,0.74819970896308,0.17749145664562377,0.3854437286416141,0.39009968576857745
834,9271.817676486931,61,435,0.14022988505747128,224543.37601595663,3681.038951081256,44.90867520319133,0.10323833380043984,100,74,0.74,1679.4879990842674,inf,0.5085642238644716,1.0,0.7542821119322358,0.17447811093410204,0.37043619527733523,0.3900761366781687
835,9282.93496386881,60,435,0.13793103448275862,219658.57581346514,3660.976263557752,43.93171516269303,0.10099244864986903,100,74,0.74,1680.9374196081621,inf,0.5087787381020081,1.0,0.7543893690510041,0.17330153979943247,0.3704332538494986,0.39005264040684257
836,9294.05225125069,60,435,0.13793103448275862,219801.1527988067,3663.352546646778,43.96023055976135,0.1010580012868077,100,78,0.78,1739.5431276750653,inf,0.49136872791731007,1.0,0.745684363958655,0.17768681866407632,0.3904442170466602,0.39005310824034295
837,9305.16953863257,59,435,0.135632183908046,214890.1047091995,3642.2051645627034,42.978020941839894,0.09880004814216067,100,78,0.78,1742.1027184592654,inf,0.49176802407964537,1.0,0.7458840120398227,0.176458018051169,0.39044114504512795,0.39005357129142265
838,9316.28682601445,59,435,0.135632183908046,214984.60478769077,3643.806860808318,42.99692095753816,0.09884349645411071,100,77,0.77,1731.5164140215686,inf,0.4966535277593216,1.0,0.7483267638796608,0.17525836628722496,0.38543814591571807,0.3900480701884719
839,9327.40411339633,59,435,0.135632183908046,215061.0965592387,3645.1033315125205,43.01221931184773,0.09887866508470743,100,77,0.77,1732.6266021966378,inf,0.49682449673828216,1.0,0.7484122483691411,0.1752332083577831,0.38543808302089444,0.3900425821085105
840,9338.521400778209,60,435,0.13793103448275862,220106.9087966535,3668.448479944225,44.02138175933069,0.10119857875708203,100,76,0.76,1716.4721037728764,inf,0.5009037597734772,1.0,0.7504518798867386,0.1753733494351717,0.38043843337358796,0.39003116219324896
841,9349.638688160088,59,435,0.135632183908046,215094.943957564,3645.6770162298985,43.018988791512804,0.09889422710692598,100,76,0.76,1718.13975114677,inf,0.5011572421743091,1.0,0.7505786210871546,0.1741578030098857,0.3804353945075247,0.3900197657945723
842,9360.755975541968,59,435,0.135632183908046,215114.91979383433,3646.0155897260056,43.022983958766865,0.09890341139946406,100,76,0.76,1720.409858974337,inf,0.5015022985640992,1.0,0.7507511492820496,0.17407613105870723,0.3804351903276468,0.39000839619140876
843,9371.873262923848,58,435,0.13333333333333333,210094.06034903828,3622.311385328246,42.01881206980765,0.09659497027541988,100,76,0.76,1723.902789295617,inf,0.5020332239729338,1.0,0.751016611986467,0.17278917914447645,0.3804319729478612,0.38999704971837135
844,9382.990550305727,56,435,0.12873563218390804,200018.83788327224,3571.76496220129,40.00376757665445,0.0919626840842631,100,77,0.77,1742.861424625357,inf,0.49840065939230493,1.0,0.7492003296961525,0.17138117719405532,0.38542845294298517,0.38999164309496853
845,9394.107837687607,56,435,0.12873563218390804,199895.44860754244,3569.5615822775435,39.979089721508494,0.09190595338277814,100,75,0.75,1716.6567791095883,inf,0.5074985168664383,1.0,0.7537492584332192,0.1690783474747795,0.37542269586868693,0.38997442211715966
846,9405.225125069486,55,435,0.12643678160919541,194804.92185434702,3541.9076700790365,38.96098437086941,0.08956548131234347,100,75,0.75,1717.945696228726,inf,0.507691854434309,1.0,0.7538459272171545,0.16785977704759447,0.37541964944261896,0.38995723820609174
847,9416.342412451366,54,435,0.12413793103448276,189652.94035250542,3512.0914880093596,37.93058807050108,0.08719675418505995,100,76,0.76,1733.6116530065315,inf,0.5035089712569928,1.0,0.7517544856284963,0.16772113427828184,0.3804193028356957,0.3899459906407965
848,9427.459699833245,54,435,0.12413793103448276,189506.3126116087,3509.3761594742355,37.901262522321744,0.08712933913177412,100,75,0.75,1721.1599433918532,inf,0.508173991508778,1.0,0.754086995754389,0.16652117168869263,0.37541630292922173,0.3899288767565661
849,9438.576987215125,55,435,0.12643678160919541,194366.39082978503,3533.9343787233643,38.87327816595702,0.08936385785277476,100,74,0.74,1710.0943062073213,inf,0.5130939573186836,1.0,0.7565469786593417,0.16640843959671647,0.3704160210989918,0.38990592045579253
850,9449.694274597005,55,435,0.12643678160919541,194194.75570150063,3530.813740027284,38.838951140300125,0.08928494515011523,100,75,0.75,1725.4988238106982,inf,0.5088248235716047,1.0,0.7544124117858024,0.1674362666821564,0.3754185906667054,0.38988889656649867
851,9460.811561978884,55,435,0.12643678160919541,194050.66128145016,3528.193841480912,38.81013225629003,0.08921869484204605,100,76,0.76,1741.3700384831666,inf,0.5046882458494413,1.0,0.7523441229247206,0.16843728595866275,0.38042109321489664,0.3898777841212503
852,9471.928849360764,55,435,0.12643678160919541,193945.91203414137,3526.289309711661,38.789182406828274,0.08917053426857074,100,76,0.76,1744.1905642419408,inf,0.5051169657647749,1.0,0.7525584828823875,0.1683060256930916,0.3804207650642327,0.3898666973462714
853,9483.046136742643,55,435,0.12643678160919541,193882.59701022238,3525.1381274585888,38.776519402044485,0.08914142391274595,100,76,0.76,1748.2837348927906,inf,0.5057391277037042,1.0,0.7528695638518521,0.1681359300304469,0.3804203398250761,0.38985563603769857
854,9494.163424124523,55,435,0.12643678160919541,193864.07672530154,3524.8013950054824,38.77281534506031,0.0891329088392191,100,74,0.74,1723.6368279346125,inf,0.5150982505343227,1.0,0.7575491252671613,0.16579189178602893,0.37041447972946506,0.38983289784318603
855,9505.280711506402,53,435,0.12183908045977011,183765.2624176987,3467.26910222073,36.75305248353975,0.0844897758242293,100,73,0.73,1714.4507181898452,inf,0.5203098048557174,1.0,0.7601549024278587,0.16216743669818534,0.36540541859174547,0.3898043610683596
856,9516.397998888282,54,435,0.12413793103448276,188648.81968608897,3493.4966608534996,37.7297639372178,0.0867350895108455,100,73,0.73,1717.727380651305,inf,0.5207881975750905,1.0,0.7603940987875453,0.16317049536165007,0.3654079262384041,0.38977589381651595
857,9527.515286270162,52,435,0.11954022988505747,178395.1999872202,3430.6769228311578,35.67903999744404,0.08202078160331965,100,73,0.73,1721.930258932658,inf,0.521401817804168,1.0,0.760700908902084,0.16065993635061782,0.36540164984087653,0.38974748560675415
858,9538.632573652041,53,435,0.12183908045977011,183192.9086020957,3456.4699736244474,36.63858172041914,0.0842266246446417,100,75,0.75,1752.1745614501501,inf,0.5128261842175225,1.0,0.7564130921087613,0.1639067662679402,0.37540976691566985,0.3897307944324921
859,9549.74986103392,53,435,0.12183908045977011,183017.33362760855,3453.157238256765,36.60346672552169,0.08414590051844067,100,74,0.74,1739.701916965154,inf,0.5174758837108427,1.0,0.7587379418554214,0.1627039793315096,0.3704067599483288,0.38970832462495236
860,9560.8671484158,53,435,0.12183908045977011,182814.75249578702,3449.3349527506984,36.562950499157395,0.08405275976817791,100,76,0.76,1767.7926120107502,inf,0.508704477025634,1.0,0.754352238512817,0.1648502606276805,0.38041212565156923,0.38969752764588916
861,9571.98443579768,54,435,0.12413793103448276,187651.94927413954,3475.0360976692505,37.530389854827895,0.08627675828696067,100,77,0.77,1785.4485468428752,inf,0.5049590762138029,1.0,0.7524795381069014,0.1668986100900296,0.3854172465252251,0.3896925621225473
862,9583.10172317956,55,435,0.12643678160919541,192498.72801160646,3499.9768729382995,38.49974560232129,0.08850516230418687,100,78,0.78,1803.1661188685405,inf,0.5012939145434924,1.0,0.7506469572717462,0.1689291025162203,0.3904223227562906,0.38969340773162464
863,9594.219010561439,55,435,0.12643678160919541,192372.68734102073,3497.685224382195,38.47453746820415,0.08844721257058424,100,78,0.78,1803.282432849115,inf,0.5013120595244619,1.0,0.7506560297622309,0.16889559140417665,0.39042223897851047,0.3896942512863085
864,9605.336297943319,55,435,0.12643678160919541,192316.72984745505,3496.667815408274,38.46334596949101,0.08842148498733565,100,80,0.8,1833.748157308186,inf,0.49339970516930975,1.0,0.7466998525846549,0.17086081620134042,0.4004271520405034,0.38970665926405906
865,9616.453585325198,54,435,0.12413793103448276,187279.10421043745,3468.1315594525454,37.45582084208748,0.08610533526916662,100,79,0.79,1821.1428423198297,inf,0.497740569086533,1.0,0.7488702845432665,0.16861752536295,0.3954215438134074,0.38971325843790355
866,9627.570872707078,55,435,0.12643678160919541,192180.8478687191,3494.1972339767112,38.43616957374381,0.08835901051435359,100,79,0.79,1821.8011761628632,inf,0.4978445858337323,1.0,0.7489222929168662,0.16971835879874375,0.3954242958969969,0.38971984556300054
867,9638.688160088957,56,435,0.12873563218390804,196961.69362836215,3517.173100506467,39.39233872567243,0.0905571005187872,100,79,0.79,1821.5911155025412,inf,0.4978113962494015,1.0,0.7489056981247008,0.17082570119704327,0.3954270642529926,0.3897264206997402
868,9649.805447470837,55,435,0.12643678160919541,191726.18383004863,3485.9306150917932,38.34523676600972,0.08814996957703383,100,79,0.79,1822.6403965382053,inf,0.4979771826530364,1.0,0.7489885913265182,0.1695806891252578,0.39542395172281314,0.38973297712209126
869,9660.922734852717,55,435,0.12643678160919541,191474.60102477725,3481.3563822686774,38.29492020495544,0.08803429932173663,100,81,0.81,1846.7701058457124,inf,0.48917675714700537,1.0,0.7445883785735027,0.171722960374117,0.4054293074009353,0.3897510188810325
870,9672.040022234596,56,435,0.12873563218390804,196166.43021817523,3502.9719681817005,39.23328604363504,0.09019146216927595,100,82,0.82,1856.5732517124402,inf,0.4844780132808401,1.0,0.7422390066404201,0.1739762277644279,0.41043494056941104,0.3897747662078848
871,9683.157309616476,56,435,0.12873563218390804,195879.35647007136,3497.8456512512744,39.17587129401427,0.09005947423911327,100,82,0.82,1854.4551315977633,inf,0.4841306415820333,1.0,0.7420653207910166,0.1739970767240483,0.4104349926918101,0.3897984591281645
872,9694.274596998355,55,435,0.12643678160919541,190640.12656674033,3466.1841193952787,38.128025313348076,0.08765063290424845,100,82,0.82,1851.5627638103297,inf,0.48365629326489407,1.0,0.741828146632447,0.17291124313590067,0.4104322781078397,0.38982209465964185
873,9705.391884380235,55,435,0.12643678160919541,190422.96675249754,3462.235759136319,38.08459335049952,0.08755078931149314,100,82,0.82,1845.4441786238185,inf,0.4826528452943063,1.0,0.7413264226471532,0.17311218333216993,0.4104327804583304,0.38984567668000647
874,9716.509171762114,56,435,0.12873563218390804,195213.03679382763,3485.947085604065,39.04260735876552,0.0897531203649782,100,80,0.8,1813.0353405856324,inf,0.49008565449370123,1.0,0.7450428272468506,0.1723551465590638,0.4004308878663977,0.3898577740642195
875,9727.626459143994,56,435,0.12873563218390804,195046.9489513327,3482.9812312737986,39.00938979026654,0.08967675813854377,100,80,0.8,1804.9822214882429,inf,0.4887971554381189,1.0,0.7443985777190595,0.17263909020974216,0.4004315977255244,0.3898698446391753
876,9738.743746525874,56,435,0.12873563218390804,194923.24669931698,3480.7722624878033,38.984649339863395,0.08961988353991585,100,80,0.8,1796.4207247232916,inf,0.4874273159557268,1.0,0.7437136579778634,0.1729531127810262,0.4004323827819526,0.3898818885823256
877,9749.861033907753,57,435,0.1310344827586207,199816.79558923325,3505.5578173549693,39.96335911784665,0.09186979107550954,100,80,0.8,1789.7192029351877,inf,0.48635507246963017,1.0,0.7431775362348151,0.17434612742034722,0.4004358653185509,0.3898939090569682
878,9760.978321289633,57,435,0.1310344827586207,199722.12465125285,3503.89692370619,39.94442493025058,0.09182626420747259,100,80,0.8,1783.134925898666,inf,0.4853015881437866,1.0,0.7426507940718933,0.17458773506778963,0.4004364693376695,0.38990590286843657
879,9772.095608671512,58,435,0.13333333333333333,204611.78604359526,3527.789414544746,40.922357208719056,0.0940743843878599,100,80,0.8,1778.0116247034143,inf,0.4844818599525464,1.0,0.7422409299762732,0.17591672720579338,0.4004397918180145,0.3899178731967884
880,9783.212896053392,57,435,0.1310344827586207,199528.97266061394,3500.5082922914726,39.90579453212279,0.09173745869453515,100,80,0.8,1773.5391334364376,inf,0.4837662613498301,1.0,0.7418831306749151,0.17492716400981007,0.40043731791002457,0.3899298135426604
881,9794.330183435271,56,435,0.12873563218390804,194456.96747074736,3472.445847691917,38.891393494149476,0.08940550228540109,100,80,0.8,1769.7426412313355,inf,0.4831588225970137,1.0,0.7415794112985068,0.1739130454934471,0.40043478261373366,0.38994172393843257
882,9805.447470817151,56,435,0.12873563218390804,194420.1508603604,3471.788408220721,38.88403017207208,0.08938857510821167,100,79,0.79,1752.5319447540742,inf,0.4869000472711436,1.0,0.7434500236355718,0.17296927573631998,0.3954324231893408,0.3899479421708798
883,9816.56475819903,55,435,0.12643678160919541,189368.46053948408,3443.0629188997104,37.873692107896815,0.08706595886872831,100,79,0.79,1752.3868889019595,inf,0.48687712844650965,1.0,0.7434385642232548,0.17181369732273677,0.39542953424330685,0.3899541430668893
884,9827.68204558091,54,435,0.12413793103448276,184340.66959070222,3413.7161035315225,36.86813391814045,0.0847543308462999,100,80,0.8,1767.6467183178327,inf,0.4828234749308533,1.0,0.7414117374654267,0.17167129669043663,0.40042917824172614,0.38996597926482696
885,9838.79933296279,54,435,0.12413793103448276,184274.81645406142,3412.4966010011376,36.85496329081229,0.08472405354209722,100,79,0.79,1759.3840468467347,inf,0.4879826794017841,1.0,0.743991339700892,0.1703663569206026,0.3954259158923015,0.3899721417215171
886,9849.91662034467,55,435,0.12643678160919541,189207.8764083205,3440.1432074240092,37.841575281664106,0.0869921270842853,100,79,0.79,1759.6536398478013,inf,0.48802527509595267,1.0,0.7440126375479763,0.17148974476815448,0.3954287243619204,0.3899782934494094
887,9861.033907726549,55,435,0.12643678160919541,189048.7065151791,3437.249209366893,37.80974130303582,0.08691894552422028,100,79,0.79,1759.3807464298538,inf,0.4879821579359168,1.0,0.7439910789679585,0.17146393327813092,0.39542865983319536,0.38998443124939114
888,9872.151195108429,56,435,0.12873563218390804,193868.41231593466,3461.935934213119,38.77368246318693,0.08913490221422282,100,78,0.78,1742.5125287767542,inf,0.49183195448917366,1.0,0.7459159772445868,0.17160946248481806,0.39042902365621207,0.38998493135333584
889,9883.268482490308,56,435,0.12873563218390804,193555.9594407871,3456.356418585484,38.71119188815742,0.08899124571990212,100,76,0.76,1715.6160013590404,inf,0.5007736322065741,1.0,0.7503868161032871,0.16930221480830748,0.3804232555370208,0.38997418789736243
890,9894.385769872188,57,435,0.1310344827586207,198109.4316126834,3475.6040633804105,39.62188632253669,0.0910847961437625,100,76,0.76,1711.973657082842,inf,0.5002199958765918,1.0,0.7501099979382959,0.17048739910273325,0.3804262184977568,0.3899634718823236
891,9905.503057254067,57,435,0.1310344827586207,197700.84501525285,3468.435877460576,39.54016900305057,0.09089694023689787,100,76,0.76,1712.7971804262365,inf,0.5003451714247878,1.0,0.750172585712394,0.170362177262252,0.38042590544315563,0.38995277954326624
892,9916.620344635947,56,435,0.12873563218390804,192282.52205294685,3433.6164652311936,38.45650441058937,0.08840575726572268,100,76,0.76,1717.0342036987142,inf,0.5009891989622046,1.0,0.7504945994811023,0.16895557889231017,0.3804223889472308,0.38994210721337147
893,9927.737632017826,57,435,0.1310344827586207,196749.35696547237,3451.74310465741,39.34987139309446,0.09045947446688382,100,76,0.76,1718.9987299416994,inf,0.5012878069511383,1.0,0.7506439034755692,0.16990778549565733,0.38042476946373915,0.3899314614217052
894,9938.854919399706,57,435,0.1310344827586207,196090.96044328425,3440.192288478671,39.21819208865685,0.09015676342219965,100,76,0.76,1721.827292363855,inf,0.5017177484393059,1.0,0.7508588742196529,0.16964894460127333,0.3804241223615032,0.38992083869649824
895,9949.972206781586,59,435,0.135632183908046,205372.50429473838,3480.8899033006505,41.07450085894768,0.09442413990562686,100,75,0.75,1712.3200780712932,inf,0.506848011710694,1.0,0.753424005855347,0.17050006702513998,0.37542625016756287,0.3899046617003722
896,9961.089494163465,59,435,0.135632183908046,204664.6697140196,3468.8927070172813,40.93293394280393,0.09409869871908949,100,75,0.75,1718.544180776734,inf,0.5077816271165101,1.0,0.753890813558255,0.17010394258041722,0.37542525985645103,0.389888519669331
897,9972.206781545345,57,435,0.1310344827586207,193941.41688923095,3402.4809980566833,38.78828337784619,0.0891684675352786,100,78,0.78,1770.8847489319317,inf,0.4962580208333814,1.0,0.7481290104166907,0.17051972855929398,0.3904262993213983,0.3898891185330861
898,9983.324068927224,58,435,0.13333333333333333,198130.1852964537,3416.037677525064,39.62603705929073,0.09109433806733501,100,78,0.78,1776.6097705139098,inf,0.49715112420017,1.0,0.748575562100085,0.171259387983625,0.3904281484699591,0.38988971812144746
899,9994.441356309104,59,435,0.135632183908046,202176.0427757925,3426.7125894202118,40.43520855515851,0.09295450242565174,100,78,0.78,1781.8655294764083,inf,0.4979710225983197,1.0,0.7489855112991599,0.1719844955632459,0.3904299612389081,0.38989031839157795
900,10005.558643690983,57,435,0.1310344827586207,191234.96736478043,3354.9994274522883,38.246993472956085,0.08792412292633582,100,78,0.78,1787.9139934330963,inf,0.4989145829755631,1.0,0.7494572914877815,0.1692334157192772,0.3904230835392982,0.3898909096958485
901,10016.675931072863,57,435,0.1310344827586207,190328.56615581698,3339.0976518564385,38.0657132311634,0.08750738673830667,100,76,0.76,1766.2720010561343,inf,0.5084733441605324,1.0,0.7542366720802662,0.16663535732902024,0.38041658839332254,0.3898804060136949
902,10027.793218454743,57,435,0.1310344827586207,189476.20295268492,3324.1439114506124,37.895240590536986,0.08711549561042985,100,76,0.76,1770.6897709994366,inf,0.5091448451919143,1.0,0.7545724225959571,0.16627153650723636,0.3804156788412681,0.38986992458825476
903,10038.910505836622,58,435,0.13333333333333333,193673.81843180628,3339.2037660656256,38.73476368636126,0.08904543376175003,100,77,0.77,1785.5732651613446,inf,0.504978282834847,1.0,0.7524891414174235,0.1682781461721633,0.38542069536543044,0.3898650028745127
904,10050.027793218502,58,435,0.13333333333333333,192890.09812202945,3325.6913469315423,38.57801962440589,0.08868510258484112,100,77,0.77,1787.1662496733336,inf,0.5052236024496933,1.0,0.7526118012248466,0.1680366506799973,0.3854200916267,0.3898600913703715
905,10061.145080600381,59,435,0.135632183908046,197048.69547282252,3339.8083978444497,39.4097390945645,0.09059710136681494,100,75,0.75,1763.5486951919122,inf,0.5145323042787868,1.0,0.7572661521393934,0.16666547461371078,0.37541666368653426,0.38984414939721046
906,10072.262367982261,59,435,0.135632183908046,196256.86730690533,3326.3875814729718,39.25137346138107,0.09023304243995649,100,76,0.76,1778.2785039676085,inf,0.5102983326030764,1.0,0.7551491663015382,0.16754193806920914,0.380418854845173,0.38983375767223577
907,10083.37965536414,60,435,0.13793103448275862,200513.0431154424,3341.88405192404,40.10260862308847,0.09218990488066316,100,75,0.75,1767.4113719386153,inf,0.5151117057907922,1.0,0.7575558528953961,0.16731702599263354,0.3754182925649816,0.38981788160934233
908,10094.49694274602,58,435,0.13333333333333333,189724.9741902576,3271.120244659614,37.94499483805152,0.08722987319092304,100,75,0.75,1768.67622294088,inf,0.515301433441132,1.0,0.7576507167205659,0.1647895782351786,0.37541197394558795,0.3898020335261039
909,10105.6142301279,60,435,0.13793103448275862,198954.13589006814,3315.902264834469,39.790827178013636,0.09147316592646813,100,75,0.75,1769.2507738297436,inf,0.5153876160744615,1.0,0.7576938080372307,0.16688967894461865,0.37541722419736157,0.389786226043325
910,10116.73151750978,61,435,0.14022988505747128,203226.09800572923,3331.5753771431023,40.64521960114583,0.0934372864394157,100,75,0.75,1769.678224712114,inf,0.5154517337068172,1.0,0.7577258668534086,0.16785570979300357,0.3754196392744825,0.3897704559151484
911,10127.848804891659,62,435,0.1425287356321839,207435.84522527514,3345.739439117341,41.48716904505503,0.09537280240242536,100,73,0.73,1740.6750236229564,inf,0.5241385534489517,1.0,0.7620692767244759,0.16665176283897476,0.3654166294070974,0.38974375215801244
912,10138.966092273538,62,435,0.1425287356321839,206693.31599514766,3333.763161212059,41.33866319902953,0.09503140965294145,100,72,0.72,1720.3169585142048,inf,0.5277256420260455,1.0,0.7638628210130227,0.16558429431995936,0.3604139607357999,0.3897116275233769
913,10150.083379655418,62,435,0.1425287356321839,206020.42447176328,3322.9100721252144,41.204084894352654,0.09472203423989116,100,72,0.72,1719.5756943494225,inf,0.5276188999863168,1.0,0.7638094499931585,0.16545629212336632,0.3604136407303084,0.38967957283323135
914,10161.200667037298,62,435,0.1425287356321839,205419.3980029595,3313.2160968219273,41.08387960059189,0.09444570023124572,100,72,0.72,1719.6413558270885,inf,0.5276283552391008,1.0,0.7638141776195504,0.16531576130584769,0.3604132894032646,0.38964758782401826
915,10172.317954419177,62,435,0.1425287356321839,204839.79246161977,3303.867620348706,40.96795849232395,0.09417921492488265,100,70,0.7,1688.8420338237513,inf,0.5364378847353252,1.0,0.7682189423676626,0.16298013627860997,0.3504074503406965,0.38960474924597965
916,10183.435241801057,63,435,0.14482758620689656,209182.51348173505,3320.3573568529373,41.83650269634702,0.09617586826746441,100,70,0.7,1688.7224905606504,inf,0.5364211486784911,1.0,0.7682105743392456,0.16398264696410947,0.35040995661741026,0.38956200683308045
917,10194.552529182936,63,435,0.14482758620689656,208606.10263124012,3311.2079782736528,41.72122052624802,0.0959108517844782,100,70,0.7,1688.744672341303,inf,0.5364242541277825,1.0,0.7682121270638913,0.16384936236029346,0.3504096234059007,0.389519357177931
918,10205.669816564816,63,435,0.14482758620689656,208113.94531716974,3303.395957415393,41.62278906343395,0.09568457255961828,100,70,0.7,1689.2385900134527,inf,0.5364934026018833,1.0,0.7682467013009416,0.1637189356293383,0.35040929733907333,0.3894767999855057
919,10216.787103946695,63,435,0.14482758620689656,207708.45270065553,3296.959566677072,41.5416905401311,0.09549813917271517,100,70,0.7,1691.3872242958191,inf,0.5367942114014146,1.0,0.7683971057007073,0.16355051673600396,0.35040887629184,0.38943433485105605
920,10227.904391328575,64,435,0.1471264367816092,212217.11733680582,3315.892458387591,42.44342346736116,0.0975710884307153,100,71,0.71,1707.7060647013059,inf,0.5324942611875855,1.0,0.7662471305937928,0.16566197891846124,0.3554141549472961,0.38939739654497163
921,10239.021678710455,65,435,0.14942528735632185,216770.68506729064,3334.933616419856,43.354137013458136,0.09966468278955894,100,71,0.71,1708.8040839011892,inf,0.5326501799139689,1.0,0.7663250899569845,0.1666697964162872,0.3554166744910407,0.3893605410980585
922,10250.138966092334,66,435,0.15172413793103448,221262.52428999473,3352.4624892423444,44.25250485799895,0.10172989622528494,100,71,0.71,1710.8781091284602,inf,0.5329446914962415,1.0,0.7664723457481207,0.16762877523858205,0.35541907193809646,0.38932376810871944
923,10261.256253474214,65,435,0.14942528735632185,215818.37620433318,3320.282710835895,43.16367524086664,0.09922683963417618,100,71,0.71,1711.982553568842,inf,0.5331015226067756,1.0,0.7665507613033877,0.16633803916539425,0.35541584509791346,0.3892870712223441
924,10272.373540856093,64,435,0.1471264367816092,210372.31219946197,3287.0673781165933,42.07446243989239,0.09672290216067217,100,72,0.72,1732.9016141272455,inf,0.5295378324343233,1.0,0.7647689162171616,0.16597699297175528,0.3604149424824294,0.38925585811019286
925,10283.490828237973,64,435,0.1471264367816092,209979.59285559884,3280.931138368732,41.99591857111977,0.09654234154280408,100,73,0.73,1752.4269442398004,inf,0.5258543338590109,1.0,0.7629271669295055,0.16680758730664935,0.3654170189682666,0.3892301142234305
926,10294.608115619852,65,435,0.14942528735632185,214640.40802501654,3302.160123461793,42.9280816050033,0.0986852450689731,100,73,0.73,1755.42852674491,inf,0.526292564904757,1.0,0.7631462824523785,0.16776948130829727,0.36541942370327074,0.3892044284731391
927,10305.725403001732,65,435,0.14942528735632185,214299.93585715073,3296.922090110011,42.85998717143015,0.09852870614121874,100,74,0.74,1779.6323007333865,inf,0.5233855805085412,1.0,0.7616927902542706,0.16841795794347408,0.37042104489485866,0.3891841877580763
928,10316.842690383612,65,435,0.14942528735632185,214058.472365121,3293.207267155708,42.8116944730242,0.09841768844373379,100,73,0.73,1766.8747923394355,inf,0.5279637196815576,1.0,0.7639818598407788,0.16721791430147748,0.3654180447857537,0.38915860525756785
929,10327.959977765491,65,435,0.14942528735632185,213915.4035249157,3291.006208075626,42.78308070498313,0.09835190966662788,100,73,0.73,1766.986923826848,inf,0.5279800908787198,1.0,0.7639900454393599,0.167180932113634,0.36541795233028407,0.3891330776737751
930,10339.07726514737,64,435,0.1471264367816092,208829.88607428898,3262.9669699107653,41.7659772148578,0.09601374072381103,100,75,0.75,1794.174177831029,inf,0.5191261266746543,1.0,0.7595630633373271,0.16822533869324197,0.3754205633467331,0.38911834887213487
931,10350.19455252925,63,435,0.14482758620689656,203744.92842703007,3234.046482968731,40.748985685406,0.09367582916185287,100,75,0.75,1791.8996511947926,inf,0.5187849476792189,1.0,0.7593924738396094,0.16714167766112176,0.3754178541941528,0.38910364877054904
932,10361.31183991113,64,435,0.1471264367816092,208741.37860475382,3261.5840406992784,41.748275720950765,0.09597304763436958,100,75,0.75,1796.364805222401,inf,0.5194547207833601,1.0,0.7597273603916801,0.16812284362134478,0.3754203071090534,0.38908898280949705
933,10372.42912729301,64,435,0.1471264367816092,208795.32942017954,3262.4270221903053,41.759065884035905,0.09599785260697909,100,75,0.75,1794.2814045056618,inf,0.5191422106758493,1.0,0.7595711053379246,0.16821337363452726,0.3754205334340863,0.3890743484953906
934,10383.54641467489,64,435,0.1471264367816092,208942.6571685546,3264.7290182586657,41.788531433710915,0.09606558950278371,100,75,0.75,1791.9568101268333,inf,0.5187935215190249,1.0,0.7593967607595125,0.16833441437163565,0.3754208360359291,0.38905974580826813
935,10394.663702056769,65,435,0.14942528735632185,214181.08337339453,3295.093590359916,42.83621667467891,0.09847406132110094,100,75,0.75,1790.9457712424673,inf,0.51864186568637,1.0,0.759320932843185,0.169576564238958,0.3754239414105974,0.38904517764117663
936,10405.780989438648,65,435,0.14942528735632185,214453.89370924505,3299.290672449924,42.89077874184901,0.09859949136057244,100,74,0.74,1773.7653658501706,inf,0.5225172741458253,1.0,0.7612586370729126,0.16867042714382985,0.3704216760678596,0.3890253019724751
937,10416.898276820528,66,435,0.15172413793103448,219770.9200356452,3329.862424782503,43.95418400712904,0.10104410116581387,100,74,0.74,1774.7577887776004,inf,0.5226641527390847,1.0,0.7613320763695424,0.16985601239813575,0.37042464003099534,0.3890054718424735
938,10428.015564202407,64,435,0.1471264367816092,210073.65005187382,3282.4007820605284,42.014730010374755,0.09658558623074656,100,74,0.74,1774.9317256154222,inf,0.5226898953910825,1.0,0.7613449476955412,0.16762031926760268,0.370419050798169,0.3889856779968459
939,10439.132851584287,64,435,0.1471264367816092,210432.9604526101,3288.015007072033,42.08659209052202,0.09675078641499314,100,73,0.73,1756.4916618913812,inf,0.5264477826361417,1.0,0.7632238913180709,0.16676344754846117,0.36541690861887116,0.3889606048379332
940,10450.250138966167,65,435,0.14942528735632185,215914.50281004343,3321.7615816929756,43.18290056200868,0.0992710357747326,100,73,0.73,1755.5074238490022,inf,0.5263040838819544,1.0,0.7631520419409772,0.16805949691687772,0.3654201487422922,0.3889355884127519
941,10461.367426348046,65,435,0.14942528735632185,216368.56922288,3328.7472188135384,43.273713844576,0.09947980194155402,100,72,0.72,1740.7917972739356,inf,0.5306740188074468,1.0,0.7653370094037234,0.16707139626891526,0.3604176784906723,0.38890531462302563
942,10472.484713729926,67,435,0.15402298850574714,226826.87079382647,3385.475683489947,45.3653741587653,0.10428821645693172,100,72,0.72,1738.5155209701497,inf,0.5303462350197016,1.0,0.7651731175098508,0.1695575494735404,0.36042389387368384,0.388875111631775
943,10483.602001111805,67,435,0.15402298850574714,227277.04093499776,3392.194640820862,45.455408186999556,0.10449519123448174,100,72,0.72,1734.7063049458743,inf,0.5297977079122059,1.0,0.764898853956103,0.1697981686391894,0.36042449542159793,0.3888449732671456
944,10494.719288493685,67,435,0.15402298850574714,227813.20205759647,3400.197045635768,45.56264041151929,0.10474170209544664,100,72,0.72,1734.664709878338,inf,0.5297917182224806,1.0,0.7648958591112403,0.1699229214921032,0.3604248073037302,0.3888148990174489
945,10505.836575875564,67,435,0.15402298850574714,228432.45617138897,3409.439644349089,45.68649123427781,0.1050264166305237,100,72,0.72,1737.049949358618,inf,0.530135192707641,1.0,0.7650675963538205,0.1699794101383516,0.36042494852534585,0.3887848884989583
946,10516.953863257444,66,435,0.15172413793103448,224122.01483188046,3395.78810351334,44.8244029663761,0.10304460452040483,100,73,0.73,1751.2490087839776,inf,0.5256823552824607,1.0,0.7628411776412303,0.17010171343958724,0.36542525428359895,0.3887602215145704
947,10528.071150639324,66,435,0.15172413793103448,224860.21014243388,3406.972880945968,44.972042028486776,0.10338400466318799,100,73,0.73,1749.038530047657,inf,0.525359625386958,1.0,0.7626798126934791,0.17035209598485446,0.36542588023996214,0.38873560723052547
948,10539.188438021203,67,435,0.15402298850574714,230587.60865516585,3441.606099330834,46.117521731033165,0.10601729133570842,100,73,0.73,1748.8348966672647,inf,0.5253298949134207,1.0,0.7626649474567104,0.17167617193949902,0.3654291904298487,0.3887110483087123
949,10550.305725403083,65,435,0.14942528735632185,221359.0530284637,3405.5238927455953,44.27181060569274,0.10177427725446607,100,75,0.75,1775.7541433570573,inf,0.5163631215035587,1.0,0.7581815607517793,0.17179635825134337,0.3754294908956284,0.38869706772196166
950,10561.423012784962,64,435,0.1471264367816092,217137.77569775,3392.777745277344,43.42755513955,0.09983346009091955,100,75,0.75,1775.494651587184,inf,0.5163241977380776,1.0,0.7581620988690387,0.17083568061094045,0.37542708920152734,0.38868311401163524
951,10572.540300166842,62,435,0.1425287356321839,207921.8530154194,3353.578274442248,41.584370603083876,0.09559625425996293,100,76,0.76,1792.8894259442861,inf,0.5125191927435315,1.0,0.7562595963717658,0.16966832894409856,0.38042417082236024,0.3886744386511423
952,10583.657587548721,63,435,0.14482758620689656,213722.10753312262,3392.4144052876604,42.74442150662451,0.09826303794626325,100,78,0.78,1818.8624340645981,inf,0.5037425397140773,1.0,0.7518712698570387,0.17319588404461228,0.39043298971011153,0.3886762839303228
953,10594.774874930601,63,435,0.14482758620689656,214583.4571024264,3406.0866206734345,42.916691420485286,0.09865906073674778,100,81,0.81,1852.4746274754295,inf,0.49010088965101956,1.0,0.7450504448255098,0.17680430795561897,0.40544201076988906,0.3886938580674712
954,10605.89216231248,60,435,0.13793103448275862,200501.03046488066,3341.6838410813443,40.10020609297613,0.09218438182293363,100,81,0.81,1847.3191631066331,inf,0.48926570442327455,1.0,0.7446328522116372,0.17377576480564816,0.4054344394120141,0.38871138747202044
955,10617.00944969436,59,435,0.135632183908046,196392.5767765897,3328.6877419760967,39.27851535531795,0.09029543759843207,100,81,0.81,1840.5337730228594,inf,0.48816647122970314,1.0,0.7440832356148516,0.1731061009917903,0.4054327652524795,0.3887288784529624
956,10628.12673707624,58,435,0.13333333333333333,192323.1374912726,3315.9161636426306,38.46462749825452,0.08842443103047017,100,81,0.81,1833.4092880147423,inf,0.48701230465838835,1.0,0.7435061523291941,0.17245913935063806,0.40543114784837664,0.3887463311900527
957,10639.24402445812,56,435,0.12873563218390804,183311.88926813507,3273.4265940738405,36.66237785362701,0.08428132839914254,100,80,0.8,1813.1810977349844,inf,0.49010897563759753,1.0,0.7450544878187988,0.1696134202901719,0.4004240335507255,0.38875852085848767
958,10650.361311839999,56,435,0.12873563218390804,184228.41811923633,3289.793180700649,36.84568362384727,0.08470272097436155,100,79,0.79,1792.1396801685173,inf,0.4931580694666256,1.0,0.7465790347333128,0.1690618431205244,0.39542265460780135,0.3887654699030646
959,10661.478599221879,57,435,0.1310344827586207,190142.55928032307,3335.834373339001,38.02851185606462,0.08742186633578074,100,79,0.79,1784.61021137553,inf,0.49196841339733377,1.0,0.7459842066986668,0.1707188298185569,0.3954267970745464,0.3887724087855349
960,10672.595886603758,58,435,0.13333333333333333,196057.77803008616,3380.306517760106,39.21155560601723,0.09014150714026949,100,79,0.79,1777.1317237285757,inf,0.490786812349115,1.0,0.7453934061745575,0.17237405048285603,0.39543093512620714,0.3887793375330278
961,10683.713173985638,59,435,0.135632183908046,201998.8914281303,3423.7100242055985,40.39977828562607,0.09287305353017487,100,78,0.78,1757.3109377532446,inf,0.4941405062895063,1.0,0.7470702531447532,0.17290140019271089,0.3904322535004818,0.38878105574089417
962,10694.830461367517,58,435,0.13333333333333333,197903.41758932185,3412.1278894710663,39.58068351786437,0.09099007705256178,100,78,0.78,1749.7266735498497,inf,0.4929573610737765,1.0,0.7464786805368883,0.17225569825783676,0.3904306392456446,0.38878276870403516
963,10705.947748749397,57,435,0.1310344827586207,193612.32273310557,3396.707416370273,38.72246454662111,0.0890171598772899,100,77,0.77,1730.950244374275,inf,0.4965663376336382,1.0,0.7482831688168191,0.17036699553023543,0.3854259174888256,0.388779286493231
964,10717.065036131276,57,435,0.1310344827586207,194336.6213706012,3409.4144100105473,38.86732427412025,0.08935017074510403,100,77,0.77,1726.664832853339,inf,0.4959063842594143,1.0,0.7479531921297071,0.1706984893076985,0.3854267462232693,0.3887758123582362
965,10728.182323513156,57,435,0.1310344827586207,195100.59469920356,3422.8174508632205,39.02011893984072,0.08970142285020856,100,75,0.75,1691.6891562939365,inf,0.5037533734440904,1.0,0.7518766867220452,0.16891236806408172,0.3754222809201602,0.3887619888267268
966,10739.299610895036,57,435,0.1310344827586207,195901.76243907493,3436.8730252469286,39.18035248781497,0.09006977583405741,100,76,0.76,1704.2342080328024,inf,0.49904359962098593,1.0,0.7495217998104929,0.17027398801178223,0.3804256849700295,0.3887533680368026
967,10750.416898276915,57,435,0.1310344827586207,196738.2250755351,3451.547808342721,39.34764501510702,0.09045435635656786,100,76,0.76,1700.5458095091622,inf,0.49848296304539264,1.0,0.7492414815226963,0.17060643741693576,0.38042651609354233,0.38874476591702656
968,10761.534185658795,57,435,0.1310344827586207,197608.4946391175,3466.815695423114,39.52169892782351,0.09085448029384714,100,76,0.76,1697.7364047447234,inf,0.4980559335211979,1.0,0.749027966760599,0.17091325676662406,0.38042728314191654,0.3887361823434712
969,10772.651473040674,57,435,0.1310344827586207,198459.29829347826,3481.74207532418,39.69185965869566,0.09124565438780612,100,77,0.77,1711.8221935027254,inf,0.49362061779941974,1.0,0.7468103088997099,0.17221767274404814,0.3854305441818601,0.3887327744690778
970,10783.768760422554,58,435,0.13333333333333333,204295.08215302878,3522.329002638427,40.85901643060576,0.0939287734036914,100,79,0.79,1740.9380150983284,inf,0.48506820638553594,1.0,0.7425341031927679,0.1756973351054617,0.39543924333776365,0.3887396812341331
971,10794.886047804433,56,435,0.12873563218390804,195014.79977604456,3482.4071388579387,39.00295995520891,0.08966197690852623,100,81,0.81,1766.630977322251,inf,0.4761942183262047,1.0,0.7380971091631023,0.17578243387271197,0.4054394560846818,0.3887568620724567
972,10806.003335186313,56,435,0.12873563218390804,195685.518971904,3494.3842673554286,39.137103794380806,0.08997035355030071,100,81,0.81,1761.7946991251529,inf,0.47541074125827476,1.0,0.7377053706291374,0.17613249146058163,0.4054403312286515,0.3887740084950222
973,10817.120622568193,58,435,0.13333333333333333,206347.23335724778,3557.710919952548,41.26944667144956,0.09487229119873461,100,82,0.82,1774.575613483698,inf,0.47103040061132645,1.0,0.7355152003056632,0.17967854544653566,0.4104491963636163,0.3887962622813349
974,10828.237909950072,58,435,0.13333333333333333,207021.6500824649,3569.338794525257,41.404330016492985,0.09518236785400686,100,81,0.81,1760.1913788748238,inf,0.47515100337772137,1.0,0.7375755016888607,0.17880343308257313,0.40544700858270644,0.3888133399698491
975,10839.355197331952,56,435,0.12873563218390804,197686.66314391574,3530.118984712781,39.53733262878314,0.09089041983628308,100,82,0.82,1773.9360502739025,inf,0.47092551224491996,1.0,0.73546275612246,0.17771383185691147,0.41044428457964227,0.38883550282293294
976,10850.472484713831,56,435,0.12873563218390804,198203.32315108774,3539.345056269424,39.64066463021755,0.09112796466716679,100,82,0.82,1777.2400584070117,inf,0.4714673695787499,1.0,0.735733684789375,0.1776971399388959,0.4104442428498472,0.38885762026410686
977,10861.589772095711,56,435,0.12873563218390804,198694.29763546702,3548.112457776197,39.73885952709341,0.0913537000622837,100,80,0.8,1750.894843461318,inf,0.48014317495381087,1.0,0.7400715874769055,0.1756410562926891,0.40043910264073174,0.3888694622706269
978,10872.70705947759,55,435,0.12643678160919541,194213.659925397,3531.157453189036,38.842731985079396,0.08929363674730896,100,82,0.82,1781.4623355247907,inf,0.47215982302606563,1.0,0.7360799115130328,0.1766068626171381,0.4104415171565428,0.3888914970560058
979,10883.82434685947,54,435,0.12413793103448276,189705.99477328028,3513.0739772829684,37.941198954656066,0.08722114702219785,100,80,0.8,1758.1943596507688,inf,0.481311097544123,1.0,0.7406555487720615,0.17328279912506822,0.4004332069978127,0.3889032743110485
980,10894.94163424135,55,435,0.12643678160919541,195021.89851345256,3545.852700244592,39.00437970269051,0.08966524069584024,100,80,0.8,1758.1797101169893,inf,0.4813087536187183,1.0,0.7406543768093592,0.17450543194324053,0.4004362635798581,0.3889150306711594
981,10906.05892162323,54,435,0.12413793103448276,190355.61655411927,3525.104010261468,38.07112331082386,0.08751982370304336,100,82,0.82,1786.8367312660707,inf,0.47304122392763576,1.0,0.7365206119638179,0.17549960586961277,0.41043874901467403,0.3889369489179451
982,10917.176209005109,54,435,0.12413793103448276,190677.74358386296,3531.069325627092,38.13554871677259,0.08766792808453469,100,82,0.82,1787.5930234713223,inf,0.4731652558492969,1.0,0.7365826279246485,0.17554265007994313,0.41043885662519985,0.38895882267960047
983,10928.293496386988,55,435,0.12643678160919541,195935.13952715724,3562.4570823119498,39.18702790543145,0.09008512162168149,100,83,0.83,1804.954750953378,inf,0.4696224886582607,1.0,0.7348112443291304,0.1776369386462756,0.41544409234661567,0.38898573860405883
984,10939.410783768868,53,435,0.12183908045977011,186042.51858470408,3510.2361997113976,37.20850371694082,0.08553679015388693,100,83,0.83,1810.7501408390315,inf,0.47058452337927925,1.0,0.7352922616896396,0.17512226423212374,0.4154378056605803,0.38901259349447154
985,10950.528071150748,53,435,0.12183908045977011,186094.79550915814,3511.2225567765686,37.21895910183163,0.08556082552145203,100,83,0.83,1813.5720554561103,inf,0.4710529612057144,1.0,0.7355264806028572,0.17501717245929738,0.4154375429311482,0.3890393936460301
986,10961.645358532627,53,435,0.12183908045977011,186180.20495026754,3512.8340556654252,37.2360409900535,0.08560009423000806,100,83,0.83,1813.3679924471292,inf,0.47101908674622367,1.0,0.7355095433731118,0.17504527542844817,0.4154376131885711,0.3890661395624865
987,10972.762645914507,52,435,0.11954022988505747,181249.76176032,3485.572341544615,36.24995235206401,0.08333322379784829,100,84,0.84,1823.6329074143566,inf,0.4663703284456121,1.0,0.733185164222806,0.17507402978752118,0.42043768507446877,0.38909789213891566
988,10983.879933296386,52,435,0.11954022988505747,181339.78383112006,3487.303535213847,36.26795676622402,0.0833746132556874,100,83,0.83,1810.1788470336749,inf,0.4704896886075901,1.0,0.7352448443037951,0.17406488447594615,0.41543516221118987,0.3891245223412132
989,10994.997220678266,52,435,0.11954022988505747,181466.01715364968,3489.731099108648,36.29320343072993,0.08343265156489639,100,82,0.82,1798.0156005672077,inf,0.47487455849302196,1.0,0.7374372792465109,0.17299768615919275,0.41043249421539796,0.3891460455451265
990,11006.114508060145,51,435,0.11724137931034483,176480.0896871843,3460.3939154349864,35.296017937436865,0.08114027112054452,100,82,0.82,1799.161407596176,inf,0.4750624708457728,1.0,0.7375312354228865,0.171804517848829,0.4104295112946221,0.38916752230168505
991,11017.231795442025,51,435,0.11724137931034483,176436.5090900821,3459.5393939231785,35.28730181801642,0.08112023406440555,100,83,0.83,1815.2655987711041,inf,0.47133408939600324,1.0,0.7356670446980016,0.17272659468320195,0.41543181648670796,0.38919399840469415
992,11028.349082823905,51,435,0.11724137931034483,176377.84186666165,3458.389056209052,35.275568373332334,0.08109326062835019,100,83,0.83,1816.2079439141253,inf,0.47149051868974484,1.0,0.7357452593448724,0.17267400064173882,0.4154316850016043,0.3892204210498068
993,11039.466370205784,51,435,0.11724137931034483,176327.0580665291,3457.3932954221395,35.26541161330583,0.08106991175472604,100,84,0.84,1828.1840195268576,inf,0.46713491528051193,1.0,0.733567457640256,0.173751227057235,0.42043437806764306,0.3892518234210521
994,11050.583657587664,51,435,0.11724137931034483,176238.86738919307,3455.664066454766,35.24777347783861,0.08102936431687036,100,82,0.82,1804.8813498195423,inf,0.4760005413704049,1.0,0.7380002706852025,0.171514546815834,0.41042878636703956,0.38927310680089733
995,11061.700944969543,50,435,0.11494252873563218,171190.34959776673,3423.8069919553345,34.23806991955335,0.0787082067116169,100,84,0.84,1835.3398393652865,inf,0.4683370930133682,1.0,0.7341685465066841,0.17226983010246644,0.4204306745752561,0.38930438949946594
996,11072.818232351423,50,435,0.11494252873563218,171157.00489252727,3423.1400978505453,34.23140097850545,0.0786928758126562,100,84,0.84,1837.1011766207725,inf,0.46863299767228983,1.0,0.7343164988361449,0.17218818848825562,0.4204304704712206,0.38933560923965826
997,11083.935519733302,50,435,0.11494252873563218,171176.7451984848,3423.534903969696,34.235349039696956,0.0787019518153953,100,83,0.83,1822.295692174868,inf,0.47250108490102816,1.0,0.7362505424505141,0.17122570468244058,0.4154280642617061,0.3893617539841694
998,11095.052807115182,50,435,0.11494252873563218,171252.0443686072,3425.040887372144,34.25040887372144,0.07873657212349756,100,83,0.83,1824.800677599666,inf,0.47291691248154455,1.0,0.7364584562407723,0.17113905794136264,0.4154278476448534,0.3893878461700159
999,11106.170094497062,50,435,0.11494252873563218,171384.1735555795,3427.68347111159,34.2768347111159,0.07879732117497909,100,81,0.81,1808.1021921504728,inf,0.4829125551283765,1.0,0.7414562775641882,0.16867052180539543,0.40542167630451353,0.3894038800001504
1000,11117.287381878941,50,435,0.11494252873563218,171572.48338614762,3431.4496677229527,34.31449667722952,0.07888390040742418,100,80,0.8,1795.7496583987747,inf,0.4873199453438039,1.0,0.743659972671902,0.16761196386776112,0.40041902990966943,0.38941488414591413
1001,11128.40466926082,50,435,0.11494252873563218,171654.65566415968,3433.093113283194,34.33093113283194,0.0789216807651309,100,81,0.81,1807.7399853952415,inf,0.48285387763402915,1.0,0.7414269388170146,0.16874737097405818,0.40542186842743516,0.3894308591801272
1002,11139.5219566427,51,435,0.11724137931034483,176762.7956037878,3465.9371687017215,35.35255912075756,0.08127025085231623,100,82,0.82,1814.7908281387454,inf,0.4776256958147542,1.0,0.7388128479073771,0.17122870147246955,0.4104280717536811,0.3894517935894728
1003,11150.63924402458,50,435,0.11494252873563218,171813.21123819437,3436.2642247638873,34.36264224763888,0.07899457987962961,100,81,0.81,1799.8208689799574,inf,0.4815709807747532,1.0,0.7407854903873766,0.16910454474612652,0.40542276136186534,0.3894677009278915
1004,11161.75653140646,51,435,0.11724137931034483,176737.9037508336,3465.4490931535997,35.34758075016671,0.08125880632222234,100,82,0.82,1811.1046984225245,inf,0.477021170541294,1.0,0.7385105852706471,0.17137411052578766,0.41042843527631445,0.38948855737997945
1005,11172.87381878834,50,435,0.11494252873563218,171610.99005481834,3432.2198010963666,34.322198010963675,0.078901604622905,100,82,0.82,1810.70008857786,inf,0.476954814526769,1.0,0.7384774072633845,0.17021209867976023,0.41042553024669937,0.38950936948024456
1006,11183.991106170219,49,435,0.11264367816091954,166417.58482250734,3396.27724127566,33.28351696450147,0.07651383210230224,100,81,0.81,1801.1328393293766,inf,0.481783519971359,1.0,0.7408917599856795,0.16781103605831138,0.4054195275901458,0.3895251690414262
1007,11195.108393552098,50,435,0.11494252873563218,171203.02364833417,3424.0604729666834,34.24060472966683,0.07871403386130305,100,80,0.8,1786.8983226391058,inf,0.485903731622257,1.0,0.7429518658111285,0.16788108402508728,0.4004197027100627,0.3895359771105419
1008,11206.225680933978,50,435,0.11494252873563218,171001.04880179392,3420.0209760358784,34.20020976035879,0.07862117186289376,100,81,0.81,1795.258460992543,inf,0.48083187068079186,1.0,0.740415935340396,0.1691026182612489,0.40542275654565313,0.38955172218431305
1009,11217.342968315857,50,435,0.11494252873563218,170841.4410193067,3416.828820386134,34.168288203861344,0.07854778897439389,100,81,0.81,1792.4525611884385,inf,0.48037731491252705,1.0,0.7401886574562635,0.16917956575906523,0.4054229489143977,0.3895674362701845
1010,11228.460255697737,50,435,0.11494252873563218,170725.50279685363,3414.5100559370726,34.145100559370725,0.0784944840445304,100,81,0.81,1790.176603222643,inf,0.4800086097220682,1.0,0.7400043048610341,0.1692450895917481,0.4054231127239794,0.3895831194318598
1011,11239.577543079617,50,435,0.11494252873563218,170655.5404092657,3413.110808185314,34.13110808185314,0.07846231742954746,100,81,0.81,1792.83865156965,inf,0.4804398615542832,1.0,0.7402199307771415,0.169121193326203,0.4054228029833155,0.38959877129307663
1012,11250.694830461496,50,435,0.11494252873563218,170634.98938818087,3412.699787763617,34.12699787763617,0.07845286868422108,100,81,0.81,1793.3436429226401,inf,0.4805216701534676,1.0,0.7402608350767338,0.1690960168037436,0.4054227400420094,0.38961439219016347
1013,11261.812117843376,50,435,0.11494252873563218,170668.21827143236,3413.364365428647,34.133643654286466,0.07846814633169302,100,81,0.81,1796.0419738452276,inf,0.48095879976292694,1.0,0.7404793998814635,0.16899437322511474,0.4054224859330628,0.3896299820262018
1014,11272.929405225255,50,435,0.11494252873563218,170759.62050812814,3415.1924101625627,34.151924101625625,0.07851017034856465,100,80,0.8,1778.0144092052192,inf,0.48448230547283516,1.0,0.7422411527364176,0.16813450880607356,0.40042033627201523,0.3896406129170844
1015,11284.046692607135,51,435,0.11724137931034483,175909.10568192095,3449.198150625901,35.18182113638418,0.0808777497388142,100,79,0.79,1765.2577699498422,inf,0.48891072765207516,1.0,0.7444553638260376,0.1682111929563883,0.39542052798239097,0.3896463018098652
1016,11295.163979989014,52,435,0.11954022988505747,181069.30157656333,3482.1019533954486,36.21386031531267,0.08325025359841993,100,80,0.8,1781.3906260751762,inf,0.4850225001720282,1.0,0.742511250086014,0.1703695017562029,0.4004259237543905,0.38965690124147234
1017,11306.281267370894,53,435,0.12183908045977011,186257.52910126827,3514.293001910722,37.25150582025365,0.08563564556380149,100,80,0.8,1781.7105024728164,inf,0.48507368039565063,1.0,0.7425368401978253,0.17154940268298807,0.4004288735067075,0.3896674827466445
1018,11317.398554752774,53,435,0.12183908045977011,186499.88119411975,3518.86568290792,37.299976238823945,0.08574707181338838,100,80,0.8,1782.8944482964114,inf,0.48526311172742587,1.0,0.7426315558637129,0.17155775797483774,0.4004288943949371,0.3896780435039049
1019,11328.515842134653,53,435,0.12183908045977011,186791.84174948352,3524.3743726317643,37.3583683498967,0.08588130655148667,100,81,0.81,1797.5734229696168,inf,0.48120689452107795,1.0,0.740603447260539,0.1726389296454739,0.4054315973241137,0.38969348816451294
1020,11339.633129516533,54,435,0.12413793103448276,192085.2026738529,3557.133382849128,38.41704053477058,0.08831503571211627,100,81,0.81,1797.5006573777814,inf,0.4811951064952006,1.0,0.7405975532476003,0.17385874123225797,0.40543464685308067,0.3897089055579395
1021,11350.750416898412,54,435,0.12413793103448276,192414.89292895692,3563.2387579436468,38.48297858579138,0.08846661743860088,100,80,0.8,1789.7164829273631,inf,0.48635463726837813,1.0,0.743177318634189,0.17264464940220592,0.40043161162350555,0.3897193974425438
1022,11361.867704280292,51,435,0.11724137931034483,177758.10163411143,3485.452973217871,35.55162032682229,0.08172786282028112,100,80,0.8,1790.4941116642992,inf,0.4864790578662878,1.0,0.7432395289331439,0.16924416694356859,0.40042311041735895,0.3897298605050803
1023,11372.984991662172,50,435,0.11494252873563218,173023.13381170854,3460.462676234171,34.6046267623417,0.07955086612032575,100,81,0.81,1800.570556283502,inf,0.4816924301179274,1.0,0.7408462150589636,0.16935232553068102,0.40542338081382673,0.3897451862085068
1024,11384.102279044051,52,435,0.11954022988505747,183097.7687015755,3521.1109365687594,36.6195537403151,0.08418288216164391,100,79,0.79,1772.333525667358,inf,0.4900286970554426,1.0,0.7450143485277213,0.16958426681696132,0.39542396066704244,0.3897507264762712
1025,11395.21956642593,52,435,0.11954022988505747,183081.40733854953,3520.7962949721064,36.6162814677099,0.08417535969588484,100,80,0.8,1785.9969046709273,inf,0.4857595047473483,1.0,0.7428797523736741,0.17064780366110532,0.40042661950915276,0.3897611318301044
1026,11406.33685380781,51,435,0.11724137931034483,178069.39181614958,3491.5567022774426,35.61387836322992,0.08187098474305729,100,80,0.8,1787.988114093411,inf,0.4860780982549457,1.0,0.7430390491274729,0.16941596780779217,0.4004235399195195,0.3897715139217202
1027,11417.45414118969,50,435,0.11494252873563218,173080.27827170116,3461.605565434023,34.61605565434023,0.0795771394352649,100,79,0.79,1774.0076420777275,inf,0.490293207448281,1.0,0.7451466037241405,0.16721526785556218,0.39541803816963894,0.38977700664958786
1028,11428.57142857157,51,435,0.11724137931034483,178126.87223300047,3492.683769274519,35.62537444660009,0.08189741252091975,100,79,0.79,1776.5626883053196,inf,0.4906969047522406,1.0,0.7453484523761202,0.16827448007239976,0.395420686200181,0.3897824912750014
1029,11439.688715953449,51,435,0.11724137931034483,178179.1832151057,3493.709474805994,35.63583664302114,0.08192146354717504,100,79,0.79,1774.6490973629805,inf,0.4903945573833509,1.0,0.7451972786916754,0.1683620924277498,0.3954209052310694,0.38978796546330824
1030,11450.806003335329,49,435,0.11264367816091954,168186.64007112893,3432.380409614876,33.637328014225794,0.07732719083730068,100,80,0.8,1785.8926293464806,inf,0.4857428206954369,1.0,0.7428714103477184,0.16722789024479118,0.400418069725612,0.38979827594270916
1031,11461.923290717208,49,435,0.11264367816091954,168107.80978862912,3430.7716283393697,33.621561957725824,0.07729094702925476,100,78,0.78,1759.6911666472595,inf,0.4945118219969725,1.0,0.7472559109984862,0.16501751801538422,0.3904125437950385,0.38979887116349626
1032,11473.040578099088,48,435,0.1103448275862069,163019.23615811192,3396.2340866273316,32.60384723162238,0.07495137294625835,100,79,0.79,1773.875153041542,inf,0.4902722741805638,1.0,0.7451361370902819,0.1649076179279882,0.39541226904481996,0.38980430523695353
1033,11484.157865480967,49,435,0.11264367816091954,167858.76803331712,3425.689143537084,33.57175360666343,0.07717644507278949,100,79,0.79,1774.1177480568997,inf,0.4903106041929901,1.0,0.745155302096495,0.16601057148814719,0.3954150264287204,0.38980973146634595
1034,11495.275152862847,50,435,0.11494252873563218,172682.83886451344,3453.656777290269,34.536567772902686,0.07939440867333951,100,80,0.8,1788.9176377009505,inf,0.48622682203215206,1.0,0.743113411016076,0.1681404988286318,0.4004203512470716,0.3898199832728974
1035,11506.392440244726,50,435,0.11494252873563218,172524.8039002847,3450.496078005694,34.50496078005694,0.07932174891967113,100,80,0.8,1791.6735084143795,inf,0.48666776134630074,1.0,0.7433338806731504,0.16799393412326036,0.40041998483530816,0.38983021493463715
1036,11517.509727626606,50,435,0.11494252873563218,172381.98431218625,3447.639686243725,34.47639686243725,0.07925608474123505,100,80,0.8,1794.8199954867516,inf,0.4871711992778802,1.0,0.7435855996389401,0.1678352425511475,0.4004195881063779,0.389840426480608
1037,11528.627015008486,50,435,0.11494252873563218,172268.89750168455,3445.377950033691,34.45377950033691,0.0792040908053722,100,80,0.8,1798.8335626348005,inf,0.4878133700215681,1.0,0.743906685010784,0.16764870289729406,0.40041912175724326,0.3898506179018764
1038,11539.744302390365,50,435,0.11494252873563218,172191.86772114856,3443.837354422971,34.43837354422971,0.07916867481432117,100,82,0.82,1827.0131517991842,inf,0.47963015689506633,1.0,0.7398150784475331,0.16967679818339404,0.4104241919954585,0.3898704192243919
1039,11550.861589772245,50,435,0.11494252873563218,172150.65046850717,3443.013009370143,34.43013009370143,0.07914972435333661,100,81,0.81,1813.7177787080193,inf,0.4838222801506991,1.0,0.7419111400753495,0.16861929213899352,0.4054215482303475,0.3898853722330514
1040,11561.978877154124,49,435,0.11264367816091954,167082.7090960917,3409.851206042688,33.41654181921834,0.07681963636601917,100,80,0.8,1804.4429590699067,inf,0.48871087345118513,1.0,0.7443554367255926,0.1662320998202133,0.40041558024955054,0.3898954877066504
1041,11573.096164536004,49,435,0.11264367816091954,167018.6444847674,3408.5437649952532,33.40372889695348,0.07679018137230685,100,84,0.84,1857.1856980588036,inf,0.4720071972738789,1.0,0.7360035986369394,0.17039329136768372,0.4204259832284192,0.3899247876063834
1042,11584.213451917884,49,435,0.11264367816091954,166988.90687553558,3407.93687501093,33.397781375107115,0.07677650890829221,100,82,0.82,1828.9432027535906,inf,0.4799466852515888,1.0,0.7399733426257944,0.16840158314124887,0.4104210039578531,0.3899444388205267
1043,11595.330739299763,49,435,0.11264367816091954,166954.35491079657,3407.2317328733993,33.390870982159306,0.07676062294749265,100,81,0.81,1814.342213516696,inf,0.48392343858970477,1.0,0.7419617192948524,0.1673994518263201,0.4054184986295658,0.3899592607168955
1044,11606.448026681643,49,435,0.11264367816091954,166917.59154624175,3406.4814601273824,33.383518309248345,0.07674372025114562,100,80,0.8,1802.56542253655,inf,0.48841046760584794,1.0,0.7442052338029239,0.16626924322411085,0.4004156731080603,0.389969266853155
1045,11617.565314063522,49,435,0.11264367816091954,166914.8828308969,3406.426180222386,33.38297656617938,0.07674247486478018,100,79,0.79,1788.79281296736,inf,0.49262926444884286,1.0,0.7463146322244214,0.16521392132017942,0.3954130348033005,0.38997447122022016
1046,11628.682601445402,51,435,0.11724137931034483,176890.4623051233,3468.440437355359,35.378092461024664,0.0813289481862636,100,81,0.81,1812.716777104612,inf,0.48366011789094715,1.0,0.7418300589454736,0.16974944462039498,0.40542437361155104,0.3899892275739846
1047,11639.799888827281,50,435,0.11494252873563218,171789.9051344745,3435.7981026894904,34.3579810268949,0.07898386442964345,100,80,0.8,1800.9457527689817,inf,0.488151320443037,1.0,0.7440756602215185,0.16745410210406247,0.40041863525526017,0.3899991792988713
1048,11650.917176209161,50,435,0.11494252873563218,171641.6884967772,3432.8337699355443,34.32833769935544,0.07891571884909296,100,81,0.81,1813.678789599526,inf,0.48381596391512316,1.0,0.7419079819575616,0.1685038684457657,0.4054212596711144,0.3900138809960803
1049,11662.03446359104,50,435,0.11494252873563218,171378.33442649845,3427.566688529969,34.275666885299685,0.07879463651793031,100,81,0.81,1815.1241142598583,inf,0.48405010651009694,1.0,0.7420250532550485,0.16838479163144093,0.4054209619790786,0.3900285544065403
1050,11673.15175097292,49,435,0.11264367816091954,166147.57387582655,3390.766813792379,33.229514775165306,0.07638968913831105,100,80,0.8,1802.8151156157583,inf,0.4884504184985213,1.0,0.7442252092492606,0.16608223994452526,0.4004152055998613,0.39003843704326085
1051,11684.2690383548,49,435,0.11264367816091954,165838.4928828603,3384.4590384257203,33.16769857657206,0.07624758293464841,100,80,0.8,1805.320400460028,inf,0.48885126407360446,1.0,0.7444256320368022,0.16591097544892314,0.4004147774386223,0.39004830048470135
1052,11695.38632573668,48,435,0.1103448275862069,160520.33987042482,3344.1737473005173,32.10406797408497,0.073802455112839,100,80,0.8,1807.9131947749665,inf,0.4892661111639947,1.0,0.7446330555819973,0.1645846997654209,0.40041146174941356,0.39005814204335726
1053,11706.503613118559,48,435,0.1103448275862069,160229.46808820026,3338.113918504172,32.04589361764005,0.07366872096009207,100,78,0.78,1782.311810676041,inf,0.4980406424654624,1.0,0.7490203212327312,0.16232419986368046,0.3904058104996592,0.3900584718995777
1054,11717.620900500438,48,435,0.1103448275862069,159987.82193764468,3333.079623700931,31.997564387528936,0.07355761928167572,100,79,0.79,1798.9497280150952,inf,0.49423405702638507,1.0,0.7471170285131925,0.16322029538424165,0.39540805073846064,0.39006354259042025
1055,11728.738187882318,48,435,0.1103448275862069,159795.53159773166,3329.073574952743,31.959106319546336,0.07346920992999158,100,79,0.79,1802.4033354944104,inf,0.49477972700811684,1.0,0.7473898635040584,0.16303967321296658,0.3954075991830324,0.39006860325007237
1056,11739.855475264198,49,435,0.11264367816091954,164619.01817277118,3359.57179944431,32.92380363455423,0.07568690490702122,100,78,0.78,1792.3061474820552,inf,0.49959975900720066,1.0,0.7497998795036003,0.16294351270171048,0.3904073587817543,0.3900689237378034
1057,11750.972762646077,49,435,0.11264367816091954,164444.87968941103,3356.017952845123,32.8889759378822,0.0756068412365108,100,78,0.78,1795.1226917312067,inf,0.5000391399100682,1.0,0.750019569955034,0.16279363564073834,0.39040698408910185,0.39006924326554565
1058,11762.090050027957,50,435,0.11494252873563218,169229.92211963792,3384.5984423927584,33.845984423927575,0.07780686074466109,100,77,0.77,1781.424316017659,inf,0.5043393446667195,1.0,0.7521696723333597,0.1628185942056507,0.38540704648551416,0.39006484081343984
1059,11773.207337409836,49,435,0.11264367816091954,164040.01907171757,3347.7554912595424,32.808003814343515,0.0754206984237782,100,77,0.77,1786.8073801631974,inf,0.5051683365451324,1.0,0.7525841682725662,0.16141826507560597,0.38540354566268903,0.3900604433651844
1060,11784.324624791716,49,435,0.11264367816091954,163883.97365762418,3344.570890971922,32.776794731524845,0.07534895340580425,100,77,0.77,1789.4844083216176,inf,0.5055805988815291,1.0,0.7527902994407645,0.1612793269825199,0.3854031983174563,0.3900560538788058
1061,11795.441912173595,49,435,0.11264367816091954,163685.79933508163,3340.5265170424823,32.73715986701632,0.07525783877475015,100,77,0.77,1792.3926588878544,inf,0.5060284694687296,1.0,0.7530142347343648,0.16112180202019272,0.3854028045050505,0.3900516722880584
1062,11806.559199555475,48,435,0.1103448275862069,158398.5410335344,3299.9696048653,31.67970820670688,0.07282691541771696,100,76,0.76,1782.5535355297184,inf,0.5109481374005171,1.0,0.7554740687002586,0.15867642335872922,0.38039669105839685,0.3900425895211444
1063,11817.676486937355,46,435,0.10574712643678161,148073.54589899056,3218.990128238925,29.614709179798123,0.06807979121792672,100,74,0.74,1751.8610737248575,inf,0.5192754389112789,1.0,0.7596377194556394,0.15422103588114366,0.37038555258970285,0.3900241148623742
1064,11828.793774319234,44,435,0.10114942528735632,137686.81111050924,3129.245707057028,27.537362222101844,0.06330428097034907,100,75,0.75,1767.0549124091704,inf,0.5150582368613755,1.0,0.7575291184306878,0.1528875812698306,0.3753822189531746,0.39001036660330457
1065,11839.911061701114,44,435,0.10114942528735632,137272.76171992888,3119.8354936347473,27.454552343985767,0.06311391343445004,100,76,0.76,1786.3036506473597,inf,0.5115181548983986,1.0,0.7557590774491993,0.15367741799262535,0.38038419354498154,0.3900013364221992
1066,11851.028349082993,44,435,0.10114942528735632,136898.45960882795,3111.3286274733623,27.379691921765595,0.06294182050980597,100,77,0.77,1806.1915722739423,inf,0.5081535021301872,1.0,0.7540767510650936,0.15443253472235619,0.3853860813368059,0.38999701097225975
1067,11862.145636464873,44,435,0.10114942528735632,136564.4373998544,3103.737213633054,27.312887479970875,0.06278824708039282,100,77,0.77,1809.3229201124827,inf,0.5086357296973223,1.0,0.7543178648486611,0.15423519111586587,0.38538558797778966,0.3899926931604672
1068,11873.262923846753,44,435,0.10114942528735632,136271.54582166634,3097.0805868560533,27.254309164333268,0.0626535842858236,100,77,0.77,1811.985243564765,inf,0.5090457275089737,1.0,0.7545228637544868,0.15406536026566836,0.3853851634006642,0.3899883830297283
1069,11884.380211228632,43,435,0.09885057471264368,131014.14360940605,3046.8405490559544,26.20282872188121,0.06023638786639359,100,79,0.79,1840.5583105812084,inf,0.5008082130718309,1.0,0.7504041065359155,0.15491614066523907,0.3953872903516631,0.38999342873750587
1070,11895.497498610512,44,435,0.10114942528735632,135788.98346919657,3086.1132606635583,27.157796693839312,0.06243171653756164,100,79,0.79,1840.027022716945,inf,0.5007242695892774,1.0,0.7503621347946388,0.15603479087146144,0.39539008697717865,0.3899984676340882
1071,11906.614785992391,44,435,0.10114942528735632,135562.6043744746,3080.9682812380593,27.11252087489492,0.062327634195160735,100,78,0.78,1824.9929980318218,inf,0.5046989076929642,1.0,0.7523494538464821,0.15498909017433926,0.39038747272543584,0.3899988305119719
1072,11917.73207337427,44,435,0.10114942528735632,135391.21725617407,3077.073119458502,27.078243451234815,0.06224883552008004,100,79,0.79,1836.999756064121,inf,0.500245961458131,1.0,0.7501229807290655,0.1560629273955073,0.3953901573184888,0.39000385504767227
1073,11928.84936075615,44,435,0.10114942528735632,135290.34325810376,3074.7805285932673,27.05806865162075,0.06220245667039253,100,80,0.8,1847.0424979595991,inf,0.49552679967353597,1.0,0.747763399836768,0.15721952841681225,0.40039304882104204,0.39001352841245196
1074,11939.96664813803,45,435,0.10344827586206896,140258.38862533742,3116.853080563054,28.051677725067485,0.06448661545992525,100,78,0.78,1815.8668532042589,inf,0.5032752290998644,1.0,0.7516376145499322,0.15642450045499656,0.3903910612511375,0.39001387960579026
1075,11951.08393551991,46,435,0.10574712643678161,145246.14103162714,3157.5248050353725,29.04922820632543,0.06677983495706996,100,78,0.78,1813.3377228545758,inf,0.5028806847653138,1.0,0.7514403423826569,0.1576697462872066,0.39039417436571805,0.39001423303958205
1076,11962.20122290179,46,435,0.10574712643678161,145195.08846761318,3156.414966687243,29.039017693522634,0.06675636251384513,100,76,0.76,1784.7371690983205,inf,0.5112800497029447,1.0,0.7556400248514723,0.15555816883118645,0.380388895422078,0.3900052958644497
1077,11973.318510283669,47,435,0.10804597701149425,150228.69114673857,3196.3551307816715,30.045738229347716,0.06907066259620165,100,76,0.76,1780.3467208129543,inf,0.5106127015635691,1.0,0.7553063507817845,0.15688215590720855,0.38039220538976803,0.3899963783408183
1078,11984.435797665548,47,435,0.10804597701149425,150282.6116590281,3197.5023757240024,30.056522331805624,0.06909545363633476,100,75,0.75,1760.0826160254662,inf,0.51401239240382,1.0,0.75700619620191,0.15604462871721242,0.37539011157179303,0.3899828414856107
1079,11995.553085047428,49,435,0.11264367816091954,160372.35522165868,3272.9052086052793,32.07447104433174,0.07373441619386606,100,75,0.75,1757.6324901985338,inf,0.51364487352978,1.0,0.75682243676489,0.158455989714488,0.3753961399742862,0.3899693352805076
1080,12006.670372429307,50,435,0.11494252873563218,165475.39302607797,3309.5078605215595,33.0950786052156,0.07608064047176,100,74,0.74,1738.1554371923862,inf,0.517247004704473,1.0,0.7586235023522365,0.15872856905976174,0.3703968214226494,0.3899512293472441
1081,12017.787659811187,50,435,0.11494252873563218,165594.25368891552,3311.8850737783105,33.118850737783106,0.07613528905237496,100,75,0.75,1749.8085935277043,inf,0.5124712890291557,1.0,0.7562356445145779,0.15994982226889853,0.37539987455567225,0.389937780775348
1082,12028.904947193067,49,435,0.11264367816091954,160741.2590625752,3280.433858419902,32.14825181251504,0.073904027155207,100,75,0.75,1747.2483306288666,inf,0.5120872495943299,1.0,0.7560436247971649,0.158930201179021,0.3753973255029476,0.38992435468553044
1083,12040.022234574946,50,435,0.11494252873563218,165914.15543052088,3318.283108610418,33.18283108610419,0.0762823703128832,100,75,0.75,1744.9920917178606,inf,0.511748813757679,1.0,0.7558744068788394,0.16020398171702188,0.3754005099542925,0.3899109563047821
1084,12051.139521956826,50,435,0.11494252873563218,166118.4854484071,3322.369708968142,33.223697089681416,0.0763763151486929,100,75,0.75,1742.6002500036786,inf,0.5113900375005518,1.0,0.7556950187502759,0.1603406481992085,0.375400851620498,0.3898975829364095
1085,12062.256809338705,50,435,0.11494252873563218,166378.1745487547,3327.563490975094,33.27563490975094,0.07649571243620906,100,74,0.74,1725.2211563801825,inf,0.515332731144267,1.0,0.7576663655721335,0.1594146734320378,0.3703985366835801,0.38987962801352477
1086,12073.374096720585,50,435,0.11494252873563218,166691.76743141076,3333.8353486282153,33.33835348628215,0.07663989307191299,100,74,0.74,1724.10769508146,inf,0.5151679388720561,1.0,0.757583969436028,0.1595279618179425,0.3703988199045449,0.3898617063869296
1087,12084.491384102465,50,435,0.11494252873563218,167058.04669454167,3341.1609338908333,33.41160933890834,0.07680829733082377,100,74,0.74,1721.6627193720185,inf,0.5148060824670587,1.0,0.7574030412335293,0.1597026280486472,0.3703992565701216,0.38984381810584795
1088,12095.608671484344,49,435,0.11264367816091954,162373.42759355908,3313.743420276716,32.474685518711816,0.07465444946830302,100,75,0.75,1742.267741344319,inf,0.5113401612016478,1.0,0.7556700806008239,0.15949218443373958,0.37539873046108435,0.38983055356255614
1089,12106.725958866224,50,435,0.11494252873563218,167712.14095378577,3354.2428190757155,33.54242819075716,0.07710903032357967,100,77,0.77,1768.6143495177407,inf,0.502366609825732,1.0,0.751183304912866,0.16296286270535687,0.3854074071567634,0.38982649563007377
1090,12117.843246248103,51,435,0.11724137931034483,173068.19988650005,3393.4941154215694,34.61363997730001,0.07957158615471267,100,77,0.77,1763.4294468763492,inf,0.5015681348189577,1.0,0.7507840674094788,0.1643937593726169,0.3854109843984316,0.38982244841537933
1091,12128.960533629983,51,435,0.11724137931034483,173459.22257450587,3401.1612269510956,34.69184451490118,0.07975136670092224,100,78,0.78,1767.3902083110886,inf,0.49571287249652973,1.0,0.7478564362482649,0.16594746522632864,0.39041486866306585,0.3898229909247637
1092,12140.077821011862,51,435,0.11724137931034483,173849.16612149464,3408.807178852836,34.76983322429892,0.07993065109034235,100,78,0.78,1760.457062637598,inf,0.4946313017714653,1.0,0.7473156508857326,0.16630750010230488,0.3904157687502558,0.38982353326495167
1093,12151.195108393742,52,435,0.11954022988505747,179254.1256914079,3447.1947248347674,35.85082513828157,0.08241568997306109,100,79,0.79,1770.4459774813963,inf,0.4897304644420607,1.0,0.7448652322210303,0.16877522887601537,0.39542193807219006,0.3898286506368048
1094,12162.312395775622,52,435,0.11954022988505747,179577.80708098336,3453.419366941988,35.91556141619667,0.08256450900275096,100,79,0.79,1765.7035113781774,inf,0.48898115479775206,1.0,0.744490577398876,0.16903696580193744,0.39542259241450484,0.3898337592594328
1095,12173.429683157501,52,435,0.11954022988505747,179698.35479281633,3455.7375921695448,35.939670958563276,0.0826199332380765,100,77,0.77,1728.9781574770093,inf,0.4962626362514594,1.0,0.7481313181257296,0.16724430755617348,0.38541811076889043,0.38982973038307284
1096,12184.54697053938,51,435,0.11724137931034483,174825.24537354757,3427.945987716619,34.96504907470951,0.08037942316025175,100,79,0.79,1754.4263706417814,inf,0.48719936656140134,1.0,0.7435996832807007,0.1683898699397755,0.39542097467484943,0.38983482723292856
1097,12195.66425792126,52,435,0.11954022988505747,180002.44737987363,3461.5855265360315,36.000489475974724,0.08275974592178098,100,78,0.78,1735.0588932399025,inf,0.4906691873454247,1.0,0.7453345936727124,0.16871257612453433,0.39042178144031137,0.38983536179960193
1098,12206.78154530314,53,435,0.12183908045977011,185130.95874819075,3493.036957513033,37.02619174963816,0.08511768218307622,100,78,0.78,1732.4503667844106,inf,0.49026225721836814,1.0,0.7451311286091841,0.16999327678694603,0.3904249831919674,0.38983589830678333
1099,12217.89883268502,55,435,0.12643678160919541,195254.62473360752,3550.0840860655912,39.050924946721516,0.08977224125683107,100,77,0.77,1714.2497324921833,inf,0.4939944588037962,1.0,0.746997229401898,0.17138750592746654,0.3854284687648187,0.3898318915526543
1100,12229.016120066899,53,435,0.12183908045977011,185352.16423675558,3497.2106459765205,37.07043284735111,0.08521938585597956,100,76,0.76,1698.181810209586,inf,0.49812363515185704,1.0,0.7490618175759285,0.16807878414002553,0.38042019696035007,0.38982334323785656
1101,12240.133407448779,52,435,0.11954022988505747,180398.94832659097,3469.210544742134,36.079789665318195,0.08294204520762803,100,76,0.76,1699.0798565035836,inf,0.4982601381885447,1.0,0.7491300690942724,0.16690598805667778,0.3804172649701417,0.38981480777663363
1102,12251.250694830658,53,435,0.12183908045977011,185412.14306443208,3498.3423219704164,37.0824286128864,0.0852469623284745,100,77,0.77,1715.0549267077026,inf,0.4941184587129863,1.0,0.7470592293564932,0.16909386648599062,0.38542273466621496,0.38981082584271665
1103,12262.367982212538,53,435,0.12183908045977011,185472.55005798576,3499.482076565769,37.094510011597166,0.08527473565884405,100,74,0.74,1670.9420814254397,inf,0.507299428050965,1.0,0.7536497140254825,0.1658125108166808,0.3704145312770417,0.3897932567353202
1104,12273.485269594417,54,435,0.12413793103448276,190542.50829026967,3528.564968338327,38.108501658053946,0.08760575093805505,100,77,0.77,1721.3942480601997,inf,0.49509471420127077,1.0,0.7475473571006354,0.17002919691870982,0.3854250729922968,0.38978930362786046
1105,12284.602556976297,55,435,0.12643678160919541,195554.14169070582,3555.529848921924,39.11082833814118,0.0899099502026234,100,76,0.76,1709.995864205784,inf,0.4999193713592792,1.0,0.7499596856796396,0.16997513226149197,0.38042493783065373,0.38978083675100944
1106,12295.719844358176,55,435,0.12643678160919541,195612.9777230453,3556.5995949644603,39.12259554460908,0.08993700125197489,100,75,0.75,1693.1560322582764,inf,0.5039734048387415,1.0,0.7519867024193707,0.1689751494163021,0.37542243787354074,0.38976786620098464
1107,12306.837131740056,54,435,0.12413793103448276,190675.41711364454,3531.0262428452693,38.135083422728904,0.08766685844305495,100,78,0.78,1738.3387226785546,inf,0.49118084073785456,1.0,0.7455904203689273,0.1710382190370638,0.39042759554759265,0.3897684616245827
1108,12317.954419121936,54,435,0.12413793103448276,190762.89886779396,3532.6462753295177,38.15257977355879,0.08770707993921562,100,77,0.77,1724.088913068367,inf,0.49550969261252853,1.0,0.7477548463062642,0.16997611681647573,0.3854249402920412,0.38976454501382296
1109,12329.071706503815,54,435,0.12413793103448276,190896.65194934874,3535.123184247199,38.179330389869754,0.08776857560889599,100,76,0.76,1709.515262793036,inf,0.4998463199445415,1.0,0.7499231599722708,0.1689227078183126,0.3804223067695458,0.38975612858297226
1110,12340.188993885695,54,435,0.12413793103448276,191076.33528493062,3538.450653424641,38.21526705698612,0.0878511886367497,100,77,0.77,1723.7576260535452,inf,0.49545867441224595,1.0,0.747729337206123,0.17006092571531334,0.3854251523142883,0.3897522303145036
1111,12351.306281267574,52,435,0.11954022988505747,181169.86600224738,3484.035884658603,36.23397320044947,0.08329649011597579,100,77,0.77,1724.0165647200072,inf,0.49549855096688106,1.0,0.7477492754834405,0.16777360731626767,0.38541943401829065,0.3897483339149566
1112,12362.423568649454,51,435,0.11724137931034483,176273.697664362,3456.347013026706,35.25473953287239,0.08104537823648826,100,78,0.78,1738.2500385954802,inf,0.491167006020895,1.0,0.7455835030104475,0.16773093761302033,0.39041932734403256,0.38974893678416517
1113,12373.540856031334,51,435,0.11724137931034483,176195.78751840643,3454.8193631060085,35.23915750368128,0.08100955747972707,100,79,0.79,1752.7260001892976,inf,0.486930708029909,1.0,0.7434653540149545,0.16877210173238633,0.395421930254331,0.38975402923790853
1114,12384.658143413213,51,435,0.11724137931034483,176099.90078579186,3452.939231093958,35.219980157158375,0.08096547162565143,100,79,0.79,1755.3209304275515,inf,0.48734070700755316,1.0,0.7436703535037765,0.16864755906093742,0.39542161889765237,0.38975911227796217
1115,12395.775430795093,50,435,0.11494252873563218,171006.13557703607,3420.1227115407214,34.20122711540722,0.07862351061013154,100,79,0.79,1756.8731724921174,inf,0.48758596125375464,1.0,0.7437929806268773,0.16741526499162718,0.39541853816247907,0.38976418344810954
1116,12406.892718176972,50,435,0.11494252873563218,170938.00869590772,3418.760173918154,34.187601739181545,0.07859218790616447,100,79,0.79,1758.2688147378992,inf,0.487806472728588,1.0,0.743903236364294,0.1673444757709352,0.39541836118942736,0.38976924537983854
1117,12418.010005558852,50,435,0.11494252873563218,170835.94021739406,3416.7188043478814,34.167188043478816,0.07854525987006625,100,78,0.78,1742.7600700920225,inf,0.49187057093435554,1.0,0.7459352854671778,0.1663049872014442,0.39041576246800364,0.38976982365988166
1118,12429.127292940731,50,435,0.11494252873563218,170684.16706844553,3413.6833413689105,34.136833413689104,0.07847547911192898,100,77,0.77,1728.8705174186389,inf,0.4962460596824704,1.0,0.7481230298412351,0.16517622463534687,0.38541294056158837,0.38976593010930227
1119,12440.244580322611,52,435,0.11954022988505747,180515.61097069396,3471.45405712873,36.10312219413879,0.08299568320491676,100,78,0.78,1739.6511623154877,inf,0.49138558132121607,1.0,0.745692790660608,0.1686514462721544,0.3904216286156804,0.3897665155543973
1120,12451.36186770449,53,435,0.12183908045977011,185308.16740567386,3496.380517088186,37.06163348113478,0.08519915742789604,100,80,0.8,1770.0806755058015,inf,0.4832129080809283,1.0,0.7416064540404641,0.171796351693716,0.4004294908792343,0.38977602757520446
1121,12462.47915508637,53,435,0.12183908045977011,185130.6836509807,3493.0317669996357,37.026136730196136,0.08511755570160032,100,80,0.8,1770.24961985962,inf,0.4832399391775393,1.0,0.7416199695887696,0.17174879305641538,0.40042937198264106,0.38978552253456933
1122,12473.59644246825,52,435,0.11954022988505747,179959.61934742887,3460.7619105274784,35.991923869485774,0.08274005487238109,100,81,0.81,1787.4928287382513,inf,0.47957383825559674,1.0,0.7397869191277984,0.17147656787229137,0.40542869141968074,0.3897994523376727
1123,12484.71372985013,51,435,0.11724137931034483,174667.9995608025,3424.8627364863237,34.933599912160496,0.08030712623485171,100,81,0.81,1787.4987837499095,inf,0.4795748029674853,1.0,0.7397874014837427,0.17025986237555457,0.4054256496559389,0.38981335464845407
1124,12495.831017232009,50,435,0.11494252873563218,169389.96850284608,3387.799370056922,33.87799370056921,0.07788044528866486,100,81,0.81,1786.7345202970635,inf,0.4794509922881243,1.0,0.7397254961440621,0.16907747457230132,0.4054226936864308,0.38982722961648786
1125,12506.948304613888,50,435,0.11494252873563218,169069.74457417795,3381.394891483559,33.81394891483559,0.07773321589617377,100,82,0.82,1801.6229422075437,inf,0.4754661625220371,1.0,0.7377330812610186,0.17000006731757755,0.4104250001682939,0.38984552248553916
1126,12518.065591995768,51,435,0.11724137931034483,173788.45784675173,3407.6168205245435,34.75769156935034,0.07990273923988585,100,82,0.82,1808.5551387805033,inf,0.47660304276000254,1.0,0.7383015213800013,0.1708006089299423,0.4104270015223248,0.3898637846674707
1127,12529.182879377648,51,435,0.11724137931034483,173462.98606718966,3401.2350209252872,34.69259721343794,0.07975309704238608,100,81,0.81,1799.42635585931,inf,0.4815070696492083,1.0,0.7407535348246042,0.16949978110889097,0.40542374945277226,0.3898775789624931
1128,12540.300166759527,51,435,0.11724137931034483,173126.16040267836,3394.630596130948,34.62523208053567,0.07959823466789809,100,79,0.79,1779.4613646081862,inf,0.4911548956080934,1.0,0.7455774478040467,0.1670103934319257,0.3954175259835798,0.38988248591291036
1129,12551.417454141407,51,435,0.11724137931034483,172826.4028163867,3388.752996399739,34.56528056327733,0.07946041508799385,100,79,0.79,1785.7181087875608,inf,0.49214346118843466,1.0,0.7460717305942173,0.16669434224688828,0.39541673585561726,0.38988738347923135
1130,12562.534741523286,52,435,0.11954022988505747,177477.0530164693,3413.020250316717,35.495410603293855,0.08159864506504334,100,78,0.78,1779.9388989950514,inf,0.497670468243228,1.0,0.748835234121614,0.1663817054717147,0.3904159542636793,0.38988785082740507
1131,12573.652028905166,52,435,0.11954022988505747,177173.1971349346,3407.1768679795114,35.434639426986905,0.08145894121146414,100,78,0.78,1785.0283290757025,inf,0.49846441933580965,1.0,0.7492322096679048,0.16611336577177965,0.39041528341442944,0.3898883167572523
1132,12584.769316287046,51,435,0.11724137931034483,171872.7503564477,3370.0539285577984,34.37455007128955,0.07902195418687252,100,77,0.77,1773.105647588422,inf,0.503058269728617,1.0,0.7515291348643085,0.16374640966128207,0.3854093660241532,0.3898843635792001
1133,12595.886603668925,51,435,0.11724137931034483,171475.28311623746,3362.2604532595583,34.295056623247504,0.07883921062815519,100,76,0.76,1764.8471974415863,inf,0.5082567740111211,1.0,0.7541283870055606,0.1623554118112973,0.3804058885295282,0.3898760051355937
1134,12607.003891050805,51,435,0.11724137931034483,171105.47333481046,3355.009281074715,34.221094666962095,0.0786691831424416,100,75,0.75,1751.0997435746035,inf,0.5126649615361907,1.0,0.7563324807680953,0.1611683511871731,0.37540292087796795,0.3898632535195077
1135,12618.121178432684,52,435,0.11954022988505747,175749.62096708885,3379.800403213247,35.14992419341777,0.0808044234331443,100,75,0.75,1755.5381035131913,inf,0.5133307155269786,1.0,0.7566653577634893,0.16206953283482745,0.37540517383208705,0.3898505263366842
1136,12629.238465814564,52,435,0.11954022988505747,175387.80418356936,3372.8423881455647,35.07756083671388,0.08063807088899742,100,76,0.76,1777.2995347665308,inf,0.5101495292845126,1.0,0.7550747646422563,0.1627816531233705,0.38040695413280845,0.3898422206443325
1137,12640.355753196443,53,435,0.12183908045977011,180018.7337470997,3396.579882020749,36.003746749419946,0.08276723390671252,100,76,0.76,1782.0358689269633,inf,0.5108694520768985,1.0,0.7554347260384493,0.1636662539341316,0.38040916563483534,0.38983393149230305
1138,12651.473040578323,54,435,0.12413793103448276,184695.70290338853,3420.290794507195,36.9391405806777,0.08491756455328207,100,78,0.78,1816.0500384737545,inf,0.5033038060019056,1.0,0.7516519030009527,0.16663283077616464,0.3904165820769404,0.3898344430380315
1139,12662.590327960203,52,435,0.11954022988505747,174407.23558568105,3353.9852997246353,34.88144711713621,0.08018723475203726,100,78,0.78,1823.581479817276,inf,0.504478710851495,1.0,0.7522393554257475,0.16397393966314494,0.39040993484915787,0.3898349478554097
1140,12673.707615342082,52,435,0.11954022988505747,174288.86474460986,3351.7089373963436,34.857772948921976,0.08013281137683213,100,78,0.78,1827.8931585736236,inf,0.5051513327374854,1.0,0.7525756663687426,0.1637785725040447,0.39040944643126013,0.38983545135985825
1141,12684.824902723962,53,435,0.12183908045977011,179245.9540530494,3381.999133076404,35.84919081060989,0.08241193289795377,100,78,0.78,1826.4582112697942,inf,0.5049274809580879,1.0,0.752463740479044,0.1649740962094549,0.39041243524052366,0.38983595659968373
1142,12695.942190105841,53,435,0.12183908045977011,179232.0789637782,3381.7373389392114,35.846415792755636,0.08240555354656467,100,77,0.77,1817.2828319401665,inf,0.5098615561187855,1.0,0.7549307780593928,0.16373738774358593,0.38540934346935896,0.389832083797295
1143,12707.05947748772,53,435,0.12183908045977011,179240.81660552762,3381.902200104295,35.84816332110553,0.08240957085311616,100,78,0.78,1836.3582585767936,inf,0.5064718883379797,1.0,0.7532359441689899,0.1645868133420631,0.39041146703335516,0.3898325902511727
1144,12718.1767648696,53,435,0.12183908045977011,179242.98741833,3381.9431588364155,35.848597483666,0.08241056892796782,100,77,0.77,1825.53686462806,inf,0.5111326771527213,1.0,0.7555663385763607,0.16342211517580352,0.3854085552879395,0.3898287264651786
1145,12729.29405225148,52,435,0.11954022988505747,174218.8827157261,3350.363129148579,34.84377654314522,0.08010063573136832,100,77,0.77,1829.8539026342476,inf,0.5117975010056741,1.0,0.7558987505028371,0.1621009426142656,0.38540525235653567,0.3898248665401274
1146,12740.41133963336,54,435,0.12413793103448276,184102.079903614,3409.297775992852,36.82041598072281,0.08464463443844324,100,76,0.76,1817.0099399687135,inf,0.5161855108752446,1.0,0.7580927554376222,0.16327593950041053,0.380408189848751,0.3898166567086615
1147,12751.52862701524,54,435,0.12413793103448276,184048.3806151738,3408.303344725441,36.80967612303477,0.08461994511042475,100,75,0.75,1801.942854585052,inf,0.5202914281877579,1.0,0.760145714093879,0.1622371155082729,0.37540559278877067,0.3898041035170936
1148,12762.645914397119,54,435,0.12413793103448276,184068.16430055015,3408.669709269447,36.813632860110026,0.0846290410577242,100,73,0.73,1771.0171096874258,inf,0.5285684980143642,1.0,0.7642842490071822,0.160172396025271,0.36540043099006314,0.3897828644635453
1149,12773.763201778998,54,435,0.12413793103448276,184152.58270562068,3410.2330130670493,36.83051654112413,0.08466785411752674,100,74,0.74,1781.1227627379785,inf,0.5236061688852209,1.0,0.7618030844426105,0.16143238483745814,0.37040358096209364,0.3897660129126745
1150,12784.880489160878,54,435,0.12413793103448276,184162.34243517878,3410.413748799607,36.83246848703574,0.08467234134950745,100,73,0.73,1758.2255597896042,inf,0.526700931729282,1.0,0.7633504658646411,0.16066093774243317,0.36540165234435606,0.3897448449191312
1151,12795.997776542757,54,435,0.12413793103448276,184151.32021380618,3410.2096335890033,36.830264042761236,0.08466727366152008,100,77,0.77,1803.2862527382647,inf,0.5077060829216926,1.0,0.7538530414608463,0.16540711610033693,0.38541351779025085,0.38974108508655403
1152,12807.115063924637,55,435,0.12643678160919541,189164.1819332466,3439.3487624226655,37.83283638664932,0.0869720376704582,100,77,0.77,1796.108838821632,inf,0.5066007611785314,1.0,0.7533003805892657,0.1668358285405962,0.3854170895713515,0.38973733487361806
1153,12818.232351306517,55,435,0.12643678160919541,189175.49516709847,3439.554457583609,37.83509903341971,0.08697723915728668,100,77,0.77,1790.076770872599,inf,0.5056718227143803,1.0,0.7528359113571901,0.16707066390004832,0.38541767665975013,0.3897335916689267
1154,12829.349638688396,55,435,0.12643678160919541,189223.22348877057,3440.422245250374,37.84464469775413,0.08699918321322787,100,76,0.76,1769.4101323015584,inf,0.5089503401098369,1.0,0.7544751700549184,0.1662620065791548,0.3804156550164479,0.3897255241913055
1155,12840.466926070276,55,435,0.12643678160919541,189263.38274288777,3441.1524135070504,37.85267654857755,0.08701764723810931,100,76,0.76,1764.8476450546107,inf,0.5082568420483008,1.0,0.7541284210241503,0.16644461310697944,0.38041611153276744,0.3897174710661684
1156,12851.584213452155,55,435,0.12643678160919541,189301.41692391556,3441.843944071192,37.8602833847831,0.08703513421789219,100,77,0.77,1774.9888366407506,inf,0.5033482808426757,1.0,0.7516741404213378,0.16768049689827713,0.3854192012422457,0.389713756053356
1157,12862.701500834035,55,435,0.12643678160919541,189372.37516708462,3443.1340939469933,37.87447503341694,0.08706775869751021,100,75,0.75,1741.2390934383334,inf,0.5111858640157501,1.0,0.755592932007875,0.16573741334481756,0.37541434353336206,0.3897014076833042
1158,12873.818788215915,55,435,0.12643678160919541,189475.61050423994,3445.01110007709,37.89512210084799,0.08711522322034021,100,74,0.74,1725.5460339643244,inf,0.51538081302672,1.0,0.7576904065133601,0.1647124083534901,0.37041178102088373,0.3896847643470985
1159,12884.936075597794,56,435,0.12873563218390804,194596.17129273555,3474.9316302274206,38.919234258547114,0.08946950404263704,100,73,0.73,1710.387107905863,inf,0.519716517754256,1.0,0.759858258877128,0.1648056225827545,0.3654120140564569,0.38966383956236517
1160,12896.053362979674,56,435,0.12873563218390804,194662.05396459447,3476.1081065106155,38.932410792918894,0.08949979492625033,100,74,0.74,1727.2557215557144,inf,0.5156338467902457,1.0,0.7578169233951229,0.16584143576556376,0.3704146035894139,0.3896472596864195
1161,12907.170650361553,55,435,0.12643678160919541,189712.22508365204,3449.313183339128,37.94244501673041,0.08722401153271359,100,73,0.73,1707.9559582492766,inf,0.5193615699043945,1.0,0.7596807849521973,0.1637716132902582,0.36540942903322565,0.3896264009681293
1162,12918.287937743433,56,435,0.12873563218390804,194700.21372125164,3476.7895307366366,38.940042744250334,0.0895173396419548,100,72,0.72,1686.7471379795393,inf,0.5228915878690537,1.0,0.7614457939345268,0.164035772853714,0.36041008943213426,0.38960127946207945
1163,12929.405225125312,55,435,0.12643678160919541,189688.68863109985,3448.885247838179,37.937737726219986,0.08721319017521836,100,74,0.74,1718.4029376649721,inf,0.5143236347744159,1.0,0.7571618173872079,0.16502568639400528,0.370412564215985,0.3895847943115244
1164,12940.522512507192,54,435,0.12413793103448276,184646.12893876902,3419.372758125352,36.92922578775381,0.08489477192587082,100,76,0.76,1743.929880852896,inf,0.5050773418896403,1.0,0.7525386709448201,0.16617805049052536,0.3804154451262263,0.3895769236255284
1165,12951.639799889072,54,435,0.12413793103448276,184618.6903400749,3418.8646359273134,36.92373806801498,0.08488215647819534,100,77,0.77,1759.938029076271,inf,0.5010304564777457,1.0,0.7505152282388728,0.16718346411966128,0.38541795866029915,0.3895733567602066
1166,12962.757087270951,54,435,0.12413793103448276,184622.28844825318,3418.931267560244,36.92445768965064,0.08488381078080606,100,76,0.76,1743.4013853217273,inf,0.5049970105689027,1.0,0.7524985052844513,0.1661926527481774,0.38041548163187044,0.3895655093950581
1167,12973.87437465283,53,435,0.12183908045977011,179645.93290076108,3389.545903787945,35.929186580152226,0.08259583121874076,100,76,0.76,1743.7813421743658,inf,0.5050547640105035,1.0,0.7525273820052518,0.16503422460674444,0.38041258556151686,0.38955767298766636
1168,12984.99166203471,52,435,0.11954022988505747,174570.13465428437,3357.1179741208534,34.91402693085686,0.08026213087553302,100,76,0.76,1743.2945332316433,inf,0.5049807690512097,1.0,0.7524903845256048,0.16388587317496406,0.38040971468293744,0.38954984753146044
1169,12996.10894941659,53,435,0.12183908045977011,179509.26714372713,3386.967304598625,35.901853428745426,0.08253299638792051,100,76,0.76,1743.0850483202491,inf,0.5049489273446779,1.0,0.752474463672339,0.16502926635779075,0.3804125731658945,0.38954203789525055
1170,13007.22623679847,53,435,0.12183908045977011,179410.1549713756,3385.0972636108604,35.88203099427511,0.08248742757304624,100,76,0.76,1743.704575793512,inf,0.5050430955206139,1.0,0.7525215477603069,0.1649829399063697,0.3804124573497659,0.3895342414985422
1171,13018.343524180349,53,435,0.12183908045977011,179348.40023655767,3383.9320799350503,35.86968004731153,0.08245903459152076,100,76,0.76,1744.4449691307168,inf,0.505155635307869,1.0,0.7525778176539345,0.16494060846879316,0.380412351521172,0.3895264583159676
1172,13029.460811562229,53,435,0.12183908045977011,179325.09483876053,3383.492355448312,35.86501896775211,0.08244831946609679,100,75,0.75,1728.9886129863103,inf,0.5093482919479465,1.0,0.7546741459739732,0.16388708674606178,0.37540971771686515,0.38951442358399907
1173,13040.578098944108,52,435,0.11954022988505747,174340.1756291362,3352.6956851756963,34.86803512582724,0.0801564025881086,100,76,0.76,1743.232878229549,inf,0.5049713974908915,1.0,0.7524856987454458,0.16383535192133136,0.3804095883798033,0.3895066681877434
1174,13051.695386325988,52,435,0.11954022988505747,174365.5046166457,3353.18278108934,34.87310092332914,0.08016804809960722,100,76,0.76,1749.828070768768,inf,0.5059738667568527,1.0,0.7529869333784264,0.16359055736059042,0.3804089763934015,0.3894989254713227
1175,13062.812673707867,52,435,0.11954022988505747,174308.97927940372,3352.0957553731487,34.86179585588074,0.08014205943880631,100,76,0.76,1750.617880894906,inf,0.5060939178960258,1.0,0.7530469589480129,0.1635475502453967,0.3804088688756135,0.3894911958313604
1176,13073.929961089747,53,435,0.12183908045977011,179179.53467106808,3380.7459371899636,35.83590693421361,0.08238139525106578,100,74,0.74,1725.6373400061077,inf,0.515394326320904,1.0,0.757697163160452,0.16234211604530685,0.3704058552901133,0.3894749805887595
1177,13085.047248471627,57,435,0.1310344827586207,198806.45943826705,3487.8326217239833,39.76129188765341,0.09140526870724922,100,73,0.73,1712.0948631304439,inf,0.5199658500170448,1.0,0.7599829250085224,0.16571117184936346,0.3654142779296234,0.38945455554405733
1178,13096.164535853506,57,435,0.1310344827586207,198277.9037056721,3478.5597141345984,39.65558074113442,0.09116225457732051,100,73,0.73,1713.7190304010753,inf,0.5202029784385571,1.0,0.7601014892192786,0.16553038267902098,0.3654138259566975,0.38943416476408504
1179,13107.281823235386,57,435,0.1310344827586207,197796.33683282995,3470.1111725057885,39.55926736656598,0.09094084452084134,100,73,0.73,1717.3380735883038,inf,0.5207313587438924,1.0,0.7603656793719462,0.16528758257444753,0.36541321895643614,0.38941380803034975
1180,13118.399110617265,56,435,0.12873563218390804,192346.53007456602,3434.7594656172505,38.4693060149132,0.08843518624117977,100,74,0.74,1736.4516147634822,inf,0.5169948389849953,1.0,0.7584974194924976,0.16496888337434112,0.37041242220843584,0.3893977187959536
1181,13129.516397999145,58,435,0.13333333333333333,201701.262158118,3477.6079682434142,40.340252431623604,0.09273621248649104,100,74,0.74,1742.6371896802757,inf,0.5179103040726808,1.0,0.7589551520363405,0.16689053022507527,0.3704172263255627,0.3893816608497011
1182,13140.633685381024,58,435,0.13333333333333333,200931.37211623808,3464.334002004105,40.18627442324762,0.0923822400534428,100,74,0.74,1744.195035688129,inf,0.5181408652818431,1.0,0.7590704326409216,0.16665590370626066,0.37041663975926564,0.3893656295554573
1183,13151.750972762904,59,435,0.135632183908046,205186.56125015955,3477.738326273891,41.037312250031896,0.09433864885064804,100,74,0.74,1748.8493849280223,inf,0.5188297089693473,1.0,0.7594148544846737,0.1674618971829872,0.3704186547429575,0.38934962704294673
1184,13162.868260144784,59,435,0.135632183908046,204421.09953466037,3464.764398892549,40.884219906932074,0.0939867124297289,100,75,0.75,1766.8687687605984,inf,0.5150303153140898,1.0,0.7575151576570449,0.168235777386342,0.37542058944346585,0.38933787258083746
1185,13173.985547526663,59,435,0.135632183908046,203715.00664707512,3452.7967228317816,40.74300132941502,0.09366207202164373,100,74,0.74,1760.23701601169,inf,0.5205150783697302,1.0,0.7602575391848652,0.16670226641838926,0.370416755666046,0.389321918856626
1186,13185.102834908543,57,435,0.1310344827586207,193063.6223908481,3387.0810945762823,38.61272447816962,0.08876488385786119,100,74,0.74,1764.3572711863965,inf,0.5211248761355867,1.0,0.7605624380677933,0.16410122289503393,0.37041025305723757,0.3893059865349753
1187,13196.220122290422,57,435,0.1310344827586207,192460.34002007783,3376.4971933346987,38.492068004015564,0.08848751265290934,100,76,0.76,1798.296848282939,inf,0.5133411209390069,1.0,0.7566705604695034,0.165908476091703,0.38041477119022926,0.38929850234697466
1188,13207.337409672302,58,435,0.13333333333333333,196913.86418079177,3395.0666238067547,39.38277283615834,0.0905351099681801,100,75,0.75,1790.3021059132511,inf,0.5185453158869877,1.0,0.7592726579434939,0.16563122601234315,0.37541407806503085,0.3892868249506063
1189,13218.454697054181,57,435,0.1310344827586207,191388.29017068233,3357.689301240041,38.277658034136465,0.08799461617042866,100,77,0.77,1818.0838962785253,inf,0.5099849200268928,1.0,0.7549924600134463,0.16650107807849113,0.38541625269519625,0.3892835723688791
1190,13229.571984436061,57,435,0.1310344827586207,190875.84695682288,3348.6990694179453,38.175169391364584,0.087759010095091,100,76,0.76,1806.4042976166893,inf,0.5145734532377368,1.0,0.7572867266188684,0.16523614173811124,0.3804130903543453,0.3892761244410751
1191,13240.68927181794,56,435,0.12873563218390804,185409.39373352597,3310.882030955821,37.08187874670519,0.0852456982682878,100,76,0.76,1804.577070017989,inf,0.5142957146427344,1.0,0.7571478573213672,0.1640489204734603,0.38041012230118365,0.38926868651981683
1192,13251.80655919982,57,435,0.1310344827586207,189879.05051631402,3331.2114125669127,37.97581010326279,0.08730071288106388,100,76,0.76,1802.6331788598925,inf,0.5140002431867037,1.0,0.7570001215933518,0.16515029564385603,0.38041287573910965,0.3892612633758263
1193,13262.9238465817,57,435,0.1310344827586207,189376.25004339154,3322.390351638448,37.87525000867831,0.0870695402498352,100,77,0.77,1810.7174063798266,inf,0.5088504805824933,1.0,0.7544252402912466,0.1663221499792943,0.38541580537494824,0.3892580427242343
1194,13274.04113396358,56,435,0.12873563218390804,183919.67895978433,3284.27998142472,36.783935791956864,0.08456077193553302,100,77,0.77,1808.1142694782347,inf,0.5084495974996481,1.0,0.7542247987498241,0.16516798659285448,0.38541291996648214,0.3892548250482864
1195,13285.158421345459,57,435,0.1310344827586207,188475.7227469703,3306.59162713983,37.695144549394065,0.08665550471125072,100,77,0.77,1805.1091606557743,inf,0.5079868107409892,1.0,0.7539934053704946,0.16633104967037804,0.385415827624176,0.3892516151842194
1196,13296.275708727338,58,435,0.13333333333333333,193063.99428910934,3328.6895567087818,38.612798857821865,0.0887650548455675,100,77,0.77,1801.1588781884354,inf,0.507378467241019,1.0,0.7536892336205094,0.16753791061252898,0.3854188447765313,0.38924841320392894
1197,13307.392996109218,58,435,0.13333333333333333,192583.21443604684,3320.4002488973592,38.516642887209365,0.0885440066372629,100,76,0.76,1782.1738220694854,inf,0.5108904209545618,1.0,0.7554452104772809,0.16654939807999103,0.38041637349519997,0.38924104088363787
1198,13318.510283491098,58,435,0.13333333333333333,192137.41299117435,3312.714017089213,38.427482598234874,0.08833904045571235,100,75,0.75,1767.5865011732665,inf,0.5151379751759899,1.0,0.757568987587995,0.16538502643385866,0.37541346256608465,0.3892295082912129
1199,13329.627570872977,59,435,0.135632183908046,196554.06491075768,3331.4248289958928,39.31081298215154,0.09036968501644033,100,74,0.74,1753.8805006287294,inf,0.519574314093052,1.0,0.759787157046526,0.1652912639849572,0.3704132281599624,0.3892138280577702
1200,13340.744858254857,58,435,0.13333333333333333,190981.84626356923,3292.790452820159,38.196369252713865,0.08780774540853763,100,73,0.73,1737.4453589626266,inf,0.5236670224085436,1.0,0.7618335112042718,0.16298711710213287,0.36540746779275535,0.3891940059426453
1201,13351.862145636736,59,435,0.135632183908046,195364.28553325566,3311.259076834842,39.07285710665114,0.08982266001528998,100,74,0.74,1749.7473863513537,inf,0.5189626131800003,1.0,0.7594813065900001,0.16517067671264496,0.3704129266917816,0.38917838108469943
1202,13362.979433018616,59,435,0.135632183908046,194774.3071081995,3301.2594425118555,38.954861421639905,0.08955140556698829,100,73,0.73,1736.2148444784887,inf,0.5234873672938594,1.0,0.7617436836469297,0.16390386096002935,0.3654097596524001,0.3891586232946476
1203,13374.096720400496,59,435,0.135632183908046,194245.02385756178,3292.2885399586744,38.84900477151237,0.08930805694600545,100,72,0.72,1723.8558206479127,inf,0.5282352381732994,1.0,0.7641176190866497,0.16259521892967788,0.36040648804732417,0.3891347427836449
1204,13385.214007782375,59,435,0.135632183908046,193776.08240047624,3284.3403796690886,38.75521648009524,0.08909245167837987,100,73,0.73,1742.897126444788,inf,0.5244629804609391,1.0,0.7622314902304695,0.16343048072395522,0.3654085762018099,0.38911505301884663
1205,13396.331295164255,60,435,0.13793103448275862,198364.92033129293,3306.082005521549,39.672984066258586,0.09120226222128411,100,72,0.72,1732.1023507340326,inf,0.5294227385057007,1.0,0.7647113692528503,0.16324544648421685,0.3604081136162105,0.38909124958650615
1206,13407.448582546134,61,435,0.14022988505747128,202975.4292340084,3327.466053016531,40.595085846801666,0.09332203642942911,100,72,0.72,1733.3488291049357,inf,0.5296022313911107,1.0,0.7648011156955554,0.16426046036693687,0.3604106511509173,0.3890674876988213
1207,13418.565869928014,61,435,0.14022988505747128,202645.08713780995,3322.0506088165566,40.52901742756198,0.09317015500588961,100,73,0.73,1749.7018781144623,inf,0.5254564742047115,1.0,0.7627282371023558,0.16522095895176692,0.3654130523973794,0.3890479062126446
1208,13429.683157309893,61,435,0.14022988505747128,202375.11837430284,3317.6248913820136,40.475023674860566,0.09304603143646108,100,73,0.73,1750.3780671259885,inf,0.5255551978003943,1.0,0.7627775989001971,0.16513421626813202,0.36541283554067033,0.3890283569399631
1209,13440.800444691773,60,435,0.13793103448275862,197096.16363062634,3284.936060510439,39.419232726125266,0.09061892580718452,100,73,0.73,1750.3662188393926,inf,0.5255534679505512,1.0,0.7627767339752756,0.1639210959159545,0.3654098027397899,0.389008837473682
1210,13451.917732073653,61,435,0.14022988505747128,201777.79534278534,3307.8327105374647,40.35555906855707,0.09277140015760246,100,73,0.73,1752.5194129268693,inf,0.5258678342873229,1.0,0.7629339171436614,0.16491874150697056,0.3654122968537674,0.3889893523038885
1211,13463.035019455532,61,435,0.14022988505747128,201415.46391422764,3301.892851052912,40.28309278284554,0.09260481099504722,100,73,0.73,1756.0960740312546,inf,0.5263900268085633,1.0,0.7631950134042816,0.1647048987953828,0.36541176224698846,0.3889698988467458
1212,13474.152306837412,61,435,0.14022988505747128,201039.63755756343,3295.731763238745,40.2079275115127,0.09243201726784529,100,73,0.73,1757.0902503705695,inf,0.5265351765541032,1.0,0.7632675882770517,0.16458221449539678,0.3654114555362385,0.38895047721170006
1213,13485.269594219291,61,435,0.14022988505747128,200683.14192304894,3289.8875725089993,40.136628384609786,0.09226811122898801,100,72,0.72,1741.7617330004,inf,0.5308136895520575,1.0,0.7654068447760287,0.16343063322647966,0.3604085765830662,0.3889269665851526
1214,13496.38688160117,61,435,0.14022988505747128,200352.34879117797,3284.464734281606,40.070469758235596,0.09211602243272551,100,72,0.72,1743.8908461379833,inf,0.5311202818438696,1.0,0.7655601409219348,0.16327794075539537,0.36040819485188846,0.3889034943450429
1215,13507.50416898305,62,435,0.1425287356321839,204858.68252063062,3304.1722987198486,40.97173650412611,0.09418790000948532,100,73,0.73,1764.6220921702989,inf,0.5276348254568636,1.0,0.7638174127284318,0.16518524364052678,0.3654129631091013,0.38888417647396073
1216,13518.62145636493,61,435,0.14022988505747128,199446.096335981,3269.6081366554263,39.8892192671962,0.09169935463723264,100,72,0.72,1752.539497562586,inf,0.5323656876490124,1.0,0.7661828438245062,0.16275825540636324,0.3604068956385159,0.38886077690055443
1217,13529.73874374681,61,435,0.14022988505747128,199080.92037310425,3263.6216454607256,39.81618407462086,0.09153145764280657,100,72,0.72,1754.5089543869974,inf,0.5326492894317276,1.0,0.7663246447158638,0.16260340646347138,0.3604065085161587,0.3888374154322586
1218,13540.85603112869,60,435,0.13793103448275862,193792.4522360749,3229.8742039345816,38.75849044721497,0.08909997803957463,100,71,0.71,1742.6841978884154,inf,0.537461156100155,1.0,0.7687305780500775,0.1601846999947486,0.35540046174998685,0.38880998560971364
1219,13551.973318510569,61,435,0.14022988505747128,198500.98387947807,3254.1144898275093,39.70019677589561,0.09126482017447267,100,71,0.71,1745.2530749824004,inf,0.5378259366475009,1.0,0.7689129683237504,0.16117592592536106,0.3554029398148134,0.3887826027852916
1220,13563.090605892448,62,435,0.1425287356321839,203240.04445071323,3278.06523307602,40.64800889014264,0.09344369859802906,100,70,0.7,1732.3033809881792,inf,0.5425224733383451,1.0,0.7712612366691726,0.1610912309644283,0.3504027280774111,0.3887511696364727
1221,13574.207893274328,60,435,0.13793103448275862,192971.84914120875,3216.1974856868123,38.594369828241746,0.08872268926032585,100,71,0.71,1747.6276706254032,inf,0.5381631292288073,1.0,0.7690815646144036,0.15982056232296116,0.35539955140580737,0.38872387698652944
1222,13585.325180656208,60,435,0.13793103448275862,192775.92014242205,3212.932002373701,38.55518402848442,0.08863260696203315,100,72,0.72,1761.575254404996,inf,0.5336668366343195,1.0,0.7668334183171597,0.16089959432243672,0.3604022489858061,0.3887007194820317
1223,13596.442468038087,59,435,0.135632183908046,187684.5234490974,3181.093617781312,37.53690468981947,0.08629173491912523,100,72,0.72,1761.5401871787062,inf,0.5336617869537337,1.0,0.7668308934768668,0.1597304207211292,0.3603993260518028,0.3886775974285756
1224,13607.559755419967,59,435,0.135632183908046,187723.93264571764,3181.7615702664007,37.54478652914352,0.08630985408998511,100,74,0.74,1793.0194829336538,inf,0.5253668834741808,1.0,0.7626834417370905,0.16181320617644734,0.37040453301544113,0.3886626806412996
1225,13618.677042801846,60,435,0.13793103448275862,192853.00110205953,3214.2166850343256,38.57060022041192,0.08866804648370556,100,73,0.73,1780.7519764714996,inf,0.529989788564839,1.0,0.7649948942824195,0.161836576100643,0.3654045914402516,0.3886437099323265
1226,13629.794330183726,60,435,0.13793103448275862,193076.94383671926,3217.949063945321,38.61538876734386,0.08877100866056059,100,72,0.72,1763.7987281892301,inf,0.5339870168592491,1.0,0.7669935084296245,0.16088875011546805,0.36040222187528864,0.3886206932346435
1227,13640.911617565605,61,435,0.14022988505747128,198358.18950144685,3251.7735983843745,39.671637900289376,0.09119916758687213,100,75,0.75,1805.3264601030578,inf,0.5207989690154586,1.0,0.7603994845077293,0.16539984153957143,0.37541349960384895,0.3886099381909702
1228,13652.028904947485,62,435,0.1425287356321839,203695.15073421647,3285.4056570034913,40.73903014684329,0.09365294286630642,100,75,0.75,1800.8843984086334,inf,0.5201326597612951,1.0,0.7600663298806476,0.16679330649282942,0.3754169832662321,0.38859920348395255
1229,13663.146192329365,62,435,0.1425287356321839,204050.25716390542,3291.1331800629905,40.81005143278109,0.09381621019030136,100,75,0.75,1796.979615755768,inf,0.5195469423633652,1.0,0.7597734711816826,0.16702136950430935,0.37541755342376076,0.3885884866952857
1230,13674.263479711244,64,435,0.1471264367816092,214469.61632278265,3351.087755043479,42.893923264556534,0.09860672014840582,100,74,0.74,1780.1206053812246,inf,0.5234578495964213,1.0,0.7617289247982106,0.16843889767509757,0.37042109724418776,0.38857372845852606
1231,13685.380767093124,64,435,0.1471264367816092,214932.554979079,3358.3211715481093,42.9865109958158,0.09881956550762253,100,76,0.76,1806.3255835641808,inf,0.5145614887017554,1.0,0.7572807443508778,0.17076941057837236,0.3804269235264459,0.38856711579218506
1232,13696.498054475003,64,435,0.1471264367816092,215404.39802968205,3365.693719213782,43.0808796059364,0.09903650484123311,100,75,0.75,1791.2267452296385,inf,0.5186840117844457,1.0,0.7593420058922229,0.16984724947450514,0.37542461812368627,0.3885564568321944
1233,13707.615341856883,65,435,0.14942528735632185,220818.3542227138,3397.205449580212,44.16367084454275,0.10152568010239713,100,74,0.74,1768.6394696267157,inf,0.5217586415047539,1.0,0.760879320752377,0.1703231796750101,0.3704258079491875,0.38854176424801046
1234,13718.732629238762,65,435,0.14942528735632185,221271.95689007922,3404.183952155065,44.254391378015846,0.10173423305290999,100,74,0.74,1761.9178071362912,inf,0.5207638354561711,1.0,0.7603819177280855,0.1706761576624123,0.37042669039415604,0.3885270961720154
1235,13729.849916620642,65,435,0.14942528735632185,221665.41818906352,3410.2372029086696,44.33308363781271,0.10191513479956946,100,73,0.73,1740.3690467591405,inf,0.5240938808268345,1.0,0.7620469404134173,0.16993409719307612,0.3654248352429827,0.3885084050223965
1236,13740.967204002522,65,435,0.14942528735632185,222093.7562640532,3416.8270194469724,44.418751252810644,0.1021120718455417,100,73,0.73,1736.818060087616,inf,0.523575436772792,1.0,0.7617877183863959,0.1701621767295729,0.36542540544182395,0.3884897445538592
1237,13752.084491384401,65,435,0.14942528735632185,222580.4944380985,3424.315299047669,44.5160988876197,0.10233585951176942,100,74,0.74,1748.008616262775,inf,0.5187052752068906,1.0,0.7593526376034453,0.17149161095416204,0.3704287290273854,0.38847515568832897
1238,13763.20177876628,66,435,0.15172413793103448,228109.70666442858,3456.207676733766,45.62194133288572,0.10487802605261085,100,74,0.74,1743.8529291408918,inf,0.5180902335128519,1.0,0.7590451167564259,0.1729164546480924,0.37043229113662024,0.3884605932472057
1239,13774.31906614816,66,435,0.15172413793103448,228690.45723720852,3465.0069278364927,45.738091447441704,0.10514503781021081,100,74,0.74,1735.0679124089938,inf,0.5167900510365311,1.0,0.7583950255182655,0.17337500614597262,0.37043343751536495,0.3884460552183897
1240,13785.43635353004,65,435,0.14942528735632185,224301.76829441404,3450.7964352986774,44.86035365888281,0.1031272497905352,100,73,0.73,1715.00436279023,inf,0.5203906369673736,1.0,0.7601953184836868,0.17146596565342415,0.36542866491413356,0.38842750776447815
1241,13796.55364091192,63,435,0.14482758620689656,214829.32876645966,3409.98934549936,42.96586575329193,0.09877210517998145,100,74,0.74,1725.794724371786,inf,0.5154176192070242,1.0,0.7577088096035121,0.1705316477882347,0.3704263291194706,0.3884130140618654
1242,13807.670928293799,61,435,0.14022988505747128,205283.56566163365,3365.3043551087485,41.05671313232673,0.09438324858006145,100,73,0.73,1707.9491819755417,inf,0.5193605805684292,1.0,0.7596802902842146,0.16735147914792348,0.3654183786978698,0.3883945147574696
1243,13818.788215675679,61,435,0.14022988505747128,205730.99163308865,3372.639207099814,41.14619832661773,0.09458896167038558,100,73,0.73,1704.5198681240104,inf,0.5188599007461056,1.0,0.7594299503730528,0.16757950564866642,0.3654189487641217,0.38837604565297335
1244,13829.905503057558,60,435,0.13793103448275862,201202.0862306859,3353.3681038447653,40.240417246137184,0.09250670631295904,100,73,0.73,1703.3615716517656,inf,0.5186907894611578,1.0,0.7593453947305788,0.16658065579119008,0.36541645163947795,0.38835760421199866
1245,13841.022790439438,61,435,0.14022988505747128,206688.88395498766,3388.3423599178304,41.33777679099753,0.09502937193332765,100,73,0.73,1703.7935499190303,inf,0.5187538582881784,1.0,0.7593769291440893,0.16782622139461922,0.36541956555348654,0.38833919487118124
1246,13852.140077821317,60,435,0.13793103448275862,202103.37854251874,3368.389642375312,40.42067570850375,0.09292109358276725,100,73,0.73,1704.2303677152274,inf,0.5188176336864232,1.0,0.7594088168432116,0.16675613836977787,0.36541689034592445,0.38832081291085624
1247,13863.257365203197,60,435,0.13793103448275862,202449.89345940255,3374.1648909900423,40.48997869188052,0.09308041078593224,100,72,0.72,1685.189900279923,inf,0.5226673456403088,1.0,0.7613336728201544,0.1658733689828889,0.3604146834224572,0.3882984522301764
1248,13874.374652585077,61,435,0.14022988505747128,207814.9274258736,3406.802088948748,41.56298548517472,0.09554709306936718,100,73,0.73,1700.8849043793257,inf,0.5183291960393815,1.0,0.7591645980196908,0.16819124752483816,0.36542047811881206,0.388280135197261
1249,13885.491939966956,61,435,0.14022988505747128,208220.2094307077,3413.44605624111,41.64404188614155,0.09573342962331391,100,74,0.74,1720.2276670757074,inf,0.5145936947272047,1.0,0.7572968473636024,0.16921829112985576,0.37042304572782464,0.38826584952568544
1250,13896.609227348836,61,435,0.14022988505747128,208597.28334140067,3419.6275957606667,41.719456668280124,0.095906796938575,100,74,0.74,1719.4610068467064,inf,0.5144802290133126,1.0,0.7572401145066563,0.16933334121595933,0.3704233333530399,0.38825158692282963
1251,13907.726514730715,61,435,0.14022988505747128,208968.66072870555,3425.7157496509108,41.79373214574112,0.09607754516262326,100,77,0.77,1762.1741928738031,inf,0.5013748257025656,1.0,0.7506874128512828,0.1726950661556702,0.3854317376653892,0.3882493346470649
1252,13918.843802112595,60,435,0.13793103448275862,204286.86758697667,3404.7811264496113,40.85737351739534,0.09392499659171342,100,76,0.76,1745.6514067834355,inf,0.5053390138310822,1.0,0.7526695069155411,0.17062774483808618,0.38042656936209523,0.38824309141858526
1253,13929.961089494474,60,435,0.13793103448275862,204591.32748742297,3409.8554581237163,40.9182654974846,0.09406497815513701,100,76,0.76,1747.7519011813235,inf,0.5056582889795611,1.0,0.7528291444897806,0.17061791683267824,0.3804265447920817,0.38823685812781455
1254,13941.078376876354,60,435,0.13793103448275862,204855.48722339072,3414.2581203898453,40.97109744467815,0.09418643090730609,100,75,0.75,1733.016907050708,inf,0.5099525360576062,1.0,0.754976268028803,0.16960508143925157,0.37542401270359815,0.3882266486892295
1255,13952.195664258234,61,435,0.14022988505747128,210141.0797835333,3444.9357341562836,42.02821595670666,0.09661658840622221,100,77,0.77,1766.4836201647583,inf,0.5020384775053727,1.0,0.7510192387526864,0.17279867482676792,0.3854319966870669,0.38822442364782656
1256,13963.312951640113,61,435,0.14022988505747128,210451.6212340263,3450.0265776069887,42.09032424680526,0.09675936608460979,100,78,0.78,1785.0473065046344,inf,0.4984673798147231,1.0,0.7492336899073615,0.17376283808862414,0.3904344070952216,0.3882261817889939
1257,13974.430239021993,60,435,0.13793103448275862,205704.63060299822,3428.4105100499705,41.14092612059964,0.09457684165655089,100,79,0.79,1799.87974782085,inf,0.4943810001556944,1.0,0.7471905000778472,0.17369317078935187,0.3954342329269734,0.3882319115593738
1258,13985.547526403872,61,435,0.14022988505747128,210980.96671786462,3458.70437242401,42.19619334357293,0.09700274331855846,100,78,0.78,1787.0469512363754,inf,0.4987793243928745,1.0,0.7493896621964372,0.17380654056106065,0.39043451635140264,0.38823366104689727
1259,13996.664813785752,63,435,0.14482758620689656,221175.66262268648,3510.724803534706,44.23513252453729,0.10168995982652251,100,78,0.78,1792.398275104252,inf,0.49961413091626333,1.0,0.7498070654581317,0.17594144718419547,0.3904398536179605,0.38823541199338224
1260,14007.782101167631,62,435,0.1425287356321839,216161.21855077718,3486.471266948019,43.23224371015544,0.0993844682992079,100,78,0.78,1797.312375864855,inf,0.5003807306349174,1.0,0.7501903653174586,0.17459705149087468,0.3904364926287272,0.3882371574974547
1261,14018.899388549511,62,435,0.1425287356321839,216148.67705790096,3486.2689848048544,43.229735411580194,0.09937870209558665,100,76,0.76,1777.8698554342006,inf,0.5102362180259985,1.0,0.7551181090129993,0.17213029654129375,0.3804303257413532,0.3882309714184087
1262,14030.01667593139,62,435,0.1425287356321839,216213.53050838946,3487.31500819983,43.242706101677896,0.09940851977397218,100,79,0.79,1827.1907169891972,inf,0.4986961332842932,1.0,0.7493480666421466,0.17503022656591283,0.3954375755664148,0.38823667735993517
1263,14041.13396331327,62,435,0.1425287356321839,216356.24905423674,3489.616920229625,43.27124981084735,0.0994741374962008,100,77,0.77,1800.9608218518188,inf,0.5073479665651801,1.0,0.75367398328259,0.17290007710680533,0.385432250192767,0.3882344586675561
1264,14052.25125069515,62,435,0.1425287356321839,216570.90276683934,3493.0790768845054,43.31418055336786,0.09957282885831692,100,78,0.78,1816.4431802906952,inf,0.5033651361253484,1.0,0.7516825680626742,0.17394513039782133,0.39043486282599454,0.3882361981174837
1265,14063.36853807703,61,435,0.14022988505747128,211824.2825731228,3472.52922251021,42.36485651462456,0.09739047474626336,100,78,0.78,1815.8192217664425,inf,0.5032677985955651,1.0,0.7516338992977826,0.17287828772424035,0.3904321957193106,0.3882379327127458
1266,14074.485825458909,60,435,0.13793103448275862,207074.93802494614,3451.2489670824357,41.414987604989214,0.09520686805744646,100,79,0.79,1832.8923841536969,inf,0.49959699669628405,1.0,0.749798498348142,0.17270418485465222,0.39543176046213663,0.3882436105562734
1267,14085.603112840789,60,435,0.13793103448275862,207353.80178718013,3455.8966964530023,41.47076035743601,0.0953350812814621,100,79,0.79,1834.2183473609336,inf,0.4998064988830276,1.0,0.7499032494415138,0.1727159159199742,0.3954317897897999,0.38824927946734084
1268,14096.720400222668,59,435,0.135632183908046,202667.30887443753,3435.039133465043,40.53346177488751,0.09318037189629313,100,80,0.8,1846.5826871816728,inf,0.4954532299490676,1.0,0.7477266149745339,0.17272687846087964,0.40043181719615223,0.3882588795758742
1269,14107.837687604548,58,435,0.13333333333333333,197923.12380389887,3412.46765179136,39.584624760779775,0.09099913738110293,100,81,0.81,1856.8610784790146,inf,0.49081149471360036,1.0,0.7454057473568002,0.1727966950121514,0.4054319917375304,0.38827240171143457
1270,14118.954974986427,57,435,0.1310344827586207,193132.7743840935,3388.294287440237,38.6265548768187,0.08879667787774415,100,81,0.81,1856.1582584813593,inf,0.49069763787398024,1.0,0.7453488189369901,0.17172392947037696,0.405429309823676,0.3882859004589658
1271,14130.072262368307,57,435,0.1310344827586207,193368.4501498261,3392.428949996949,38.67369002996521,0.08890503455164415,100,81,0.81,1856.3481884757707,inf,0.49072840653307487,1.0,0.7453642032665374,0.1717704156425534,0.4054294260391064,0.38829937807341564
1272,14141.189549750186,56,435,0.12873563218390804,188587.48044971988,3367.6335794592837,37.71749608994398,0.0867068875630896,100,79,0.79,1825.7243356364793,inf,0.49846444503056375,1.0,0.7492322225152819,0.16873733252390388,0.39542184333130975,0.38830497309718454
1273,14152.306837132066,56,435,0.12873563218390804,188829.0004860219,3371.9464372503908,37.76580009720438,0.0868179312579411,100,78,0.78,1810.6503858111253,inf,0.5024614601865355,1.0,0.7512307300932677,0.16779360058233672,0.3904194840014559,0.3883066328388677
1274,14163.424124513946,55,435,0.12643678160919541,184001.37955537564,3345.479628279557,36.80027591107513,0.08459833542775892,100,78,0.78,1809.4486532763815,inf,0.5022739899111156,1.0,0.7511369949555577,0.16673067023610055,0.39041682667559024,0.38830828789285726
1275,14174.541411895825,56,435,0.12873563218390804,189142.3016960412,3377.5411017150213,37.828460339208235,0.0869619777912833,100,78,0.78,1807.099341604478,inf,0.5019074972902987,1.0,0.7509537486451494,0.16800411457306696,0.3904200102864327,0.38830994284771114
1276,14185.658699277705,56,435,0.12873563218390804,189246.38071883772,3379.399655693531,37.84927614376754,0.08700983021555757,100,79,0.79,1820.865660082136,inf,0.49769677429297743,1.0,0.7488483871464887,0.1690807215345344,0.3954227018038364,0.38831551274509263
1277,14196.775986659584,55,435,0.12643678160919541,184406.1216842085,3352.8385760765186,36.88122433684171,0.08478442376285451,100,78,0.78,1808.0400888137763,inf,0.502054253854949,1.0,0.7510271269274744,0.16687864841769007,0.39041719662104424,0.38831715725516774
1278,14207.893274041464,56,435,0.12873563218390804,189599.84159735672,3385.7114570956555,37.91996831947135,0.08717234096430196,100,76,0.76,1778.0378878515955,inf,0.5102617589534425,1.0,0.7551308794767213,0.1660207307437903,0.3804150518268595,0.3883109789084685
1279,14219.010561423343,56,435,0.12873563218390804,189841.1322557352,3390.020218852414,37.96822645114704,0.08728327919803917,100,74,0.74,1745.2880220406018,inf,0.518302627262009,1.0,0.7591513136310045,0.1640659827835173,0.3704101649569588,0.3882969938975689
1280,14230.127848805223,56,435,0.12873563218390804,190139.417756161,3395.3467456457324,38.02788355123221,0.08742042195685565,100,76,0.76,1773.9713006208785,inf,0.5096436376943735,1.0,0.7548218188471867,0.16629930155483452,0.3804157482538871,0.3882908414809852
1281,14241.245136187103,55,435,0.12643678160919541,185425.8316085895,3371.378756519809,37.0851663217179,0.08525325591199517,100,76,0.76,1769.0557115109286,inf,0.508896468149661,1.0,0.7544482340748305,0.16540251091858232,0.3804135062772965,0.3882846969137437
1282,14252.362423568982,55,435,0.12643678160919541,185762.3320044371,3377.49694553522,37.15246640088741,0.08540796873767222,100,78,0.78,1792.4464774158264,inf,0.49962165047686896,1.0,0.7498108252384345,0.16779857174961893,0.39041949642937407,0.3882863608260707
1283,14263.479710950862,54,435,0.12413793103448276,181098.58816523862,3353.67755861553,36.219717633047736,0.08326371869666147,100,76,0.76,1763.010441170946,inf,0.5079775870579838,1.0,0.753988793528992,0.16463746258383471,0.3804115936564596,0.38828022782983274
1284,14274.596998332741,54,435,0.12413793103448276,181461.52857184454,3360.3986772563803,36.292305714368915,0.08343058784912394,100,77,0.77,1777.0042172144704,inf,0.5036586494510285,1.0,0.7518293247255142,0.16580063156180486,0.3854145015789045,0.38827799769267246
1285,14285.714285714621,52,435,0.11954022988505747,171805.0191588724,3303.9426761321615,34.36100383177449,0.07899081340637813,100,77,0.77,1775.419840263044,inf,0.5034146554005088,1.0,0.7517073277002544,0.16364174285306188,0.38540910435713266,0.3882757668269372
1286,14296.8315730965,51,435,0.11724137931034483,167123.76096115942,3276.9364894344985,33.424752192231885,0.07683851078673996,100,79,0.79,1800.1356727380428,inf,0.4944214362926108,1.0,0.7472107181463055,0.16481389632021726,0.39541203474080056,0.3882813117126511
1287,14307.94886047838,50,435,0.11494252873563218,162436.58018362493,3248.7316036724987,32.487316036724984,0.07468348514189652,100,79,0.79,1801.0368082730008,inf,0.4945638157071341,1.0,0.7472819078535671,0.1637007886441647,0.3954092519716104,0.388286845827759
1288,14319.06614786026,50,435,0.11494252873563218,162752.528984589,3255.05057969178,32.550505796917804,0.07482874895843174,100,78,0.78,1786.1627830530929,inf,0.4986413941562826,1.0,0.7493206970781413,0.16275402594014526,0.3904068850648504,0.38828849054400194
1289,14330.18343524214,50,435,0.11494252873563218,163072.00925977278,3261.4401851954553,32.61440185195456,0.07497563644127485,100,77,0.77,1773.8175003522952,inf,0.5031678950542535,1.0,0.7515839475271268,0.16169584445707402,0.3854042396111427,0.3882862546905656
1290,14341.300722624019,50,435,0.11494252873563218,163314.80418489885,3266.296083697977,32.662960836979764,0.0750872662919075,100,78,0.78,1785.7069942566704,inf,0.49857029110404055,1.0,0.7492851455520203,0.16290106036994362,0.39040725265092485,0.38828789760145666
1291,14352.418010005898,49,435,0.11264367816091954,158567.8418884995,3236.078405887745,31.713568377699897,0.07290475489126413,100,79,0.79,1798.4478967514956,inf,0.49415476768673633,1.0,0.7470773838433682,0.16291368552394792,0.3954072842138099,0.38829340796261175
1292,14363.535297387778,49,435,0.11264367816091954,158844.37810022646,3241.722002045438,31.768875620045296,0.07303189797711562,100,78,0.78,1783.1822097945737,inf,0.4981764247279534,1.0,0.7490882123639767,0.16197184280656945,0.39040492960701645,0.3882950410033267
1293,14374.652584769658,51,435,0.11724137931034483,169086.07971743387,3315.413327792821,33.81721594348677,0.07774072630686614,100,79,0.79,1797.8188005736947,inf,0.4940553704906437,1.0,0.7470276852453218,0.16535652053077216,0.39541339130132697,0.3883005420468336
1294,14385.769872151537,51,435,0.11724137931034483,169275.5806862598,3319.129033063918,33.85511613725196,0.07782785318908497,100,79,0.79,1796.3476131267914,inf,0.49382292287403295,1.0,0.7469114614370165,0.16545819587603428,0.3954136454896901,0.3883060347908049
1295,14396.887159533417,51,435,0.11724137931034483,169470.77902386096,3322.956451448254,33.89415580477219,0.07791759955120044,100,79,0.79,1797.8632142849456,inf,0.49406238785702145,1.0,0.7470311939285107,0.1654432028113449,0.3954136080070284,0.38831151902939764
1296,14408.004446915296,51,435,0.11724137931034483,169664.66330999936,3326.7581041176345,33.93293266199988,0.07800674175172385,100,77,0.77,1772.6359782994134,inf,0.5029859406581096,1.0,0.7514929703290548,0.1632568857113345,0.3854081422142783,0.38830928049677227
1297,14419.121734297176,52,435,0.11954022988505747,174877.02371068098,3363.019686743865,34.975404742136206,0.08040322929226713,100,78,0.78,1788.9564632039103,inf,0.49907720825981,1.0,0.749538604129905,0.16543231258118107,0.39041358078145294,0.38831090168343224
1298,14430.239021679055,52,435,0.11954022988505747,175058.47647583767,3366.5091629968783,35.011695295167534,0.08048665585095985,100,77,0.77,1777.8779725709078,inf,0.5037932077759197,1.0,0.7518966038879599,0.16429502598149998,0.38541073756495375,0.388308669070562
1299,14441.356309060935,52,435,0.11954022988505747,175292.37539389826,3371.007219113428,35.05847507877965,0.0805941955834015,100,79,0.79,1809.2387275231026,inf,0.49585971894865016,1.0,0.7479298594743251,0.1663321680545382,0.39541583042013634,0.38831413611775395
1300,14452.473596442815,52,435,0.11954022988505747,175600.05807521072,3376.9241937540523,35.12001161504215,0.08073565888515437,100,78,0.78,1792.9788782905705,inf,0.499704705013329,1.0,0.7498523525066645,0.16544165318924497,0.3904136041329731,0.3883157498518164
1301,14463.590883824694,53,435,0.12183908045977011,180857.7856694773,3412.4110503674965,36.17155713389546,0.08315300490550681,100,79,0.79,1801.5077331139723,inf,0.4946382218320078,1.0,0.7473191109160039,0.16791694699475151,0.3954197923674869,0.38832120610566867
1302,14474.708171206574,53,435,0.12183908045977011,181138.53184792085,3417.7081480739785,36.227706369584176,0.08328208360823948,100,79,0.79,1797.7977425421877,inf,0.49405204332166563,1.0,0.7470260216608329,0.16812803097370332,0.3954203200774343,0.38832665438960706
1303,14485.825458588453,54,435,0.12413793103448276,186413.00805269784,3452.0927417166267,37.282601610539565,0.08570713013917142,100,80,0.8,1806.633589025707,inf,0.4890613742441131,1.0,0.7445306871220565,0.17058822150855746,0.4004264705537714,0.388335933389733
1304,14496.942745970333,53,435,0.12183908045977011,181719.1391650654,3428.6630031144414,36.34382783301309,0.08354902950117951,100,81,0.81,1815.7416233666715,inf,0.48415014298540077,1.0,0.7420750714927004,0.17073697900423962,0.40542684244751065,0.3883490298717696
1305,14508.060033352212,54,435,0.12413793103448276,186983.63587294443,3462.659923573045,37.39672717458887,0.08596948775767556,100,80,0.8,1795.077467536235,inf,0.4872123948057976,1.0,0.7436061974028988,0.17118164517738838,0.4004279541129435,0.38835827866521616
1306,14519.177320734092,54,435,0.12413793103448276,187280.7063652815,3468.161228986695,37.456141273056296,0.08610607189208344,100,77,0.77,1746.5106235640883,inf,0.4989626360288696,1.0,0.7494813180144348,0.16831237693882428,0.38542078094234705,0.388356031153569
1307,14530.294608115972,56,435,0.12873563218390804,197584.8170316669,3528.300304136909,39.516963406333375,0.09084359403754799,100,77,0.77,1737.4164054998735,inf,0.4975621264469805,1.0,0.7487810632234903,0.1710312654070289,0.3854275781635176,0.3883537922751362
1308,14541.411895497851,56,435,0.12873563218390804,197766.14579621598,3531.538317789571,39.5532291592432,0.09092696358446713,100,77,0.77,1732.1524759316685,inf,0.4967514812934769,1.0,0.7483757406467384,0.17127561146886439,0.38542818902867215,0.38835155728411525
1309,14552.52918287973,56,435,0.12873563218390804,197978.12903715065,3535.3237328062614,39.59562580743013,0.09102442714351755,100,77,0.77,1731.2611095999841,inf,0.4966142108783976,1.0,0.7483071054391988,0.17135866085215934,0.3854283966521304,0.38834932586378546
1310,14563.64647026161,57,435,0.1310344827586207,203214.8861488499,3565.173441207893,40.64297722976999,0.09343213156268963,100,76,0.76,1713.223192186678,inf,0.5004099252123752,1.0,0.7502049626061875,0.17161358447825104,0.38042903396119565,0.3883432844511977
1311,14574.76375764349,56,435,0.12873563218390804,198408.1111029518,3543.001983981282,39.68162222059036,0.09122212004733417,100,76,0.76,1710.8740559261955,inf,0.5000528565007817,1.0,0.7500264282503908,0.1705978458984717,0.3804264946147462,0.38833725031260286
1312,14585.88104502537,55,435,0.12643678160919541,193536.4601616654,3518.844730212098,38.70729203233307,0.08898228053409901,100,76,0.76,1709.2669474761094,inf,0.4998085760163686,1.0,0.7499042880081843,0.16953899626295732,0.3804238474906574,0.38833122334929593
1313,14596.99833240725,54,435,0.12413793103448276,188667.57530089866,3493.843987053679,37.73351506017974,0.08674371278202239,100,75,0.75,1694.5901698481512,inf,0.5041885254772227,1.0,0.7520942627386114,0.16732472502170548,0.37541831181255425,0.3883213961715663
1314,14608.115619789129,54,435,0.12413793103448276,188815.27032226924,3496.5790800420227,37.763054064453854,0.08681161853897437,100,77,0.77,1725.3678100428822,inf,0.49570664274660386,1.0,0.747853321373302,0.16947914858283625,0.3854236978714571,0.3883191925987145
1315,14619.232907171008,53,435,0.12183908045977011,183989.72716465118,3471.5042861254938,36.79794543293023,0.08459297800673615,100,78,0.78,1743.5559067948257,inf,0.4919947214599928,1.0,0.7459973607299963,0.16929780863836996,0.39042324452159594,0.3883207914223641
1316,14630.350194552888,54,435,0.12413793103448276,189076.93059686758,3501.424640682733,37.81538611937351,0.08693192211350231,100,78,0.78,1741.6724431832251,inf,0.49170090113658316,1.0,0.7458504505682916,0.17054073577260537,0.39042635183943153,0.38832239017742637
1317,14641.467481934767,53,435,0.12183908045977011,184156.32672663374,3474.647674087429,36.83126534532675,0.08466957550649827,100,78,0.78,1745.112089329654,inf,0.49223748593542604,1.0,0.746118742967713,0.1692754162693927,0.3904231885406735,0.38832398410638186
1318,14652.584769316647,53,435,0.12183908045977011,184199.88905969917,3475.4696048999845,36.83997781193983,0.08468960416537892,100,79,0.79,1761.0643422540768,inf,0.48824816607614424,1.0,0.7441240830380721,0.17028276056365338,0.39542570690140916,0.3883293682783265
1319,14663.702056698527,55,435,0.12643678160919541,194117.04055750745,3529.4007374092266,38.8234081115015,0.08924921404942873,100,79,0.79,1762.099260567298,inf,0.4884116831696332,1.0,0.7442058415848166,0.17252168623230607,0.39543130421558076,0.3883347485328244
1320,14674.819344080406,56,435,0.12873563218390804,198962.5159344023,3552.902070257184,39.79250318688045,0.09147701882041483,100,79,0.79,1764.4473854396565,inf,0.48878268689946575,1.0,0.7443913434497329,0.17354283768534096,0.39543385709421336,0.3883401225741275
1321,14685.936631462286,60,435,0.13793103448275862,218633.4289914318,3643.89048319053,43.72668579828636,0.1005211167776698,100,79,0.79,1768.3060583562005,inf,0.4893923572202797,1.0,0.7446961786101398,0.177912469083765,0.3954447811727094,0.3883454967485591
1322,14697.053918844165,59,435,0.135632183908046,213298.8475392014,3615.2347040542613,42.659769507840274,0.09806843565020752,100,80,0.8,1786.5415806734425,inf,0.48584665290775086,1.0,0.7429233264538755,0.177572554598166,0.4004439313864954,0.38835464144594223
1323,14708.171206226045,58,435,0.13333333333333333,207979.37101435402,3585.8512243854143,41.5958742028708,0.09562269931694438,100,82,0.82,1814.7958916765003,inf,0.4776265262349461,1.0,0.7388132631174731,0.17840471809973568,0.4104460117952493,0.38837132677097946
1324,14719.288493607924,58,435,0.13333333333333333,207674.94371597734,3580.6024778616784,41.53498874319546,0.09548273274297807,100,82,0.82,1821.2386905410112,inf,0.4786831452487259,1.0,0.739341572624363,0.1780705800593076,0.4104451764501482,0.3883879862801713
1325,14730.405780989804,58,435,0.13333333333333333,207408.13865860528,3576.0023906656083,41.48162773172106,0.0953600637510829,100,83,0.83,1837.4812699913784,inf,0.4750218908185688,1.0,0.7375109454092844,0.17892455917089928,0.41544731139792723,0.38840839301102925
1326,14741.523068371684,58,435,0.13333333333333333,207179.61217373906,3572.06227885757,41.43592243474781,0.09525499410286853,100,83,0.83,1844.9382027966728,inf,0.4762597416642478,1.0,0.7381298708321239,0.17856256163537237,0.4154464064040884,0.3884287683037143
1327,14752.640355753563,58,435,0.13333333333333333,206990.05470458244,3568.794046630732,41.398010940916485,0.09516784124348618,100,82,0.82,1840.5218241250677,inf,0.4818455791565111,1.0,0.7409227895782555,0.17712252583261534,0.4104428063145815,0.38844534513956586
1328,14763.757643135443,57,435,0.1310344827586207,201760.24147322628,3539.6533591794087,40.35204829464525,0.09276332941297759,100,83,0.83,1857.575035158947,inf,0.4783574558363852,1.0,0.7391787279181926,0.17679230074739244,0.41544198075186844,0.38846565863513566
1329,14774.874930517322,56,435,0.12873563218390804,196458.73207472634,3508.191644191542,39.29174641494527,0.0903258538274604,100,81,0.81,1832.1136664457124,inf,0.4868024139642054,1.0,0.7434012069821028,0.17346232342267887,0.4054336558085567,0.3884784165277473
1330,14785.992217899202,53,435,0.12183908045977011,181112.74582266298,3417.221619295528,36.22254916453261,0.08327022796444278,100,78,0.78,1797.120008376207,inf,0.5003507213066883,1.0,0.7501753606533441,0.16654743365554936,0.39041636858413886,0.3884798725398107
1331,14797.109505281082,51,435,0.11724137931034483,170593.24162387828,3344.965522036829,34.11864832477565,0.07843367430982907,100,79,0.79,1812.9474259822343,inf,0.4964456933051931,1.0,0.7482228466525965,0.16510541382861627,0.39541276353457155,0.38848507741292987
1332,14808.226792662961,51,435,0.11724137931034483,170085.87183843128,3335.0170948712016,34.01717436768626,0.07820040084525577,100,80,0.8,1827.4905594404743,inf,0.49239848951047593,1.0,0.7461992447552379,0.1660005780450089,0.40041500144511255,0.3884940270933741
1333,14819.34408004484,51,435,0.11724137931034483,169624.21353602622,3325.9649712946316,33.924842707205244,0.07798814415449482,100,78,0.78,1800.1731150251853,inf,0.5008270059439289,1.0,0.7504135029719645,0.1637873205912651,0.39040946830147816,0.38849546295634874
1334,14830.46136742672,51,435,0.11724137931034483,169209.49684793394,3317.8332715281167,33.841899369586784,0.07779746981514203,100,79,0.79,1814.9362331592752,inf,0.4967599248391656,1.0,0.7483799624195828,0.1647087536977796,0.3954117718842445,0.3885006437121
1335,14841.5786548086,51,435,0.11724137931034483,168843.03026044517,3310.647652165592,33.768606052089034,0.07762897943008973,100,80,0.8,1825.2713007030113,inf,0.4920434081124819,1.0,0.7460217040562409,0.1658036376869244,0.40041450909421733,0.3885095612760087
1336,14852.69594219048,50,435,0.11494252873563218,163499.96070951555,3269.9992141903112,32.69999214190311,0.07517239572851289,100,79,0.79,1809.683030904996,inf,0.4959299188829894,1.0,0.7479649594414947,0.1636037181435091,0.39540900929535877,0.3885147216709372
1337,14863.813229572359,48,435,0.1103448275862069,153064.32725389255,3188.8401511227617,30.612865450778507,0.070374403335123,100,79,0.79,1806.4914702132571,inf,0.49542565229369456,1.0,0.7477128261468473,0.16133078859413785,0.39540332697148534,0.388519870105392
1338,14874.930516954239,47,435,0.10804597701149425,147595.64624556492,3140.3328988418066,29.519129249112982,0.06786006723934018,100,78,0.78,1791.9541808900185,inf,0.4995448522188428,1.0,0.7497724261094214,0.15904382056495936,0.3903976095514124,0.3885212724500119
1339,14886.047804336118,49,435,0.11264367816091954,157025.49395601221,3204.601917469637,31.40509879120244,0.07219562940506308,100,78,0.78,1790.0166205883636,inf,0.4992425928117848,1.0,0.7496212964058924,0.1612871664995853,0.390403217916249,0.38852267688692704
1340,14897.165091717998,50,435,0.11494252873563218,161381.70033569154,3227.634006713831,32.27634006713831,0.07419848291296162,100,79,0.79,1800.7693987831371,inf,0.49452156500773575,1.0,0.7472607825038678,0.16346885020454688,0.3954086721255114,0.3885278118572765
1341,14908.282379099877,50,435,0.11494252873563218,160764.10990471795,3215.282198094359,32.15282198094359,0.0739145332895255,100,78,0.78,1787.2739253383147,inf,0.4988147323527772,1.0,0.7494073661763886,0.16225358355656844,0.39040563395889144,0.3885292111285891
1342,14919.399666481757,49,435,0.11264367816091954,155202.63234528602,3167.400660107878,31.040526469057205,0.07135753211277518,100,76,0.76,1759.9509177881203,inf,0.5075125395037943,1.0,0.7537562697518971,0.15880063118043897,0.3803970015779511,0.3885231558720362
1343,14930.516953863636,49,435,0.11264367816091954,154687.6569804916,3156.890958785543,30.93753139609832,0.07112076183011108,100,76,0.76,1762.167869128636,inf,0.5078495161075527,1.0,0.7539247580537763,0.15859800188816736,0.38039649500472045,0.388517109249367
1344,14941.634241245516,49,435,0.11264367816091954,154237.43066199185,3147.7026665712624,30.847486132398362,0.07091376122390428,100,76,0.76,1766.262539027981,inf,0.5084719059322531,1.0,0.7542359529661266,0.1583389041288889,0.3803958472603222,0.38851107113636396
1345,14952.751528627396,51,435,0.11724137931034483,163794.04495086643,3211.647940213067,32.75880899017328,0.07530760687396156,100,75,0.75,1755.521363203855,inf,0.5133282044805781,1.0,0.7566641022402891,0.1593217523168362,0.3753983043807921,0.38850132911054264
1346,14963.868816009275,50,435,0.11494252873563218,158296.69743055594,3165.933948611119,31.65933948611119,0.0727800907726694,100,75,0.75,1759.9257688296993,inf,0.5139888653244549,1.0,0.7569944326622274,0.157892829055221,0.37539473207263807,0.38849159889744844
1347,14974.986103391155,50,435,0.11494252873563218,157873.09526976515,3157.461905395303,31.57461905395303,0.0725853311585127,100,74,0.74,1750.0117984409067,inf,0.5190017461692542,1.0,0.7595008730846271,0.15654222903694281,0.37039135557259234,0.3884781714172371
1348,14986.103390773034,50,435,0.11494252873563218,157529.90110803067,3150.5980221606133,31.505980221606126,0.07242754073932443,100,75,0.75,1777.2972926387797,inf,0.516594593895817,1.0,0.7582972969479085,0.15706512189570798,0.37539266280473926,0.3884684712625948
1349,14997.220678154914,51,435,0.11724137931034483,162218.96721064544,3180.7640629538323,32.44379344212909,0.07458343320029677,100,76,0.76,1794.1146693591884,inf,0.5127054297425967,1.0,0.7563527148712983,0.15911535916449926,0.3803977883979113,0.3884624929789913
1350,15008.337965536793,52,435,0.11954022988505747,166966.774928957,3210.8995178645573,33.39335498579139,0.07676633330066986,100,75,0.75,1786.400801332831,inf,0.5179601201999247,1.0,0.7589800600999623,0.15889313660035376,0.3753972328415009,0.3884528221720797
1351,15019.455252918673,51,435,0.11724137931034483,161730.95284769565,3171.195153876385,32.346190569539125,0.07435905878054971,100,76,0.76,1803.2010273989122,inf,0.5140865561646347,1.0,0.7570432780823173,0.15865789034911615,0.3803966447258728,0.3884468634609509
1352,15030.572540300553,51,435,0.11724137931034483,161576.35438680946,3168.1638115060678,32.3152708773619,0.07428797902841815,100,76,0.76,1809.6182343597534,inf,0.5150619716226824,1.0,0.7575309858113413,0.15837849660853842,0.38039594624152134,0.38844091304171996
1353,15041.689827682432,50,435,0.11494252873563218,156466.70289469018,3129.3340578938037,31.293340578938032,0.07193871397457019,100,78,0.78,1845.4807899559662,inf,0.5078950032331307,1.0,0.7539475016165653,0.15899560617900244,0.3903974890154475,0.38844235807567395
1354,15052.807115064312,50,435,0.11494252873563218,156428.6189038239,3128.572378076478,31.285723780764776,0.07192120409371212,100,77,0.77,1835.839060708978,inf,0.5127192153491826,1.0,0.7563596076745913,0.15778079820956037,0.3853944519955239,0.3884401086984931
1355,15063.924402446191,50,435,0.11494252873563218,156468.46659973095,3129.369331994619,31.293693319946183,0.0719395248734395,100,77,0.77,1835.9334803502009,inf,0.512733755973931,1.0,0.7563668779869654,0.15778632344323706,0.3853944658086081,0.3884378626491643
1356,15075.041689828071,49,435,0.11264367816091954,151523.0772613451,3092.3076992111246,30.304615452269022,0.06966578264889431,100,76,0.76,1827.378363833808,inf,0.5177615113027388,1.0,0.7588807556513695,0.15539251349876237,0.3803884812837469,0.38843193090165845
1357,15086.15897720995,47,435,0.10804597701149425,141605.3698038829,3012.8802085932534,28.32107396077658,0.06510591715121053,100,77,0.77,1842.3143841920476,inf,0.5137164151655754,1.0,0.7568582075827877,0.15412385478421142,0.38538530963696055,0.3884296874397551
1358,15097.27626459183,49,435,0.11264367816091954,151593.73546355797,3093.7497033379177,30.31874709271159,0.06969826917864733,100,76,0.76,1830.9617731126218,inf,0.5183061895131185,1.0,0.7591530947565592,0.1552725872110441,0.3803881814680276,0.38842377021681784
1359,15108.39355197371,49,435,0.11264367816091954,151611.0174776834,3094.102397503743,30.32220349553668,0.06970621493226822,100,75,0.75,1820.890242079132,inf,0.5231335363118698,1.0,0.7615667681559348,0.1540697233881667,0.3753851743084704,0.38841418301394404
1360,15119.51083935559,49,435,0.11264367816091954,151696.32651866466,3095.843398340095,30.33926530373293,0.06974543747984581,100,75,0.75,1825.6598470513873,inf,0.5238489770577079,1.0,0.761924488528854,0.15391047447549594,0.37538477618618876,0.38840460960701695
1361,15130.628126737469,49,435,0.11264367816091954,151848.9128915724,3098.957405950457,30.369782578314485,0.06981559213405629,100,73,0.73,1795.3287416513833,inf,0.532117996281102,1.0,0.766058998140551,0.1518782969967526,0.36537969574249185,0.38838770438391523
1362,15141.745414119348,48,435,0.1103448275862069,147049.27669947664,3063.5265979057635,29.40985533989533,0.06760886285033409,100,75,0.75,1821.4564636530313,inf,0.5232184695479546,1.0,0.7616092347739774,0.15299981403817842,0.37538249953509545,0.3883781627809447
1363,15152.862701501228,48,435,0.1103448275862069,147277.69860178922,3068.2853875372753,29.45553972035784,0.06771388441461573,100,76,0.76,1838.7715904989197,inf,0.5194932817558356,1.0,0.7597466408779179,0.1539836217683489,0.3803849590544209,0.38837230266091055
1364,15163.979988883108,49,435,0.11264367816091954,152568.3328311739,3113.6394455341615,30.51366656623478,0.0701463599223788,100,76,0.76,1838.7837583231092,inf,0.5194951312651126,1.0,0.7597475656325563,0.15519939714491127,0.38038799849286226,0.3883664533538278
1365,15175.097276264987,48,435,0.1103448275862069,147864.86070661704,3080.517931387855,29.572972141323405,0.0679838440030423,100,75,0.75,1823.4783802853642,inf,0.5235217570428046,1.0,0.7617608785214023,0.15311148274081998,0.37538277870685205,0.3883569484675562
1366,15186.214563646867,47,435,0.10804597701149425,143167.9391574832,3046.126365052834,28.633587831496637,0.065824339842521,100,74,0.74,1805.1717838770746,inf,0.527165424013807,1.0,0.7635827120069034,0.15112081391780874,0.37037780203479453,0.38834379620242615
1367,15197.331851028746,46,435,0.10574712643678161,138519.8249925079,3011.300543315389,27.703964998501576,0.06368727585862431,100,75,0.75,1816.0359657401343,inf,0.5224053948610201,1.0,0.7612026974305101,0.15124228921405708,0.37537810572303515,0.38833431835850846
1368,15208.449138410626,46,435,0.10574712643678161,138921.32738797963,3020.028856260427,27.78426547759592,0.06387187466114004,100,76,0.76,1824.8984562309947,inf,0.5173845653471113,1.0,0.7586922826735556,0.1525897959937922,0.3803814744899845,0.38832850912266587
1369,15219.566425792505,47,435,0.10804597701149425,144369.68030818226,3071.6953257060054,28.873936061636442,0.06637686450950907,100,75,0.75,1805.5949444693688,inf,0.5208392416704054,1.0,0.7604196208352028,0.15297862183715316,0.3753824465545929,0.3883190594419592
1370,15230.683713174385,47,435,0.10804597701149425,144761.3923000142,3080.0296234045577,28.952278460002844,0.06655696197701803,100,75,0.75,1803.603274743385,inf,0.5205404912115078,1.0,0.760270245605754,0.15314335818563207,0.3753828583954641,0.38830962384673934
1371,15241.801000556265,47,435,0.10804597701149425,145202.91866876726,3089.4238014631333,29.040583733753454,0.06675996260632978,100,73,0.73,1768.9304149536547,inf,0.5282638405832337,1.0,0.7641319202916168,0.15131402115735648,0.3653782850528934,0.38829291004295374
1372,15252.918287938144,47,435,0.10804597701149425,145628.22206132545,3098.472809815435,29.125644412265085,0.0669555043960117,100,73,0.73,1764.6861371110845,inf,0.5276441760182183,1.0,0.7638220880091091,0.1515667081934513,0.3653789167704836,0.3882762210456686
1373,15264.035575320024,47,435,0.10804597701149425,146025.3156651546,3106.9216098969064,29.205063133030926,0.06713807616788718,100,74,0.74,1772.4632345747311,inf,0.5223245587170603,1.0,0.7611622793585302,0.15298789840467852,0.3703824697460117,0.38826319793700803
1374,15275.152862701903,48,435,0.1103448275862069,151436.13592051232,3154.9194983440066,30.287227184102456,0.06962580961862634,100,74,0.74,1768.4050229666575,inf,0.5217239433990652,1.0,0.7608619716995326,0.1543819189595469,0.3703859547973989,0.38825019630563373
1375,15286.270150083783,49,435,0.11264367816091954,156804.97161266636,3200.101461482987,31.36099432253327,0.07209423982191557,100,74,0.74,1763.8609174354613,inf,0.5210514157804482,1.0,0.7605257078902241,0.15578426596584571,0.3703894606649146,0.38823721611984835
1376,15297.387437465663,49,435,0.11264367816091954,157149.25503554736,3207.127653786681,31.429851007109473,0.07225253105082638,100,73,0.73,1744.4164597072272,inf,0.5246848031172552,1.0,0.7623424015586275,0.15495506474609944,0.36538738766186524,0.3882206221993995
1377,15308.504724847542,50,435,0.11494252873563218,162546.03556454674,3250.920711290935,32.509207112909344,0.07473380945496401,100,74,0.74,1751.8600552428047,inf,0.5192752881759352,1.0,0.7596376440879675,0.1575480826834983,0.3703938702067087,0.38820768551435403
1378,15319.622012229422,50,435,0.11494252873563218,162981.83200229603,3259.6366400459206,32.5963664004592,0.07493417563323955,100,74,0.74,1744.341508827153,inf,0.5181625433064186,1.0,0.7590812716532094,0.1579264519900151,0.37039481612997505,0.38819476827767213
1379,15330.739299611301,51,435,0.11724137931034483,168454.0791620897,3303.021160040975,33.69081583241793,0.0774501513388918,100,74,0.74,1734.975318698878,inf,0.516776347167434,1.0,0.758388173583717,0.15953098887758743,0.37039882747219394,0.38818187266839277
1380,15341.85658699318,49,435,0.11264367816091954,158905.62272843067,3242.9718924169524,31.78112454568614,0.0730600564268647,100,75,0.75,1746.3793926166845,inf,0.5119569088925027,1.0,0.7559784544462513,0.15854080099030665,0.3753963520024758,0.38817261450715745
1381,15352.97387437506,49,435,0.11264367816091954,159338.39633349035,3251.8040068059254,31.867679266698072,0.07325903279700706,100,77,0.77,1771.2123318967613,inf,0.5027666991121013,1.0,0.7513833495560507,0.1609378416204782,0.3854023446040512,0.38817060997032454
1382,15364.09116175694,48,435,0.1103448275862069,154801.83099732822,3225.038145777671,30.960366199465643,0.0711732556309555,100,78,0.78,1779.061945228476,inf,0.49753366345564215,1.0,0.7487668317278211,0.16120321195156717,0.39040300802987893,0.38817222414101116
1383,15375.20844913882,47,435,0.10804597701149425,150037.46306188309,3192.2864481251722,30.007492612376616,0.0689827416376474,100,76,0.76,1743.5010790492822,inf,0.5050121640154909,1.0,0.7525060820077454,0.158238329814951,0.38039559582453736,0.3881666051899154
1384,15386.3257365207,46,435,0.10574712643678161,145254.94024173098,3157.716092211543,29.050988048346206,0.06678388057091082,100,77,0.77,1758.5316519916335,inf,0.5008138744067115,1.0,0.7504069372033557,0.1581884716837776,0.38539547117920947,0.38816460437113515
1385,15397.443023902579,47,435,0.10804597701149425,150396.59961721086,3199.927651430018,30.079319923442174,0.06914786189297052,100,77,0.77,1757.9001958878703,inf,0.5007166301667318,1.0,0.7503583150833659,0.15939477340480235,0.38539848693351203,0.38816260861540813
1386,15408.560311284458,48,435,0.1103448275862069,155474.25579970266,3239.0469958271387,31.094851159940525,0.0714824164596334,100,77,0.77,1757.277575982645,inf,0.5006207467013273,1.0,0.7503103733506636,0.16058602155448493,0.3854014650538862,0.38816061788464995
1387,15419.677598666338,47,435,0.10804597701149425,150459.663169898,3201.269429146766,30.091932633979596,0.06917685662983815,100,77,0.77,1757.5128682123575,inf,0.5006569817047031,1.0,0.7503284908523515,0.15942418288874327,0.3853985604572219,0.3881586279297311
1388,15430.794886048217,47,435,0.10804597701149425,150467.74409872145,3201.441363802584,30.09354881974429,0.06918057199941216,100,76,0.76,1743.0819280788558,inf,0.504948453067986,1.0,0.752474226533993,0.15835317273270955,0.3803958829318318,0.3881530392004309
1389,15441.912173430097,47,435,0.10804597701149425,150504.33462242826,3202.21988558358,30.100866924485654,0.06919739522870265,100,78,0.78,1773.3441775698343,inf,0.496641691700894,1.0,0.748320845850447,0.1604382746891278,0.3904010956867228,0.38815465650725556
1390,15453.029460811977,47,435,0.10804597701149425,150485.7371894824,3201.8241955209023,30.09714743789648,0.06918884468481949,100,78,0.78,1774.6095825576328,inf,0.4968390948789907,1.0,0.7484195474394953,0.16038464862266205,0.3904009616215567,0.38815627139231257
1391,15464.146748193856,46,435,0.10574712643678161,145375.06551808777,3160.3275112627775,29.07501310361755,0.06683911058302885,100,76,0.76,1745.8003905025073,inf,0.505361659356381,1.0,0.7526808296781905,0.15707914045241916,0.38039269785113106,0.3881506941124698
1392,15475.264035575736,47,435,0.10804597701149425,150226.98809013015,3196.318895534684,30.04539761802603,0.06906987958166903,100,75,0.75,1729.5670161496244,inf,0.5094350524224437,1.0,0.7547175262112218,0.15717617668522366,0.37539294044171306,0.3881415356389085
1393,15486.381322957615,47,435,0.10804597701149425,150072.4110633326,3193.030022624098,30.014482212666522,0.06899880968429085,100,75,0.75,1728.7938172968527,inf,0.5093190725945278,1.0,0.7546595362972639,0.15716963669351347,0.3753929240917338,0.38813239029346586
1394,15497.498610339495,47,435,0.10804597701149425,149947.68654301818,3190.376309425919,29.98953730860363,0.06894146507724973,100,75,0.75,1730.2112427616066,inf,0.5095316864142411,1.0,0.7547658432071205,0.15708781093506463,0.37539271952733766,0.3881232579129883
1395,15508.615897721374,49,435,0.11264367816091954,159829.06908544066,3261.8177364375642,31.96581381708813,0.0734846294645704,100,75,0.75,1732.2191492787128,inf,0.509832872391807,1.0,0.7549164361959035,0.1592840966343334,0.3753982102415858,0.3881141425493268
1396,15519.733185103254,49,435,0.11264367816091954,159641.30633212288,3257.985843512712,31.928261266424578,0.07339830176189559,100,74,0.74,1717.449277005406,inf,0.5141824929968002,1.0,0.7570912464984001,0.15815352763174773,0.3703953838190794,0.3881014591143016
1397,15530.850472485134,48,435,0.1103448275862069,154343.23138096288,3215.4839871033932,30.868646276192578,0.07096240523262662,100,74,0.74,1717.0028795852918,inf,0.5141164261786232,1.0,0.7570582130893115,0.1569520960716575,0.3703923802401791,0.3880887916759081
1398,15541.967759867013,47,435,0.10804597701149425,149025.24735357828,3170.749943693155,29.80504947071566,0.06851735510509346,100,71,0.71,1668.7173287589608,inf,0.5269578606837725,1.0,0.7634789303418863,0.1525192123816036,0.355381298030954,0.3880654124810225
1399,15553.085047248893,47,435,0.10804597701149425,148723.7095845695,3164.334246480202,29.744741916913906,0.06837871705037679,100,71,0.71,1669.8301418231408,inf,0.5271158801388859,1.0,0.763557940069443,0.15241038849046695,0.35538102597122617,0.38804206649065837
1400,15564.202334630772,47,435,0.10804597701149425,148459.50427065353,3158.7128568224157,29.691900854130704,0.0682572433428292,100,71,0.71,1671.526633323963,inf,0.5273567819320027,1.0,0.7636783909660014,0.1522894261884139,0.355380723565471,0.3880187536120536
1401,15575.319622012652,48,435,0.1103448275862069,153213.057860412,3191.9387054252497,30.6426115720824,0.07044278522317793,100,70,0.7,1654.1855203735274,inf,0.5315859728522938,1.0,0.7657929864261469,0.1523248993985155,0.35038081224849627,0.38799190771949765
1402,15586.436909394532,48,435,0.1103448275862069,152889.2812151775,3185.193358649531,30.577856243035498,0.07029392239778276,100,70,0.7,1656.2739057857214,inf,0.531878346810001,1.0,0.7659391734050005,0.15217737449639113,0.350380443436241,0.3879650998333371
1403,15597.554196776411,49,435,0.11264367816091954,157588.46937135,3216.091211660204,31.517693874269995,0.07245446867648275,100,70,0.7,1661.229812405738,inf,0.5325721737368032,1.0,0.7662860868684016,0.15308419090404057,0.3503827104772601,0.3879383317497501
1404,15608.67148415829,48,435,0.1103448275862069,152255.75660168604,3171.9949292017923,30.451151320337207,0.07000264671341887,100,70,0.7,1665.5643949924806,inf,0.5331790152989473,1.0,0.7665895076494736,0.15170656953197265,0.3503792664238299,0.38791159931891317
1405,15619.78877154017,50,435,0.11494252873563218,161881.76039345484,3237.6352078690966,32.37635207869097,0.07442839558319764,100,71,0.71,1684.361672272705,inf,0.529179357462724,1.0,0.764589678731362,0.15491935842591786,0.35538729839606475,0.3878884668147006
1406,15630.90605892205,50,435,0.11494252873563218,161505.51489814,3230.1102979628004,32.301102979628006,0.07425540914857012,100,72,0.72,1705.4078076587289,inf,0.5255787243028569,1.0,0.7627893621514285,0.15573302349857082,0.3603893325587464,0.3878689222985272
1407,15642.02334630393,50,435,0.11494252873563218,161076.9261503012,3221.538523006024,32.21538523006024,0.0740583568507132,100,75,0.75,1753.4059569858275,inf,0.513010893547874,1.0,0.7565054467739369,0.1587764550383881,0.375396941137596,0.3878600643573618
1408,15653.140633685809,50,435,0.11494252873563218,160654.41809384723,3213.0883618769444,32.130883618769445,0.07386410027303321,100,77,0.77,1784.4492889263327,inf,0.5048051904946552,1.0,0.7524025952473277,0.16073075251285274,0.38540182688128216,0.38785831968917445
1409,15664.257921067689,50,435,0.11494252873563218,160281.1659833992,3205.623319667984,32.056233196679834,0.07369249010730997,100,79,0.79,1814.8599987988941,inf,0.4967478798102253,1.0,0.7483739399051126,0.16265927510109868,0.3954066481877528,0.3878636731136415
1410,15675.375208449568,51,435,0.11724137931034483,164954.79596431053,3234.4077640060887,32.99095919286209,0.0758412855008324,100,80,0.8,1827.1445291241057,inf,0.49234312465985697,1.0,0.7461715623299285,0.1648348615854519,0.40041208715396365,0.38787256639077855
1411,15686.492495831448,50,435,0.11494252873563218,159622.57189830134,3192.451437966027,31.924514379660263,0.07338968822910405,100,80,0.8,1826.8379018437342,inf,0.49229406429499756,1.0,0.7461470321474988,0.16362132804080265,0.400409053320102,0.3878814449225982
1412,15697.609783213327,52,435,0.11954022988505747,169239.55746029504,3254.606874236443,33.84791149205901,0.07781129078634255,100,79,0.79,1812.394120480835,inf,0.496358271035972,1.0,0.748179135517986,0.16481607763417833,0.3954120401940855,0.387886774430929
1413,15708.727070595207,53,435,0.12183908045977011,173798.98580909162,3279.2261473413514,34.75979716181832,0.07990757968234097,100,80,0.8,1823.979332661665,inf,0.4918366932258664,1.0,0.7459183466129332,0.16699461653470388,0.4004174865413368,0.38789563632068175
1414,15719.844357977086,54,435,0.12413793103448276,178352.52416059477,3302.8245214924955,35.67050483211896,0.0820011605336068,100,80,0.8,1821.1131656350256,inf,0.491378106501604,1.0,0.745689053250802,0.1681560536414024,0.4004203901341035,0.38790448773680425
1415,15730.961645358966,54,435,0.12413793103448276,177952.86436111273,3295.42341409468,35.59057287222255,0.08181740890166105,100,81,0.81,1833.517745463897,inf,0.48702987476515136,1.0,0.7435149373825757,0.16915123575954266,0.40542287808939886,0.3879168594814036
1416,15742.078932740846,53,435,0.12183908045977011,172500.5797170798,3254.727919190185,34.500115943415956,0.07931061136417461,100,81,0.81,1836.8036513015184,inf,0.48756219151084595,1.0,0.743781095755423,0.16776475780437583,0.405419411894511,0.3879292113179689
1417,15753.196220122725,54,435,0.12413793103448276,177063.1863188343,3278.947894793228,35.41263726376687,0.08140836152590085,100,79,0.79,1815.240501381613,inf,0.4968079992182949,1.0,0.7484039996091474,0.16650218095837677,0.39541625545239595,0.3879344913208846
1418,15764.313507504605,54,435,0.12413793103448276,176673.16941358888,3271.725359510905,35.334633882717775,0.08122904340854661,100,80,0.8,1831.8471307577515,inf,0.49309554092124025,1.0,0.7465477704606202,0.1673406364739632,0.40041835159118494,0.3879432889673048
1419,15775.430794886484,54,435,0.12413793103448276,176355.98916891252,3265.851651276158,35.27119783378251,0.08108321341099427,100,78,0.78,1808.6318649083348,inf,0.5021465709257003,1.0,0.7510732854628501,0.16500496397407205,0.3904125124099352,0.38794502785705315
1420,15786.548082268364,54,435,0.12413793103448276,176113.27710947892,3261.356983508869,35.22265542189577,0.08097162165953051,100,76,0.76,1782.3652033999695,inf,0.5109195109167954,1.0,0.7554597554583977,0.16275593310056635,0.3804068898327514,0.3879397230449319
1421,15797.665369650244,56,435,0.12873563218390804,185870.4013499975,3319.114309821384,37.1740802699995,0.0854576557931023,100,77,0.77,1800.0906257384831,inf,0.5072139563637265,1.0,0.7536069781818633,0.16592533880561955,0.38541481334701405,0.3879379474403623
1422,15808.782657032123,56,435,0.12873563218390804,185679.56715884712,3315.7065564079844,37.135913431769424,0.08536991593510213,100,77,0.77,1800.1755678718425,inf,0.5072270374522638,1.0,0.7536135187261319,0.16587819860448505,0.3854146954965112,0.38793617424855353
1423,15819.899944414003,57,435,0.1310344827586207,190502.59592170647,3342.150805643973,38.1005191843413,0.08758740042377311,100,78,0.78,1816.3683400260309,inf,0.5033534610440609,1.0,0.7516767305220304,0.16795533495087134,0.3904198883373772,0.38793791842979575
1424,15831.017231795882,58,435,0.13333333333333333,195328.30318951292,3367.7293653364295,39.06566063790258,0.08980611640897145,100,78,0.78,1818.6440457225167,inf,0.5037084711327126,1.0,0.7518542355663562,0.1689759404213076,0.3904224398510533,0.38793966195360013
1425,15842.134519177762,58,435,0.13333333333333333,195122.18811800046,3364.1756572069044,39.024437623600086,0.08971135085885078,100,77,0.77,1808.9987851848368,inf,0.5085858129184649,1.0,0.7542929064592325,0.1677092221998091,0.38541927305549956,0.38793789449995486
1426,15853.251806559641,58,435,0.13333333333333333,194966.23170638844,3361.4867535584212,38.993246341277704,0.08963964676155795,100,75,0.75,1781.8158530533376,inf,0.5172723779580006,1.0,0.7586361889790003,0.1655017288912788,0.3754137543222282,0.3879291179476229
1427,15864.369093941521,57,435,0.1310344827586207,189833.42114392392,3330.4108972618233,37.96668422878478,0.08727973385927536,100,75,0.75,1784.279224944713,inf,0.517641883741707,1.0,0.7588209418708536,0.16422939599421094,0.3754105734899855,0.3879203514599075
1428,15875.4863813234,57,435,0.1310344827586207,189736.28444703994,3328.7067446849114,37.94725688940799,0.08723507330898388,100,76,0.76,1802.8144909319005,inf,0.5140278026216489,1.0,0.7570139013108245,0.16511058599907974,0.3804127764649977,0.387915097733529
1429,15886.60366870528,56,435,0.12873563218390804,184646.70953663468,3297.262670297048,36.92934190732693,0.08489503886741823,100,75,0.75,1789.2122950886546,inf,0.5183818442632981,1.0,0.7591909221316491,0.16285205836788452,0.3754071301459197,0.38790635090304815
1430,15897.72095608716,56,435,0.12873563218390804,184591.63271899908,3296.279155696412,36.91832654379982,0.08486971619264327,100,76,0.76,1808.572051244751,inf,0.514902951789202,1.0,0.7574514758946009,0.16370912014902117,0.38040927280037257,0.38790111185475845
1431,15908.83824346904,56,435,0.12873563218390804,184592.99846343676,3296.303543989942,36.91859969268735,0.08487034412112035,100,75,0.75,1795.3003514781112,inf,0.5192950527217167,1.0,0.7596475263608584,0.16261140888013093,0.3754065285222003,0.38789238658706804
1432,15919.955530850919,57,435,0.1310344827586207,189572.85509808484,3325.839563124295,37.914571019616965,0.08715993337842981,100,74,0.74,1780.3089581196184,inf,0.5234857258017035,1.0,0.7617428629008518,0.16270853523878903,0.37040677133809696,0.38788018448291667
1433,15931.072818232798,57,435,0.1310344827586207,189528.6131582215,3325.063388740728,37.905722631644295,0.08713959225665355,100,73,0.73,1761.9230842443867,inf,0.5272407702996804,1.0,0.7636203851498402,0.16175960355340668,0.3654043990088835,0.387864510992349
1434,15942.190105614678,57,435,0.1310344827586207,189532.1154644905,3325.1248327103594,37.906423092898095,0.08714120251240941,100,74,0.74,1776.0371868997704,inf,0.522853503661166,1.0,0.7614267518305831,0.16285722534091318,0.37040714306335226,0.3878523455791581
1435,15953.307392996558,57,435,0.1310344827586207,189567.89625744915,3325.7525659201606,37.91357925148982,0.08715765345170073,100,75,0.75,1787.5365372618396,inf,0.5181304805892759,1.0,0.759065240294638,0.16404620657853136,0.3754101155164463,0.38784368107354344
1436,15964.424680378437,57,435,0.1310344827586207,189691.31972147783,3327.9178898504883,37.93826394429557,0.08721439987194383,100,75,0.75,1784.665965385516,inf,0.5176998948078274,1.0,0.7588499474039136,0.16418222623401513,0.37541045556558506,0.38783502886372573
1437,15975.541967760317,56,435,0.12873563218390804,184895.51284953585,3301.7055865988546,36.97910256990717,0.08500943119518889,100,75,0.75,1779.271360683446,inf,0.5168907041025168,1.0,0.7584453520512584,0.1632820395719652,0.3754082050989299,0.38782638712258194
1438,15986.659255142196,56,435,0.12873563218390804,185042.4557022942,3304.329566112396,37.008491140458844,0.08507699112749159,100,76,0.76,1784.3701309094927,inf,0.5112242598982429,1.0,0.7556121299491214,0.16473243058918507,0.380411831076473,0.3878212345471503
1439,15997.776542524076,57,435,0.1310344827586207,190219.82697251256,3337.189946886185,38.04396539450252,0.08745739171150005,100,75,0.75,1764.0777850496809,inf,0.5146116677574522,1.0,0.7573058338787261,0.16507577891638697,0.37541268944729095,0.38781261750194207
1440,16008.893829905955,57,435,0.1310344827586207,190449.44295264268,3341.218297414784,38.08988859052854,0.0875629622770771,100,75,0.75,1759.010238628649,inf,0.5138515357942974,1.0,0.7569257678971487,0.16531859718996417,0.3754132964929749,0.38780401283781374
1441,16020.011117287835,57,435,0.1310344827586207,190656.15283615314,3344.844786599178,38.131230567230624,0.08765800130397844,100,73,0.73,1725.6097350017892,inf,0.5219390213102613,1.0,0.7609695106551306,0.16334424532442393,0.36540836061331106,0.38778848187233206
1442,16031.128404669715,56,435,0.12873563218390804,185753.39399065563,3317.024892690279,37.150678798131125,0.08540385930604856,100,73,0.73,1720.1034701086714,inf,0.521135106635866,1.0,0.760567553317933,0.16241815299405782,0.3654060453824851,0.3877729708283335
1443,16042.245692051594,56,435,0.12873563218390804,185892.73332623485,3319.5130951113365,37.17854666524697,0.08546792336838384,100,72,0.72,1697.942018285692,inf,0.5245036506331396,1.0,0.7622518253165698,0.16160804902590709,0.3604040201225647,0.38775401726136277
1444,16053.362979433474,56,435,0.12873563218390804,186078.0078503287,3322.8215687558695,37.215601570065736,0.08555310705762238,100,71,0.71,1677.8523191347904,inf,0.5282550293171402,1.0,0.7641275146585701,0.1607127961995261,0.3554017819904988,0.38773162817120993
1445,16064.480266815353,56,435,0.12873563218390804,186308.34799408447,3326.934785608651,37.26166959881689,0.08565901057199285,100,70,0.7,1660.0376550286028,inf,0.5324052717040044,1.0,0.7662026358520022,0.15972818735999528,0.35039932046839994,0.38770581053102826
1446,16075.597554197233,58,435,0.13333333333333333,196540.6049281905,3388.63111945156,39.3081209856381,0.09036349651870827,100,71,0.71,1679.9091333627418,inf,0.5285470969375095,1.0,0.7642735484687547,0.1630449740249768,0.3554076124350624,0.3876834897306855
1447,16086.714841579113,59,435,0.135632183908046,201792.54532687002,3420.212632658814,40.358509065374,0.09277818175948047,100,71,0.71,1680.8462679758054,inf,0.5286801700525643,1.0,0.7643400850262821,0.16421904836659912,0.3554105476209165,0.3876612017872395
1448,16097.832128960992,60,435,0.13793103448275862,207073.48212147583,3451.2247020245973,41.41469642429516,0.0952061986765406,100,72,0.72,1696.9465248375095,inf,0.5243602995766014,1.0,0.7621801497883007,0.16651302444411997,0.3604162825611103,0.38764239922048577
1449,16108.949416342872,59,435,0.135632183908046,202339.83931758124,3429.488801992902,40.46796786351624,0.09302981118049711,100,74,0.74,1729.0490990337275,inf,0.5158992666569917,1.0,0.7579496333284959,0.16754008892600059,0.370418850222315,0.3876305209108319
1450,16120.066703724751,59,435,0.135632183908046,202648.60441901197,3434.7221087968132,40.5297208838024,0.09317177214667217,100,73,0.73,1711.2265633274324,inf,0.5198390782458051,1.0,0.7599195391229026,0.16662611651188486,0.3654165652912797,0.3876152114996537
1451,16131.18399110663,58,435,0.13333333333333333,197995.9401060184,3413.723105276179,39.599188021203666,0.09103261614069809,100,73,0.73,1712.9836124960311,inf,0.5200956074244205,1.0,0.7600478037122103,0.16549240621424388,0.3654137310155356,0.38759992122383824
1452,16142.30127848851,58,435,0.13333333333333333,198372.62838888483,3420.217730842842,39.67452567777697,0.09120580615580913,100,75,0.75,1747.918133661716,inf,0.5121877200492573,1.0,0.7560938600246286,0.16755597306559028,0.375418889932664,0.38759153785749884
1453,16153.41856587039,58,435,0.13333333333333333,198795.4873689332,3427.508402912641,39.75909747378664,0.09140022407767043,100,73,0.73,1722.0652847924446,inf,0.5214215315796971,1.0,0.7607107657898485,0.1653447291439109,0.3654133618228598,0.38757628464151905
1454,16164.53585325227,59,435,0.135632183908046,204210.6954274774,3461.1982275843625,40.842139085495475,0.093889974909185,100,74,0.74,1738.9929039782976,inf,0.5173709497887881,1.0,0.7586854748943941,0.16760225000739548,0.3704190056250185,0.3875644926971778
1455,16175.65314063415,59,435,0.135632183908046,204544.24944705958,3466.8516855433827,40.90884988941192,0.09404333307910785,100,74,0.74,1745.7371276498864,inf,0.5183690948921832,1.0,0.7591845474460917,0.16742939281650815,0.37041857348204127,0.38755271665376084
1456,16186.770428016029,60,435,0.13793103448275862,209803.98649571254,3496.7331082618757,41.96079729914251,0.09646160298653451,100,75,0.75,1761.7668536735362,inf,0.5142650280510304,1.0,0.7571325140255152,0.16966454448050972,0.37542416136120127,0.3875443923193116
1457,16197.887715397908,60,435,0.13793103448275862,210053.39527567776,3500.889921261296,42.01067905513555,0.09657627368996678,100,74,0.74,1751.00565843143,inf,0.5191488374478517,1.0,0.7595744187239258,0.16850092748302042,0.37042125231870754,0.3875326480531932
1458,16209.005002779788,60,435,0.13793103448275862,210320.24408534297,3505.3374014223828,42.06404881706858,0.0966989627978588,100,74,0.74,1753.4361870960195,inf,0.5195085556902108,1.0,0.7597542778451054,0.16847234247637666,0.3704211808561909,0.38752091983715686
1459,16220.122290161667,60,435,0.13793103448275862,210533.37064171492,3508.8895106952486,42.10667412834298,0.09679695201917926,100,74,0.74,1757.730723792628,inf,0.520144147121309,1.0,0.7600720735606545,0.16836243922926242,0.37042090609807315,0.3875092074989794
1460,16231.239577543547,59,435,0.135632183908046,205773.64315014542,3487.6888669516175,41.15472863002908,0.09460857156328525,100,74,0.74,1762.0760125588945,inf,0.5207872498587165,1.0,0.7603936249293582,0.16710747331696346,0.3704177686832924,0.38749750904667574
1461,16242.356864925427,58,435,0.13333333333333333,200996.39566951804,3465.455097750311,40.19927913390361,0.0924121359400083,100,75,0.75,1779.208585163726,inf,0.516881287774559,1.0,0.7584406438872795,0.1669857460263644,0.3754174643650659,0.387489246362215
1462,16253.474152307306,59,435,0.135632183908046,206171.1038019022,3494.425488167834,41.234220760380445,0.09479131209282861,100,75,0.75,1781.8741679072468,inf,0.517281125186087,1.0,0.7586405625930435,0.16807537474989254,0.37542018843687475,0.38748099683526677
1463,16264.591439689186,59,435,0.135632183908046,206371.97952830393,3497.8301614966767,41.27439590566078,0.09488366874864547,100,73,0.73,1751.166442911969,inf,0.5256703006651475,1.0,0.7628351503325738,0.16602425920803582,0.3654150606480201,0.38746592447448314
1464,16275.708727071065,59,435,0.135632183908046,206621.22621550184,3502.054681618675,41.324245243100364,0.0949982649266675,100,73,0.73,1748.2667694917322,inf,0.5252469483457929,1.0,0.7626234741728964,0.16618739537688548,0.3654154684884422,0.38745087296869063
1465,16286.826014452945,59,435,0.135632183908046,206919.01370429437,3507.10192719143,41.383802740858876,0.0951351787146181,100,73,0.73,1746.5546311523383,inf,0.5249969761482414,1.0,0.7624984880741207,0.16631834532024875,0.3654157958633006,0.38743584222032407
1466,16297.943301834825,61,435,0.14022988505747128,217155.5441281215,3559.926952920024,43.43110882562429,0.09984162948419377,100,72,0.72,1728.2034633042172,inf,0.5288612987158073,1.0,0.7644306493579036,0.16770549006314506,0.36041926372515787,0.38741742601139756
1467,16309.060589216704,61,435,0.14022988505747128,217210.08937177845,3560.8211372422697,43.442017874355685,0.0998667077571395,100,72,0.72,1722.5015056991283,inf,0.5280402168206745,1.0,0.7640201084103373,0.16792329967340114,0.3604198082491835,0.3873990352636031
1468,16320.177876598584,60,435,0.13793103448275862,212164.02984793598,3536.0671641322665,42.4328059695872,0.09754668038985563,100,73,0.73,1733.1197989575785,inf,0.5230354906478065,1.0,0.7615177453239033,0.16801446753297622,0.36542003616883245,0.3873840733853902
1469,16331.295163980463,58,435,0.13333333333333333,201983.8311405567,3482.4798472509774,40.39676622811134,0.09286612926002606,100,73,0.73,1729.617905115889,inf,0.5225242141469197,1.0,0.7612621070734599,0.16580201109328313,0.3654145050277332,0.38736912810079316
1470,16342.412451362343,58,435,0.13333333333333333,201789.81275068366,3479.134702597994,40.357962550136726,0.09277692540261316,100,73,0.73,1725.282130149202,inf,0.5218911910017835,1.0,0.7609455955008917,0.16591566495086074,0.36541478916237713,0.3873542033292511
1471,16353.529738744222,58,435,0.13333333333333333,201518.28478136213,3474.453185885554,40.30365695627242,0.09265208495694809,100,74,0.74,1735.245904823026,inf,0.5168163939138077,1.0,0.7584081969569039,0.16712194400002212,0.37041780486000003,0.38734269762376927
1472,16364.647026126102,56,435,0.12873563218390804,191183.73396436876,3413.995249363728,38.23674679287375,0.08790056733993966,100,74,0.74,1732.9501083881462,inf,0.5164766160414456,1.0,0.7582383080207228,0.1648311296596084,0.37041207782414903,0.3873312036524186
1473,16375.764313507982,55,435,0.12643678160919541,185810.20982427464,3378.367451350448,37.162041964854936,0.08542998152840216,100,74,0.74,1732.5417457253914,inf,0.5164161783673579,1.0,0.7582080891836789,0.1636109461723616,0.3704090273654309,0.3873197232071764
1474,16386.88160088986,55,435,0.12643678160919541,185456.97214159416,3371.9449480289845,37.09139442831882,0.08526757339843408,100,74,0.74,1733.7873203642062,inf,0.5166005234139025,1.0,0.7583002617069512,0.16348365584574143,0.3704087091396143,0.3873082581128933
1475,16397.99888827174,54,435,0.12413793103448276,180142.97951839856,3335.9811021925657,36.0285959036797,0.08282435839926368,100,73,0.73,1720.6671628184934,inf,0.5212174057715001,1.0,0.76060870288575,0.1611078277567568,0.3654027695693919,0.38729341699599396
1476,16409.11617565362,54,435,0.12413793103448276,179848.98432372077,3330.53674673557,35.96979686474416,0.08268918819481416,100,73,0.73,1722.1965309823815,inf,0.5214406935234277,1.0,0.7607203467617139,0.16098442071655017,0.36540246105179136,0.3872785957665124
1477,16420.2334630355,56,435,0.12873563218390804,189560.26119388806,3385.0046641765725,37.91205223877761,0.08715414307764968,100,74,0.74,1738.8617252737017,inf,0.5173515353405079,1.0,0.758675767670254,0.16423918770369783,0.37041059796925924,0.387267183048111
1478,16431.35075041738,58,435,0.13333333333333333,199144.5163672659,3433.526144263205,39.82890327345318,0.09156069718035213,100,73,0.73,1728.8902810234172,inf,0.5224179810294189,1.0,0.7612089905147095,0.16517585333282137,0.36541293963333205,0.3872524066833951
1479,16442.46803779926,57,435,0.1310344827586207,193620.8243954585,3396.856568341377,38.72416487909171,0.08902106868756715,100,74,0.74,1746.4786126567553,inf,0.5184788346731999,1.0,0.7592394173365999,0.16489082567548363,0.3704122270641887,0.3872410281836524
1480,16453.58532518114,58,435,0.13333333333333333,198094.38793893266,3415.4204817057357,39.61887758778654,0.09107787951215297,100,74,0.74,1749.249232277673,inf,0.5188888863770955,1.0,0.7594444431885478,0.1658167181618026,0.3704145417954045,0.3872296666128298
1481,16464.70261256302,58,435,0.13333333333333333,197604.46787953575,3406.9735841299266,39.52089357590715,0.09085262891013138,100,73,0.73,1735.8676403727693,inf,0.5234366754944243,1.0,0.7617183377472121,0.16456714558145968,0.36541141786395365,0.3872149444476821
1482,16475.819899944898,59,435,0.135632183908046,202105.20346198318,3425.5119230844607,40.421040692396645,0.09292193262619919,100,73,0.73,1735.7581700688766,inf,0.523420692830056,1.0,0.761710346415028,0.1656057931055856,0.36541401448276395,0.3872002438880294
1483,16486.937187326777,59,435,0.135632183908046,201627.23779428445,3417.4108100726176,40.32544755885689,0.09270217829622272,100,73,0.73,1737.7615338354867,inf,0.5237131839399811,1.0,0.7618565919699906,0.1654227931631161,0.3654135569829078,0.3871855628321635
1484,16498.054474708657,60,435,0.13793103448275862,206173.70744747858,3436.228457457976,41.23474148949572,0.09479250917125452,100,72,0.72,1726.4352787846847,inf,0.5286066801449946,1.0,0.7643033400724972,0.16524458454937863,0.36041311146137345,0.38716753424538186
1485,16509.171762090537,59,435,0.135632183908046,200697.2604994785,3401.648483042008,40.13945209989569,0.09227460252849584,100,72,0.72,1728.6037596412514,inf,0.5289189413883402,1.0,0.7644594706941701,0.16390756591716282,0.36040976891479287,0.38714952767382693
1486,16520.289049472416,59,435,0.135632183908046,200132.7505178293,3392.0805172513437,40.02655010356585,0.09201505770934679,100,72,0.72,1735.540147053076,inf,0.529917781175643,1.0,0.7649588905878215,0.16352808356076265,0.3604088202089019,0.3871315446829292
1487,16531.406336854296,59,435,0.135632183908046,199622.94095381032,3383.4396771832257,39.92458819076206,0.09178066250749899,100,72,0.72,1740.0255096700557,inf,0.530563673392488,1.0,0.7652818366962439,0.16324941290562756,0.36040812353226404,0.3871135853945215
1488,16542.523624236175,60,435,0.13793103448275862,204107.1771728012,3401.7862862133534,40.82143543456024,0.0938423803093339,100,73,0.73,1760.8859561797553,inf,0.5270893496022443,1.0,0.7635446748011221,0.16514885275410585,0.3654128721318853,0.3870990113762121
1489,16553.640911618055,60,435,0.13793103448275862,203556.31615786607,3392.605269297768,40.71126323157323,0.09358911087717983,100,74,0.74,1781.9463038874812,inf,0.5237280529753472,1.0,0.7618640264876736,0.1658625421947531,0.37041465635548687,0.38708781382250695
1490,16564.758198999934,61,435,0.14022988505747128,208052.28604754826,3410.693213894234,41.61045720950965,0.09565622347013712,100,75,0.75,1798.9400399067717,inf,0.5198410059860157,1.0,0.7599205029930078,0.1678678602385646,0.3754196696505964,0.38707998810542316
1491,16575.875486381814,61,435,0.14022988505747128,207568.46767695784,3402.76176519603,41.51369353539157,0.09543377824227947,100,75,0.75,1800.6119377584553,inf,0.5200917906637682,1.0,0.760045895331884,0.16769394145519767,0.375419234853638,0.38707217258715787
1492,16586.992773763694,60,435,0.13793103448275862,202106.9787901488,3368.44964650248,40.42139575802976,0.09292274886903393,100,75,0.75,1806.249975674461,inf,0.520937496351169,1.0,0.7604687481755845,0.16622700034672466,0.3754155675008668,0.3870643650820767
1493,16598.110061145573,60,435,0.13793103448275862,201695.8227865257,3361.5970464420952,40.33916455730514,0.09273371162598883,100,74,0.74,1796.9908381977805,inf,0.5259546440532715,1.0,0.7629773220266358,0.16487819479967647,0.37041219548699916,0.3870532190515579
1494,16609.227348527453,61,435,0.14022988505747128,206350.43945892778,3382.794089490619,41.27008789178555,0.09487376526847253,100,73,0.73,1785.8785270138887,inf,0.5307382649440278,1.0,0.7653691324720139,0.16475231639822935,0.36541188079099557,0.3870387432400124
1495,16620.344635909332,59,435,0.135632183908046,196032.48229781707,3322.584445725713,39.20649645956341,0.09012987691853658,100,73,0.73,1785.983967003532,inf,0.5307536591825156,1.0,0.7653768295912577,0.16237652366363942,0.3654059413091591,0.3870242828109142
1496,16631.461923291212,59,435,0.135632183908046,195771.10348106947,3318.154296289313,39.15422069621391,0.09000970274991704,100,75,0.75,1815.5624972208059,inf,0.5223343745831208,1.0,0.7611671872915604,0.16442125772917837,0.37541105314432294,0.3870165251424663
1497,16642.57921067309,59,435,0.135632183908046,195611.36933920154,3315.4469379525685,39.1222738678403,0.08993626176515011,100,75,0.75,1813.5732638108784,inf,0.5220359895716318,1.0,0.7610179947858159,0.16445913348966706,0.37541114783372415,0.38700877789459665
1498,16653.69649805497,58,435,0.13333333333333333,190453.38023714055,3283.6789696058713,38.09067604742811,0.08756477252282324,100,75,0.75,1810.7164028788227,inf,0.5216074604318234,1.0,0.7608037302159116,0.1633805211534558,0.37540845130288364,0.3870010391843954
1499,16664.81378543685,58,435,0.13333333333333333,190200.11585480502,3279.3123423242246,38.040023170961,0.08744832912864597,100,73,0.73,1779.7833356834733,inf,0.5298483670097872,1.0,0.7649241835048937,0.1612620728118761,0.3654031551820297,0.3869866405950604
1500,16675.93107281873,58,435,0.13333333333333333,189970.4473661535,3275.35254079575,37.9940894732307,0.08734273442122001,100,73,0.73,1774.1599184426912,inf,0.529027348092633,1.0,0.7645136740463165,0.16141453018745178,0.3654035363254686,0.38697226144498076
1501,16687.04836020061,58,435,0.13333333333333333,189839.30707950893,3273.0915013708436,37.967861415901794,0.08728244003655584,100,73,0.73,1766.2413243650985,inf,0.5278712333573043,1.0,0.7639356166786522,0.16167341167895188,0.36540418352919735,0.3869579018724669
1502,16698.16564758249,58,435,0.13333333333333333,189801.92499346932,3272.4469826460227,37.96038499869387,0.08726525287056061,100,73,0.73,1763.9051450663235,inf,0.5275301511796832,1.0,0.7637650755898415,0.16175008864035956,0.3654043752216009,0.3869435615353739
1503,16709.28293496437,58,435,0.13333333333333333,189853.60553658486,3273.3380264928423,37.97072110731696,0.08728901403980911,100,73,0.73,1759.791057455331,inf,0.5269294943884784,1.0,0.7634647471942392,0.16191213342278493,0.36540478033355694,0.3869292405372343
1504,16720.40022234625,59,435,0.135632183908046,194937.97697299378,3304.033508016844,38.987595394598756,0.08962665607953738,100,73,0.73,1753.6716363227908,inf,0.5260360589031274,1.0,0.7630180294515637,0.16330431331398682,0.365408260783285,0.3869149408829128
1505,16731.517509728128,60,435,0.13793103448275862,200048.84994584753,3334.147499097459,40.00976998916951,0.09197648273372301,100,73,0.73,1748.708638244488,inf,0.5253114611836952,1.0,0.7626557305918475,0.16466037607093775,0.36541165094017736,0.38690066246993615
1506,16742.634797110008,59,435,0.135632183908046,195027.29706047868,3305.547407804723,39.00545941209574,0.08966772278642698,100,72,0.72,1727.6464220957635,inf,0.5287810847817899,1.0,0.764390542390895,0.16263859019776605,0.3604065964754944,0.38688308180238845
1507,16753.752084491887,60,435,0.13793103448275862,199991.33519460293,3333.1889199100488,39.99826703892058,0.09195003916993237,100,73,0.73,1741.7453661800462,inf,0.5242948234622867,1.0,0.7621474117311433,0.16490131371939454,0.3654122532842985,0.38686884385244275
1508,16764.869371873767,60,435,0.13793103448275862,200025.35919831254,3333.7559866385423,40.00507183966251,0.09196568239002877,100,74,0.74,1753.7724975890237,inf,0.5195583296431755,1.0,0.7597791648215877,0.16609325878422054,0.37041523314696057,0.3868579402005505
1509,16775.986659255646,61,435,0.14022988505747128,205119.6017028935,3362.61642135891,41.023920340578705,0.09430786285190507,100,74,0.74,1753.6247934928015,inf,0.5195364694369345,1.0,0.7597682347184673,0.16726981406671892,0.3704181745351668,0.38684705293852045
1510,16787.103946637526,62,435,0.1425287356321839,210217.0744471571,3390.5979749541466,42.04341488943141,0.09665152848145152,100,72,0.72,1726.923717073415,inf,0.5286770152585718,1.0,0.7643385076292859,0.16615651042608282,0.3604153912760652,0.3868295601114771
1511,16798.221234019406,64,435,0.1471264367816092,220330.66077503574,3442.6665746099334,44.066132155007146,0.10130145322990149,100,72,0.72,1726.8822885957497,inf,0.5286710495577879,1.0,0.7643355247788939,0.1684829642255038,0.36042120741056377,0.3868120942697437
1512,16809.338521401285,64,435,0.1471264367816092,220391.2647887622,3443.6135123244094,44.07825295775244,0.10132931714425848,100,72,0.72,1727.8359671734527,inf,0.5288083792729772,1.0,0.7644041896364886,0.1684625637538849,0.3604211564093847,0.3867946514819973
1513,16820.455808783165,65,435,0.14942528735632185,225488.05948486194,3469.047068997876,45.09761189697239,0.10367267102752273,100,72,0.72,1729.3452661559127,inf,0.5290257183264514,1.0,0.7645128591632258,0.16957990593214844,0.36042394976483033,0.3867772335812594
1514,16831.573096165044,65,435,0.14942528735632185,225617.34042489354,3471.0360065368236,45.12346808497872,0.10373211054018096,100,72,0.72,1730.3144646091964,inf,0.5291652829037244,1.0,0.7645826414518622,0.1695747345441594,0.36042393683636037,0.38675983866591623
1515,16842.690383546924,65,435,0.14942528735632185,225817.49458422666,3474.115301295795,45.163498916845334,0.10382413544102376,100,74,0.74,1760.719637704721,inf,0.5205865063802988,1.0,0.7602932531901494,0.17176544112543712,0.37042941360281356,0.38674906661772157
1516,16853.807670928803,64,435,0.1471264367816092,221021.36204670137,3453.458781979709,44.20427240934028,0.10161901703296615,100,73,0.73,1744.9418523943077,inf,0.5247615104495689,1.0,0.7623807552247844,0.1696191309040908,0.36542404782726023,0.38673500925530196
1517,16864.924958310683,65,435,0.14942528735632185,226211.1196311109,3480.17107124786,45.24222392622218,0.10400511247407399,100,74,0.74,1759.7613710256767,inf,0.5204446829118001,1.0,0.7602223414559001,0.17189138550908695,0.3704297284637727,0.386724267963608
1518,16876.042245692563,65,435,0.14942528735632185,226427.08180318197,3483.4935662027997,45.28541636063639,0.10410440542675033,100,75,0.75,1771.010951377758,inf,0.5156516427066637,1.0,0.7578258213533319,0.17313929203670925,0.37543284823009176,0.3867168345075622
1519,16887.159533074442,65,435,0.14942528735632185,226588.09544395833,3485.9706991378202,45.31761908879166,0.10417843468687737,100,74,0.74,1757.219134728348,inf,0.5200684319397955,1.0,0.7600342159698977,0.17207210935848977,0.3704301802733962,0.3867061196034608
1520,16898.27682045632,65,435,0.14942528735632185,226763.3941595441,3488.667602454525,45.35267883190883,0.10425903179749157,100,74,0.74,1760.1103572239992,inf,0.5204963328691519,1.0,0.7602481664345759,0.17200543268145785,0.37043001358170363,0.3866954186790546
1521,16909.3941078382,66,435,0.15172413793103448,231989.8593096656,3514.9978683282666,46.39797186193311,0.10666200428030599,100,73,0.73,1746.1718138428619,inf,0.5249410848210577,1.0,0.7624705424105289,0.1720957309348885,0.3654302393273372,0.3866814468135147
1522,16920.51139522008,65,435,0.14942528735632185,227239.77456775622,3495.996531811634,45.44795491355124,0.1044780572725316,100,73,0.73,1744.4612187761377,inf,0.5246913379413162,1.0,0.762345668970658,0.17106619415093682,0.3654276654853773,0.38666749160581404
1523,16931.62868260196,65,435,0.14942528735632185,227529.23329358004,3500.4497429781545,45.50584665871602,0.10461114174417475,100,72,0.72,1726.2327707871632,inf,0.5285775189933516,1.0,0.7642887594966759,0.1701611911237495,0.36042540297780934,0.38665027238755423
1524,16942.74596998384,66,435,0.15172413793103448,232830.59048141332,3527.7362194153534,46.56611809628267,0.10704854734777626,100,73,0.73,1734.9859285508803,inf,0.5233079455684284,1.0,0.7616539727842142,0.17269728728178102,0.36543174321820443,0.386636358597935
1525,16953.86325736572,67,435,0.15402298850574714,238163.58114189946,3554.680315550738,47.63271622837989,0.10950049707673538,100,71,0.71,1699.4652158021916,inf,0.5313240606439112,1.0,0.7656620303219557,0.1719192333773899,0.35542979808344344,0.386615908689341
1526,16964.9805447476,66,435,0.15172413793103448,233500.54595866243,3537.8870599797337,46.70010919173248,0.10735657285455742,100,71,0.71,1698.4766716053812,inf,0.5311836873679642,1.0,0.7655918436839821,0.1708823645852876,0.3554272059114632,0.3865954838676135
1527,16976.09783212948,67,435,0.15402298850574714,238827.4869519027,3564.589357491085,47.765497390380546,0.1098057411273116,100,72,0.72,1717.0656348519444,inf,0.5272574514186801,1.0,0.76362872570934,0.17308850770898582,0.36043272126927245,0.38657836164078213
1528,16987.21511951136,66,435,0.15172413793103448,234146.691930141,3547.677150456682,46.829338386028205,0.1076536514621338,100,72,0.72,1717.8590566879354,inf,0.5273717041630627,1.0,0.7636858520815313,0.17198389969030126,0.36042995974922576,0.3865612600044894
1529,16998.332406893238,64,435,0.1471264367816092,224424.9641669743,3506.6400651089734,44.88499283339486,0.10318389157102267,100,72,0.72,1717.2857976915147,inf,0.5272891548675781,1.0,0.763644577433789,0.1697696570686168,0.3604244241426715,0.38654417710523337
1530,17009.449694275118,62,435,0.1425287356321839,214461.96759131597,3459.063993408322,42.8923935182632,0.09860320349026022,100,72,0.72,1719.0506622455116,inf,0.5275432953633536,1.0,0.7637716476816768,0.16741577790429168,0.3604185394447607,0.3865271126782833
1531,17020.566981656997,60,435,0.13793103448275862,204477.68434651635,3407.9614057752724,40.89553686930327,0.09401272843517994,100,73,0.73,1736.5107153274093,inf,0.5235305644378019,1.0,0.7617652822189009,0.1661237231081395,0.36541530930777033,0.3865133321277804
1532,17031.684269038877,60,435,0.13793103448275862,204473.73443819126,3407.8955739698545,40.89474688763826,0.09401091238537532,100,72,0.72,1724.094810656199,inf,0.5282696527344927,1.0,0.7641348263672463,0.16493804300906456,0.3604123451075226,0.3864963060436184
1533,17042.801556420756,57,435,0.1310344827586207,189444.41252716997,3323.5861846871926,37.88888250543399,0.08710087932283676,100,74,0.74,1748.9902762347822,inf,0.5188505608827478,1.0,0.7594252804413739,0.1638377994407314,0.37040959449860184,0.3864858192694691
1534,17053.918843802636,58,435,0.13333333333333333,194321.80584339294,3350.3759628171197,38.86436116867859,0.08934335900845654,100,74,0.74,1746.0449455208407,inf,0.5184146519370844,1.0,0.7592073259685421,0.16506801651995717,0.3704126700412999,0.38647534816248014
1535,17065.036131184515,58,435,0.13333333333333333,194228.0053109256,3348.7587122573377,38.845601062185125,0.08930023232686235,100,74,0.74,1744.3755871117953,inf,0.5181675868925457,1.0,0.7590837934462729,0.16510821944029475,0.3704127705486007,0.38646489075517937
1536,17076.153418566395,57,435,0.1310344827586207,189175.1539350411,3318.8623497375634,37.83503078700822,0.08697708226898442,100,74,0.74,1744.3698179877404,inf,0.5181667330621855,1.0,0.7590833665310928,0.1639468578689458,0.37040986714467233,0.38645444506642823
1537,17087.270705948275,57,435,0.1310344827586207,189065.44294730722,3316.9375955667933,37.813088589461444,0.08692664043554355,100,73,0.73,1729.7459537961752,inf,0.5225429092542416,1.0,0.7612714546271209,0.16282759290421134,0.3654070689822605,0.3864407601665035
1538,17098.387993330154,60,435,0.13793103448275862,203985.56693355768,3399.759448892628,40.79711338671154,0.09378646755565871,100,74,0.74,1745.3722345103681,inf,0.5183150907075345,1.0,0.7591575453537672,0.16731446110094578,0.37041828615275235,0.386430349202232
1539,17109.505280712034,60,435,0.13793103448275862,203686.42167399084,3394.773694566514,40.73728433479817,0.09364892950528314,100,74,0.74,1746.852113750566,inf,0.5185341128350838,1.0,0.7592670564175419,0.16719093654387063,0.37041797734135967,0.38641995155816655
1540,17120.622568093913,60,435,0.13793103448275862,203437.3926565762,3390.623210942937,40.68747853131524,0.0935344334053224,100,74,0.74,1748.711298769831,inf,0.518809272217935,1.0,0.7594046361089675,0.16706489864817742,0.3704176622466204,0.3864095672042979
1541,17131.739855475793,59,435,0.135632183908046,198198.3901094441,3359.2947476176964,39.63967802188883,0.09112569660204328,100,74,0.74,1750.8977875202163,inf,0.5191328725529921,1.0,0.759566436276496,0.16577963016277364,0.37041444907540694,0.38639919423534275
1542,17142.857142857672,59,435,0.135632183908046,198000.81152266136,3355.9459580112093,39.60016230453227,0.09103485587248797,100,76,0.76,1783.319857095786,inf,0.5110646182785596,1.0,0.7555323091392798,0.16775127336660411,0.38041937818341653,0.3863953187874802
1543,17153.974430239552,57,435,0.1310344827586207,187811.19697569814,3294.933280275406,37.56223939513963,0.08634997562101064,100,76,0.76,1787.2529995948717,inf,0.5116624559384205,1.0,0.7558312279692103,0.16525937382590017,0.38041314843456475,0.38639144432481637
1544,17165.09171762143,57,435,0.1310344827586207,187592.3853736085,3291.0944802387457,37.5184770747217,0.08624937258556713,100,76,0.76,1790.5813964967776,inf,0.5121683722675102,1.0,0.756084186133755,0.16508259322590602,0.38041270648306474,0.38638757459158546
1545,17176.20900500331,57,435,0.1310344827586207,187430.9865747225,3288.2629223635527,37.486197314944505,0.08617516624125174,100,75,0.75,1780.498294988083,inf,0.5170747442482123,1.0,0.7585373721241062,0.16381889705857278,0.3754095472426464,0.38638047366833256
1546,17187.32629238519,55,435,0.12643678160919541,177308.64809462722,3223.7936017204947,35.46172961892544,0.08152121751477112,100,75,0.75,1784.7226214457128,inf,0.5177083932168569,1.0,0.7588541966084285,0.1613335104531713,0.37540333377613294,0.38637337790886767
1547,17198.44357976707,56,435,0.12873563218390804,182155.1062108113,3252.7697537644876,36.43102124216225,0.08374947411991322,100,76,0.76,1805.0999341163788,inf,0.5143751899856894,1.0,0.7571875949928447,0.16328093956353423,0.3804082023489088,0.3863695244362837
1548,17209.56086714895,56,435,0.12873563218390804,181990.10348915934,3249.823276592131,36.39802069783187,0.08367361079961348,100,75,0.75,1793.9054993596812,inf,0.5190858249039522,1.0,0.7595429124519761,0.16206534917381865,0.37540516337293456,0.3863624460882764
1549,17220.67815453083,57,435,0.1310344827586207,186858.7610722488,3278.223878460505,37.37175221444976,0.08591207405620634,100,78,0.78,1838.1008595209337,inf,0.5067437340852656,1.0,0.7533718670426328,0.16627010350678673,0.39041567525876697,0.386365061074838
1550,17231.79544191271,56,435,0.12873563218390804,181741.1891934172,3245.3783784538787,36.34823783868344,0.08355916744524929,100,79,0.79,1856.2241906060276,inf,0.5032834221157523,1.0,0.7516417110578761,0.16595872819368662,0.39541489682048425,0.38637089591413243
1551,17242.91272929459,53,435,0.12183908045977011,166561.92033808742,3142.6777422280647,33.31238406761748,0.07658019325889076,100,78,0.78,1848.3721346503276,inf,0.5083460530054511,1.0,0.7541730265027256,0.1612035833780826,0.3904030089584452,0.38637349392511455
1552,17254.03001667647,53,435,0.12183908045977011,166356.87036496794,3138.8088748107157,33.27137407299358,0.07648591740918065,100,75,0.75,1806.4061589478993,inf,0.5209609238421848,1.0,0.7604804619210924,0.15800272774404406,0.3753950068193601,0.3863664247125545
1553,17265.147304058348,52,435,0.11954022988505747,161197.78553126397,3099.9574140627687,32.2395571062528,0.07411392438219035,100,76,0.76,1818.2322680852706,inf,0.5163713047489611,1.0,0.7581856523744805,0.15796413600385495,0.38039491034000966,0.3863625820392131
1554,17276.264591440227,52,435,0.11954022988505747,161072.03484940517,3097.5391317193303,32.21440696988104,0.07405610797673802,100,74,0.74,1794.4668719875442,inf,0.5255810970541566,1.0,0.7627905485270783,0.15563277972482992,0.3703890819493121,0.38635230969188833
1555,17287.381878822107,53,435,0.12183908045977011,165910.2610262155,3130.3822835135,33.1820522052431,0.07628057978216805,100,74,0.74,1794.7253052303502,inf,0.5256193451740919,1.0,0.7628096725870459,0.15673545359756103,0.3703918386339939,0.38634205231974317
1556,17298.499166203987,53,435,0.12183908045977011,165697.69164997598,3126.3715405655844,33.1395383299952,0.07618284673562115,100,74,0.74,1797.140717880916,inf,0.5259768262463755,1.0,0.7629884131231878,0.1565972168062167,0.3703914930420155,0.386331807901453
1557,17309.616453585866,54,435,0.12413793103448276,170548.94624859092,3158.3138194183502,34.10978924971819,0.07841330862004181,100,73,0.73,1785.664933567393,inf,0.5307070803008395,1.0,0.7653535401504197,0.15652988423481107,0.365391324710587,0.3863183672832304
1558,17320.733740967746,55,435,0.12643678160919541,175422.83564128817,3189.506102568876,35.08456712825764,0.0806541773063394,100,75,0.75,1821.2279836107673,inf,0.5231841975416152,1.0,0.7615920987708076,0.1595310392677659,0.3753988275981694,0.38631136308843556
1559,17331.851028349625,55,435,0.12643678160919541,175363.4959853671,3188.4271997339474,35.07269919707342,0.0806268947059159,100,74,0.74,1807.5173987025676,inf,0.5275125750079799,1.0,0.7637562875039899,0.15843530360096297,0.3703960882590024,0.38630116098918593
1560,17342.968315731505,53,435,0.12183908045977011,165316.95458471958,3119.1878223532,33.063390916943916,0.07600779521136533,100,75,0.75,1822.4096265059857,inf,0.5233614439758979,1.0,0.7616807219879489,0.15716353661170823,0.37539290884152926,0.38629417299934116
1561,17354.085603113384,51,435,0.11724137931034483,155184.91439278625,3042.841458682083,31.03698287855725,0.07134938592771782,100,75,0.75,1824.357791393767,inf,0.5236536687090649,1.0,0.7618268343545325,0.1547612757865927,0.3753869031894665,0.3862871901121389
1562,17365.202890495264,50,435,0.11494252873563218,150077.10662378758,3001.5421324757517,30.015421324757515,0.06900096856266096,100,74,0.74,1812.5865904668801,inf,0.5282628153890984,1.0,0.7641314076945491,0.1524347804340559,0.3703810869510851,0.38627701346264365
1563,17376.320177877144,49,435,0.11264367816091954,144910.22950997463,2957.3516226525435,28.98204590199493,0.06662539287814927,100,74,0.74,1812.4071572620942,inf,0.5282362592747899,1.0,0.7641181296373949,0.1512536316203772,0.37037813407905096,0.3862668479387411
1564,17387.437465259023,49,435,0.11264367816091954,144752.7347688545,2954.137444262337,28.950546953770907,0.06655298150292162,100,74,0.74,1813.6143561063789,inf,0.528414924703744,1.0,0.764207462351872,0.15117275957552478,0.3703779318989388,0.38625669527673484
1565,17398.554752640903,50,435,0.11494252873563218,149644.491011973,2992.8898202394603,29.9288982023946,0.06880206483309104,100,75,0.75,1828.1639732758608,inf,0.524224595991379,1.0,0.7621122979956896,0.15334488341870078,0.37538336220854673,0.3862497518967424
1566,17409.672040022782,50,435,0.11494252873563218,149569.6836575425,2991.39367315085,29.9139367315085,0.06876767064714598,100,75,0.75,1823.231217341733,inf,0.52348468260126,1.0,0.76174234130063,0.15351266467325803,0.3753837816616831,0.3862428176464328
1567,17420.789327404662,50,435,0.11494252873563218,149550.77478922822,2991.0154957845643,29.91015495784564,0.06875897691458768,100,75,0.75,1821.469405912836,inf,0.5232204108869254,1.0,0.7616102054434627,0.15357438573556254,0.3753839359643389,0.3862358923392376
1568,17431.90661478654,51,435,0.11724137931034483,154549.3953949377,3030.380301861523,30.90987907898753,0.0710571932850288,100,75,0.75,1820.3100981805978,inf,0.5230465147270896,1.0,0.7615232573635449,0.15476696796074196,0.3753869174199019,0.3862289777599391
1569,17443.02390216842,51,435,0.11724137931034483,154567.45686319002,3030.7344482978433,30.913491372638,0.07106549740836321,100,74,0.74,1798.651743489211,inf,0.5262004580364033,1.0,0.7631002290182016,0.15398263419508085,0.3703849565854877,0.38621888602670695
1570,17454.1411895503,52,435,0.11954022988505747,159644.90767665385,3070.0943783971893,31.928981535330767,0.07339995755248452,100,74,0.74,1797.524657105377,inf,0.5260336492515958,1.0,0.7630168246257979,0.15519156646334337,0.3703879789161584,0.3862088090648288
1571,17465.25847693218,53,435,0.12183908045977011,164661.1504783928,3106.8141599696755,32.93223009567856,0.07570627608201969,100,74,0.74,1796.59447154382,inf,0.5258959817884853,1.0,0.7629479908942427,0.15637914259388852,0.37039094785648474,0.3861987468121517
1572,17476.37576431406,53,435,0.12183908045977011,164733.36952987642,3108.176783582574,32.94667390597528,0.07573948024362133,100,74,0.74,1796.3630221918338,inf,0.5258617272843914,1.0,0.7629308636421956,0.15640430830071284,0.37039101077075176,0.3861886973931807
1573,17487.49305169594,53,435,0.12183908045977011,164869.90764731137,3110.752974477573,32.97398152946228,0.07580225638956846,100,74,0.74,1797.641729942217,inf,0.526050976031448,1.0,0.763025488015724,0.1563883841869222,0.3703909709604673,0.3861786607181916
1574,17498.61033907782,53,435,0.12183908045977011,165071.3386029115,3114.5535585455,33.014267720582296,0.0758948683231777,100,73,0.73,1781.5813504506273,inf,0.5301108771657916,1.0,0.7650554385828958,0.15541971487014095,0.36538854928717535,0.38616546064744184
1575,17509.7276264597,53,435,0.12183908045977011,165337.8889514581,3119.5828104048696,33.06757779029162,0.07601742020756695,100,73,0.73,1784.408333933601,inf,0.5305236167543057,1.0,0.7652618083771529,0.15537780591520706,0.365388444514788,0.38615227726157086
1576,17520.844913841578,53,435,0.12183908045977011,165669.71231081188,3125.8436285058847,33.13394246216238,0.07616998267163766,100,72,0.72,1772.0066084179962,inf,0.5351689516121915,1.0,0.7675844758060957,0.15429275343277093,0.3603857318835819,0.3861359382981098
1577,17531.962201223458,53,435,0.12183908045977011,166067.3607480436,3133.34642920837,33.21347214960873,0.07635280953933041,100,73,0.73,1788.0142201367867,inf,0.5310500761399709,1.0,0.7655250380699854,0.15541388573467252,0.3653885347143367,0.3861227903870935
1578,17543.079488605337,54,435,0.12413793103448276,171402.77072889605,3174.1253838684456,34.28055414577921,0.07880587159949244,100,73,0.73,1785.698713251008,inf,0.530712012134647,1.0,0.7653560060673235,0.15672493276608446,0.3653918123319152,0.386109661205298
1579,17554.196775987217,55,435,0.12643678160919541,176657.70822803027,3211.958331418732,35.33154164560605,0.08122193481748517,100,71,0.71,1756.374931188909,inf,0.539405240228825,1.0,0.7697026201144125,0.15575965735153635,0.3553893991433788,0.3860902180014613
1580,17565.314063369096,55,435,0.12643678160919541,176939.4444901278,3217.0808089114144,35.38788889802555,0.08135146873109322,100,72,0.72,1766.7300654554654,inf,0.5344091294255869,1.0,0.7672045647127934,0.1570734520091499,0.36039268363002286,0.38607396402652683
1581,17576.431350750976,55,435,0.12643678160919541,177284.74919041136,3223.3590761892974,35.456949838082274,0.08151022951283281,100,74,0.74,1788.2000842217203,inf,0.5246536124648147,1.0,0.7623268062324073,0.15959171164021269,0.37039897927910054,0.3860640556922997
1582,17587.548638132856,56,435,0.12873563218390804,182652.5294604139,3261.6523117931056,36.530505892082786,0.08397817446455813,100,76,0.76,1812.766938757707,inf,0.5155405746911714,1.0,0.7577702873455857,0.16310394355948615,0.38040775985889874,0.3860604825426892
1583,17598.665925514735,57,435,0.1310344827586207,188012.0505489908,3298.4570271752773,37.60241010979817,0.08644232209149005,100,75,0.75,1793.9382936907652,inf,0.5190907440536148,1.0,0.7595453720268074,0.16344847503234133,0.37540862118758084,0.3860537578827428
1584,17609.783212896615,59,435,0.135632183908046,198336.25604628824,3361.631458411665,39.66725120925765,0.09118908323967276,100,75,0.75,1790.707930471864,inf,0.5186061895707796,1.0,0.7593030947853898,0.16594299422714143,0.37541485748556785,0.3860470456427446
1585,17620.900500278494,60,435,0.13793103448275862,203677.64658934917,3394.6274431558195,40.73552931786982,0.09364489498360878,100,74,0.74,1771.687877102057,inf,0.5222098058111043,1.0,0.7611049029055521,0.16626999603902837,0.3704156749900976,0.3860371897974403
1586,17632.017787660374,61,435,0.14022988505747128,209010.60315848008,3426.4033304668865,41.80212063169602,0.09609682903838165,100,74,0.74,1769.018551065829,inf,0.5218147455577425,1.0,0.7609073727788713,0.16759472812975518,0.37041898682032437,0.38602734845971054
1587,17643.135075042253,63,435,0.14482758620689656,219329.66311643654,3481.4232240704214,43.8659326232873,0.10084122442135011,100,75,0.75,1779.7600835167011,inf,0.5169640125275052,1.0,0.7584820062637526,0.17117960907879876,0.375427949022697,0.3860206737749265
1588,17654.252362424133,63,435,0.14482758620689656,219679.53441994512,3486.9767368245257,43.93590688398902,0.10100208479077935,100,75,0.75,1778.700134195841,inf,0.516805020129376,1.0,0.7584025100646881,0.17129978736304563,0.37542824946840764,0.3860140076803346
1589,17665.369649806013,64,435,0.1471264367816092,225018.91836472653,3515.920599448852,45.00378367294531,0.10345697396079381,100,75,0.75,1779.8089665579698,inf,0.5169713449836955,1.0,0.7584856724918477,0.17248565073447303,0.37543121412683617,0.3860073518353324
1590,17676.486937187892,64,435,0.1471264367816092,225334.52182666888,3520.851903541701,45.06690436533377,0.10360207900076729,100,75,0.75,1781.3545266662504,inf,0.5172031789999376,1.0,0.7586015894999688,0.1725002447503992,0.375431250611876,0.3860007043801323
1591,17687.60422456977,66,435,0.15172413793103448,235643.11819042134,3570.3502756124444,47.128623638084264,0.10834166353582589,100,77,0.77,1806.3072597445166,inf,0.5081713180006555,1.0,0.7540856590003278,0.17712800226774905,0.3854428200056694,0.3860003539502488
1592,17698.72151195165,64,435,0.1471264367816092,225934.81052906622,3530.2314145166597,45.186962105813244,0.10387807380646723,100,77,0.77,1798.5859733318564,inf,0.5069822398931059,1.0,0.7534911199465529,0.17519347692995718,0.3854379836923249,0.3860000009243493
1593,17709.83879933353,65,435,0.14942528735632185,231122.53074734265,3555.73124226681,46.22450614946853,0.10626323252751387,100,77,0.77,1794.2210780669775,inf,0.5063100460223144,1.0,0.7531550230111572,0.17655410475817834,0.3854413852618955,0.3859996504753766
1594,17720.95608671541,64,435,0.1471264367816092,226193.2243372273,3534.2691302691765,45.23864486744546,0.10399688475274818,100,77,0.77,1789.9012688289392,inf,0.5056447953996567,1.0,0.7528223976998283,0.17558724352645994,0.38543896810881617,0.3859992989503819
1595,17732.07337409729,65,435,0.14942528735632185,231104.64339448878,3555.4560522229044,46.22092867889776,0.10625500845723622,100,78,0.78,1802.7148623952817,inf,0.501223518533664,1.0,0.750611759266832,0.17782162459520212,0.39044455406148804,0.3860020841979452
1596,17743.19066147917,65,435,0.14942528735632185,230952.48810956892,3553.115201685676,46.19049762191379,0.10618505200439952,100,78,0.78,1799.4751103653025,inf,0.5007181172169871,1.0,0.7503590586084936,0.1779129966979529,0.3904447824917449,0.386004866100446
1597,17754.30794886105,64,435,0.1471264367816092,225840.53406029334,3528.7583446920835,45.16810681205866,0.10383472830358313,100,78,0.78,1794.3774060601274,inf,0.49992287534537977,1.0,0.7499614376726899,0.17693664531544667,0.3904423416132886,0.38600764299375817
1598,17765.42523624293,63,435,0.14482758620689656,220718.03299371465,3503.4608411700738,44.143606598742934,0.10147955539940905,100,79,0.79,1803.8493780037038,inf,0.4950082017245851,1.0,0.7475041008622926,0.17698772726855821,0.3954424693181714,0.3860135434479948
1599,17776.54252362481,63,435,0.14482758620689656,220612.24337136804,3501.781640815366,44.122448674273606,0.101430916492583,100,79,0.79,1800.4403321577347,inf,0.49446957248092205,1.0,0.747234786240461,0.17709806512606102,0.3954427451628152,0.3860194366990665
1600,17787.659811006688,63,435,0.14482758620689656,220550.28663375086,3500.798200535728,44.11005732675016,0.10140243063620726,100,80,0.8,1809.348256381986,inf,0.4894957210211177,1.0,0.7447478605105589,0.17832728506282425,0.40044581821265707,0.38602844755572713
1601,17798.777098388568,63,435,0.14482758620689656,220531.9947618794,3500.5078533631654,44.1063989523759,0.10139402058017448,100,79,0.79,1793.9218332318271,inf,0.49343964965062864,1.0,0.7467198248253143,0.17733709787743007,0.3954433427446936,0.3860343245190161
1602,17809.894385770447,62,435,0.1425287356321839,215518.3808336344,3476.1029166715225,43.103676166726885,0.09908891072810778,100,81,0.81,1819.5824371577887,inf,0.4847723548195617,1.0,0.7423861774097809,0.1783513666591635,0.4054458784166479,0.38604643403485994
1603,17821.011673152327,62,435,0.1425287356321839,215488.47233043824,3475.620521458681,43.09769446608765,0.09907515969215552,100,81,0.81,1818.4864530350328,inf,0.4845948053916752,1.0,0.7422974026958375,0.178388878498159,0.4054459721962454,0.3860585285100229
1604,17832.128960534206,62,435,0.1425287356321839,215502.58305136504,3475.8481137316944,43.100516610273004,0.09908164737993794,100,82,0.82,1829.501797583626,inf,0.48003829480371474,1.0,0.7400191474018574,0.17953124998904024,0.4104488281249726,0.38607372495838116
1605,17843.246247916086,63,435,0.14482758620689656,220492.7321782766,3499.8846377504224,44.098546435655315,0.10137596881759843,100,82,0.82,1830.6849941719556,inf,0.48023233904420065,1.0,0.7401161695221004,0.180629899647749,0.41045157474911936,0.3860889041923729
1606,17854.363535297965,62,435,0.1425287356321839,215446.30517031875,3474.940405972883,43.08926103406375,0.09905577249210058,100,83,0.83,1845.1271939660812,inf,0.47629111419836945,1.0,0.7381455570991847,0.18045510769645795,0.41545113776924114,0.3861071756507281
1607,17865.480822679845,59,435,0.135632183908046,200282.15301748112,3394.6127630081546,40.05643060349624,0.09208374851378445,100,83,0.83,1848.345537073103,inf,0.47682535915413515,1.0,0.7384126795770676,0.17683553446835842,0.4154420888361709,0.3861254187559429
1608,17876.598110061725,58,435,0.13333333333333333,195004.8387792192,3362.1523927451585,39.00096775584384,0.08965739713987089,100,79,0.79,1806.0267976542668,inf,0.49535223402937417,1.0,0.7476761170146871,0.1709906400625919,0.3954274766001565,0.38613120002247137
1609,17887.715397443604,57,435,0.1310344827586207,189661.25833571173,3327.3904971177494,37.932251667142346,0.08720057854515481,100,79,0.79,1808.7453667121144,inf,0.49578176794051393,1.0,0.7478908839702569,0.16965484728744895,0.39542413711821867,0.38613697203308983
1610,17898.832684825484,57,435,0.1310344827586207,189367.44794380246,3322.2359288386397,37.8734895887605,0.0870654933074954,100,77,0.77,1789.8000773385995,inf,0.5056292119101442,1.0,0.7528146059550721,0.16712544367621168,0.38541781360919053,0.3861365256281091
1611,17909.949972207363,57,435,0.1310344827586207,189124.85348861868,3317.97988576524,37.824970697723735,0.08695395562695112,100,76,0.76,1778.7512143219865,inf,0.510370184576942,1.0,0.7551850922884711,0.16588443166924005,0.38041471107917313,0.3861329761153616
1612,17921.067259589243,57,435,0.1310344827586207,188895.93133339283,3313.9637076033828,37.779186266678565,0.08684870406133004,100,77,0.77,1801.0367976421223,inf,0.5073596668368868,1.0,0.7536798334184434,0.1665844353214433,0.38541646108830363,0.3861325319026976
1613,17932.184546971122,57,435,0.1310344827586207,188585.47476477234,3308.517101136357,37.717094952954476,0.08670596540909074,100,76,0.76,1793.982797987688,inf,0.5126853852941285,1.0,0.7563426926470642,0.16518163638101324,0.38041295409095255,0.3861289881741897
1614,17943.301834353002,58,435,0.13333333333333333,193317.73192966013,3333.06434361483,38.66354638593202,0.08888171582972879,100,77,0.77,1810.5508650020377,inf,0.5088248332103137,1.0,0.7544124166051569,0.16723464961228596,0.3854180866240307,0.3861285479874713
1615,17954.41912173488,58,435,0.13333333333333333,193042.36351604387,3328.316612345584,38.608472703208776,0.0887551096625489,100,79,0.79,1838.8056216482264,inf,0.5005312882204198,1.0,0.7502656441102099,0.16924473277616953,0.39542311183194045,0.38613429957400874
1616,17965.53640911676,58,435,0.13333333333333333,192830.9303445235,3324.671212836612,38.566186068904706,0.08865789900897633,100,78,0.78,1833.646557563155,inf,0.5060488629798522,1.0,0.7530244314899261,0.1678167337595251,0.3904195418343988,0.3861369496929082
1617,17976.65369649864,59,435,0.135632183908046,197655.32535230677,3350.0902602085894,39.531065070461345,0.09087601165623298,100,77,0.77,1821.1973169482103,inf,0.5104643868100244,1.0,0.7552321934050121,0.16782190912561046,0.38541955477281403,0.3861365063091504
1618,17987.77098388052,59,435,0.135632183908046,197408.92629745672,3345.9140050416395,39.481785259491346,0.09076272473446287,100,78,0.78,1836.4075743638684,inf,0.5064795816007635,1.0,0.7532397908003817,0.16876146696704059,0.39042190366741764,0.38613915325007586
1619,17998.8882712624,59,435,0.135632183908046,197172.06573045673,3341.8994191602837,39.434413146091345,0.09065382332434792,100,79,0.79,1853.6616173214795,inf,0.5028785355367937,1.0,0.7514392677683969,0.16960727777797552,0.39542401819444495,0.3861448846481897
1620,18010.00555864428,59,435,0.135632183908046,196886.57458139907,3337.060586125408,39.377314916279815,0.0905225630259306,100,79,0.79,1857.309595937518,inf,0.5034549161581277,1.0,0.7517274580790638,0.16939755247343335,0.3954234938811836,0.3861506086514179
1621,18021.12284602616,58,435,0.13333333333333333,191673.67533513188,3304.7185402608943,38.33473506702638,0.08812582774029053,100,79,0.79,1858.629715130374,inf,0.503663494990599,1.0,0.7518317474952996,0.16814704012249548,0.39542036760030624,0.38615632366926556
1622,18032.24013340804,58,435,0.13333333333333333,191548.6215499677,3302.5624405166845,38.30972430999354,0.0880683317471116,100,80,0.8,1868.0339713103706,inf,0.49888543540965924,1.0,0.7494427177048296,0.169312807021141,0.4004232820175529,0.38616511415500077
1623,18043.35742078992,58,435,0.13333333333333333,191516.28375992106,3302.004892412432,38.303256751984215,0.08805346379766486,100,79,0.79,1858.3351683259073,inf,0.5036169565954933,1.0,0.7518084782977467,0.1681224927499591,0.3954203062318749,0.3861708131649004
1624,18054.474708171798,58,435,0.13333333333333333,191579.71810830367,3303.0985880742014,38.31594362166074,0.08808262901531205,100,81,0.81,1887.7556891019779,inf,0.4958164216345204,1.0,0.7479082108172602,0.17008720909902592,0.4054252180227476,0.38618266202942825
1625,18065.591995553677,58,435,0.13333333333333333,191739.37604559262,3305.851311130907,38.347875209118534,0.08815603496349088,100,78,0.78,1846.8363041143923,inf,0.5081064634418453,1.0,0.7540532317209226,0.16705140162128412,0.3904176285040532,0.3861852665598554
1626,18076.709282935557,59,435,0.135632183908046,196920.12399803314,3337.6292203056464,39.384024799606635,0.09053798804507272,100,78,0.78,1845.1482300568243,inf,0.5078431238888645,1.0,0.7539215619444323,0.16830821305032023,0.3904207705326258,0.3861878698198264
1627,18087.826570317437,58,435,0.13333333333333333,192079.92461461163,3311.722838182959,38.415984922922334,0.08831260901821227,100,78,0.78,1839.9026063003134,inf,0.5070248065828488,1.0,0.7535124032914244,0.1674001028633939,0.3904185002571585,0.3861904684871712
1628,18098.943857699316,59,435,0.135632183908046,197263.93154801358,3343.4564669154843,39.452786309602715,0.09069606048184532,100,79,0.79,1851.679469940305,inf,0.5025653562505681,1.0,0.751282678125284,0.1697066911782807,0.39542426672794573,0.3861961368716038
1629,18110.061145081196,59,435,0.135632183908046,197478.76905967292,3347.0977806724222,39.49575381193458,0.09079483634927489,100,78,0.78,1832.9163538133118,inf,0.5059349511948766,1.0,0.7529674755974383,0.16891368037591836,0.39042228420093983,0.3861987296000267
1630,18121.178432463075,58,435,0.13333333333333333,192741.23445824173,3323.1247320386506,38.54824689164834,0.08861665952103066,100,77,0.77,1818.4428697356864,inf,0.5100402019392957,1.0,0.7550201009696478,0.16679827927569146,0.3854169956981892,0.38619825030272326
1631,18132.295719844955,58,435,0.13333333333333333,193056.9870039279,3328.568741447033,38.611397400785584,0.08876183310525422,100,76,0.76,1806.1780142353432,inf,0.5145390581637722,1.0,0.757269529081886,0.16574615201168408,0.3804143653800292,0.38619470625558927
1632,18143.413007226834,58,435,0.13333333333333333,193430.42778501628,3335.007375603729,38.68608555700325,0.08893353001609944,100,76,0.76,1805.1631999649428,inf,0.5143848063946713,1.0,0.7571924031973356,0.1658705634093819,0.38041467640852344,0.38619116673945514
1633,18154.530294608714,58,435,0.13333333333333333,193808.5404996592,3341.5265603389516,38.76170809993184,0.08910737494237204,100,76,0.76,1803.994813840618,inf,0.5142072117037738,1.0,0.757103605851887,0.16600188454524256,0.38041500471136314,0.38618763175657383
1634,18165.647581990594,58,435,0.13333333333333333,194205.25924334003,3348.3665386782764,38.84105184866801,0.08928977436475405,100,74,0.74,1774.9793786837292,inf,0.522696948045192,1.0,0.761348474022596,0.16397065017107904,0.3704099266254277,0.3861779817840166
1635,18176.764869372473,58,435,0.13333333333333333,194650.51325817453,3356.043332037492,38.9301026516349,0.0894944888543331,100,74,0.74,1771.8901753586003,inf,0.5222397459530729,1.0,0.7611198729765365,0.16418730793889835,0.37041046826984725,0.3861683439395703
1636,18187.882156754353,56,435,0.12873563218390804,185075.15669094963,3304.913512338386,37.01503133818993,0.08509202606480443,100,74,0.74,1767.7339026246555,inf,0.521624617588449,1.0,0.7608123087942245,0.16213985863529,0.3704053496465882,0.3861587147433009
1637,18198.999444136232,56,435,0.12873563218390804,185473.0858360664,3312.019389929757,37.094617167213286,0.08527498199359376,100,73,0.73,1752.0325350449166,inf,0.5257967501165578,1.0,0.762898375058279,0.16118830346765745,0.3654029707586691,0.3861460433489269
1638,18210.116731518112,55,435,0.12643678160919541,180878.21500547967,3288.6948182814485,36.175643001095935,0.08316239770366882,100,75,0.75,1778.672454910671,inf,0.5168008682366008,1.0,0.7584004341183004,0.16238098179268423,0.3754059524544817,0.3861394905173866
1639,18221.23401889999,54,435,0.12413793103448276,176288.7690072491,3264.606833467576,35.25775380144982,0.08105230758953982,100,77,0.77,1804.9987668657375,inf,0.5079698100973236,1.0,0.7539849050486618,0.16353370127043898,0.3854088342531761,0.3861390449952743
1640,18232.35130628187,53,435,0.12183908045977011,171705.16414222136,3239.72007815512,34.34103282844427,0.07894490305389487,100,76,0.76,1788.8021123559458,inf,0.5118979210781038,1.0,0.7559489605390519,0.1614979712574215,0.38040374492814355,0.38613554999218647
1641,18243.46859366375,53,435,0.12183908045977011,172081.3554709238,3246.8180277532792,34.416271094184765,0.07911786458433279,100,76,0.76,1785.650983102659,inf,0.5114189494316042,1.0,0.7557094747158021,0.1617041949342653,0.38040426048733567,0.3861320595600885
1642,18254.58588104563,51,435,0.11724137931034483,162360.72932792624,3183.5437123122792,32.47214586558524,0.07464861118525343,100,76,0.76,1784.402731204312,inf,0.5112292151430554,1.0,0.7556146075715278,0.1595170018068628,0.38039879250451714,0.38612857004879475
1643,18265.70316842751,52,435,0.11954022988505747,167572.6455708584,3222.5508763626617,33.51452911417169,0.0770448945153372,100,76,0.76,1785.6161674849907,inf,0.5114136574577186,1.0,0.7557068287288593,0.16066903289323897,0.3804016725822331,0.3861250865345207
1644,18276.82045580939,52,435,0.11954022988505747,167820.0035937922,3227.307761419081,33.564000718758436,0.07715862234197342,100,77,0.77,1799.9034769510856,inf,0.5071851354504672,1.0,0.7535925677252335,0.1617830273083699,0.3854044575682709,0.3861246484622008
1645,18287.93774319127,52,435,0.11954022988505747,168108.77057831612,3232.860972659925,33.62175411566323,0.0772913887716396,100,77,0.77,1799.8269014942834,inf,0.5071733428301196,1.0,0.7535866714150599,0.16185235867828984,0.38540463089669574,0.38612421102747085
1646,18299.05503057315,53,435,0.12183908045977011,173371.12037058856,3271.1532145394067,34.6742240741177,0.07971085994050046,100,78,0.78,1812.450300924497,inf,0.5027422469442214,1.0,0.7513711234721108,0.16416986823419488,0.3904104246705855,0.38612681346441263
1647,18310.172317955028,54,435,0.12413793103448276,178613.98229166528,3307.666338734542,35.72279645833305,0.08212137116858173,100,79,0.79,1826.6742540524676,inf,0.4986145321402899,1.0,0.749307266070145,0.1664070525492184,0.3954160176313731,0.3861324501174266
1648,18321.289605336908,53,435,0.12183908045977011,173870.79496030486,3280.581036986884,34.77415899206096,0.07994059538404819,100,80,0.8,1840.6592490982152,inf,0.49450547985571447,1.0,0.7472527399278572,0.16634392772809548,0.40041585981932026,0.38614111197898016
1649,18332.406892718787,53,435,0.12183908045977011,174125.16996722997,3285.3805654194334,34.825033993445984,0.08005754941022065,100,80,0.8,1843.1585198447974,inf,0.49490536317516765,1.0,0.7474526815875838,0.16630243391131844,0.4004157560847783,0.3861497632784382
1650,18343.524180100667,53,435,0.12183908045977011,174394.94270083104,3290.470616996812,34.87898854016621,0.0801815828509568,100,78,0.78,1817.7702260100075,inf,0.5035721552575612,1.0,0.7517860776287806,0.16419775261108815,0.39041049438152775,0.38615234397565384
1651,18354.641467482546,52,435,0.11954022988505747,169647.298941551,3262.448056568289,33.9294597883102,0.07799875813404643,100,77,0.77,1807.1513782939087,inf,0.5083013122572619,1.0,0.754150656128631,0.16192405100270774,0.38540481012750677,0.38615189147332446
1652,18365.758754864426,51,435,0.11724137931034483,164880.7320750925,3232.955530884167,32.9761464150185,0.07580723313797356,100,76,0.76,1798.652954278507,inf,0.5133952490503331,1.0,0.7566976245251665,0.1595548043064035,0.380398887010766,0.38614841113184684
1653,18376.876042246306,50,435,0.11494252873563218,160018.21388866124,3200.364277773225,32.00364277773225,0.07357159259248794,100,75,0.75,1789.0265986757513,inf,0.5183539898013626,1.0,0.7591769949006812,0.1571972988459034,0.3753929932471148,0.3861419084608162
1654,18387.993329628185,49,435,0.11264367816091954,155139.83306515013,3166.119042145921,31.027966613030024,0.07132865888052879,100,73,0.73,1762.2204027312291,inf,0.5272841787987594,1.0,0.7636420893993797,0.15384328474057457,0.3653846082118514,0.38612936628543915
1655,18399.110617010065,49,435,0.11264367816091954,155297.13626972874,3169.329311627117,31.05942725394575,0.07140098219297873,100,74,0.74,1784.0519336606317,inf,0.5240396861817735,1.0,0.7620198430908868,0.15469056955104593,0.3703867264238776,0.386119859860402
1656,18410.227904391944,50,435,0.11494252873563218,160488.3129335804,3209.766258671608,32.09766258671608,0.07378773008440478,100,72,0.72,1757.9876925150966,inf,0.5331502277221739,1.0,0.766575113861087,0.15360630811165887,0.3603840157702791,0.38610432827072777
1657,18421.345191773824,49,435,0.11264367816091954,155635.74098837088,3176.2396120075687,31.127148197674174,0.07155666252338891,100,75,0.75,1809.1600213806335,inf,0.5213740032070951,1.0,0.7606870016035476,0.15543483045992068,0.3753885870761498,0.38609786521813755
1658,18432.462479155703,47,435,0.10804597701149425,145694.83516291223,3099.8901098491965,29.138967032582453,0.06698613110938495,100,74,0.74,1798.580844388365,inf,0.526189964969478,1.0,0.7630949824847391,0.15194557431232292,0.3703798639357808,0.3860883908352067
1659,18443.579766537583,46,435,0.10574712643678161,140591.59043132342,3056.338922420074,28.118318086264683,0.06463981169256248,100,75,0.75,1814.9715633973346,inf,0.5222457345096002,1.0,0.7611228672548,0.15175847221888117,0.3753793961805472,0.38608193963360743
1660,18454.697053919463,46,435,0.10574712643678161,140515.22199250633,3054.6787389675287,28.103044398501265,0.06460469976666958,100,75,0.75,1818.4242701996684,inf,0.5227636405299502,1.0,0.7613818202649751,0.15161143975084723,0.3753790285993771,0.3860754959785597
1661,18465.814341301342,46,435,0.10574712643678161,140487.79740265533,3054.0825522316377,28.097559480531068,0.06459209075984154,100,76,0.76,1833.9963411689744,inf,0.518767443857684,1.0,0.759383721928842,0.15260418441549983,0.38038151046103874,0.38607206999449384
1662,18476.93162868322,46,435,0.10574712643678161,140469.05696433262,3053.675151398535,28.093811392866524,0.06458347446635983,100,77,0.77,1844.5813205018424,inf,0.5140655233572837,1.0,0.7570327616786419,0.15377535639385898,0.38538443839098463,0.3860716565058567
1663,18488.0489160651,46,435,0.10574712643678161,140474.38027412893,3053.7908755245417,28.09487605482579,0.06458592196511675,100,77,0.77,1839.8337002043822,inf,0.5133343898314748,1.0,0.7566671949157374,0.1539593635246897,0.38538489840881174,0.3860712437906541
1664,18499.16620344698,46,435,0.10574712643678161,140541.7826444959,3055.2561444455628,28.10835652889918,0.06461691156068777,100,76,0.76,1817.1784559854166,inf,0.5162111253097832,1.0,0.7581055626548916,0.15325567445289812,0.38038313918613226,0.3860678275116124
1665,18510.28349082886,46,435,0.10574712643678161,140615.9966473328,3056.8694923333214,28.123199329466562,0.06465103294130244,100,77,0.77,1822.2079345257264,inf,0.5106200219169618,1.0,0.7553100109584809,0.15467051099141071,0.3853866762774785,0.3860674186573302
1666,18521.40077821074,46,435,0.10574712643678161,140568.94151869338,3055.8465547542037,28.113788303738676,0.06462939839939925,100,75,0.75,1789.352741542391,inf,0.5184029112313586,1.0,0.7592014556156793,0.15271397139186,0.3753817849284796,0.38606100855911246
1667,18532.51806559262,48,435,0.1103448275862069,150444.92595942318,3134.269290821316,30.088985191884635,0.06917008090088422,100,75,0.75,1782.7180151097161,inf,0.5174077022664575,1.0,0.7587038511332287,0.15523311488382774,0.3753880827872096,0.38605460992255863
1668,18543.6353529745,48,435,0.1103448275862069,150253.8495007358,3130.2885312653293,30.05076990014717,0.06908222965551074,100,75,0.75,1776.0618476396764,inf,0.5164092771459514,1.0,0.7582046385729757,0.1554387955412675,0.3753885969888532,0.38604821926172356
1669,18554.75264035638,48,435,0.1103448275862069,149904.28332669166,3123.0059026394097,29.980856665338333,0.06892150957549043,100,77,0.77,1802.5371313328415,inf,0.5075907182252576,1.0,0.7537953591126287,0.15756307523143087,0.3853939076880786,0.38604782745838606
1670,18565.86992773826,49,435,0.11264367816091954,154523.9811296583,3153.550635299149,30.90479622593166,0.07104550856536014,100,76,0.76,1783.756318400545,inf,0.5111309603968828,1.0,0.7555654801984414,0.15774001418345934,0.38039435003545863,0.38604444416848605
1671,18576.987215120138,49,435,0.11264367816091954,154186.58673860363,3146.6650354817066,30.837317347720724,0.07089038470740397,100,75,0.75,1766.8270650460981,inf,0.5150240597569148,1.0,0.7575120298784574,0.1566891774144733,0.3753917229435362,0.38603807292373427
1672,18588.104502502018,49,435,0.11264367816091954,153898.40191004777,3140.7837124499547,30.779680382009555,0.07075788593565414,100,75,0.75,1763.4550988813126,inf,0.5145182648321969,1.0,0.7572591324160984,0.15674937675977785,0.37539187344189945,0.3860317093854905
1673,18599.221789883897,49,435,0.11264367816091954,153661.19480138613,3135.9427510486967,30.732238960277225,0.0706488251960396,100,75,0.75,1755.7369186715878,inf,0.5133605378007382,1.0,0.7566802689003691,0.15698427814783522,0.3753924606953696,0.38602535380084885
1674,18610.339077265777,51,435,0.11724137931034483,163394.2096434774,3203.808032225047,32.678841928695476,0.07512377454872524,100,75,0.75,1752.5168370436027,inf,0.5128775255565404,1.0,0.7564387627782703,0.15934250588522747,0.3753983562647131,0.38601900932470784
1675,18621.456364647656,51,435,0.11724137931034483,163116.03959559195,3198.3537175606266,32.62320791911839,0.07499588027383539,100,75,0.75,1751.5312536111521,inf,0.5127296880416727,1.0,0.7563648440208364,0.15931551812649947,0.3753982887953162,0.38601267237928455
1676,18632.573652029536,50,435,0.11494252873563218,157892.35825342638,3157.847165068528,31.578471650685277,0.07259418770272477,100,75,0.75,1752.7518944737847,inf,0.5129127841710678,1.0,0.7564563920855338,0.15806889780859545,0.3753951722445215,0.3860063411329311
1677,18643.690939411415,50,435,0.11494252873563218,157721.84754099647,3154.4369508199293,31.544369508199296,0.07251579197287195,100,75,0.75,1750.7403413933368,inf,0.5126110512090005,1.0,0.7563055256045003,0.1581051331841858,0.3753952628329605,0.3860000174867452
1678,18654.808226793295,51,435,0.11724137931034483,162565.36034175783,3187.5560851325063,32.51307206835156,0.07474269441000359,100,76,0.76,1768.2453850626166,inf,0.5087732985295177,1.0,0.7543866492647588,0.16017802257262237,0.38040044505643156,0.38599668242276053
1679,18665.925514175175,51,435,0.11724137931034483,162389.69560491847,3184.111678527813,32.477939120983685,0.0746619290137556,100,77,0.77,1780.7290186312857,inf,0.504232268869218,1.0,0.752116134434609,0.16127289728957328,0.38540318224322395,0.3859963291488441
1680,18677.042801557054,51,435,0.11724137931034483,162268.5762076525,3181.7367883853435,32.453715241530496,0.07460624193455287,100,77,0.77,1780.983580961239,inf,0.5042714714680308,1.0,0.7521357357340154,0.1612352531002687,0.3854030881327507,0.3859959762392569
1681,18688.160088938934,51,435,0.11724137931034483,162093.98234230775,3178.313379260936,32.41879646846156,0.07452596889301508,100,78,0.78,1795.9850580517184,inf,0.5001736690560681,1.0,0.750086834528034,0.16221956718249053,0.39040554891795626,0.38599859786391727
1682,18699.277376320813,51,435,0.11724137931034483,161890.67747271495,3174.3270092689204,32.37813549454298,0.07443249538975398,100,78,0.78,1793.1357025202992,inf,0.4997291695931667,1.0,0.7498645847965834,0.1622839552965853,0.39040570988824147,0.386001216468804
1683,18710.394663702693,51,435,0.11724137931034483,161731.6248527525,3171.208330446127,32.34632497055049,0.07435936774839193,100,77,0.77,1779.4331938591215,inf,0.5040327118543048,1.0,0.7520163559271524,0.1611715059106198,0.38540292876477655,0.38600086119106997
1684,18721.511951084573,51,435,0.11724137931034483,161615.1853797854,3168.925203525204,32.32303707595708,0.07430583235852203,100,77,0.77,1777.1200918876696,inf,0.503676494150701,1.0,0.7518382470753505,0.16123379264158572,0.385403084481604,0.38600050642744416
1685,18732.629238466452,51,435,0.11724137931034483,161540.06976237913,3167.4523482819436,32.30801395247583,0.07427129644247318,100,74,0.74,1730.7359878207128,inf,0.5161489261974656,1.0,0.7580744630987328,0.1580984166718702,0.37039524604167967,0.385991250638366
1686,18743.74652584833,51,435,0.11724137931034483,161505.23164873055,3166.7692480143246,32.301046329746114,0.07425527891895659,100,74,0.74,1726.4714040650226,inf,0.5155177678016234,1.0,0.7577588839008117,0.15824819750907243,0.37039562049377267,0.38598200604432653
1687,18754.86381323021,51,435,0.11724137931034483,161509.81224057017,3166.8590635405917,32.30196244811403,0.07425738493819317,100,74,0.74,1725.8844065604783,inf,0.5154308921709508,1.0,0.7577154460854754,0.15827096942635888,0.3703956774235659,0.3859727724373237
1688,18765.98110061209,51,435,0.11724137931034483,161553.10596817435,3167.7079601602813,32.31062119363487,0.07427729010031005,100,74,0.74,1728.3409280136998,inf,0.5157944573460277,1.0,0.7578972286730139,0.15819003071364812,0.3703954750767841,0.38596354964433344
1689,18777.09838799397,52,435,0.11954022988505747,166593.75170964748,3203.7259944162975,33.3187503419295,0.07659482837225173,100,76,0.76,1759.2427913121965,inf,0.5074049042794538,1.0,0.7537024521397269,0.16144618811626243,0.38040361547029067,0.3859602597424553
1690,18788.21567537585,53,435,0.12183908045977011,171604.21444548125,3237.8153668958726,34.32084288909625,0.07889848940022126,100,75,0.75,1742.745042941162,inf,0.5114117564411744,1.0,0.7557058782205872,0.16159630558981708,0.3754039907639745,0.38595401712330774
1691,18799.33296275773,55,435,0.12643678160919541,181540.11837041366,3300.729424916612,36.308023674082726,0.08346672108984535,100,75,0.75,1742.0177257995233,inf,0.5113026588699284,1.0,0.7556513294349643,0.16390769582744058,0.3754097692395686,0.38594778529831736
1692,18810.45025013961,55,435,0.12643678160919541,181446.88500087097,3299.0342727431084,36.28937700017419,0.08342385517281423,100,77,0.77,1771.4430828155373,inf,0.5028022347535928,1.0,0.7514011173767964,0.16601136889800888,0.385415028422245,0.3859474706161697
1693,18821.56753752149,55,435,0.12643678160919541,181389.22612524423,3297.985929549895,36.27784522504885,0.08339734534493988,100,79,0.79,1801.2472263554519,inf,0.4945970617641614,1.0,0.7472985308820808,0.16804940723142958,0.3954201235180786,0.3859530625009996
1694,18832.68482490337,58,435,0.13333333333333333,196247.43810556305,3383.576519061432,39.24948762111261,0.09022870717497151,100,79,0.79,1801.036605954447,inf,0.4945637837408027,1.0,0.7472818918704014,0.17147340765228503,0.39542868351913074,0.3859586528378835
1695,18843.802112285248,58,435,0.13333333333333333,196052.50276187292,3380.2155648598778,39.21050055237458,0.09013908172959674,100,80,0.8,1814.0459725845926,inf,0.4902473556135347,1.0,0.7451236778067674,0.17250770196141474,0.4004312692549036,0.3859671862202048
1696,18854.919399667127,59,435,0.135632183908046,200874.2303506655,3404.6479720451775,40.17484607013309,0.09235596797731746,100,80,0.8,1808.7746127401383,inf,0.48940393803842214,1.0,0.744701969019211,0.17382699947905317,0.40043456749869766,0.38597571148907844
1697,18866.036687049007,59,435,0.135632183908046,200721.5466566076,3402.0601128238577,40.14430933132151,0.0922857685777506,100,80,0.8,1808.7768866847764,inf,0.4894043018695641,1.0,0.744702150934782,0.17379180882148426,0.40043447952205374,0.3859842266645984
1698,18877.153974430887,59,435,0.135632183908046,200552.24799826302,3399.1906440383564,40.110449599652604,0.09220793011414392,100,80,0.8,1806.9741418069607,inf,0.4891158626891137,1.0,0.7445579313445568,0.1738249993847935,0.400434562498462,0.38599273186520694
1699,18888.271261812766,59,435,0.135632183908046,200352.94319813765,3395.8125965786044,40.07058863962752,0.09211629572328166,100,79,0.79,1793.7910633259316,inf,0.49341898800549716,1.0,0.7467094940027486,0.1727034008602666,0.3954317585021507,0.3859982842338169
1700,18899.388549194646,58,435,0.13333333333333333,195189.322320103,3365.333143450052,39.0378644640206,0.08974221715866805,100,78,0.78,1782.7937917160946,inf,0.4981158315077107,1.0,0.7490579157538554,0.17034215070240638,0.390425855376756,0.3860008871562995
1701,18910.505836576525,58,435,0.13333333333333333,194991.45366595834,3361.921614930316,38.998290733191666,0.08965124306480843,100,79,0.79,1793.5070094968487,inf,0.4933741075005021,1.0,0.746687053750251,0.1714820946572787,0.3954287052366432,0.3860064264148661
1702,18921.623123958405,58,435,0.13333333333333333,194790.6880842759,3358.460139384067,38.958137616855176,0.08955893705024179,100,80,0.8,1810.539662078505,inf,0.48968634593256083,1.0,0.7448431729662804,0.17235788204198071,0.40043089470510496,0.3860148964490941
1703,18932.740411340284,58,435,0.13333333333333333,194504.0413456794,3353.517954235852,38.90080826913587,0.08942714544628937,100,80,0.8,1814.071308703124,inf,0.4902514093924998,1.0,0.7451257046962498,0.17215072037501977,0.40043037680093757,0.38602335623803297
1704,18943.857698722164,60,435,0.13793103448275862,204020.72830173076,3400.3454716955125,40.80414566034616,0.09380263370194519,100,79,0.79,1802.245884464505,inf,0.49475484974539186,1.0,0.7473774248726959,0.17321260441462472,0.3954330315110366,0.38602887510916084
1705,18954.974986104044,59,435,0.135632183908046,198535.77586335252,3365.013150226314,39.70715517267051,0.09128081648889773,100,79,0.79,1804.5453613766401,inf,0.4951181670975091,1.0,0.7475590835487546,0.17186086647007154,0.3954296521661752,0.3860343855294756
1706,18966.092273485923,59,435,0.135632183908046,198036.89575821304,3356.5575552239497,39.607379151642604,0.09105144632561518,100,79,0.79,1809.0492576290894,inf,0.4958297827053962,1.0,0.7479148913526981,0.17156827748645853,0.39542892069371616,0.38603988906501413
1707,18977.209560867803,59,435,0.135632183908046,197589.50965490815,3348.9747399136972,39.51790193098163,0.09084575156547502,100,78,0.78,1800.821236550258,inf,0.5009281129018403,1.0,0.7504640564509202,0.17019084755727742,0.3904254771188932,0.38604245673951876
1708,18988.326848249682,58,435,0.13333333333333333,192068.06298640565,3311.5183273518214,38.413612597281144,0.08830715539604861,100,76,0.76,1779.8689068011877,inf,0.5105400738337804,1.0,0.7552700369168902,0.1665185592395792,0.38041629639809893,0.3860391646620809
1709,18999.444135631562,58,435,0.13333333333333333,191605.3311098151,3303.5401915485363,38.32106622196302,0.08809440510796097,100,75,0.75,1768.5688968080829,inf,0.5152853345212125,1.0,0.7576426672606063,0.1652258689236774,0.37541306467230917,0.3860329505685196
1710,19010.56142301344,58,435,0.13333333333333333,191205.46600998729,3296.645965689436,38.24109320199746,0.08791055908505163,100,75,0.75,1770.5408221038454,inf,0.5155811233155769,1.0,0.7577905616577885,0.16505999871363153,0.3754126499967841,0.3860267434962976
1711,19021.67871039532,60,435,0.13793103448275862,200843.45110347364,3347.3908517245604,40.168690220694735,0.09234181659929824,100,73,0.73,1741.5877527113291,inf,0.524271811895854,1.0,0.762135905947927,0.16510295532568559,0.3654127573883142,0.3860147026165617
1712,19032.7959977772,60,435,0.13793103448275862,200513.75390553026,3341.8958984255046,40.102750781106046,0.09219023168070356,100,72,0.72,1724.8384813865532,inf,0.5283767413196636,1.0,0.7641883706598318,0.16400093051043585,0.36041000232627607,0.3859997553309281
1713,19043.91328515908,59,435,0.135632183908046,195252.40394277882,3309.3627786911666,39.050480788555774,0.08977122020357649,100,72,0.72,1725.8261356956043,inf,0.528518963540167,1.0,0.7642594817700835,0.1627558692167465,0.36040688967304185,0.3859848236706843
1714,19055.03057254096,58,435,0.13333333333333333,190014.24371206944,3276.1076502080937,38.00284874241388,0.08736287067221582,100,74,0.74,1755.28766255601,inf,0.5197825740582894,1.0,0.7598912870291448,0.16373579182153553,0.37040933947955385,0.3859757417557041
1715,19066.14785992284,58,435,0.13333333333333333,189813.76923631516,3272.651193729572,37.96275384726303,0.08727069849945525,100,73,0.73,1740.2779449872153,inf,0.5240805799681335,1.0,0.7620402899840668,0.16261520425769427,0.3654065380106442,0.38596375504023495
1716,19077.26514730472,58,435,0.13333333333333333,189678.7207103193,3270.322770867574,37.935744142063854,0.0872086072231353,100,72,0.72,1726.9713560635146,inf,0.5286838752731462,1.0,0.7643419376365731,0.1614333347932811,0.3604035833369832,0.3859488685104136
1717,19088.3824346866,57,435,0.1310344827586207,184560.3582641479,3237.901022178033,36.912071652829574,0.08485533713294155,100,73,0.73,1747.3529818859645,inf,0.5251135353553509,1.0,0.7625567676776754,0.161149284727633,0.3654028732118191,0.3859369092582025
1718,19099.499722068478,57,435,0.1310344827586207,184444.73254743774,3235.8725008322413,36.888946509487546,0.08480217588387942,100,74,0.74,1764.461128768236,inf,0.5211402470576989,1.0,0.7605701235288495,0.16211602617751503,0.37040529006544376,0.3859278739939834
1719,19110.617009450358,57,435,0.1310344827586207,184386.19557928943,3234.845536478762,36.87723911585789,0.0847752623353055,100,74,0.74,1764.5065902206366,inf,0.5211469753526542,1.0,0.760573487676327,0.16210088732948924,0.3704052522183237,0.38591884921388125
1720,19121.734296832237,56,435,0.12873563218390804,179320.24401308148,3202.147214519312,35.864048802616296,0.08244608920141677,100,72,0.72,1738.3923644423219,inf,0.5303285004796943,1.0,0.7651642502398471,0.1586409194807848,0.36039660229870196,0.3859040193202641
1721,19132.851584214117,56,435,0.12873563218390804,179309.89395806965,3201.9623921083867,35.86197879161393,0.08244133055543432,100,74,0.74,1773.4437845398124,inf,0.5224696801118922,1.0,0.7612348400559461,0.16060324524974412,0.37040150811312433,0.3858950167005154
1722,19143.968871595996,55,435,0.12643678160919541,174342.15904081264,3169.8574371056843,34.86843180816252,0.08015731450152304,100,75,0.75,1786.9184440867475,inf,0.5180377666130122,1.0,0.7590188833065061,0.16056921559750847,0.37540142303899376,0.3858889263965911
1723,19155.086158977876,55,435,0.12643678160919541,174406.22141098845,3171.0222074725175,34.881244282197684,0.08018676846482227,100,78,0.78,1827.4543767420957,inf,0.5050828827717669,1.0,0.7525414413858835,0.1638226635394694,0.3904095566588487,0.38589154857191726
1724,19166.203446359756,55,435,0.12643678160919541,174537.93110796198,3173.4169292356723,34.907586221592396,0.08024732464733884,100,79,0.79,1836.565399396139,inf,0.5001773331045899,1.0,0.750088666552295,0.16507932904752187,0.3954126983226188,0.38589706807901913
1725,19177.320733741635,56,435,0.12873563218390804,179728.19998139353,3209.4321425248845,35.94563999627871,0.0826336551638591,100,79,0.79,1828.1381825254264,inf,0.49884583283901746,1.0,0.7494229164195088,0.16660536937217518,0.3954165134234305,0.3859025834007714
1726,19188.438021123515,56,435,0.12873563218390804,179968.54014546023,3213.7239311689327,35.99370802909205,0.08274415638871735,100,80,0.8,1836.5533302228505,inf,0.49384853283565605,1.0,0.746924266417828,0.1679099449854447,0.4004197748624636,0.38591098941783086
1727,19199.555308505394,57,435,0.1310344827586207,185270.1081727441,3250.3527749604227,37.054021634548825,0.0851816589299973,100,80,0.8,1834.0225248238428,inf,0.4934436039718148,1.0,0.7467218019859074,0.16922992847204488,0.4004230748211801,0.3859193876154023
1728,19210.672595887274,56,435,0.12873563218390804,180558.93705875322,3224.2667331920215,36.11178741175065,0.08301560324540379,100,79,0.79,1823.383190260524,inf,0.4980945440611629,1.0,0.7490472720305814,0.16698416560741114,0.39541746041401854,0.38592488100626327
1729,19221.789883269154,56,435,0.12873563218390804,180850.31586788673,3229.469926212263,36.17006317357735,0.08314957051397091,100,78,0.78,1810.5962139144196,inf,0.5024530093706494,1.0,0.7512265046853247,0.16596153291432308,0.39041490383228583,0.38592747639518
1730,19232.907170651033,56,435,0.12873563218390804,181164.98408628546,3235.0890015408118,36.23299681725709,0.08329424555691285,100,76,0.76,1779.5708979544904,inf,0.5104947764890826,1.0,0.7552473882445413,0.16402342865618574,0.38041005857164045,0.38592428897875974
1731,19244.024458032913,56,435,0.12873563218390804,181535.14020827372,3241.698932290602,36.307028041654746,0.08346443227966609,100,76,0.76,1775.8843775110067,inf,0.509934425381673,1.0,0.7549672126908364,0.1642486097944148,0.380410621524486,0.38592110556798936
1732,19255.141745414792,56,435,0.12873563218390804,181959.25378754927,3249.2723890633797,36.39185075750984,0.08365942702875825,100,77,0.77,1789.4275780646142,inf,0.5055718470219506,1.0,0.7527859235109753,0.1654367517588915,0.3854135918793972,0.3859208127153127
1733,19266.25903279667,58,435,0.13333333333333333,192285.4682935012,3315.266694715538,38.457093658700245,0.08840711185908103,100,77,0.77,1784.9001013958682,inf,0.5048746156149637,1.0,0.7524373078074819,0.16798490202579958,0.38541996225506453,0.38592052387421677
1734,19277.37632017855,60,435,0.13793103448275862,202535.22519278884,3375.587086546481,40.50704503855777,0.09311964376679947,100,78,0.78,1794.508276664465,inf,0.4999432911596564,1.0,0.7499716455798282,0.17157399909348559,0.39042893499773373,0.385923122382069
1735,19288.49360756043,59,435,0.135632183908046,197754.23604257446,3351.7667125860075,39.550847208514895,0.09092148783566642,100,79,0.79,1806.5171044534945,inf,0.4954297025036521,1.0,0.747714851251826,0.17160331829192016,0.3954290082957298,0.38592859812280267
1736,19299.61089494231,59,435,0.135632183908046,197951.95710894468,3355.1179171007575,39.59039142178893,0.091012394073078,100,79,0.79,1804.9510203616537,inf,0.49518226121714126,1.0,0.7475911306085706,0.1717106317322537,0.39542927657933064,0.38593406771316335
1737,19310.72818232419,60,435,0.13793103448275862,203099.51547814297,3384.9919246357163,40.619903095628594,0.09337908757615769,100,78,0.78,1789.5131995608313,inf,0.4991640591314897,1.0,0.7495820295657448,0.17189852900520647,0.39042974632251304,0.3859366544097165
1738,19321.84546970607,60,435,0.13793103448275862,203251.3101521773,3387.5218358696216,40.65026203043545,0.09344887823088609,100,78,0.78,1789.3332849561436,inf,0.4991359924531585,1.0,0.7495679962265792,0.1719404410021534,0.3904298511025054,0.3859392381915985
1739,19332.96275708795,62,435,0.1425287356321839,213440.9117591068,3442.595350953335,42.68818235182137,0.09813375253292268,100,77,0.77,1770.8644335823146,inf,0.5027131227716765,1.0,0.7513565613858382,0.17338859557354225,0.38543347148893387,0.38593894752107966
1740,19344.08004446983,64,435,0.1471264367816092,223601.51668920188,3493.7736982687793,44.72030333784038,0.10280529502951812,100,77,0.77,1767.180738500883,inf,0.5021458337291359,1.0,0.751072916864568,0.1758661890824751,0.3854396654727062,0.3859386607421892
1741,19355.19733185171,63,435,0.14482758620689656,218787.98623764055,3472.8251783752467,43.75759724752812,0.10059217758052441,100,76,0.76,1750.7346677272906,inf,0.5061116694945482,1.0,0.7530558347472741,0.1737681714166251,0.3804344204285416,0.38593550101755447
1742,19366.314619233588,63,435,0.14482758620689656,218969.35147276905,3475.7039916312547,43.79387029455382,0.10067556389552602,100,76,0.76,1746.1447313137933,inf,0.5054139991596966,1.0,0.7527069995798483,0.1739842821578389,0.3804349607053946,0.3859323452285056
1743,19377.431906615468,62,435,0.1425287356321839,214174.85657553354,3454.4331705731215,42.834971315106706,0.09847119842553266,100,75,0.75,1728.6122893964846,inf,0.5092918434094726,1.0,0.7546459217047363,0.17191263836039816,0.375429781595901,0.38592632311633096
1744,19388.549193997347,62,435,0.1425287356321839,214425.0795223442,3458.4690245539387,42.88501590446884,0.09858624345854905,100,75,0.75,1723.797688805434,inf,0.508569653320815,1.0,0.7542848266604075,0.1721507083990707,0.37543037677099766,0.3859203082473652
1745,19399.666481379227,61,435,0.14022988505747128,209717.87731293295,3437.9979887366057,41.943575462586594,0.09642201255767033,100,75,0.75,1723.1526068597307,inf,0.5084728910289595,1.0,0.7542364455144798,0.17109278352159524,0.37542773195880397,0.3859142987535
1746,19410.783768761106,63,435,0.14482758620689656,219996.1113208623,3492.0017669978147,43.99922226417248,0.10114763738890226,100,76,0.76,1736.4018433361373,inf,0.5039330801870928,1.0,0.7519665400935465,0.17459054864767787,0.3804364763716192,0.385911163194037
1747,19421.901056142986,63,435,0.14482758620689656,220196.10659334852,3495.1762951325163,44.0392213186697,0.10123958923832116,100,76,0.76,1741.3473091884778,inf,0.5046847909966485,1.0,0.7523423954983243,0.17444859686999842,0.380436121492175,0.38590803101915033
1748,19433.018343524865,62,435,0.1425287356321839,215401.53247850545,3474.218265782346,43.08030649570109,0.09903518734643928,100,75,0.75,1724.7073867918216,inf,0.5087061080187733,1.0,0.7543530540093866,0.17234106666852633,0.3754308526666713,0.3859020406370163
1749,19444.135630906745,62,435,0.1425287356321839,215564.79256836502,3476.8514930381457,43.112958513673014,0.09911024945671958,100,75,0.75,1725.336777248792,inf,0.5088005165873188,1.0,0.7544002582936594,0.17235499558153006,0.3754308874889538,0.38589605712093167
1750,19455.252918288625,62,435,0.1425287356321839,215778.02200512952,3480.290677502089,43.15560440102591,0.09920828597936991,100,74,0.74,1710.9026540796744,inf,0.5132135928037919,1.0,0.7566067964018959,0.17130074478873702,0.3704282518619718,0.3858872234228969
1751,19466.370205670504,61,435,0.14022988505747128,210966.4840364539,3458.4669514172774,42.19329680729078,0.09699608461446156,100,75,0.75,1727.935767193095,inf,0.5091903650789642,1.0,0.7545951825394821,0.1712004510374897,0.3754280011275937,0.3858812535471575
1752,19477.487493052384,61,435,0.14022988505747128,211171.84315727506,3461.8334943815585,42.23436863145502,0.09709050260104603,100,76,0.76,1740.177594208909,inf,0.5045069943197542,1.0,0.7522534971598771,0.17241850272058445,0.38043104625680146,0.38587814447283336
1753,19488.604780434263,60,435,0.13793103448275862,206416.00595982568,3440.266765997095,41.283201191965134,0.09490391078612674,100,77,0.77,1752.1470468475002,inf,0.499830645214515,1.0,0.7499153226072575,0.17249429408943462,0.3854312357352236,0.38587788967879827
1754,19499.722067816143,60,435,0.13793103448275862,206687.51651504074,3444.791941917346,41.33750330300815,0.09502874322530609,100,77,0.77,1749.694444270309,inf,0.49945294441762755,1.0,0.7497264722088137,0.17265113550824618,0.3854316278387706,0.3858776353985475
1755,19510.839355198023,61,435,0.14022988505747128,211904.9536648631,3473.8516994239853,42.38099073297261,0.09742756490338532,100,80,0.8,1785.4183330548017,inf,0.4856669332887683,1.0,0.7428334666443841,0.17729704912950062,0.40044324262282377,0.3858859301634816
1756,19521.956642579902,62,435,0.1425287356321839,217041.27689633382,3500.665756392481,43.40825537926676,0.09978909282590061,100,80,0.8,1781.8254258600402,inf,0.48509206813760647,1.0,0.7425460340688033,0.1786215293785487,0.4004465538234464,0.3858942173710286
1757,19533.07392996178,61,435,0.14022988505747128,212077.00610801755,3476.672231278976,42.41540122160351,0.0975066694749506,100,81,0.81,1794.2613756155245,inf,0.48067034284971505,1.0,0.7403351714248575,0.1785857490250466,0.40544646437256265,0.38590533924076775
1758,19544.19121734366,62,435,0.1425287356321839,217075.93348018138,3501.2247335513125,43.41518669603628,0.09980502688743972,100,80,0.8,1781.5501455666586,inf,0.48504802329066543,1.0,0.7425240116453327,0.17864050762105355,0.4004466012690527,0.3859136060184985
1759,19555.30850472554,63,435,0.14482758620689656,222052.35388417824,3524.640537844099,44.41047077683564,0.10209303626858768,100,80,0.8,1781.3182046388235,inf,0.4850109127422117,1.0,0.7425054563711059,0.1797937899487409,0.4004494844748719,0.3859218650403487
1760,19566.42579210742,65,435,0.14942528735632185,231962.9510263174,3568.6607850202677,46.39259020526348,0.10664963265577812,100,80,0.8,1781.790122092496,inf,0.48508641953479925,1.0,0.7425432097673996,0.1820532114441893,0.4004551330286105,0.3859301178898593
1761,19577.5430794893,62,435,0.1425287356321839,216679.0366164668,3494.8231712333354,43.335807323293366,0.09962254557078935,100,79,0.79,1770.470448492624,inf,0.4897343308618347,1.0,0.7448671654309174,0.17737769006993598,0.39544344422517486,0.38593551705350027
1762,19588.66036687118,63,435,0.14482758620689656,221345.51151111012,3513.4208176366687,44.26910230222201,0.10176805126947588,100,79,0.79,1767.203018990394,inf,0.4892180770004822,1.0,0.7446090385002411,0.1785795063846174,0.3954464487659616,0.38594091179638873
1763,19599.77765425306,63,435,0.14482758620689656,221022.57984316142,3508.2949181454196,44.2045159686323,0.1016195769393846,100,79,0.79,1766.176252012836,inf,0.4890558478180281,1.0,0.744527923909014,0.1785458265151853,0.39544636456628796,0.3859463003750565
1764,19610.89494163494,63,435,0.14482758620689656,220758.12432450792,3504.097211500126,44.15162486490157,0.10149798819517603,100,79,0.79,1769.6347390560675,inf,0.48960228877085865,1.0,0.7448011443854293,0.17834842190487338,0.3954458710547622,0.38595168256807616
1765,19622.01222901682,63,435,0.14482758620689656,220556.143959706,3500.8911739635873,44.11122879194119,0.10140512365963492,100,78,0.78,1756.0264775758126,inf,0.4939401305018268,1.0,0.7469700652509134,0.1772175292043608,0.3904430438230109,0.38595422580774486
1766,19633.129516398698,64,435,0.1471264367816092,225399.44187559793,3521.8662793062176,45.07988837511958,0.10363192729912547,100,77,0.77,1743.2960613023704,inf,0.498467593440565,1.0,0.7492337967202825,0.17719906528942153,0.38544299766322354,0.38595393648791204
1767,19644.246803780577,63,435,0.14482758620689656,220290.9868736648,3496.682331328013,44.05819737473295,0.10128321235570793,100,77,0.77,1743.34449654045,inf,0.49847505246722934,1.0,0.7492375262336146,0.17602284306104665,0.3854400571076526,0.38595364583215397
1768,19655.364091162457,62,435,0.1425287356321839,215175.09920985508,3470.566116287985,43.03501984197102,0.0989310800964851,100,77,0.77,1743.61890001695,inf,0.49851731060261023,1.0,0.7492586553013051,0.17483621239759,0.385437090530994,0.3859533538280267
1769,19666.481378544337,62,435,0.1425287356321839,215101.599425649,3469.380635897565,43.02031988512981,0.09889728709225243,100,78,0.78,1760.6359469829226,inf,0.49465920772933586,1.0,0.747329603864668,0.17578384161379224,0.3904394596040345,0.38595588835106404
1770,19677.598665926216,62,435,0.1425287356321839,214990.08112450788,3467.5819536210947,42.99801622490156,0.09884601431011854,100,78,0.78,1760.2562359061872,inf,0.4945999728013652,1.0,0.7472999864006826,0.175773013954718,0.39043943253488683,0.3859584199965659
1771,19688.715953308096,62,435,0.1425287356321839,214945.81736582707,3466.8680220294686,42.989163473165405,0.09882566315670208,100,78,0.78,1757.8423601450836,inf,0.49422340818263316,1.0,0.7471117040913166,0.1758569795326928,0.3904396424488317,0.3859609489031417
1772,19699.833240689975,62,435,0.1425287356321839,214974.93041718163,3467.3375873738973,42.99498608343632,0.0988390484676697,100,77,0.77,1741.394466585765,inf,0.4981747478542078,1.0,0.7490873739271039,0.17487583727028294,0.3854371895931757,0.38596065349461944
1773,19710.950528071855,62,435,0.1425287356321839,215076.16575620152,3468.970415422605,43.01523315124031,0.09888559345112714,100,77,0.77,1737.204088291414,inf,0.49752942959687785,1.0,0.7487647147984389,0.17506043932634419,0.38543765109831585,0.38596035867928896
1774,19722.067815453735,65,435,0.14942528735632185,230195.4125087377,3541.4678847498108,46.039082501747544,0.10583697126838516,100,78,0.78,1749.2624845060543,inf,0.4928849475829445,1.0,0.7464424737914722,0.17969724873845644,0.39044924312184615,0.38596288762827063
1775,19733.185102835614,64,435,0.1471264367816092,225258.05326217326,3519.657082221457,45.05161065243465,0.10356692104007965,100,77,0.77,1730.6754097217379,inf,0.49652401309714767,1.0,0.7482620065485739,0.17765245724575285,0.3854441311431144,0.3859625955356551
1776,19744.302390217494,66,435,0.15172413793103448,235377.1146768741,3566.319919346577,47.075422935374824,0.10821936306982718,100,77,0.77,1726.92263509754,inf,0.49594608580502125,1.0,0.7479730429025107,0.18012316008365825,0.3854503079002092,0.3859623072477342
1777,19755.419677599373,66,435,0.15172413793103448,235443.59629553254,3567.327216598978,47.08871925910651,0.10824992933127933,100,78,0.78,1742.9939947108114,inf,0.49190706317488664,1.0,0.7459535315874433,0.18114819887191802,0.3904528704971798,0.38596483287385874
1778,19766.536964981253,65,435,0.14942528735632185,230421.02184663838,3544.9387976405906,46.08420436932768,0.10594069969960386,100,77,0.77,1723.0476646462669,inf,0.4953493403555251,1.0,0.7476746701777626,0.1791330147609207,0.3854478325369023,0.38596454226096555
1779,19777.654252363132,64,435,0.1471264367816092,225377.29117066332,3521.5201745416143,45.07545823413267,0.10362174306697165,100,77,0.77,1719.2850314601149,inf,0.4947698948448577,1.0,0.7473849474224289,0.1781183978222714,0.3854452959945557,0.38596425054957995
1780,19788.771539745012,64,435,0.1471264367816092,225332.1868724018,3520.815419881278,45.06643737448035,0.10360100545857552,100,77,0.77,1717.3521428932127,inf,0.49447223000555474,1.0,0.7472361150027773,0.17818244522789906,0.38544545611306974,0.3859639592556796
1781,19799.88882712689,64,435,0.1471264367816092,225348.46687985378,3521.0697949977152,45.06969337597076,0.103608490519473,100,78,0.78,1731.0462681808701,inf,0.4900432178362158,1.0,0.7450216089181079,0.17929344080068255,0.3904482336020017,0.3859664756834834
1782,19811.00611450877,63,435,0.14482758620689656,220377.33724778958,3498.052972187136,44.07546744955792,0.10132291367714465,100,77,0.77,1714.9005960722086,inf,0.4940946917951201,1.0,0.7470473458975601,0.17713778388979234,0.3854428444597245,0.38596618200360466
1783,19822.12340189065,63,435,0.14482758620689656,220414.757643552,3498.6469467230477,44.0829515287104,0.10134011845680553,100,77,0.77,1715.9554796705347,inf,0.4942571438692624,1.0,0.7471285719346312,0.17710577326108712,0.38544276443315273,0.38596588860810555
1784,19833.24068927253,63,435,0.14482758620689656,220439.53878936573,3499.0402982439005,44.08790775787316,0.10135151208706474,100,77,0.77,1719.5993369738976,inf,0.4948182978939802,1.0,0.7474091489469901,0.17697118157003733,0.3854424279539251,0.38596559535283703
1785,19844.35797665441,62,435,0.1425287356321839,215474.02353282465,3475.3874763358813,43.09480470656492,0.09906851656681591,100,77,0.77,1724.1879959142352,inf,0.4955249513707922,1.0,0.7477624756853961,0.1756530204407099,0.3854391325511018,0.3859653005808316
1786,19855.47526403629,62,435,0.1425287356321839,215505.49759841926,3475.895122555149,43.10109951968387,0.09908298740157212,100,77,0.77,1728.087638520105,inf,0.4961254963320962,1.0,0.7480627481660481,0.17551011961776203,0.3854387752990444,0.38596500593881605
1787,19866.59255141817,61,435,0.14022988505747128,210521.8147469977,3451.1772909343886,42.10436294939954,0.09679163896413687,100,76,0.76,1718.191742828616,inf,0.5011651449099496,1.0,0.7505825724549748,0.17310453325458097,0.38043276133313647,0.38596191184228046
1788,19877.70983880005,61,435,0.14022988505747128,210589.63172081305,3452.2890446034926,42.11792634416262,0.09682281918198303,100,73,0.73,1675.1417804196446,inf,0.514570699941268,1.0,0.757285349970634,0.16976873460567454,0.3654244218365142,0.3859504319708407
1789,19888.827126181928,61,435,0.14022988505747128,210658.3472041177,3453.4155279363554,42.131669440823536,0.09685441250764032,100,74,0.74,1696.0846077023332,inf,0.5110205219399453,1.0,0.7555102609699726,0.1706720757688338,0.3704266801894221,0.385941759483812
1790,19899.944413563808,61,435,0.14022988505747128,210695.94503810405,3454.031885870558,42.1391890076208,0.0968716988680938,100,74,0.74,1701.1033650417253,inf,0.5117632980261755,1.0,0.7558816490130877,0.170495024927503,0.37042623756231874,0.38593309643416296
1791,19911.061700945687,61,435,0.14022988505747128,210741.1979550287,3454.773736967684,42.14823959100575,0.09689250480690977,100,76,0.76,1735.1208402511675,inf,0.5037383677181775,1.0,0.7518691838590887,0.17251166047391053,0.3804312791511848,0.38593002622362554
1792,19922.178988327567,60,435,0.13793103448275862,205844.70863811695,3430.745143968616,41.1689417276234,0.09464124535085838,100,76,0.76,1738.116629459725,inf,0.5041937276778782,1.0,0.7520968638389391,0.17127219075595967,0.3804281804768899,0.3859269577095448
1793,19933.296275709446,60,435,0.13793103448275862,205973.39972514275,3432.889995419046,41.194679945028554,0.0947004136667323,100,77,0.77,1751.4176581327938,inf,0.49971831935245026,1.0,0.7498591596762252,0.1724206269952535,0.38543105156748814,0.38592668128471647
1794,19944.413563091326,61,435,0.14022988505747128,211112.99008100393,3460.8686898525234,42.22259801620078,0.09706344371540408,100,77,0.77,1754.7245606313177,inf,0.500227582337223,1.0,0.7501137911686115,0.17347482627339628,0.3854336870656835,0.38592640663612643
1795,19955.530850473206,61,435,0.14022988505747128,211316.75300761504,3464.2090656986074,42.26335060152301,0.09715712781959313,100,79,0.79,1786.0915649742956,inf,0.4922024672659387,1.0,0.7461012336329693,0.17552794709331188,0.39543881986773327,0.38593170308001934
1796,19966.648137855085,61,435,0.14022988505747128,211585.88516605622,3468.6210682960036,42.31717703321126,0.0972808667430144,100,80,0.8,1798.5139930967503,inf,0.48776223889548015,1.0,0.74388111944774,0.17669987364763712,0.4004417496841191,0.38593977767467935
1797,19977.765425236965,60,435,0.13793103448275862,206894.38713888597,3448.2397856480993,41.3788774277772,0.09512385615580965,100,80,0.8,1801.5270933701772,inf,0.4882443349392284,1.0,0.7441221674696142,0.1755008443430977,0.4004387521108578,0.38594784162041695
1798,19988.882712618844,60,435,0.13793103448275862,207251.19301200137,3454.186550200023,41.45023860240028,0.09528790483310409,100,78,0.78,1772.2605536963126,inf,0.4964726463766247,1.0,0.7482363231883123,0.1735257908223959,0.390433814477056,0.3859503352128887
1799,20000.000000000724,61,435,0.14022988505747128,212668.31251768305,3486.3657789784106,42.53366250353662,0.09777853449088877,100,78,0.78,1773.8333156083647,inf,0.4967179972349048,1.0,0.7483589986174524,0.17470976793671822,0.3904367744198418,0.3859528276791148
