frame,time,active_links,max_possible_links,link_fraction,total_link_distance,mean_link_distance,normalized_distance_sum,link_score,receiver_count,covered_receivers,coverage_fraction,mean_nearest_receiver_distance,max_nearest_receiver_distance,receiver_penalty,worst_receiver_penalty,blended_receiver_penalty,base_score,score,running_score
0,0.0,49,435,0.11264367816091954,164001.60473326995,3346.9715251687744,32.80032094665399,0.07540303665897469,100,78,0.78,1808.9976342647108,inf,0.5022036309452947,1.0,0.7511018154726474,0.1621506105931636,0.39040537652648294,0.39040537652648294
1,11.117287381878821,49,435,0.11264367816091954,163826.837168363,3343.4048401706737,32.7653674336726,0.07532268375556919,100,77,0.77,1799.6491973578854,inf,0.5071459763931143,1.0,0.7535729881965572,0.160874847779506,0.3854021871194488,0.38790378182296587
2,22.234574763757642,48,435,0.1103448275862069,158613.15884480107,3304.440809266689,31.722631768960213,0.07292559027347176,100,78,0.78,1817.0013269849076,inf,0.5034522070096457,1.0,0.7517261035048228,0.16059974338432448,0.3904014993584608,0.38873635433479753
3,33.35186214563646,48,435,0.1103448275862069,158341.4692062601,3298.7806084637523,31.668293841252023,0.07280067549713108,100,78,0.78,1817.11317758845,inf,0.5034696557037983,1.0,0.7517348278518992,0.16053292382261597,0.39040133230955654,0.3891525988284873
4,44.469149527515285,48,435,0.1103448275862069,158111.91095867346,3293.9981449723637,31.62238219173469,0.07269513147525217,100,78,0.78,1820.1246507856565,inf,0.5039394455225624,1.0,0.7519697227612812,0.16036270435698552,0.39040090676089245,0.38940226041496834
5,55.58643690939411,48,435,0.1103448275862069,157929.92776851304,3290.2068285106884,31.585985553702614,0.07261146104299451,100,78,0.78,1823.9936828807956,inf,0.5045430145294042,1.0,0.7522715072647022,0.16016997688914614,0.3904004249422229,0.3895686211695108
6,66.70372429127293,47,435,0.10804597701149425,152784.00371123283,3250.7234832177196,30.55680074224656,0.07024551894769324,100,76,0.76,1799.4101224449405,inf,0.513510338611631,1.0,0.7567551693058154,0.15674517482093886,0.38039186293705235,0.388257655707731
7,77.82101167315176,47,435,0.10804597701149425,152680.80085180557,3248.527677697991,30.53616017036111,0.07019806935715198,100,77,0.77,1819.109768238685,inf,0.5101429043087574,1.0,0.7550714521543787,0.15756330860138668,0.3853939082715035,0.38789968727820257
8,88.93829905503058,48,435,0.1103448275862069,157602.28409654924,3283.380918678109,31.52045681930985,0.07246082027427551,100,77,0.77,1824.0043469090253,inf,0.51089666942399,1.0,0.755448334711995,0.15850624278114028,0.38539626560695284,0.3876215293147304
9,100.05558643690941,48,435,0.1103448275862069,157527.55883387488,3281.8241423723935,31.50551176677498,0.07242646383166662,100,76,0.76,1810.2520402658017,inf,0.5151583101204017,1.0,0.7575791550602009,0.1574236543857328,0.38039355913596434,0.3868987322968538
10,111.17287381878823,49,435,0.11264367816091954,162491.11324816302,3316.1451683298574,32.4982226496326,0.07470855781524736,100,76,0.76,1808.298938022181,inf,0.5148614385793714,1.0,0.7574307192896856,0.15863891926278084,0.38039659729815695,0.3863076291151541
11,122.29016120066706,50,435,0.11494252873563218,167447.11997274854,3348.9423994549707,33.4894239945497,0.07698718159666598,100,75,0.75,1794.4695812222524,inf,0.5191704371833379,1.0,0.7595852185916689,0.15870098150249856,0.37539675245375626,0.38539838939337095
12,133.40744858254587,50,435,0.11494252873563218,167435.49910823035,3348.709982164607,33.48709982164607,0.07698183867045073,100,76,0.76,1802.65496830675,inf,0.5140035551826262,1.0,0.7570017775913132,0.15999003053956884,0.38039997507634893,0.38501389598436925
13,144.52473596442468,51,435,0.11724137931034483,172449.01160792107,3381.3531687827663,34.48980232158419,0.07928690188869929,100,76,0.76,1802.3228238289123,inf,0.5139530692219946,1.0,0.7569765346109973,0.16115518363885095,0.38040288795909716,0.3846845382682784
14,155.6420233463035,52,435,0.11954022988505747,177473.75120229763,3412.956753890339,35.49475024045953,0.08159712698956215,100,74,0.74,1773.228101409573,inf,0.5224377590086168,1.0,0.7612188795043084,0.16018912374262684,0.37040047280935656,0.3837322672376836
15,166.7593107281823,53,435,0.12183908045977011,182396.08378327114,3441.4355430805876,36.47921675665423,0.08386026840610168,100,76,0.76,1799.66121410722,inf,0.5135485045442976,1.0,0.7567742522721488,0.16354300806697641,0.38040885752016745,0.38352455413033887
16,177.8765981100611,54,435,0.12413793103448276,187303.90646280223,3468.5908604222636,37.46078129256045,0.08611673860358723,100,77,0.77,1809.7333998471177,inf,0.5086989435764562,1.0,0.7543494717882281,0.1658836334076796,0.3854147090835192,0.38363573971582005
17,188.99388549193992,54,435,0.12413793103448276,187203.17511851524,3466.7254651576895,37.440635023703045,0.08607042534184609,100,78,0.78,1822.304618292381,inf,0.5042795204536116,1.0,0.7521397602268058,0.1669653325575201,0.3904174133313938,0.3840124993611297
18,200.11117287381873,53,435,0.12183908045977011,182106.59134529214,3435.9734216092857,36.42131826905844,0.0837271684346171,100,78,0.78,1821.6781013197597,inf,0.5041817838058825,1.0,0.7520908919029412,0.1658181382658379,0.3904145453456646,0.3843494491497894
19,211.22846025569754,53,435,0.12183908045977011,181991.16871563168,3433.7956361439938,36.39823374312634,0.08367410055891113,100,78,0.78,1822.2550106743658,inf,0.504271781665201,1.0,0.7521358908326006,0.16576910486315533,0.3904144227621579,0.3846526978304078
20,222.34574763757635,53,435,0.12183908045977011,181903.2369194999,3432.1365456509416,36.38064738389999,0.08363367214689653,100,77,0.77,1811.8264248857824,inf,0.5090212694324106,1.0,0.7545106347162053,0.16456151871534558,0.3854114037967884,0.3846888266859497
21,233.46303501945516,52,435,0.11954022988505747,176840.27387327366,3400.774497562955,35.36805477465473,0.08130587304518329,100,77,0.77,1813.3180939286433,inf,0.5092509864650111,1.0,0.7546254932325056,0.1633401899063388,0.38540835047476585,0.3847215323127141
22,244.58032240133397,53,435,0.12183908045977011,181688.34762625612,3428.082030684078,36.33766952525122,0.0835348724718419,100,74,0.74,1765.9087871492873,inf,0.5213545004980945,1.0,0.7606772502490473,0.16142881111139729,0.3704035720277785,0.3840990123003256
23,255.69760978321278,53,435,0.12183908045977011,181562.83548812274,3425.713877134391,36.312567097624544,0.08347716574166562,100,74,0.74,1765.5741292659163,inf,0.5213049711313557,1.0,0.7606524855656778,0.16141234008799388,0.37040353085022,0.3835283672399046
24,266.8148971650916,53,435,0.12183908045977011,181405.97106646793,3422.7541710654327,36.281194213293574,0.08340504416849097,100,74,0.74,1766.794124225453,inf,0.521485530385367,1.0,0.7607427651926835,0.16133113948790379,0.37040332784871977,0.3830033656642572
25,277.93218454697046,54,435,0.12413793103448276,186240.4020020847,3448.896333371939,37.248080400416946,0.08562777103544125,100,75,0.75,1777.7719371390233,inf,0.5166657905708536,1.0,0.7583328952854268,0.16364743787500718,0.3754091185946875,0.3827112792385045
26,289.0494719288493,55,435,0.12643678160919541,191027.76284937264,3473.2320518067754,38.20555256987453,0.08782885648247017,100,76,0.76,1788.4101310215115,inf,0.5118383399152698,1.0,0.7559191699576349,0.1659548432624176,0.3804148871081561,0.3826262276781212
27,300.16675931072814,56,435,0.12873563218390804,195792.57004044697,3496.29589357941,39.1585140080894,0.09001957243238942,100,77,0.77,1801.8432706890246,inf,0.5074838636861098,1.0,0.7537419318430549,0.1681388202946672,0.3854203470507367,0.3827260176557146
28,311.284046692607,57,435,0.1310344827586207,200535.23987084324,3518.16210299725,40.10704797416865,0.09220011028544517,100,76,0.76,1784.9697270843735,inf,0.5113153985168247,1.0,0.7556576992584123,0.1682712055135165,0.3804206780137838,0.38264652318530323
29,322.4013340744858,58,435,0.13333333333333333,205267.44156285346,3539.093820049198,41.05348831257069,0.09437583520131193,100,76,0.76,1785.0660142575089,inf,0.5113300341671413,1.0,0.7556650170835706,0.1693554090588707,0.3804233885226472,0.38257241869654807
30,333.51862145636466,58,435,0.13333333333333333,205027.818260569,3534.962383802914,41.0055636521138,0.0942656635680777,100,77,0.77,1802.6173016883874,inf,0.5076030644600117,1.0,0.7538015322300058,0.17023206566903593,0.3854255801641726,0.3826644561632456
31,344.6359088382435,60,435,0.13793103448275862,214758.22535568062,3579.3037559280106,42.95164507113613,0.09873941395663477,100,75,0.75,1779.2509518244049,inf,0.5168876427736606,1.0,0.7584438213868303,0.1701477962849023,0.37542536949071226,0.38243823470472893
32,355.75319622012233,59,435,0.135632183908046,209477.1341441123,3550.459900747666,41.89542682882247,0.09631132604327006,100,75,0.75,1778.3109312132858,inf,0.5167466396819929,1.0,0.7583733198409964,0.16896900310113677,0.3754224225077528,0.38222563433512363
33,366.8704836020012,59,435,0.135632183908046,209221.61275982912,3546.129029827612,41.844322551965824,0.09619384494704787,100,72,0.72,1732.5319436288269,inf,0.5294845998825509,1.0,0.7647422999412754,0.16572577250288623,0.3604143144312572,0.3815841249261864
34,377.98777098388,60,435,0.13793103448275862,213986.7839519273,3566.446399198788,42.79735679038547,0.0983847282537597,100,72,0.72,1726.7758122697185,inf,0.5286557169668396,1.0,0.7643278584834198,0.16702843488517,0.3604175710872129,0.38097936624507284
35,389.10505836575885,59,435,0.135632183908046,208713.2784054226,3537.5131933122475,41.742655681084514,0.09596012800249314,100,72,0.72,1729.7160987269883,inf,0.5290791182166864,1.0,0.7645395591083433,0.16571028444707492,0.36041427571111767,0.38040811373024075
36,400.2223457476377,58,435,0.13333333333333333,203413.2794818668,3507.125508308048,40.68265589637336,0.09352334688821462,100,74,0.74,1764.071245043794,inf,0.5210825442664815,1.0,0.7605412721332407,0.16649103737748694,0.3704162275934437,0.38013806275357054
37,411.3396331295165,56,435,0.12873563218390804,193029.7059732558,3446.959035236711,38.605941194651166,0.08874929010264636,100,73,0.73,1751.5067173854627,inf,0.5257199807382775,1.0,0.7628599903691388,0.16294464986675378,0.36540736162466686,0.37975041272386256
38,422.45692051139537,56,435,0.12873563218390804,192646.54722470557,3440.116914726885,38.52930944494112,0.08857312516078418,100,73,0.73,1748.4351577014543,inf,0.5252715330244123,1.0,0.7626357665122061,0.16296867932428905,0.3654074216983107,0.3793826437232074
39,433.5742078932742,56,435,0.12873563218390804,192291.48409632457,3433.7765017200813,38.45829681926491,0.08840987774543657,100,73,0.73,1747.1669203247745,inf,0.525086370367417,1.0,0.7625431851837086,0.16293334628086398,0.36540733336570214,0.3790332609642698
40,444.69149527515304,57,435,0.1310344827586207,196907.66057649566,3454.520360991152,39.38153211529914,0.09053225773631986,100,73,0.73,1747.5824739172724,inf,0.5251470411919218,1.0,0.762573520595961,0.16397936857017947,0.36540994842142543,0.3787009850485906
41,455.8087826570319,57,435,0.1310344827586207,196550.17760117477,3448.2487298451715,39.310035520234955,0.09036789774766656,100,72,0.72,1733.1880115024526,inf,0.5295790736563531,1.0,0.7647895368281765,0.162789180459745,0.3604069729511494,0.37826541333198493
42,466.9260700389107,57,435,0.1310344827586207,196220.4829095098,3442.4646124475403,39.244096581901964,0.09021631398138383,100,73,0.73,1750.1855296523927,inf,0.5255270873292492,1.0,0.7627635436646246,0.16372638515837962,0.36540931596289594,0.37796643432340143
43,478.04335742078956,57,435,0.1310344827586207,195885.9424996313,3436.5954824496716,39.17718849992626,0.09006250229868105,100,75,0.75,1777.16807038934,inf,0.5165752105584009,1.0,0.7582876052792005,0.16588744850974024,0.37541471862127435,0.3779084407847168
44,489.1606448026684,57,435,0.1310344827586207,195537.7108067537,3430.4861545044505,39.107542161350736,0.08990239577322008,100,75,0.75,1776.0408242429949,inf,0.5164061236364492,1.0,0.7582030618182246,0.16584966697749776,0.37541462416744376,0.3778530226376663
45,500.27793218454724,57,435,0.1310344827586207,195216.67031184802,3424.8538651201407,39.0433340623696,0.0897547909479761,100,75,0.75,1776.0852280694533,inf,0.5164127842104179,1.0,0.7582063921052089,0.1657741994213836,0.37541443549855347,0.3778000098737725
46,511.3952195664261,57,435,0.1310344827586207,194922.8667879769,3419.699417332928,38.98457335759538,0.08961970886803536,100,75,0.75,1775.5868637398119,inf,0.5163380295609716,1.0,0.7581690147804858,0.16572534704377473,0.37541431336760944,0.3777492503736414
47,522.5125069483049,57,435,0.1310344827586207,194656.37267500686,3415.024082017664,38.931274535001364,0.0894971828390836,100,74,0.74,1758.731287916858,inf,0.5202922306116949,1.0,0.7601461153058475,0.16467553376661803,0.37041168883441655,0.37759638450824085
48,533.6297943301837,58,435,0.13333333333333333,199412.0814544363,3438.1393354213155,39.88241629088726,0.09168371561123508,100,75,0.75,1776.6410563168113,inf,0.5164961584475217,1.0,0.7582480792237609,0.1667178181937371,0.3754167945454843,0.37755190308042946
49,544.7470817120625,58,435,0.13333333333333333,199181.02764785086,3434.155649100877,39.83620552957018,0.0915774839760234,100,76,0.76,1792.319014710036,inf,0.5124324902359255,1.0,0.7562162451179628,0.16768061942903034,0.38041920154857256,0.3776092490497923
50,555.8643690939413,59,435,0.135632183908046,203925.0777744756,3456.3572504148406,40.785015554895125,0.09375865644803477,100,77,0.77,1808.3843717694963,inf,0.5084911932525024,1.0,0.7542455966262511,0.16975652991089185,0.38542439132477724,0.37776248713361554
51,566.98165647582,58,435,0.13333333333333333,198675.5411124604,3425.440364007938,39.73510822249209,0.09134507637354503,100,76,0.76,1790.487939866755,inf,0.5121541668597469,1.0,0.7560770834298735,0.1676339964718358,0.3804190849911796,0.3778135755539533
52,578.0989438576988,58,435,0.13333333333333333,198400.13246628473,3420.691939073875,39.680026493256946,0.09121845170863666,100,75,0.75,1778.4030435562565,inf,0.5167604565334384,1.0,0.7583802282667191,0.1664191117209588,0.3754160477793024,0.3777683391808467
53,589.2162312395776,58,435,0.13333333333333333,198171.39082817794,3416.748117727206,39.634278165635585,0.09111328313939215,100,74,0.74,1762.0593384763565,inf,0.5207847820945009,1.0,0.7603923910472504,0.16536044604607086,0.37041340111511517,0.3776321366240739
54,600.3335186214564,58,435,0.13333333333333333,198070.94095415808,3415.016223347553,39.61418819083161,0.09106709928926808,100,74,0.74,1763.2790501171946,inf,0.5209652994173448,1.0,0.7604826497086724,0.16529222479029787,0.3704132305619757,0.3775008837865812
55,611.4508060033352,57,435,0.1310344827586207,192956.61695924896,3385.2038063026134,38.5913233918498,0.08871568595827539,100,74,0.74,1766.3488515277554,inf,0.5214196300261079,1.0,0.760709815013054,0.1640029354726107,0.3704100073386815,0.3773742609928687
56,622.568093385214,57,435,0.1310344827586207,192739.67021813977,3381.3977231252593,38.54793404362795,0.0886159403301792,100,73,0.73,1759.6504504709856,inf,0.5269089657687638,1.0,0.7634544828843819,0.16258072872289864,0.36540645182180725,0.37716429942846413
57,633.6853807670927,57,435,0.1310344827586207,192540.25818380105,3377.8992663824747,38.508051636760214,0.08852425663623038,100,73,0.73,1764.5669855943474,inf,0.5276267798967748,1.0,0.7638133899483874,0.16235543334392144,0.3654058885833598,0.37696156820699683
58,644.8026681489715,58,435,0.13333333333333333,197092.11596878865,3398.139930496356,39.418423193757725,0.09061706481323616,100,73,0.73,1768.0880251731112,inf,0.5281408516752742,1.0,0.7640704258376372,0.16327331948779944,0.3654081832987195,0.37676574812380564
59,655.9199555308503,58,435,0.13333333333333333,196531.27035432358,3388.4701785228203,39.30625407086472,0.09035920476060855,100,72,0.72,1757.3850320298188,inf,0.5330634446122938,1.0,0.766531722306147,0.1619137412272308,0.36040478435306805,0.3764930653942934
60,667.0372429127291,58,435,0.13333333333333333,195944.1982582362,3378.3482458316585,39.18883965164725,0.09008928655551092,100,71,0.71,1747.589832055493,inf,0.5381577561518799,1.0,0.7690788780759399,0.16050520423978554,0.35540126301059943,0.3761472981421017
61,678.1545302946079,59,435,0.135632183908046,200375.87972390524,3396.201351252631,40.07517594478104,0.0921268412523702,100,71,0.71,1753.0780900091454,inf,0.5389370887812986,1.0,0.7694685443906493,0.16132914843086044,0.3554033228710771,0.3758127178957948
62,689.2718176764866,60,435,0.13793103448275862,204793.63418568252,3413.227236428042,40.958726837136496,0.09415799272904941,100,69,0.69,1722.788191875205,inf,0.5477447704787783,1.0,0.7738723852393892,0.16014280374483014,0.34540035700936206,0.37532998200870854
63,700.3891050583654,59,435,0.135632183908046,199114.65529841708,3374.824666074866,39.82293105968341,0.0915469679532952,100,69,0.69,1723.7212314824453,inf,0.5478735299445774,1.0,0.7739367649722887,0.15880510149050325,0.34539701275372625,0.37486227936409944
64,711.5063924402442,59,435,0.135632183908046,198469.26408272967,3363.8858319106726,39.69385281654595,0.09125023635987574,100,68,0.68,1705.9706875234642,inf,0.5520120135031911,1.0,0.7760060067515955,0.15762211480414012,0.3403940552870104,0.3743319989936827
65,722.623679822123,60,435,0.13793103448275862,202747.0132611609,3379.116887686015,40.549402652232175,0.09321701759133834,100,67,0.67,1692.6586449098047,inf,0.5568162584179138,1.0,0.7784081292089569,0.1574044441911907,0.335393511110478,0.3737420219045432
66,733.7409672040018,58,435,0.13333333333333333,192034.108918951,3310.9329123957073,38.4068217837902,0.08829154433055218,100,66,0.66,1674.8040099538077,inf,0.5610741293139025,1.0,0.7805370646569513,0.1538772398368004,0.330384693099592,0.3730948975940216
67,744.8582545858806,58,435,0.13333333333333333,191342.53690258565,3299.0092569411318,38.268507380517136,0.08797358018509686,100,65,0.65,1658.5487335780188,inf,0.5656113353651425,1.0,0.7828056676825712,0.15258395625126286,0.32538145989062817,0.3723932293925011
68,755.9755419677593,58,435,0.13333333333333333,190694.23738981268,3287.8316791347015,38.13884747796254,0.08767551144359205,100,67,0.67,1696.637317529153,inf,0.5573494005489065,1.0,0.7786747002744532,0.15450040558456946,0.33538625101396147,0.3718568963725222
69,767.0928293496381,59,435,0.135632183908046,195075.94127020612,3306.371885935697,39.01518825404122,0.08969008794032464,100,68,0.68,1709.7745038608002,inf,0.5525293325250689,1.0,0.7762646662625344,0.1567127108388951,0.3403917817770973,0.37140739473544476
70,778.2101167315169,60,435,0.13793103448275862,199464.70759808228,3324.4117933013713,39.892941519616464,0.0917079115393482,100,68,0.68,1708.478500662066,inf,0.552353076090041,1.0,0.7761765380450205,0.15776568674716385,0.34039441421686795,0.37097059219292955
71,789.3274041133957,60,435,0.13793103448275862,198895.39440736486,3314.9232401227478,39.77907888147296,0.09144615834821371,100,67,0.67,1693.1053764451167,inf,0.5568761204436457,1.0,0.7784380602218228,0.15650404906319548,0.335391260122658,0.3704764348030647
72,800.4446914952745,60,435,0.13793103448275862,198374.14397876005,3306.2357329793344,39.674828795752,0.09120650297874022,100,67,0.67,1694.1838446190998,inf,0.5570206351789594,1.0,0.7785103175894796,0.15634809269463024,0.3353908702317366,0.36999581063085474
73,811.5619788771533,60,435,0.13793103448275862,197901.5339325923,3298.3588988765387,39.580306786518456,0.09098921100349071,100,65,0.65,1665.3536099844098,inf,0.5664959692979732,1.0,0.7832479846489866,0.15387061317725204,0.3253846765329431,0.36939295746736944
74,822.679266259032,61,435,0.14022988505747128,202362.7968166518,3317.422898633636,40.472559363330355,0.09304036635248357,100,66,0.66,1682.012572020128,inf,0.562025659506657,1.0,0.7810128297533285,0.15601376829957747,0.33039003442074893,0.3688729184934145
75,833.7965536409108,62,435,0.1425287356321839,206759.2859023449,3334.827191973305,41.35185718046899,0.0950617406447563,100,68,0.68,1717.4067399363043,inf,0.5535673166313374,1.0,0.7767836583156686,0.1591390411645438,0.34039784760291136,0.36849824650801316
76,844.9138410227896,62,435,0.1425287356321839,206088.7521094265,3324.0121307972017,41.2177504218853,0.09475344924571333,100,68,0.68,1718.1913190503965,inf,0.5536740193908539,1.0,0.7768370096954269,0.15895821977514324,0.3403973955494379,0.36813330039166803
77,856.0311284046684,62,435,0.1425287356321839,205353.3096563841,3312.1501557481306,41.07066193127683,0.09441531478454444,100,68,0.68,1721.0191860695586,inf,0.55405860930546,1.0,0.77702930465273,0.15869300506590717,0.3403967325126648,0.36777770336757826
78,867.1484157865472,63,435,0.14482758620689656,209655.2501626162,3327.8611136923205,41.93105003252324,0.09639321846557067,100,67,0.67,1708.2683174896413,inf,0.5589079545436121,1.0,0.7794539772718061,0.1584696205968823,0.33539617405149225,0.36736781059142526
79,878.265703168426,63,435,0.14482758620689656,208988.05653695608,3317.2707386818424,41.797611307391215,0.09608646277561199,100,70,0.7,1760.840729614542,inf,0.5465177021460359,1.0,0.773258851073018,0.161413805851297,0.35040353451462825,0.36715575714046533
80,889.3829905503047,62,435,0.1425287356321839,203320.48683431503,3279.362690876049,40.664097366863004,0.09348068360198392,100,70,0.7,1763.0482479516604,inf,0.5468267547132324,1.0,0.7734133773566162,0.16003365312268386,0.3504000841328067,0.366948896979877
81,900.5002779321835,62,435,0.1425287356321839,202706.1512651796,3269.454052664187,40.54123025303592,0.09319823046674924,100,70,0.7,1763.1308223111519,inf,0.5468383151235614,1.0,0.7734191575617807,0.15988953645248433,0.35039972384113116,0.3667470777952581
82,911.6175653140623,63,435,0.14482758620689656,207138.57233805812,3287.913846635843,41.42771446761161,0.09523612521290024,100,72,0.72,1795.5345095271814,inf,0.5385569693719142,1.0,0.769278484685957,0.16297882026347155,0.3604074470506587,0.3666706967019497
83,922.7348526959411,63,435,0.14482758620689656,206620.97957226282,3279.698088448616,41.32419591445257,0.09499815152747716,100,73,0.73,1812.0633867401154,inf,0.5345612544640569,1.0,0.7672806272320285,0.16385876214772432,0.3654096469053693,0.3666556842043714
84,933.8521400778199,61,435,0.14022988505747128,196099.0019357385,3214.7377366514506,39.21980038714769,0.09016046066010965,100,73,0.73,1812.2341821388716,inf,0.5345861905922752,1.0,0.7672930952961377,0.161433682681986,0.36540358420670493,0.3666409536161635
85,944.9694274596986,61,435,0.14022988505747128,195590.17991795708,3206.396392097657,39.11803598359142,0.089926519502509,100,73,0.73,1810.564008151615,inf,0.5343423451901359,1.0,0.767171172595068,0.1613776734537205,0.3654034441836343,0.3666265639715992
86,956.0867148415774,62,435,0.1425287356321839,200068.04312734495,3226.9039214087893,40.01360862546899,0.09198530718498618,100,73,0.73,1810.8938825661228,inf,0.5343905068546541,1.0,0.767195253427327,0.16239502687882956,0.36540598756719705,0.3666125343577555
87,967.2040022234562,62,435,0.1425287356321839,199609.4660269955,3219.5075165644434,39.92189320539911,0.09177446713884853,100,72,0.72,1796.8758953243898,inf,0.5387501289267123,1.0,0.7693750644633561,0.1611997013377462,0.36040299925334435,0.3665419714588417
88,978.321289605335,62,435,0.1425287356321839,199218.67386644537,3213.2044172007318,39.84373477328908,0.09159479258227374,100,74,0.74,1828.592746507316,inf,0.5306317264830828,1.0,0.7653158632415413,0.16313946467036622,0.3704078486616759,0.3665854082813455
89,989.4385769872138,62,435,0.1425287356321839,198895.8619676918,3207.9977736724486,39.77917239353836,0.09144637331847899,100,72,0.72,1793.1204950539025,inf,0.538209351287762,1.0,0.7691046756438811,0.16117084883729893,0.3604029271220932,0.3665167140462427
90,1000.5558643690925,62,435,0.1425287356321839,198640.5244341389,3203.879426357079,39.728104886827786,0.09132897675132824,100,71,0.71,1772.4712052142054,inf,0.5416909111404171,1.0,0.7708454555702086,0.1602417605905599,0.35540060440147636,0.3663945589952013
91,1011.6731517509713,62,435,0.1425287356321839,198451.59632912162,3200.8321988568005,39.690319265824336,0.09124211325476858,100,71,0.71,1770.1386872290898,inf,0.5413596935865307,1.0,0.7706798467932654,0.16028113323075155,0.35540070283307684,0.3662750605586565
92,1022.7904391328501,61,435,0.14022988505747128,193306.76106306253,3168.963296115779,38.661352212612506,0.0888766717531322,100,71,0.71,1764.3976826964454,inf,0.5405444709428951,1.0,0.7702722354714475,0.15930221814084233,0.3553982555453521,0.36615810566604035
93,1033.907726514729,62,435,0.1425287356321839,198141.2485993913,3195.826590312763,39.62824971987828,0.09109942464339835,100,72,0.72,1776.9657574143212,inf,0.5358830690676623,1.0,0.7679415345338312,0.16157894505478354,0.3604039473626369,0.3660968912160041
94,1045.0250138966078,62,435,0.1425287356321839,198038.6017300631,3194.170995646179,39.607720346012606,0.09105223068048875,100,71,0.71,1763.23421147016,inf,0.5403792580287626,1.0,0.7701896290143813,0.1604313008330538,0.3554010782520826,0.3659843037111207
95,1056.1423012784867,63,435,0.14482758620689656,202930.4274949155,3221.1178967446904,40.5860854989831,0.0933013459746738,100,69,0.69,1734.371367899386,inf,0.5493432487701153,1.0,0.7746716243850577,0.1593148607948081,0.345398287151987,0.3657698660386297
96,1067.2595886603656,63,435,0.14482758620689656,202835.15653847298,3219.6056593408407,40.567031307694606,0.09325754323607956,100,69,0.69,1733.8765746634838,inf,0.5492749673035607,1.0,0.7746374836517804,0.1593100297921496,0.34539827507448034,0.36555984963693744
97,1078.3768760422445,64,435,0.1471264367816092,207675.33502676108,3244.927109793142,41.53506700535221,0.09548291265598209,100,70,0.7,1750.0873268588284,inf,0.5450122257602359,1.0,0.772506112880118,0.16148839988793212,0.3504037209997198,0.3654051952630883
98,1089.4941634241234,65,435,0.14942528735632185,212550.64389710675,3270.0099061093347,42.51012877942135,0.09772443397568127,100,71,0.71,1760.6613618926451,inf,0.5400139133887556,1.0,0.7700069566943778,0.16385873864065176,0.3554096468466016,0.36530423012756824
99,1100.6114508060023,66,435,0.15172413793103448,217415.61865315284,3294.1760401992856,43.483123730630574,0.09996120397846109,100,71,0.71,1757.5682132011982,inf,0.5395746862745703,1.0,0.7697873431372851,0.16508693042058803,0.35541271732605145,0.3652053149995531
100,1111.7287381878812,66,435,0.15172413793103448,217338.25959210418,3293.0039332137,43.46765191842084,0.0999256365940709,100,71,0.71,1754.6533250180091,inf,0.5391607721525572,1.0,0.7695803860762787,0.1651726252588961,0.35541293156314724,0.36510836070810354
101,1122.84602556976,66,435,0.15172413793103448,217329.46828010297,3292.8707315167117,43.465893656020604,0.09992159461154163,100,71,0.71,1750.0162992699431,inf,0.5385023144963319,1.0,0.769251157248166,0.16533521868168788,0.3554133380467042,0.3650133114663251
102,1133.963312951639,65,435,0.14942528735632185,212378.8567946756,3267.367027610394,42.47577135893511,0.09764545139985083,100,70,0.7,1728.621729042709,inf,0.5420070420659792,1.0,0.7710035210329895,0.16332096518343064,0.35040830241295856,0.36487151526192346
103,1145.0806003335179,65,435,0.14942528735632185,212471.69654721243,3268.7953314955757,42.49433930944248,0.09768813634354594,100,68,0.68,1696.6886636405077,inf,0.5507496582551089,1.0,0.7753748291275544,0.1611566536079958,0.34040289163402,0.3646362400347321
104,1156.1978877153967,66,435,0.15172413793103448,217503.40849014986,3295.5061892446947,43.50068169802998,0.100001567121908,100,68,0.68,1696.6397550943232,inf,0.5507430066928278,1.0,0.7753715033464139,0.16231503188774699,0.3404057875797194,0.36440547382087485
105,1167.3151750972756,66,435,0.15172413793103448,217555.5485320894,3296.2961898801423,43.511109706417884,0.10002553955498364,100,67,0.67,1680.7929477257412,inf,0.5552262549952491,1.0,0.7776131274976246,0.16120620602867952,0.33540301551507173,0.36413186572365025
106,1178.4324624791545,65,435,0.14942528735632185,212458.50536432333,3268.592390220359,42.491701072864664,0.0976820714318728,100,65,0.65,1648.1232019600993,inf,0.5642560162548128,1.0,0.7821280081274065,0.1577770316522331,0.3253944425791306,0.3637698337316454
107,1189.5497498610334,67,435,0.15402298850574714,222250.1859066268,3317.166953830251,44.45003718132536,0.10218399352028817,100,65,0.65,1651.4649002113047,inf,0.5646904370274697,1.0,0.7823452185137348,0.15991938750327667,0.3253997984687582,0.3634145556273594
108,1200.6670372429123,67,435,0.15402298850574714,222050.9711221492,3314.193598838048,44.41019422442985,0.10209240051593069,100,65,0.65,1657.5019560821481,inf,0.5654752542906794,1.0,0.7827376271453397,0.15967738668529552,0.32539919346671325,0.3630657908368948
109,1211.7843246247912,67,435,0.15402298850574714,221907.51850090438,3312.0525149388714,44.381503700180886,0.10202644528777215,100,66,0.66,1677.9171506813777,inf,0.5614850638899419,1.0,0.780742531944971,0.16064195667140058,0.3304016048916785,0.36276884369193824
110,1222.9016120066701,68,435,0.15632183908045977,226728.03957638404,3334.2358761232945,45.3456079152768,0.10424277681672828,100,65,0.65,1665.0547046803501,inf,0.5664571116084455,1.0,0.7832285558042227,0.16050711050625277,0.32540126777626566,0.3624321988638691
111,1234.018899388549,67,435,0.15402298850574714,221575.67045957057,3307.0995590980683,44.315134091914125,0.10187387147566465,100,66,0.66,1687.69977895498,inf,0.5627763708220573,1.0,0.7813881854110287,0.16024284303231795,0.3304006071075808,0.3621462025089022
112,1245.136186770428,67,435,0.15402298850574714,221357.0400982637,3303.8364193770703,44.27140801965275,0.10177335176931668,100,66,0.66,1696.3044164950027,inf,0.5639121829773405,1.0,0.7819560914886703,0.1599086301403232,0.33039977157535083,0.3618652606422336
113,1256.2534741523068,69,435,0.15862068965517243,231049.27203095396,3348.5401743616517,46.209854406190786,0.10622955035905927,100,66,0.66,1700.0580265125386,inf,0.564407659499655,1.0,0.7822038297498275,0.16201286030461592,0.33040503215076156,0.3615892937256418
114,1267.3707615341857,68,435,0.15632183908045977,225740.53749117776,3319.713786634967,45.14810749823555,0.103788752869507,100,67,0.67,1720.484606488674,inf,0.5605449372694824,1.0,0.7802724686347412,0.16175814211738287,0.3354043953552935,0.361361598957204
115,1278.4880489160646,68,435,0.15632183908045977,225441.37936495765,3315.3144024258477,45.088275872991524,0.10365120890342878,100,67,0.67,1726.1094413862988,inf,0.5612986651457641,1.0,0.780649332572882,0.16150093816527333,0.3354037523454132,0.36113782441744713
116,1289.6053362979435,69,435,0.15862068965517243,230177.0970734561,3335.8999575863204,46.035419414691205,0.10582855037860048,100,65,0.65,1695.371363495184,inf,0.570398277254374,1.0,0.785199138627187,0.16031470587570673,0.32540078676468925,0.36083237965118425
117,1300.7226236798224,68,435,0.15632183908045977,224936.84117764933,3307.8947232007254,44.987368235529864,0.10341923732305716,100,65,0.65,1702.0250873248985,inf,0.5712632613522368,1.0,0.7856316306761184,0.15889380332346936,0.3253972345083087,0.3605320818109904
118,1311.8399110617013,69,435,0.15862068965517243,229692.90470423686,3328.882676872998,45.93858094084737,0.10560593319735029,100,65,0.65,1708.9519136963997,inf,0.572163748780532,1.0,0.786081874390266,0.15976202940354212,0.32539940507350884,0.3602368492333645
119,1322.9571984435802,70,435,0.16091954022988506,234406.5700627703,3348.6652866110044,46.881314012554064,0.10777313566104382,100,65,0.65,1714.6900462020956,inf,0.5729097060062726,1.0,0.7864548530031363,0.16065914132895376,0.3254016478533224,0.35994655588853086
120,1334.074485825459,70,435,0.16091954022988506,234095.43768694153,3344.220538384879,46.81908753738831,0.10763008629284669,100,65,0.65,1718.130822301165,inf,0.5733570068991515,1.0,0.7866785034495758,0.16047579142163548,0.3254011894785541,0.35966105699258066
121,1345.191773207338,70,435,0.16091954022988506,233774.49560241305,3339.635651463044,46.754899120482605,0.10748252671375312,100,63,0.63,1688.1587342909243,inf,0.5827080005206565,1.0,0.7913540002603283,0.1580642632267124,0.3153951606580668,0.35929822177672394
122,1356.3090605892169,69,435,0.15862068965517243,228247.30768494922,3307.9319954340467,45.64946153698985,0.10494129088963183,100,63,0.63,1691.4196272995152,inf,0.5831188730397391,1.0,0.7915594365198695,0.1566909271848812,0.3153917273179622,0.35894125840714053
123,1367.4263479710958,69,435,0.15862068965517243,227743.23767004645,3300.6266328992238,45.5486475340093,0.10470953456094091,100,63,0.63,1695.1958420053031,inf,0.5835946760926682,1.0,0.7917973380463341,0.15645609825730344,0.31539114024564324,0.35859004777680586
124,1378.5436353529747,68,435,0.15632183908045977,222245.37323191398,3268.3143122340293,44.449074646382805,0.1021817807962823,100,63,0.63,1698.469976798667,inf,0.5840072170766321,1.0,0.792003608538316,0.1550890861289832,0.31538772271532245,0.358244429176314
125,1389.6609227348536,69,435,0.15862068965517243,226697.80328204678,3285.475409884736,45.339560656409354,0.1042288750722054,100,62,0.62,1682.4443354907366,inf,0.5886230976008514,1.0,0.7943115488004258,0.1549586631358898,0.3103873966578397,0.3578646114579134
126,1400.7782101167325,70,435,0.16091954022988506,231189.00534388603,3302.700076341229,46.2378010687772,0.10629379556040736,100,62,0.62,1682.5471529094154,inf,0.5886358469607675,1.0,0.7943179234803838,0.15598793604001177,0.31038996984010003,0.3574907953821826
127,1411.8954974986113,70,435,0.16091954022988506,230729.27397431672,3296.1324853473816,46.14585479486335,0.10608242481577781,100,63,0.63,1699.7473095860948,inf,0.5841681610078479,1.0,0.792084080503924,0.15699917215592696,0.3153924979303898,0.35716190243334045
128,1423.0127848804902,69,435,0.15862068965517243,225318.60555110683,3265.4870369725627,45.06372111022136,0.10359476117292267,100,62,0.62,1679.7469921329002,inf,0.5882886270244796,1.0,0.7941443135122398,0.15472522383034143,0.31038681305957583,0.35679930484129574
129,1434.1300722623691,70,435,0.16091954022988506,229950.33723912813,3285.0048177018302,45.99006744782562,0.10572429298350718,100,62,0.62,1681.5911168238101,inf,0.5885172984861523,1.0,0.7942586492430761,0.15573282187021553,0.31038933205467556,0.35644230505062946
130,1445.247359644248,70,435,0.16091954022988506,229614.00245320902,3280.200035045843,45.9228004906418,0.10556965630032597,100,63,0.63,1698.915371655883,inf,0.5840633368286413,1.0,0.7920316684143207,0.1567689939430026,0.31539192248485753,0.35612894335165407
131,1456.364647026127,69,435,0.15862068965517243,224266.9742701911,3250.246003915813,44.853394854038214,0.10311125253801888,100,63,0.63,1696.584509571472,inf,0.5837696482060055,1.0,0.7918848241030028,0.15561321421750807,0.3153890330355438,0.3558203076674411
132,1467.4819344080058,70,435,0.16091954022988506,228868.57084412625,3269.5510120589465,45.77371416882525,0.10522692912373621,100,63,0.63,1694.5382317713056,inf,0.5835118172031846,1.0,0.7917559086015923,0.15673551026107196,0.3153918387756527,0.3555163342171269
133,1478.5992217898847,70,435,0.16091954022988506,228521.76620110447,3264.596660015778,45.70435324022089,0.10506747871315147,100,63,0.63,1694.0972471334865,inf,0.5834562531388192,1.0,0.7917281265694096,0.15666967607187088,0.31539167419017966,0.3552168964557318
134,1489.7165091717636,70,435,0.16091954022988506,228233.71103552217,3260.481586221745,45.64674220710443,0.10493503955656192,100,63,0.63,1697.7257852347373,inf,0.583913448939577,1.0,0.7919567244697885,0.15648915754338666,0.31539122289385846,0.3549218914663846
135,1500.8337965536425,71,435,0.1632183908045977,232960.29454701813,3281.1309091129315,46.59205890940361,0.10710818140092784,100,63,0.63,1698.4031535570698,inf,0.5839987973481908,1.0,0.7919993986740954,0.1575543913634162,0.31539388597840856,0.3546312443672083
136,1511.9510839355214,71,435,0.1632183908045977,232719.58860695167,3277.740684604953,46.54391772139033,0.10699751200319615,100,63,0.63,1696.1436414632951,inf,0.5837140988243752,1.0,0.7918570494121876,0.15757023129550424,0.31539392557823875,0.35434484058042753
137,1523.0683713174003,71,435,0.1632183908045977,232431.5904297477,3273.684372249968,46.486318085949556,0.1068650990481599,100,63,0.63,1696.571536489414,inf,0.5837680135976662,1.0,0.7918840067988331,0.1574905461246634,0.31539372636531166,0.35406258612959335
138,1534.1856586992792,72,435,0.16551724137931034,237069.573979151,3292.6329719326527,47.413914795830195,0.10899750527777056,100,62,0.62,1681.3085922934915,inf,0.588482265444393,1.0,0.7942411327221965,0.157378186277787,0.3103934454656945,0.353748419649997
139,1545.302946081158,72,435,0.16551724137931034,236796.44783712685,3288.8395532934283,47.35928956742538,0.10887193004005834,100,61,0.61,1663.1827751164049,inf,0.5929082985642014,1.0,0.7964541492821007,0.15620889037897878,0.3053905222259474,0.35340300609696806
140,1556.420233463037,72,435,0.16551724137931034,236667.77013100268,3287.0523629305926,47.33355402620054,0.10881276787632307,100,61,0.61,1659.0186391914813,inf,0.5924002739813607,1.0,0.7962001369906804,0.15630631544282136,0.305390765788607,0.35306249375435556
141,1567.537520844916,72,435,0.16551724137931034,236641.73670351043,3286.690787548756,47.32834734070209,0.10880079848437262,100,61,0.61,1659.0742089744856,inf,0.5924070534948872,1.0,0.7962035267474437,0.15629863586846449,0.30539074658967114,0.3527267772250268
142,1578.6548082267948,72,435,0.16551724137931034,236696.76084711918,3287.455011765544,47.33935216942383,0.10882609694120421,100,61,0.61,1656.1901078714375,inf,0.5920551931603153,1.0,0.7960275965801576,0.1563992501805233,0.3053909981254513,0.35239575779076404
143,1589.7720956086737,74,435,0.17011494252873563,246797.17656389484,3335.0969805931736,49.35943531277897,0.11346996623627349,100,60,0.6,1632.3225100720813,inf,0.5958787012086497,1.0,0.7979393506043249,0.1577653078159743,0.3003944132695399,0.35203463734269996
144,1600.8893829905526,74,435,0.17011494252873563,246960.91360708798,3337.3096433390265,49.39218272141758,0.11354524763544271,100,60,0.6,1629.5293348563248,inf,0.5955435201827589,1.0,0.7977717600913794,0.1578867437720316,0.3003947168594301,0.35167849996005673
145,1612.0066703724315,72,435,0.16551724137931034,237151.16252627093,3293.7661461982075,47.43023250525419,0.1090350172534579,100,61,0.61,1645.6819424117082,inf,0.5907731969742283,1.0,0.7953865984871141,0.15682420938317193,0.3053920605234579,0.3513614695529568
146,1623.1239577543104,74,435,0.17011494252873563,247302.52073570277,3341.9259558878753,49.460504147140554,0.11370230838423116,100,60,0.6,1627.6468721798472,inf,0.5953176246615817,1.0,0.7976588123307908,0.1580217480267202,0.3003950543700668,0.3510147592455901
147,1634.2412451361893,74,435,0.17011494252873563,247455.74616021913,3343.996569732691,49.49114923204383,0.11377275685527317,100,60,0.6,1629.6107206119004,inf,0.595553286473428,1.0,0.7977766432367139,0.15799805680927959,0.30039499514202317,0.3506727338124579
148,1645.3585325180682,75,435,0.1724137931034483,252634.13623707512,3368.4551498276683,50.52682724741502,0.11615362585612649,100,59,0.59,1610.0032591951965,inf,0.5999803845850333,1.0,0.7999901922925167,0.15808171678180488,0.2953952042919545,0.35030174368144784
149,1656.475819899947,75,435,0.1724137931034483,252833.99382097812,3371.1199176130417,50.566798764195624,0.11624551440044971,100,58,0.58,1589.0784150238715,inf,0.6043330961427692,1.0,0.8021665480713847,0.15703948316453253,0.2903925987079113,0.34990234938162423
150,1667.593107281826,74,435,0.17011494252873563,247972.246544099,3350.9763046499866,49.594449308819804,0.11401022829613748,100,60,0.6,1631.977441419731,inf,0.5958372929703678,1.0,0.797918646485184,0.15804579090547677,0.3003951144772637,0.34957448689881393
151,1678.7103946637048,74,435,0.17011494252873563,248140.99942383886,3353.2567489707953,49.62819988476777,0.11408781582705234,100,59,0.59,1610.039323681719,inf,0.5999846401944429,1.0,0.7999923200972214,0.1570477478649155,0.29539261936966227,0.34921802724401685
152,1689.8276820455837,74,435,0.17011494252873563,248344.97945072135,3356.0132358205587,49.668995890144274,0.1141815997474581,100,60,0.6,1628.8143879653824,inf,0.5954577265558458,1.0,0.7977288632779229,0.15822636823476754,0.3003955659205869,0.3488989261896154
153,1700.9449694274626,72,435,0.16551724137931034,238482.44379134238,3312.256163768644,47.69648875826848,0.10964710059372064,100,60,0.6,1628.236892967281,inf,0.5953884271560738,1.0,0.7976942135780369,0.1559764435078419,0.3003899411087696,0.3485839327799995
154,1712.0622568093415,71,435,0.1632183908045977,233688.30694536192,3291.3846048642527,46.73766138907239,0.107442899744994,100,60,0.6,1627.357974808819,inf,0.5952829569770582,1.0,0.7976414784885291,0.15490071062823252,0.30038725177657055,0.3482729864509451
155,1723.1795441912204,71,435,0.1632183908045977,233930.74348956285,3294.79920407835,46.78614869791258,0.10755436482278755,100,60,0.6,1628.9011982093903,inf,0.5954681437851269,1.0,0.7977340718925634,0.15491014646511203,0.3003872753661628,0.3479660267645042
156,1734.2968315730993,71,435,0.1632183908045977,234257.73594781884,3299.40473165942,46.851547189563775,0.10770470618290523,100,60,0.6,1625.8501638684925,inf,0.5951020196642193,1.0,0.7975510098321097,0.1550768481753978,0.3003876921204385,0.34766298004702606
157,1745.4141189549782,71,435,0.1632183908045977,234589.71198377362,3304.0804504756848,46.91794239675471,0.10785733884311428,100,61,0.61,1643.4134091961878,inf,0.590496435921935,1.0,0.7952482179609675,0.15630456044107344,0.30539076140110266,0.34739543435939363
158,1756.5314063368571,70,435,0.16091954022988506,229902.37634445634,3284.319662063662,45.980475268891276,0.10570224199745121,100,61,0.61,1641.9574495031827,inf,0.5903188088393883,1.0,0.7951594044196941,0.1552714187888785,0.3053881785469722,0.347131237781957
159,1767.648693718736,70,435,0.16091954022988506,230217.2093108337,3288.817275869053,46.043441862166745,0.10584699278659022,100,61,0.61,1642.5862094019888,inf,0.5903955175470427,1.0,0.7951977587735213,0.15532461700653444,0.30538831154251633,0.3468703444929605
160,1778.765981100615,69,435,0.15862068965517243,225569.38298628197,3269.121492554811,45.1138765972564,0.10371006114311816,100,61,0.61,1643.359605409052,inf,0.5904898718599043,1.0,0.7952449359299522,0.15423256260658297,0.30538558140651645,0.3466126751570198
161,1789.8832684824938,69,435,0.15862068965517243,225959.5974494571,3274.776774629813,45.191919489891426,0.10388947009170443,100,62,0.62,1661.825242660935,inf,0.5860663300899559,1.0,0.793033165044978,0.15542815252336317,0.3103885703813084,0.34638906957198456
162,1801.0005558643727,70,435,0.16091954022988506,231382.76392384627,3305.468056054947,46.27655278476925,0.10638287996498678,100,65,0.65,1718.6531220221589,inf,0.5734249058628806,1.0,0.7867124529314403,0.15983521351677327,0.32539958803379193,0.3462602997465969
163,1812.1178432462516,70,435,0.16091954022988506,231833.27408370865,3311.9039154815523,46.36665481674172,0.10659001107296948,100,65,0.65,1719.5857516568694,inf,0.5735461477153929,1.0,0.7867730738576965,0.15990846860763647,0.3253997711715191,0.3461331014016269
164,1823.2351306281305,69,435,0.15862068965517243,227254.0177338365,3293.536488896181,45.450803546767304,0.10448460585463748,100,66,0.66,1737.459171039463,inf,0.569344610577209,1.0,0.7846723052886044,0.15990615028301647,0.33039976537570753,0.34603774784995467
165,1834.3524180100094,70,435,0.16091954022988506,232702.06108485442,3324.315158355063,46.54041221697089,0.10698945337234687,100,67,0.67,1751.4829878714668,inf,0.5646987203747765,1.0,0.7823493601873883,0.16232004659247923,0.33540580011648125,0.3459736999720422
166,1845.4697053918883,70,435,0.16091954022988506,233196.65981574144,3331.380854510592,46.639331963148294,0.10721685508769722,100,66,0.66,1736.8835279790815,inf,0.5692686256932388,1.0,0.7846343128466193,0.16129127112053898,0.3304032281778014,0.34588046361399283
167,1856.5869927737672,68,435,0.15632183908045977,223651.54625510357,3288.993327280935,44.73030925102071,0.10282829712878323,100,66,0.66,1734.035803439991,inf,0.5688927260540787,1.0,0.7844463630270393,0.159190967050872,0.3303979774176272,0.3457883059580621
168,1867.704280155646,69,435,0.15862068965517243,229148.10208364573,3320.9869867195034,45.829620416729156,0.10535544923386013,100,66,0.66,1732.1246816073,inf,0.5686404579721637,1.0,0.7843202289860818,0.1605176101238892,0.3304012940253097,0.34569725855017597
169,1878.821567537525,69,435,0.15862068965517243,229662.72353616808,3328.4452686401173,45.932544707233625,0.10559205679823822,100,66,0.66,1729.3431762484024,inf,0.5682732992647891,1.0,0.7841366496323945,0.16072770358292188,0.33040181925895734,0.34560728537787466
170,1889.9388549194039,68,435,0.15632183908045977,225180.00498973156,3311.4706616136996,45.03600099794631,0.10353103677688807,100,68,0.68,1753.247689337957,inf,0.5584416857499621,1.0,0.7792208428749811,0.16215509695095348,0.3404053877423774,0.3455768649238659
171,1901.0561423012828,67,435,0.15402298850574714,220671.41286458407,3293.6031770833442,44.13428257291682,0.10145812085728004,100,68,0.68,1747.616540581128,inf,0.5576758495190334,1.0,0.7788379247595167,0.16131009804888163,0.3404032752451222,0.3455467859141058
172,1912.1734296831617,67,435,0.15402298850574714,221160.82064854275,3300.9077708737723,44.23216412970855,0.10168313593036449,100,67,0.67,1729.5306384275,inf,0.561757105549285,1.0,0.7808785527746425,0.160402291577861,0.33540100572894466,0.3454881397858679
173,1923.2907170650406,66,435,0.15172413793103448,216602.81454632356,3281.8608264594477,43.32056290926471,0.09958750094083842,100,68,0.68,1740.976677345125,inf,0.556772828118937,1.0,0.7783864140594685,0.16060054344068497,0.34040150135860175,0.3454589062316882
174,1934.4080044469194,65,435,0.14942528735632185,211958.0184729382,3260.892591891357,42.39160369458764,0.09745196251629341,100,68,0.68,1737.414167447751,inf,0.5562883267728942,1.0,0.7781441633864471,0.1596538995649232,0.3403991347489123,0.34542999325178664
175,1945.5252918287983,65,435,0.14942528735632185,212248.1911277432,3265.3567865806644,42.44963822554863,0.09758537523114628,100,68,0.68,1738.1527413786127,inf,0.5563887728274913,1.0,0.7781943864137457,0.15969549440870023,0.3403992387360218,0.3454014094193107
176,1956.6425792106772,65,435,0.14942528735632185,212594.30348663038,3270.6815921020057,42.518860697326076,0.09774450735017488,100,68,0.68,1737.3391343316273,inf,0.5562781222691013,1.0,0.7781390611345507,0.15980272310781207,0.34039950680776954,0.3453731500825223
177,1967.7598665925561,65,435,0.14942528735632185,212994.66362613323,3276.840978863588,42.59893272522665,0.09792858097753254,100,68,0.68,1739.6106597335377,inf,0.556587049723761,1.0,0.7782935248618805,0.159817528057826,0.3403995438201446,0.3453452084743067
178,1978.877153974435,65,435,0.14942528735632185,213447.72217649402,3283.8111104076,42.6895444352988,0.09813688375930758,100,68,0.68,1740.7432252480849,inf,0.5567410786337396,1.0,0.7783705393168698,0.15988317222121884,0.3403997079305531,0.34531757997964885
179,1989.994441356314,65,435,0.14942528735632185,213871.19191736868,3290.3260294979796,42.77423838347373,0.09833158249074421,100,69,0.69,1760.9972111519448,inf,0.5530176151389683,1.0,0.7765088075694841,0.16091138746063005,0.34540227846865157,0.34531805052681
180,2001.1117287381928,65,435,0.14942528735632185,214327.38831558946,3297.344435624453,42.86547766311789,0.09854132796119056,100,70,0.7,1776.1496355190434,inf,0.5486609489726662,1.0,0.7743304744863331,0.16210542673742878,0.35040526356684354,0.34534615667620244
181,2012.2290161200717,64,435,0.1471264367816092,209811.0117219614,3278.297058155647,41.96220234439229,0.09646483297561445,100,70,0.7,1775.2998694699415,inf,0.5485419817257919,1.0,0.774270990862896,0.1610969210563592,0.3504027423026409,0.34537394011371036
182,2023.3463035019506,64,435,0.1471264367816092,210286.14375170495,3285.72099612039,42.05722875034099,0.0966832844835425,100,71,0.71,1788.6879515533913,inf,0.5439936891205817,1.0,0.7719968445602908,0.16234321996162587,0.35540585804990404,0.3454287593374054
183,2034.4635908838295,64,435,0.1471264367816092,210811.4111442581,3293.928299129033,42.16228222885162,0.09692478673299224,100,70,0.7,1774.712888638641,inf,0.5484598044094098,1.0,0.7742299022047049,0.16134744226414371,0.35040336860566035,0.3454557952573416
184,2045.5808782657084,64,435,0.1471264367816092,211386.8187137599,3302.9190424024982,42.27736374275197,0.09718934193736085,100,69,0.69,1758.8798717758898,inf,0.5527254223050727,1.0,0.7763627111525364,0.16041331539241221,0.345401033288481,0.3454554992466991
185,2056.6981656475873,62,435,0.1425287356321839,201930.39359785587,3256.941832223482,40.386078719571174,0.09284156027487626,100,69,0.69,1756.2903864469204,inf,0.552368073329675,1.0,0.7761840366648375,0.15832876180501937,0.3453958219045125,0.3454551784007734
186,2067.815453029466,62,435,0.1425287356321839,202452.7540999798,3265.3670016125775,40.49055081999596,0.09308172602297922,100,68,0.68,1740.0393119215169,inf,0.5566453464213263,1.0,0.7783226732106632,0.15737952640615804,0.3403934488160154,0.34542811032812765
187,2078.9327404113446,62,435,0.1425287356321839,203025.5556299711,3274.6057359672755,40.605111125994235,0.09334508304826261,100,68,0.68,1735.991170394866,inf,0.5560947991737019,1.0,0.7780473995868509,0.15764884173070592,0.3403941221043268,0.3454013337950223
188,2090.0500277932233,61,435,0.14022988505747128,198625.07210170422,3256.1487229787576,39.725014420340834,0.09132187223066858,100,68,0.68,1735.3461743798173,inf,0.5560070797156551,1.0,0.7780035398578276,0.1566591661864205,0.34039164791546606,0.34537482752052734
189,2101.167315175102,61,435,0.14022988505747128,199189.24713935424,3265.3974940877742,39.83784942787084,0.09158126305257665,100,67,0.67,1714.1383366401467,inf,0.5596945371097797,1.0,0.7798472685548898,0.15586699724884345,0.3353896674931221,0.34532227404669885
190,2112.2846025569806,62,435,0.1425287356321839,204656.5039199376,3300.9113535473803,40.931300783987524,0.0940949443310058,100,68,0.68,1730.0445315097802,inf,0.5552860562853301,1.0,0.7776430281426651,0.15822595809417034,0.3403955648952354,0.3452964797579477
191,2123.4018899388593,62,435,0.1425287356321839,205127.95483451246,3308.515400556653,41.0255909669025,0.09431170337218965,100,68,0.68,1730.5835645559298,inf,0.5553593647796065,1.0,0.7776796823898032,0.1583160104911932,0.340395790026228,0.34527095533226165
192,2134.519177320738,61,435,0.14022988505747128,200655.16928110033,3289.429004608202,40.13103385622008,0.09225525024418409,100,69,0.69,1744.7840185905952,inf,0.5507801945655022,1.0,0.7753900972827511,0.15843257648071646,0.34539608144120176,0.34527160365406967
193,2145.6364647026166,61,435,0.14022988505747128,201164.14268649134,3297.7728309260874,40.23282853729826,0.09248926100528336,100,69,0.69,1741.831066694862,inf,0.550372687203891,1.0,0.7751863436019455,0.15865145870166897,0.34539662864675413,0.34527224811279483
194,2156.7537520844953,61,435,0.14022988505747128,201742.98895481593,3307.262114013376,40.34859779096318,0.09275539722060502,100,69,0.69,1741.2186391963687,inf,0.5502881722090988,1.0,0.7751440861045493,0.15880565555802784,0.34539701413889506,0.3452728879385697
195,2167.871039466374,61,435,0.14022988505747128,202396.92852028116,3317.9824347587073,40.47938570405622,0.09305605908978441,100,69,0.69,1742.8698202866103,inf,0.5505160351995524,1.0,0.7752580175997762,0.15889902074500412,0.34539724755186246,0.3452735224263926
196,2178.9883268482527,61,435,0.14022988505747128,203090.02205075123,3329.344623782807,40.61800441015024,0.09337472278195458,100,67,0.67,1709.1020638009932,inf,0.559019676549333,1.0,0.7795098382746666,0.156932442253644,0.33539233110563416,0.3452233640948152
197,2190.1056142301313,61,435,0.14022988505747128,203779.86757760035,3340.6535668459073,40.755973515520076,0.09369189313912661,100,66,0.66,1691.927918310203,inf,0.5633344852169467,1.0,0.7816672426084734,0.1560123252653266,0.3303900308131633,0.34514844827016034
198,2201.22290161201,59,435,0.135632183908046,194409.9109835907,3295.083237010012,38.881982196718134,0.08938386711889226,100,66,0.66,1691.8769783147695,inf,0.5633277611375497,1.0,0.7816638805687748,0.15385999327505873,0.3303846499831877,0.3450742583290198
199,2212.3401889938887,60,435,0.13793103448275862,200033.46830984755,3333.891138497459,40.0066936619695,0.09196941071717127,100,67,0.67,1712.3529987592656,inf,0.5594553018337416,1.0,0.7797276509168708,0.15612087990015028,0.3353903021997504,0.3450258385483735
200,2223.4574763757673,60,435,0.13793103448275862,200692.8764948165,3344.881274913608,40.138575298963296,0.09227258689416849,100,67,0.67,1711.524649155196,inf,0.5593443029867963,1.0,0.7796721514933982,0.15630021770038516,0.335390750544251,0.3449779027871589
201,2234.574763757646,60,435,0.13793103448275862,201372.7226774955,3356.212044624925,40.27454453549909,0.09258515985172204,100,67,0.67,1709.8433288652861,inf,0.5591190060679484,1.0,0.7795595030339741,0.15651282840887393,0.3353912820710222,0.34493044426876224
202,2245.6920511395247,60,435,0.13793103448275862,201860.80305821152,3364.3467176368586,40.372160611642315,0.09280956462446509,100,68,0.68,1729.5449065239745,inf,0.5552181072872605,1.0,0.7776090536436302,0.15760025549041745,0.34039400063872605,0.3449080972558064
203,2256.8093385214033,60,435,0.13793103448275862,202313.6405159002,3371.8940085983363,40.46272810318004,0.09301776575443688,100,69,0.69,1748.142981947098,inf,0.5512437315086995,1.0,0.7756218657543498,0.15869795000004355,0.3453967448750001,0.344910492587273
204,2267.926625903282,60,435,0.13793103448275862,202799.42570954323,3379.9904284923873,40.559885141908644,0.0932411152687555,100,70,0.7,1767.3986415259603,inf,0.5474358098136345,1.0,0.7737179049068172,0.15976160518096916,0.3503994040129524,0.34493726776495925
205,2279.0439132851607,60,435,0.13793103448275862,203191.65918668982,3386.527653111497,40.63833183733797,0.09342145249962752,100,72,0.72,1795.6742974480626,inf,0.5385770988325209,1.0,0.7692885494162605,0.16206645154168353,0.3604051661288542,0.3450123546502209
206,2290.1612006670393,60,435,0.13793103448275862,203635.6480127363,3393.927466878938,40.72712960254725,0.09362558529321208,100,70,0.7,1769.403131204081,inf,0.5477164383685712,1.0,0.7738582191842855,0.1598836830544632,0.35039970920763613,0.345038380517648
207,2301.278488048918,58,435,0.13333333333333333,194083.2987753376,3346.2637719885793,38.816659755067526,0.08923370058636212,100,70,0.7,1769.234425511553,inf,0.5476928195716174,1.0,0.7738464097858087,0.15769364540027675,0.3503942341135007,0.3450641298137819
208,2312.3957754307967,57,435,0.1310344827586207,189477.72589995305,3324.1706298237377,37.89554517999061,0.08711619581607037,100,71,0.71,1775.7155285303668,inf,0.5421516050513122,1.0,0.7710758025256561,0.15802019664520717,0.355395050491613,0.34511356005625954
209,2323.5130628126753,55,435,0.12643678160919541,179866.4190967408,3270.298529031651,35.973283819348154,0.08269720418240956,100,71,0.71,1768.2840556109247,inf,0.5410963358967514,1.0,0.7705481679483757,0.156074518117017,0.3553901862952925,0.3451624963716835
210,2334.630350194554,55,435,0.12643678160919541,180225.41545104544,3276.8257354735533,36.04508309020909,0.08286225997749216,100,71,0.71,1761.88735273137,inf,0.5401880040878545,1.0,0.7700940020439273,0.15638412896678244,0.35539096032241696,0.3452109725041514
211,2345.7476375764327,55,435,0.12643678160919541,180634.48480193052,3284.2633600351005,36.12689696038611,0.08305033783996807,100,71,0.71,1754.9611966680575,inf,0.5392044899268642,1.0,0.7696022449634321,0.15672404643826798,0.35539181011609566,0.34525899532307563
212,2356.8649249583113,55,435,0.12643678160919541,181089.0027634699,3292.52732297218,36.21780055269398,0.08325931161538846,100,74,0.74,1796.9676167100363,inf,0.5259512072730854,1.0,0.7629756036365427,0.16014185398942293,0.37040035463497356,0.34537702987383573
213,2367.98221234019,55,435,0.12643678160919541,181583.4456031705,3301.517192784918,36.31668912063409,0.08348664165663008,100,75,0.75,1804.1908367385563,inf,0.5206286255107835,1.0,0.7603143127553917,0.16158616445061913,0.37540396541112653,0.34551734265672024
214,2379.0994997220687,55,435,0.12643678160919541,182112.5938622353,3311.13807022246,36.42251877244705,0.08372992821252195,100,76,0.76,1814.7851393264662,inf,0.5158473411776228,1.0,0.7579236705888114,0.16290312881185526,0.38040725782202967,0.3456796213319077
215,2390.2167871039474,55,435,0.12643678160919541,182672.4775757794,3321.31777410508,36.53449551515586,0.08398734601185255,100,76,0.76,1807.0617470212628,inf,0.514673385547232,1.0,0.757336692773616,0.16332532661911825,0.3804083133165478,0.3458404023133181
216,2401.334074485826,55,435,0.12643678160919541,183260.43280664325,3332.0078692116954,36.65208656132865,0.08425767025592794,100,76,0.76,1800.3041747756747,inf,0.5136462345659026,1.0,0.7568231172829514,0.16371727648648826,0.38040929319121625,0.34599970595791674
217,2412.4513618677047,55,435,0.12643678160919541,183874.79248865257,3343.1780452482285,36.77495849773051,0.0845401344775414,100,77,0.77,1809.5415958498413,inf,0.5086694057608755,1.0,0.7543347028804377,0.16510271579855185,0.3854127567894964,0.3461804997690707
218,2423.5686492495834,55,435,0.12643678160919541,184514.58356650584,3354.810610300106,36.90291671330117,0.08483429129494521,100,76,0.76,1790.5234721329582,inf,0.5121595677642096,1.0,0.7560797838821047,0.1643772537064202,0.38041094313426604,0.34633680316343235
219,2434.685936631462,54,435,0.12413793103448276,180146.30638550263,3336.042710842641,36.02926127710054,0.08282588799333457,100,76,0.76,1786.2293280269698,inf,0.5115068578600994,1.0,0.7557534289300497,0.16353622953164243,0.3804088405738291,0.3464916760607524
220,2445.8032240133407,53,435,0.12183908045977011,175730.23993242282,3315.6649043853363,35.14604798648457,0.0807955126126082,100,75,0.75,1772.686437213443,inf,0.5159029655820164,1.0,0.7579514827910082,0.16142201491079994,0.375403555037277,0.3466224990425466
221,2456.9205113952194,53,435,0.12183908045977011,176337.1728158328,3327.1164682232607,35.26743456316657,0.08107456221417601,100,75,0.75,1769.5772708391394,inf,0.5154365906258709,1.0,0.7577182953129354,0.16167813345062026,0.37540419533362657,0.34675214632313706
222,2468.037798777098,53,435,0.12183908045977011,176967.70424148804,3339.013287575246,35.393540848297604,0.08136446172022438,100,75,0.75,1765.4962135575308,inf,0.5148244320336296,1.0,0.7574122160168149,0.16197612285170482,0.3754049403071293,0.34688063418853615
223,2479.1550861589767,54,435,0.12413793103448276,182598.77615436856,3381.458817673492,36.51975523087371,0.08395346030085911,100,76,0.76,1778.297596982805,inf,0.5103012347413864,1.0,0.7551506173706932,0.16440142146508296,0.3804110035536627,0.3470303233374876
224,2490.2723735408554,55,435,0.12643678160919541,188212.97617105176,3422.0541122009413,37.642595234210354,0.0865347016878399,100,76,0.76,1777.4821128810527,inf,0.51017728115792,1.0,0.7550886405789601,0.16572303055443993,0.3804143075763861,0.3471786966007716
225,2501.389660922734,54,435,0.12413793103448276,183814.3177568564,3403.968847349193,36.762863551371275,0.08451233000315235,100,76,0.76,1774.8620024712682,inf,0.5097790243756328,1.0,0.7548895121878164,0.16481140890766793,0.3804120285222692,0.3473257467420172
226,2512.5069483046127,53,435,0.12183908045977011,179424.52598305608,3385.368414774643,35.88490519661122,0.08249403493473843,100,74,0.74,1748.3192318370986,inf,0.5187512463118906,1.0,0.7593756231559453,0.1615592058893966,0.3704038980147235,0.3474274126066547
227,2523.6242356864914,52,435,0.11954022988505747,175033.30282106425,3366.025054251236,35.006660564212844,0.08047508175681113,100,75,0.75,1762.0600145912597,inf,0.514309002188689,1.0,0.7571545010943446,0.1616602903312333,0.37540415072582806,0.3475501175984055
228,2534.74152306837,52,435,0.11954022988505747,175610.76544613845,3377.130104733432,35.122153089227695,0.08074058181431654,100,76,0.76,1779.3576927916085,inf,0.5104623693043245,1.0,0.7552311846521622,0.16275469858107716,0.3804068867464527,0.34769359693966334
229,2545.8588104502487,52,435,0.11954022988505747,176219.43296622625,3388.835249350505,35.24388659324524,0.08102042894998907,100,76,0.76,1782.0247873160586,inf,0.5108677676720409,1.0,0.7554338838360204,0.16279327255698428,0.3804069831813925,0.34783582905375776
230,2556.9760978321274,52,435,0.11954022988505747,176859.11220363338,3401.136773146796,35.371822440726675,0.0813145343464981,100,77,0.77,1796.7069425298107,inf,0.5066928691495908,1.0,0.7533464345747953,0.16398404988585136,0.3854099601247146,0.34799848762982255
231,2568.093385214006,54,435,0.12413793103448276,187475.8673418224,3471.775321144859,37.49517346836446,0.08619580107669991,100,75,0.75,1767.3636456199642,inf,0.5151045468429947,1.0,0.7575522734214973,0.16432176382760127,0.375410804409569,0.3481166441676663
232,2579.2106725958847,54,435,0.12413793103448276,188036.02805808428,3482.1486677423013,37.60720561161685,0.08645334623360194,100,75,0.75,1769.5300662382203,inf,0.515429509935733,1.0,0.7577147549678664,0.16436929563286773,0.37541092323908215,0.348233786996299
233,2590.3279599777634,53,435,0.12183908045977011,183468.02585292858,3461.660865149596,36.69360517058571,0.0843531153346798,100,74,0.74,1754.8313650394377,inf,0.5197150420258367,1.0,0.7598575210129184,0.16224779716088067,0.3704056194929022,0.3483285384172246
234,2601.445247359642,53,435,0.12183908045977011,183755.79027711245,3467.0903825870273,36.75115805542247,0.08448542081706316,100,75,0.75,1768.2296192971994,inf,0.5152344428945799,1.0,0.7576172214472899,0.1634340996848866,0.3754085852492122,0.3484437726590629
235,2612.5625347415207,53,435,0.12183908045977011,184033.35714310233,3472.3274932660815,36.80667142862046,0.0846130377669436,100,75,0.75,1762.3954848812675,inf,0.5143593227321901,1.0,0.757179661366095,0.1637166882004243,0.3754092917205011,0.348558033333052
236,2623.6798221233994,52,435,0.11954022988505747,179288.2672919604,3447.8512940761616,35.857653458392086,0.08243138726067147,100,75,0.75,1756.7989757740013,inf,0.5135198463661003,1.0,0.7567599231830502,0.16283573203881063,0.37540708933009703,0.3486713204891577
237,2634.797109505278,53,435,0.12183908045977011,184475.44651466046,3480.668802163405,36.8950893029321,0.08481629724811977,100,75,0.75,1752.1430535529105,inf,0.5128214580329366,1.0,0.7564107290164683,0.16420278411582567,0.37541050696028955,0.34878367001214566
238,2645.9143968871567,53,435,0.12183908045977011,184688.9656170799,3484.697464473206,36.93779312341598,0.08491446695038156,100,77,0.77,1773.6285311504455,inf,0.5031387937971686,1.0,0.7515693968985844,0.16667253502589863,0.38541668133756474,0.34893694621015997
239,2657.0316842690354,53,435,0.12183908045977011,184931.68895341072,3489.277150064353,36.986337790682136,0.0850260638866256,100,77,0.77,1768.8876587940047,inf,0.5024086994542767,1.0,0.7512043497271383,0.16691085707974362,0.38541727714269935,0.3490889475890455
240,2668.148971650914,53,435,0.12183908045977011,185203.6261293626,3494.408040176653,37.0407252258725,0.08515109247327012,100,77,0.77,1765.1329289997955,inf,0.5018304710659686,1.0,0.7509152355329842,0.16711792847014295,0.3854177948211754,0.3492396896937432
241,2679.2662590327927,53,435,0.12183908045977011,185504.79401045965,3500.0904530275407,37.10095880209193,0.08528956046457915,100,76,0.76,1746.7676986208546,inf,0.5055086901903699,1.0,0.752754345095185,0.16626760768469706,0.38041566901921176,0.34936851605459224
242,2690.3835464146714,54,435,0.12413793103448276,190769.83904884744,3532.7747972008783,38.1539678097695,0.08771027082705632,100,75,0.75,1732.534022016035,inf,0.5098801033024053,1.0,0.7549400516512026,0.16638510958792685,0.3754159627739698,0.3494757071933551
243,2701.50083379655,54,435,0.12413793103448276,190996.37987561332,3536.969997696543,38.19927597512266,0.08781442752901761,100,75,0.75,1724.7995124227098,inf,0.5087199268634065,1.0,0.7543599634317033,0.16672723204865714,0.3754168180801216,0.34958202322157955
244,2712.6181211784287,54,435,0.12413793103448276,191146.6627483403,3539.7530138581537,38.22933254966806,0.08788352310268518,100,76,0.76,1732.9468123457402,inf,0.5034079154765526,1.0,0.7517039577382763,0.16808978268220442,0.38042022445670554,0.3497078934307025
245,2723.7354085603074,54,435,0.12413793103448276,191326.58615734125,3543.084928839653,38.265317231468245,0.08796624650912241,100,77,0.77,1742.4201802427992,inf,0.498332707757391,1.0,0.7491663538786955,0.1693999463152135,0.38542349986578806,0.3498530788227151
246,2734.852695942186,56,435,0.12873563218390804,201462.33695298916,3597.541731303378,40.29246739059782,0.09262636181746625,100,78,0.78,1754.567930555509,inf,0.49371259716665944,1.0,0.7468562985833297,0.1728850316170683,0.3904322125790427,0.3500173668136314
247,2745.9699833240647,56,435,0.12873563218390804,201610.5313809752,3600.188060374557,40.32210627619504,0.09269449718665528,100,76,0.76,1724.731007274735,inf,0.5021591131057597,1.0,0.7510795565528798,0.1708074703168877,0.3804270186757922,0.3501399863775917
248,2757.0872707059434,56,435,0.12873563218390804,201788.43500775076,3603.364910852692,40.35768700155015,0.09277629195758655,100,77,0.77,1743.752293596062,inf,0.49853785321379357,1.0,0.7492689266068968,0.17175368267534485,0.3854293842066884,0.35028171086686516
249,2768.204558087822,55,435,0.12643678160919541,196993.21322042905,3581.6947858259828,39.39864264408582,0.09057159228525476,100,77,0.77,1744.1502760198412,inf,0.4985991425070555,1.0,0.7492995712535278,0.17063601051586352,0.38542659002628965,0.35042229038350287
250,2779.3218454697007,54,435,0.12413793103448276,192194.96802067434,3559.166074456932,38.438993604134865,0.08836550253824108,100,78,0.78,1753.6798073928896,inf,0.49357404995329085,1.0,0.7467870249766454,0.17078923878079783,0.390426973096952,0.3505816715895325
251,2790.4391328515794,54,435,0.12413793103448276,192388.83227365324,3562.7561532158006,38.47776645473066,0.08845463552811647,100,78,0.78,1747.6584784942113,inf,0.49263472264509695,1.0,0.7463173613225484,0.17106863710278397,0.390427671592757,0.3507397906371644
252,2801.556420233458,54,435,0.12413793103448276,192607.42570665226,3566.8041797528194,38.52148514133045,0.08855513825593207,100,78,0.78,1743.4322464863105,inf,0.49197543045186437,1.0,0.7459877152259322,0.17128371151499988,0.3904282092787875,0.35089666185709173
253,2812.6737076153368,53,435,0.12183908045977011,187780.30620983962,3543.024645468672,37.556061241967925,0.0863357729700412,100,78,0.78,1740.4592911142124,inf,0.4915116494138171,1.0,0.7457558247069085,0.17028997413156632,0.39042572493532895,0.3510522880896832
254,2823.7909949972154,51,435,0.11724137931034483,177878.8667667607,3487.820916995308,35.575773353352155,0.08178338701920035,100,77,0.77,1726.4065655165944,inf,0.49586661108955554,1.0,0.7479333055447778,0.16692504073721132,0.38541731260184303,0.35118705289169166
255,2834.908282379094,51,435,0.11724137931034483,177932.26068916087,3488.867856650213,35.58645213783218,0.0818079359490395,100,78,0.78,1735.3536943806423,inf,0.49071517632338024,1.0,0.7453575881616901,0.16822517389367475,0.3904205629347342,0.3513403087902973
256,2846.0255697609728,51,435,0.11724137931034483,178007.96979482225,3490.3523489180834,35.60159395896445,0.08184274473325161,100,79,0.79,1750.464951561135,inf,0.4865734623466593,1.0,0.7432867311733297,0.16927800677996102,0.39542319501694995,0.3515118375304788
257,2857.1428571428514,51,435,0.11724137931034483,178105.59450083322,3492.2665588398672,35.62111890016664,0.0818876296555555,100,79,0.79,1748.03225762502,inf,0.4861890967047532,1.0,0.7430945483523765,0.1693965406515895,0.39542349135162896,0.35168203773908796
258,2868.26014452473,51,435,0.11724137931034483,178224.8000385833,3494.6039223251623,35.64496000771666,0.08194243679934865,100,79,0.79,1746.793711153335,inf,0.4859934063622269,1.0,0.7429967031811134,0.1694728668091176,0.39542368216702284,0.35185092439711085
259,2879.3774319066088,51,435,0.11724137931034483,178365.31556028503,3497.3591286330397,35.673063112057015,0.08200704163691268,100,79,0.79,1743.6243936488409,inf,0.4854926541965169,1.0,0.7427463270982584,0.16963035726932718,0.39542407589317335,0.3520185134413265
260,2890.4947192884874,51,435,0.11724137931034483,178526.93161371362,3500.52807085713,35.70538632274272,0.08208134786837407,100,80,0.8,1759.2449426595,inf,0.4814791908255201,1.0,0.74073959541276,0.17067087622780708,0.4004266771905695,0.35220398533308606
261,2901.612006670366,51,435,0.11724137931034483,178709.49655137767,3504.107775517209,35.74189931027554,0.08216528577074837,100,80,0.8,1759.9169770818467,inf,0.4815867163330955,1.0,0.7407933581665478,0.17068596380210033,0.40042671490950527,0.35238804155284337
262,2912.7292940522448,52,435,0.11954022988505747,183903.10872385267,3536.5982446894745,36.78062174477053,0.08455315343625408,100,80,0.8,1762.5237660680655,inf,0.48200380257089037,1.0,0.7410019012854452,0.17177562607540442,0.4004294390651885,0.35257070846353666
263,2923.8465814341234,51,435,0.11724137931034483,179087.92764205366,3511.527992981444,35.81758552841073,0.08233927707680629,100,81,0.81,1779.3749792723145,inf,0.478258746642115,1.0,0.7391293733210575,0.1716049518778744,0.4054290123796947,0.35277092931170395
264,2934.963868816002,51,435,0.11724137931034483,179258.6165150119,3514.8748336276844,35.85172330300238,0.0824177547195457,100,81,0.81,1779.65198067542,inf,0.478303620869418,1.0,0.739151810434709,0.17163297214241835,0.4054290824303561,0.3529696393234725
265,2946.081156197881,50,435,0.11494252873563218,174449.63725010067,3488.992745002013,34.88992745002013,0.08020672977016122,100,80,0.8,1768.5290651158462,inf,0.4829646504185354,1.0,0.7414823252092677,0.16936220228044674,0.40042340550570116,0.3531480369406989
266,2957.1984435797594,50,435,0.11494252873563218,174628.65965305886,3492.5731930611773,34.92573193061177,0.08028903892094659,100,78,0.78,1745.9319437024212,inf,0.4923653832175777,1.0,0.7461826916087888,0.16705317365607886,0.3904176329341402,0.35328762344254705
267,2968.315730961638,49,435,0.11264367816091954,169825.8083981242,3465.8328244515146,33.96516167962484,0.07808083144741343,100,79,0.79,1759.822428437326,inf,0.48805194369309746,1.0,0.7440259718465487,0.1670274298004324,0.3954175685745011,0.3534448247303528
268,2979.433018343517,48,435,0.1103448275862069,164920.21615322135,3435.837836525445,32.984043230644275,0.07582538673711328,100,80,0.8,1777.254699666515,inf,0.48436075194664246,1.0,0.7421803759733212,0.16682250538189602,0.40041705626345475,0.3536194426914424
269,2990.5503057253954,48,435,0.1103448275862069,164838.96735011,3434.145153127292,32.967793470022,0.07578803096556783,100,79,0.79,1767.9165739018692,inf,0.4893308186764954,1.0,0.7446654093382477,0.1655613108136601,0.3954139032770342,0.35377423698990756
270,3001.667593107274,48,435,0.1103448275862069,164739.93604372855,3432.0820009110116,32.947987208745715,0.07574249933044992,100,79,0.79,1771.0101147554808,inf,0.4898195981313659,1.0,0.744909799065683,0.16541635013238343,0.395413540875331,0.3539278875577504
271,3012.784880489153,49,435,0.11264367816091954,169575.24264152907,3460.719237582226,33.91504852830581,0.07796562880070301,100,77,0.77,1744.7024733987407,inf,0.49868418090340605,1.0,0.749342090451703,0.16431176917449997,0.3854107794229363,0.35404363348372536
272,3023.9021678710315,50,435,0.11494252873563218,174413.96562696144,3488.2793125392286,34.88279312539228,0.08019032902389031,100,76,0.76,1730.8081558739225,inf,0.5030828396928362,1.0,0.7515414198464181,0.16432445458873612,0.38041081113647185,0.35414021655205047
273,3035.01945525291,50,435,0.11494252873563218,174265.60942837736,3485.3121885675473,34.85312188567547,0.08012211927741487,100,75,0.75,1716.3654724763876,inf,0.5074548208714582,1.0,0.7537274104357291,0.16319735442084288,0.37540799338605213,0.3542178361755322
274,3046.136742634789,51,435,0.11724137931034483,179054.59088184888,3510.8743310166446,35.810918176369775,0.08232394983073511,100,76,0.76,1728.923727435941,inf,0.502796406570263,1.0,0.7513982032851315,0.1654628732728018,0.380413657183182,0.35431309370646913
275,3057.2540300166675,51,435,0.11724137931034483,178842.85847341234,3506.722715164948,35.76857169468248,0.08222660159697122,100,77,0.77,1740.651760577363,inf,0.4980603711289139,1.0,0.749030185564457,0.16659820801625713,0.38541649552004065,0.3544257871913009
276,3068.371317398546,50,435,0.11494252873563218,173646.5502202778,3472.931004405556,34.72931004405556,0.0798374943541507,100,78,0.78,1751.9834005819382,inf,0.49330941049078236,1.0,0.7466547052453911,0.16659139455437977,0.39041647848638594,0.354555717484785
277,3079.488604780425,50,435,0.11494252873563218,173446.4563799399,3468.929127598798,34.689291275987976,0.07974549718617925,100,79,0.79,1769.1032785939074,inf,0.48951831801783735,1.0,0.7447591590089186,0.16749316908863032,0.3954187329227216,0.3547027067489502
278,3090.6058921623035,50,435,0.11494252873563218,173268.608870346,3465.3721774069204,34.653721774069204,0.07966372821625105,100,79,0.79,1770.2583457405326,inf,0.4897008186270042,1.0,0.7448504093135021,0.1674066594513745,0.3954185166486284,0.35484864155145807
279,3101.723179544182,51,435,0.11724137931034483,178104.39543542214,3492.2430477533753,35.62087908708442,0.0818870783611136,100,78,0.78,1762.4093547142115,inf,0.494935859335417,1.0,0.7474679296677085,0.16720957434670258,0.3904180239358668,0.3549756750599738
280,3112.840466926061,51,435,0.11724137931034483,177926.8139553144,3488.761057947341,35.58536279106288,0.08180543170359282,100,78,0.78,1763.5178963408584,inf,0.49510879182917383,1.0,0.7475543959145869,0.16712551789450292,0.3904178137947363,0.3551018036675708
281,3123.9577543079395,51,435,0.11724137931034483,177774.25088634933,3485.769625222536,35.55485017726986,0.08173528776383876,100,77,0.77,1755.0678506005543,inf,0.5002804489924854,1.0,0.7501402244962427,0.16579753163379796,0.3854144938290845,0.3552092954766542
282,3135.075041689818,51,435,0.11724137931034483,177647.04667536062,3483.2754250070707,35.529409335072124,0.08167680306913132,100,76,0.76,1745.272298602529,inf,0.5052813893875845,1.0,0.7526406946937922,0.16451805418766952,0.3804112951354692,0.35529834847898223
283,3146.192329071697,50,435,0.11494252873563218,172539.98735882965,3450.799747176593,34.507997471765925,0.07932872982015156,100,77,0.77,1761.5894276474244,inf,0.5012847718577033,1.0,0.7506423859288516,0.16434317194564996,0.3854108579298641,0.3554043784418374
284,3157.3096164535755,51,435,0.11724137931034483,177348.99871040077,3477.4313472627605,35.46979974208015,0.08153976952202333,100,78,0.78,1778.4869736812434,inf,0.4974439678942739,1.0,0.748721983947137,0.16640889278744314,0.39041602223196864,0.3555272263147853
285,3168.426903835454,49,435,0.11264367816091954,167129.62511186674,3410.8086757523824,33.425925022373356,0.07684120694798473,100,79,0.79,1789.080813745411,inf,0.4926747685717751,1.0,0.7463373842858876,0.16525191133104855,0.39541312977832765,0.3556666875157068
286,3179.544191217333,49,435,0.11264367816091954,166867.86986824943,3405.4667320050903,33.37357397364989,0.07672085970953997,100,78,0.78,1774.3255235059414,inf,0.4967947816669269,1.0,0.7483973908334635,0.16416173443803822,0.3904104043360951,0.35578774576246774
287,3190.6614785992115,48,435,0.1103448275862069,161554.026935267,3365.708894484729,32.310805387053406,0.07427771353345611,100,78,0.78,1773.556508195023,inf,0.49667481527842355,1.0,0.7483374076392117,0.16297015294712214,0.39040742538236783,0.35590795298337013
288,3201.77876598109,48,435,0.1103448275862069,161250.34834457227,3359.382257178589,32.250069668914456,0.07413809119290679,100,76,0.76,1742.627596222379,inf,0.5048793946258016,1.0,0.7524396973129008,0.160849196940003,0.38040212299235,0.355992707896896
289,3212.896053362969,48,435,0.1103448275862069,160973.6758512734,3353.6182469015293,32.19473517025469,0.07401088544886135,100,76,0.76,1741.7345371112767,inf,0.5047436496409141,1.0,0.7523718248204571,0.1608195303142021,0.3804020488257855,0.3560768780380301
290,3224.0133407448475,48,435,0.1103448275862069,160715.85057730932,3348.2468870272774,32.14317011546187,0.0738923450930158,100,76,0.76,1737.6078372264137,inf,0.5041163912584149,1.0,0.7520581956292074,0.1609170747319042,0.3804022926868298,0.3561604705282322
291,3235.130628126726,49,435,0.11264367816091954,165357.98853864448,3374.6528273192753,33.07159770772889,0.07602666139707791,100,76,0.76,1736.9347187108222,inf,0.5040140772440449,1.0,0.7520070386220225,0.16200981138752774,0.3804050245284688,0.35624349982275355
292,3246.247915508605,48,435,0.1103448275862069,159952.8035894731,3332.3500747806897,31.990560717894617,0.07354151889171176,100,75,0.75,1720.9101215141807,inf,0.5081365182271272,1.0,0.7540682591135637,0.159736629889074,0.3753993415747227,0.3563088781222483
293,3257.3652028904835,49,435,0.11264367816091954,164536.72159191268,3357.892277385973,32.90734431838253,0.07564906739858053,100,75,0.75,1722.3355149358433,inf,0.5083503272403765,1.0,0.7541751636201883,0.16073695188919612,0.375401842379723,0.3563738201775458
294,3268.482490272362,50,435,0.11494252873563218,169053.0146925785,3381.06029385157,33.8106029385157,0.07772552399658782,100,75,0.75,1722.1812907817898,inf,0.5083271936172684,1.0,0.7541635968086342,0.16178096359397676,0.37540445240898496,0.35643833079527953
295,3279.599777654241,51,435,0.11724137931034483,173557.65271485382,3403.091229703016,34.71153054297076,0.07979662193786383,100,74,0.74,1709.3760700831517,inf,0.5129876583723064,1.0,0.7564938291861532,0.16165139637585535,0.3704041284909396,0.35648551254425137
296,3290.7170650361195,52,435,0.11954022988505747,178043.77879227078,3423.918822928284,35.60875575845416,0.0818592086401245,100,73,0.73,1695.7073184238484,inf,0.5175732684898818,1.0,0.758786634244941,0.16153628719759172,0.365403840717994,0.3565155405852404
297,3301.834352417998,51,435,0.11724137931034483,172553.18368514147,3383.3957585321855,34.51063673702829,0.07933479709661677,100,72,0.72,1681.3477663454605,inf,0.5221140783537463,1.0,0.7610570391768732,0.15913887895987178,0.36039784719739965,0.3565285684597778
298,3312.951639799877,51,435,0.11724137931034483,172073.9524808956,3373.9990682528546,34.41479049617912,0.0791144609107566,100,71,0.71,1664.9638621771735,inf,0.5264248684291586,1.0,0.7632124342145793,0.15795101334808864,0.3553948775333702,0.35652477685132833
299,3324.0689271817555,51,435,0.11724137931034483,171625.49130081004,3365.205711780589,34.32509826016201,0.0789082718624414,100,71,0.71,1668.2474884010728,inf,0.5268911433529523,1.0,0.7634455716764761,0.15773135009298267,0.35539432837523244,0.3565210086897413
300,3335.186214563634,51,435,0.11724137931034483,171208.39068130124,3357.027268260809,34.24167813626024,0.07871650146266722,100,72,0.72,1692.8774044056856,inf,0.5237743462344188,1.0,0.7618871731172094,0.15841466417272887,0.3603960366604318,0.35653388253682
301,3346.303501945513,50,435,0.11494252873563218,165821.52369529541,3316.4304739059085,33.16430473905909,0.07623978100933124,100,73,0.73,1718.2500669090916,inf,0.5208645097687274,1.0,0.7604322548843637,0.15790376306248372,0.3653947594076562,0.3565632231887102
302,3357.4207893273915,51,435,0.11724137931034483,170458.23388276217,3342.3183114267094,34.09164677655244,0.07837160178517802,100,72,0.72,1708.1173691641425,inf,0.5259689011596365,1.0,0.7629844505798182,0.15769357560267994,0.3603942339390067,0.35657586678854614
303,3368.53807670927,51,435,0.11724137931034483,170110.5995165045,3335.5019513040097,34.022119903300904,0.07821176989264576,100,72,0.72,1715.4176714383943,inf,0.5270201446871288,1.0,0.7635100723435644,0.15735084877454064,0.36039337712193636,0.35658842438832705
304,3379.655364091149,50,435,0.11494252873563218,164738.22973217652,3294.7645946435305,32.94764594643531,0.07574171481939151,100,73,0.73,1740.7308070966365,inf,0.5241466978361089,1.0,0.7620733489180544,0.15683418295066853,0.36539208545737667,0.3566172888508485
305,3390.7726514730275,50,435,0.11494252873563218,164397.96725880634,3287.9593451761266,32.879593451761274,0.07558527230289948,100,74,0.74,1758.4657146162608,inf,0.5202529257632067,1.0,0.7601264628816033,0.1577294047106481,0.3703943235117766,0.35666231183993646
306,3401.889938854906,50,435,0.11494252873563218,164093.55738201094,3281.8711476402186,32.81871147640218,0.07544531373885559,100,74,0.74,1766.022732653223,inf,0.5213713644326771,1.0,0.7606856822163386,0.15737981576125848,0.3703934495394031,0.35670703867283376
307,3413.007226236785,51,435,0.11724137931034483,168805.7239807036,3309.9161564843844,33.76114479614073,0.07761182711756488,100,72,0.72,1740.1261722939782,inf,0.5305781688103329,1.0,0.7652890844051665,0.15616137135619923,0.36039040342839046,0.35671899764931286
308,3424.1245136186635,51,435,0.11724137931034483,168541.66377958524,3304.738505482064,33.70833275591705,0.07749042012854494,100,72,0.72,1743.7709691949199,inf,0.5311030195640685,1.0,0.7655515097820342,0.15596945517325533,0.36038992363793315,0.35673087766869355
309,3435.241801000542,50,435,0.11494252873563218,163252.26905716033,3265.0453811432067,32.65045381143206,0.07505851450903922,100,71,0.71,1734.3501433883605,inf,0.5362777203611472,1.0,0.7681388601805736,0.1534598271642328,0.3553836495679106,0.35672653177159425
310,3446.359088382421,50,435,0.11494252873563218,163003.74632500036,3260.074926500007,32.600749265000076,0.07494425118390823,100,70,0.7,1720.9685480763117,inf,0.5409355967306837,1.0,0.7704677983653418,0.1522382264092832,0.3503805955660232,0.3567061268320265
311,3457.4763757642995,50,435,0.11494252873563218,162800.19015691665,3256.003803138333,32.560038031383336,0.07485066214111112,100,71,0.71,1741.3123267403373,inf,0.5372663503971279,1.0,0.768633175198564,0.15310874347127357,0.35538277185867817,0.356701885309676
312,3468.593663146178,50,435,0.11494252873563218,162643.62897423888,3252.8725794847774,32.52872579484777,0.0747786799881558,100,72,0.72,1762.7571461111872,inf,0.533837029040011,1.0,0.7669185145200055,0.15393008273407516,0.3603848252068352,0.3567136518908171
313,3479.710950528057,50,435,0.11494252873563218,162536.2679494333,3250.725358988666,32.50725358988666,0.0747293185974406,100,73,0.73,1781.556434936051,inf,0.5301072395006634,1.0,0.7650536197503317,0.1548378494235545,0.3653870946235589,0.35674127431990227
314,3490.8282379099355,50,435,0.11494252873563218,162480.38726803637,3249.607745360727,32.49607745360727,0.07470362633013165,100,74,0.74,1797.426012199184,inf,0.5260190498054792,1.0,0.7630095249027395,0.1558470507136961,0.37038961762678424,0.35678460239389237
315,3501.945525291814,51,435,0.11724137931034483,167462.61693946415,3283.5807243032186,33.49252338789283,0.0769943066388341,100,74,0.74,1794.2068509188775,inf,0.525542613935994,1.0,0.762771306967997,0.15711149983541856,0.37039277874958854,0.35682766624311923
316,3513.062812673693,52,435,0.11954022988505747,172449.8693923411,3316.3436421604056,34.48997387846823,0.07928729627234075,100,75,0.75,1808.874888204808,inf,0.5213312332307212,1.0,0.7606656166153606,0.1593108398284901,0.37539827709957124,0.3568862486117516
317,3524.1801000555715,51,435,0.11724137931034483,167446.17268645152,3283.258287969638,33.48923453729031,0.07698674606273634,100,74,0.74,1793.824300295184,inf,0.5254859964436873,1.0,0.7627429982218437,0.1571218739204463,0.3703928046848011,0.35692872205852216
318,3535.29738743745,51,435,0.11724137931034483,167497.23723454677,3284.259553618564,33.49944744690936,0.07701022401588357,100,75,0.75,1808.6132631311182,inf,0.5212919894696677,1.0,0.7606459947348339,0.1581821146405249,0.3753954552866013,0.35698661150437827
319,3546.414674819329,52,435,0.11954022988505747,172547.09396796266,3318.2133455377434,34.50941879359253,0.07933199722664949,100,76,0.76,1822.6238205903232,inf,0.5170388207297292,1.0,0.7585194103648646,0.16040629343089247,0.3804010157335772,0.35705978151759454
320,3557.5319622012075,50,435,0.11494252873563218,162631.44409784576,3252.628881956915,32.52628881956915,0.07477307774613598,100,74,0.74,1793.3391616658926,inf,0.5254141959265521,1.0,0.7627070979632761,0.15603298989142994,0.37039008247472854,0.35710130893490644
321,3568.649249583086,51,435,0.11724137931034483,167656.8951965222,3287.390101892592,33.53137903930444,0.0770836299754125,100,73,0.73,1776.874102094096,inf,0.529423618905738,1.0,0.764711809452869,0.15618591026127177,0.3653904647756532,0.3571270516549088
322,3579.766536964965,54,435,0.12413793103448276,182636.85860155008,3382.164048176853,36.52737172031001,0.08397096947197703,100,73,0.73,1774.3962157699943,inf,0.5290618475024192,1.0,0.7645309237512097,0.15972002286038367,0.36539930005715093,0.35715266233107673
323,3590.8838243468435,55,435,0.12643678160919541,187548.86873257012,3409.979431501275,37.50977374651401,0.08622936493451495,100,71,0.71,1744.6465411162776,inf,0.5377398088385115,1.0,0.7688699044192557,0.1586797302576296,0.35539669932564405,0.3571472426921711
324,3602.001111728722,55,435,0.12643678160919541,187483.03478367484,3408.7824506122697,37.49660695673497,0.0861990964522643,100,72,0.72,1753.8969722177142,inf,0.5325611639993508,1.0,0.7662805819996754,0.15995925722629445,0.3603998981430657,0.3571572508627892
325,3613.118399110601,56,435,0.12873563218390804,192436.7264845549,3436.3701157956234,38.48734529691098,0.08847665585496778,100,73,0.73,1769.43353866306,inf,0.5283372966448069,1.0,0.7641686483224035,0.16215400376628208,0.3654053850094157,0.35718255188777887
326,3624.2356864924795,56,435,0.12873563218390804,192364.5352282152,3435.080986218128,38.47290704564304,0.08844346447274262,100,73,0.73,1765.620059255083,inf,0.5277805286512421,1.0,0.7638902643256211,0.1622766000735607,0.36540569150018387,0.3572076991037189
327,3635.352973874358,56,435,0.12873563218390804,192194.73502260234,3432.0488396893275,38.438947004520465,0.08836539541269073,100,74,0.74,1780.0643188294828,inf,0.5234495191867634,1.0,0.7617247595933817,0.16332031790965446,0.37040830079477416,0.3572479448405819
328,3646.470261256237,56,435,0.12873563218390804,192028.9197193961,3429.0878521320733,38.40578394387922,0.08828915849167637,100,74,0.74,1775.939911072386,inf,0.522839106838713,1.0,0.7614195534193565,0.16343480253615988,0.3704085870063404,0.3572879467924535
329,3657.5875486381155,57,435,0.1310344827586207,196891.3077718158,3454.233469680979,39.37826155436316,0.09052473920543254,100,74,0.74,1773.7826414669123,inf,0.5225198309371029,1.0,0.7612599154685514,0.16463241186844052,0.3704115810296711,0.3573277153810511
330,3668.704836019994,57,435,0.1310344827586207,196691.03233280958,3450.7198654878875,39.338206466561914,0.09043265854382049,100,74,0.74,1773.6304352027407,inf,0.5224973044100056,1.0,0.7612486522050028,0.1645920031694088,0.3704114800079235,0.3573672433708604
331,3679.822123401873,57,435,0.1310344827586207,196522.41385340577,3447.7616465509786,39.304482770681155,0.09035513280616357,100,74,0.74,1775.6485331078356,inf,0.5227959828999595,1.0,0.7613979914499798,0.1644785706780919,0.37041119642669523,0.3574065323860888
332,3690.9394107837516,57,435,0.1310344827586207,196385.80983911568,3445.3650848967663,39.27716196782314,0.09029232636281181,100,75,0.75,1790.9975246679646,inf,0.5186496287001947,1.0,0.7593248143500974,0.16548375600635717,0.3754137093900159,0.35746060799270724
333,3702.05669816563,57,435,0.1310344827586207,196281.70277506972,3443.5386451766617,39.25634055501395,0.09024446104600908,100,75,0.75,1792.2177000463005,inf,0.5188326550069451,1.0,0.7594163275034725,0.1654140667712683,0.37541353516692816,0.35751435927167197
334,3713.173985547509,57,435,0.1310344827586207,196210.63550053764,3442.291850886625,39.24212710010753,0.0902117864370288,100,74,0.74,1775.9151086074949,inf,0.5228354360739093,1.0,0.7614177180369546,0.16439703420003715,0.3704109925855001,0.35755285668454906
335,3724.2912729293876,57,435,0.1310344827586207,196173.13766531317,3441.6339941283013,39.234627533062636,0.09019454605301755,100,73,0.73,1759.4952109373803,inf,0.5268863007968575,1.0,0.7634431503984287,0.16337569782729444,0.36540843924456823,0.3575762363945491
336,3735.4085603112662,58,435,0.13333333333333333,201163.01620000016,3468.327865517244,40.23260324000004,0.09248874308045986,100,72,0.72,1742.7655930794847,inf,0.5309582454034458,1.0,0.7654791227017229,0.16350481018936852,0.3604087620254734,0.35758464151511565
337,3746.525847693145,58,435,0.13333333333333333,201183.0275639225,3468.6728890331465,40.2366055127845,0.09249794370755057,100,72,0.72,1740.3972011392807,inf,0.5306171969640565,1.0,0.7653085984820283,0.16359467261276117,0.3604089866815319,0.3575929975659039
338,3757.6431350750236,59,435,0.135632183908046,206234.1402296246,3495.493902197027,41.24682804592492,0.09482029435844809,100,71,0.71,1720.858819994219,inf,0.534361952439179,1.0,0.7671809762195896,0.1638196590694293,0.35540954914767353,0.35758655671511264
339,3768.7604224569022,58,435,0.13333333333333333,201188.83105401823,3468.772949207211,40.237766210803656,0.09250061197885898,100,70,0.7,1710.7137388528654,inf,0.5394999234394013,1.0,0.7697499617197007,0.16137532512957914,0.35040343831282394,0.35756542989628237
340,3779.877709838781,58,435,0.13333333333333333,201178.28450198512,3468.591112103192,40.23565690039702,0.09249576298941843,100,73,0.73,1757.1113410424873,inf,0.5265382557922031,1.0,0.7632691278961016,0.16461331754665848,0.36541153329386666,0.3575884389971551
341,3790.9949972206596,57,435,0.1310344827586207,196176.92794962093,3441.700490344227,39.235385589924185,0.09019628871246939,100,72,0.72,1733.8893282333702,inf,0.5296800632656053,1.0,0.7648400316328027,0.16267812853983338,0.36040669532134956,0.3575966795127229
342,3802.1122846025382,57,435,0.1310344827586207,196175.52978618562,3441.6759611611515,39.235105957237124,0.09019564587870603,100,74,0.74,1761.157481991517,inf,0.5206513073347445,1.0,0.7603256536673723,0.16493499610566692,0.37041233749026414,0.35763404294705975
343,3813.229571984417,58,435,0.13333333333333333,201194.98198381043,3468.8789997208696,40.2389963967621,0.09250343999255654,100,75,0.75,1775.9228198927528,inf,0.516388422983913,1.0,0.7581942114919564,0.1671546142503001,0.37541788653562574,0.35768574016679394
344,3824.3468593662956,57,435,0.1310344827586207,196196.30866297413,3442.0405028591954,39.23926173259483,0.09020519938527546,100,75,0.75,1773.9753688187664,inf,0.5160963053228148,1.0,0.7580481526614073,0.16607852336193407,0.3754151963084048,0.35773712989474066
345,3835.4641467481742,57,435,0.1310344827586207,196202.41805831293,3442.1476852335604,39.24048361166258,0.0902080083026726,100,74,0.74,1755.9852577193765,inf,0.5198858181424677,1.0,0.7599429090712339,0.16513254961571938,0.3704128313740393,0.35777376487011436
346,3846.581434130053,57,435,0.1310344827586207,196241.7820657722,3442.8382818556524,39.24835641315444,0.09022610669690675,100,75,0.75,1764.588828498838,inf,0.5146883242748257,1.0,0.7573441621374128,0.16644097227974697,0.3754161024306994,0.35782460734147054
347,3857.6987215119316,58,435,0.13333333333333333,201177.1395699393,3468.571371895505,40.235427913987856,0.09249523658388013,100,73,0.73,1734.8448273301258,inf,0.5232873447901983,1.0,0.7616436723950992,0.1654257820943904,0.365413564455236,0.3578464146894986
348,3868.8160088938102,58,435,0.13333333333333333,201090.6752098029,3467.080607065567,40.21813504196058,0.09245548285508179,100,74,0.74,1749.1721672391898,inf,0.5188774807514,1.0,0.7594387403757,0.16650837123969092,0.3704162709280992,0.3578824314695519
349,3879.933296275689,58,435,0.13333333333333333,201032.09521590092,3466.0706071707054,40.20641904318019,0.09242854952455216,100,74,0.74,1753.5790142352932,inf,0.5195296941068235,1.0,0.7597648470534117,0.16633185123557026,0.37041582962808894,0.3579182411785763
350,3891.0505836575676,59,435,0.135632183908046,205992.11596290776,3491.3917959814876,41.19842319258156,0.09470901883352083,100,73,0.73,1735.5204940395495,inf,0.5233859921297742,1.0,0.761692996064887,0.16650801138431692,0.3654162700284608,0.35793960308413153
351,3902.1678710394463,59,435,0.135632183908046,205947.67669713142,3490.6385880869734,41.189535339426286,0.09468858698718687,100,74,0.74,1750.9902978164077,inf,0.5191465640768282,1.0,0.7595732820384141,0.16755765247438642,0.37041889413118595,0.35797505561551524
352,3913.285158421325,59,435,0.135632183908046,205930.4370394213,3490.346390498666,41.18608740788425,0.09468066070777989,100,74,0.74,1750.0800072587597,inf,0.5190118410742965,1.0,0.7595059205371483,0.16758737008531582,0.37041896842521327,0.3580103074931631
353,3924.4024458032036,59,435,0.135632183908046,205939.96416880397,3490.5078672678637,41.187992833760795,0.09468504099715125,100,74,0.74,1749.3466496509295,inf,0.5189033041483376,1.0,0.7594516520741688,0.1676166944614912,0.3704190417361537,0.35804536041475343
354,3935.5197331850823,59,435,0.135632183908046,205975.92814781805,3491.1174262342042,41.19518562956361,0.09470157615991634,100,75,0.75,1766.8962092234062,inf,0.5150344313835109,1.0,0.7575172156917555,0.16859218023408046,0.3754214804505852,0.3580943072317558
355,3946.637020566961,59,435,0.135632183908046,205986.6993380618,3491.299988780708,41.19733986761236,0.09470652843129278,100,74,0.74,1753.9518814845403,inf,0.5195848784597119,1.0,0.759792439229856,0.16745704460071836,0.3704186426115018,0.3581289261513618
356,3957.7543079488396,58,435,0.13333333333333333,201001.78169614644,3465.547960278387,40.20035633922928,0.0924146122740903,100,74,0.74,1755.414004629416,inf,0.5198012726851536,1.0,0.7599006363425769,0.16625698796575672,0.3704156424699144,0.35816334272368267
357,3968.8715953307183,58,435,0.13333333333333333,200946.79018045033,3464.5998306974197,40.18935803609007,0.09238932881859786,100,73,0.73,1742.0364033767205,inf,0.5243373148930012,1.0,0.7621686574465005,0.16511033568604871,0.3654127758392151,0.35818359253685456
358,3979.988882712597,59,435,0.135632183908046,205753.73755616057,3487.3514840027215,41.150747511232126,0.09459941956605086,100,73,0.73,1745.511227145378,inf,0.5248446391632251,1.0,0.7624223195816126,0.16608854999221917,0.36541522137498056,0.3582037363497741
359,3991.1061700944756,58,435,0.13333333333333333,200481.48882241562,3456.5773934899244,40.09629776448312,0.0921753971597313,100,73,0.73,1750.5393557255084,inf,0.5255787459359241,1.0,0.762789372967962,0.1646930120958846,0.36541173253023973,0.35822375856138655
360,4002.2234574763543,58,435,0.13333333333333333,200231.22016990546,3452.262416722508,40.0462440339811,0.09206033111260022,100,72,0.72,1735.469311915639,inf,0.5299075809158521,1.0,0.764953790457926,0.16355327032733713,0.3604088831758183,0.3582298115381578
361,4013.340744858233,57,435,0.1310344827586207,194931.80704946344,3419.8562640256746,38.986361409892694,0.08962381933308665,100,72,0.72,1736.5360026655303,inf,0.5300611843838364,1.0,0.7650305921919183,0.16229661357058422,0.36040574153392646,0.3582358223944997
362,4024.4580322401116,58,435,0.13333333333333333,199630.45120115465,3441.9043310543902,39.92609024023094,0.09178411549478377,100,71,0.71,1723.9165518577945,inf,0.5347961503638068,1.0,0.7673980751819034,0.16219302015644022,0.35540548255039106,0.35822802531503933
363,4035.5753196219903,57,435,0.1310344827586207,194270.67925209648,3408.2575307385346,38.854135850419304,0.08931985252969955,100,72,0.72,1742.6101286721637,inf,0.5309358585287915,1.0,0.7654679292643958,0.16192596163265194,0.3604048149040816,0.35823400550621803
364,4046.692607003869,58,435,0.13333333333333333,198908.04987308074,3429.4491357427714,39.781609974616146,0.09145197695314057,100,72,0.72,1745.7605229491196,inf,0.5313895153046732,1.0,0.7656947576523365,0.16287860965040202,0.360407196524126,0.35823995945421233
365,4057.8098943857476,58,435,0.13333333333333333,198418.55133480148,3421.0095057724393,39.68371026696029,0.0912269201539317,100,71,0.71,1733.4503147798464,inf,0.5361499446987382,1.0,0.7680749723493692,0.1615759739022813,0.35540393993475566,0.3582322107670007
366,4068.9271817676263,59,435,0.135632183908046,202974.39710651233,3440.244018754446,40.594879421302466,0.09332156188805164,100,72,0.72,1748.5124102482341,inf,0.5317857870757456,1.0,0.7658928935378728,0.1637143341750894,0.3604092858354377,0.3582381428516558
367,4080.044469149505,57,435,0.1310344827586207,192444.64981963465,3376.221926660257,38.48892996392693,0.08848029876764811,100,70,0.7,1711.256121490224,inf,0.5395758570086313,1.0,0.7697879285043157,0.1593461851316662,0.35039836546282915,0.3582168391087514
368,4091.1617565313836,56,435,0.12873563218390804,186876.28169732518,3337.0764588808065,37.37525633946503,0.08592012951601156,100,71,0.71,1728.6566640124238,inf,0.5354692462897642,1.0,0.7677346231448821,0.1590927531855647,0.3553977318829639,0.3582091992517709
369,4102.279043913262,58,435,0.13333333333333333,196254.31496886577,3383.6950856700996,39.250862993773154,0.09023186895120265,100,72,0.72,1740.1479392814117,inf,0.5305813032565233,1.0,0.7652906516282616,0.16247060866147056,0.3604061765216537,0.35821513702817603
370,4113.396331295141,56,435,0.12873563218390804,185579.90851928008,3313.9269378442873,37.11598170385602,0.08532409587093338,100,72,0.72,1740.2650766162071,inf,0.5305981710327338,1.0,0.7652990855163668,0.16001250517728327,0.3604000312629432,0.35822102623096513
371,4124.51361867702,57,435,0.1310344827586207,189939.7882180179,3332.276986281016,37.98795764360357,0.08732863826115764,100,71,0.71,1723.252656624908,inf,0.5347018772407369,1.0,0.7673509386203685,0.15998884982039452,0.355399972124551,0.3582134427521845
372,4135.630906058898,57,435,0.1310344827586207,189330.00382694218,3321.5790145077576,37.86600076538844,0.08704827762158263,100,73,0.73,1752.366319676107,inf,0.5258454826727116,1.0,0.7629227413363557,0.16206276814261344,0.3654051569203565,0.3582327234872198
373,4146.748193440777,57,435,0.1310344827586207,188781.74091091432,3311.960366858146,37.75634818218286,0.08679620271766175,100,74,0.74,1768.2666947180296,inf,0.5217034708182684,1.0,0.7608517354091342,0.16297223365426383,0.37040743058413567,0.35826527617999226
374,4157.865480822656,58,435,0.13333333333333333,193217.07928253277,3331.328953147117,38.64341585650656,0.08883543875058979,100,74,0.74,1772.2820398581582,inf,0.5222977418990075,1.0,0.7611488709495038,0.16384328390054304,0.37040960820975133,0.35829766106540495
375,4168.982768204534,59,435,0.135632183908046,197611.17983886035,3349.342031167125,39.522235967772076,0.09085571486844156,100,73,0.73,1763.3422717533435,inf,0.5274479716759882,1.0,0.7637239858379941,0.1635658645152237,0.36540891466128805,0.3583165739739046
376,4180.100055586413,60,435,0.13793103448275862,202056.43946403204,3367.607324400534,40.41128789280641,0.09289951239725612,100,74,0.74,1784.2107819893113,inf,0.524063195734418,1.0,0.762031597867209,0.16543395726502352,0.37041358489316256,0.3583486615360247
377,4191.217342968292,60,435,0.13793103448275862,201543.22058682286,3359.0536764470476,40.308644117364565,0.09266354969509095,100,72,0.72,1760.8579131612742,inf,0.5335635394952235,1.0,0.7667817697476118,0.16294088997373957,0.36040735222493436,0.35835410780768845
378,4202.33463035017,59,435,0.135632183908046,196026.27177412593,3322.4791826123037,39.205254354825186,0.09012702150534525,100,74,0.74,1793.558756436342,inf,0.5254466959525785,1.0,0.7627233479762893,0.16370183676452804,0.3704092545919113,0.3583859155828447
379,4213.451917732049,59,435,0.135632183908046,195566.08159939694,3314.679349142321,39.11321631987939,0.0899154398158147,100,72,0.72,1769.2062057519151,inf,0.5347656936282759,1.0,0.7673828468141379,0.16126629650083835,0.3604031657412521,0.35839122413589314
380,4224.569205113928,60,435,0.13793103448275862,200056.3728481986,3334.2728808033103,40.01127456963972,0.09197994153940164,100,70,0.7,1736.8488222934495,inf,0.543158835121083,1.0,0.7715794175605415,0.16020026198943005,0.3504005006549736,0.3583702511083842
381,4235.686492495806,59,435,0.135632183908046,194556.56001907753,3297.56881388267,38.9113120038155,0.08945129196279426,100,70,0.7,1739.598074709643,inf,0.5435437304593499,1.0,0.771771865229675,0.15883971336655966,0.3503970992834164,0.35834937898318797
382,4246.803779877685,59,435,0.135632183908046,194077.64125651884,3289.4515467206584,38.81552825130376,0.08923109942828451,100,70,0.7,1743.5049955923032,inf,0.5440906993829224,1.0,0.7720453496914612,0.15859287486841167,0.350396482187171,0.3583286142395952
383,4257.921067259564,58,435,0.13333333333333333,188645.1772851205,3252.5030566400087,37.7290354570241,0.08673341484373358,100,70,0.7,1747.8889495957594,inf,0.5447044529434064,1.0,0.7723522264717032,0.15719059418601516,0.350392976485465,0.3583079485162772
384,4269.038354641442,56,435,0.12873563218390804,178178.83064520208,3181.764832950037,35.63576612904041,0.08192130144606992,100,70,0.7,1753.684329203853,inf,0.5455158060885394,1.0,0.7727579030442697,0.15458169920090015,0.35038645424800224,0.3582873732064894
385,4280.155642023321,58,435,0.13333333333333333,187682.91255168561,3235.91228537389,37.53658251033713,0.08629099427663707,100,70,0.7,1761.0744439083583,inf,0.5465504221471701,1.0,0.773275211073585,0.156507891601526,0.3503912697290038,0.35826691697986385
386,4291.2729294052,58,435,0.13333333333333333,187181.14400367995,3227.2611035117234,37.43622880073598,0.08606029609364593,100,69,0.69,1743.378158868884,inf,0.5505861859239058,1.0,0.7752930929619529,0.15538360156584646,0.34538845900391457,0.3582336393106753
387,4302.390216787078,58,435,0.13333333333333333,186747.42254756668,3219.7831473718393,37.349484509513324,0.08586088392991569,100,70,0.7,1758.928628663638,inf,0.5462500080129093,1.0,0.7731250040064547,0.15636793996173054,0.3503909198499043,0.3582134261161888
388,4313.507504168957,58,435,0.13333333333333333,186384.95884738833,3213.5337732308335,37.27699176947767,0.08569423395282222,100,71,0.71,1772.713736797052,inf,0.5417253506251813,1.0,0.7708626753125907,0.15741577932011575,0.35539353944830027,0.3582061770502045
389,4324.624791550836,60,435,0.13793103448275862,196074.1111043991,3267.901851739985,39.21482222087982,0.09014901659972371,100,70,0.7,1755.8206425697533,inf,0.5458148899597653,1.0,0.7729074449798827,0.15862078580992045,0.3503965519645248,0.35818615237049767
390,4335.742078932714,61,435,0.14022988505747128,200702.63373909827,3290.2071104770207,40.140526747819656,0.09227707298349347,100,70,0.7,1747.9774677229382,inf,0.5447168454812114,1.0,0.7723584227406057,0.15995932512144384,0.3503998983128036,0.3581662386772555
391,4346.859366314593,61,435,0.14022988505747128,200362.02034483798,3284.623284341606,40.0724040689676,0.09212046912406345,100,69,0.69,1725.7716878406222,inf,0.5481564929220059,1.0,0.774078246461003,0.15902111133153018,0.3453975527783288,0.35813366549894193
392,4357.976653696472,61,435,0.14022988505747128,200092.7101726462,3280.2083634860037,40.01854203452924,0.09199664835523963,100,68,0.68,1707.071916558177,inf,0.5521617806519121,1.0,0.7760808903259561,0.1579578790146418,0.34039489469753664,0.35808852867756436
393,4369.09394107835,61,435,0.14022988505747128,199818.20604346137,3275.7082957944485,39.96364120869227,0.09187043956021212,100,68,0.68,1705.3106630383083,inf,0.55192225017321,1.0,0.775961125086605,0.15795465723680358,0.34039488664309203,0.35804362095666464
394,4380.211228460229,61,435,0.14022988505747128,199437.28911610963,3269.4637560017973,39.887457823221936,0.09169530534074008,100,69,0.69,1719.942545005619,inf,0.5473520712107754,1.0,0.7736760356053878,0.15900963486767616,0.34539752408716917,0.358011605521552
395,4391.328515842108,62,435,0.1425287356321839,204017.6464894771,3290.6072014431793,40.803529297895416,0.09380121677677107,100,69,0.69,1720.0422920940982,inf,0.5473658363089856,1.0,0.7736829181544929,0.16005914931113907,0.34540014787327783,0.35797975840627855
396,4402.445803223986,64,435,0.1471264367816092,213551.54729373037,3336.742926464537,42.710309458746075,0.09818461944539328,100,69,0.69,1720.7688479392366,inf,0.5474661010156145,1.0,0.7737330505078073,0.162225784468793,0.34540556446117193,0.35794808537367123
397,4413.563090605865,64,435,0.1471264367816092,213083.3224142566,3329.4269127227594,42.61666448285132,0.09796934363873866,100,69,0.69,1723.1121339862054,inf,0.5477894744900964,1.0,0.7738947372450482,0.16203730319684528,0.34540509325799207,0.3579165703181042
398,4424.680377987744,64,435,0.1471264367816092,212637.25217742374,3322.457065272246,42.52745043548475,0.09776425387467759,100,70,0.7,1740.9743676417734,inf,0.5437364114698482,1.0,0.7718682057349241,0.1629480240698768,0.3504073700601747,0.35789775026733245
399,4435.797665369622,64,435,0.1471264367816092,212249.39190188167,3316.396748466901,42.44987838037634,0.09758592731120998,100,71,0.71,1760.312101228029,inf,0.5399643183743802,1.0,0.76998215918719,0.16380188406201002,0.35540950471015503,0.3578915296534395
400,4446.914952751501,64,435,0.1471264367816092,211885.67205625062,3310.713625878916,42.377134411250125,0.0974186997959773,100,70,0.7,1740.0575082452742,inf,0.5436080511543384,1.0,0.7718040255771692,0.1628073371094041,0.3504070183427735,0.3578728650367047
401,4458.03224013338,62,435,0.1425287356321839,201475.20775425056,3249.600125068557,40.29504155085011,0.09263227942724163,100,69,0.69,1721.3726271009705,inf,0.547549422539934,1.0,0.773774711269967,0.1594287840786373,0.3453985719601966,0.35784183445691237
402,4469.149527515258,61,435,0.14022988505747128,196033.27059107053,3213.660173624107,39.206654118214104,0.09013023935221633,100,68,0.68,1705.598392391587,inf,0.5519613813652559,1.0,0.7759806906826279,0.15707477433479422,0.340392686935837,0.35779853632410574
403,4480.266814897137,61,435,0.14022988505747128,195534.48206257765,3205.483312501273,39.10689641251553,0.08990091129313915,100,68,0.68,1706.8718011908986,inf,0.5521345649619621,1.0,0.7760672824809811,0.15691681440607907,0.34039229203601523,0.35775545156101646
404,4491.384102279016,61,435,0.14022988505747128,195083.65392849132,3198.0926873523167,39.01673078569827,0.08969363399011097,100,68,0.68,1710.2235065151817,inf,0.5525903968860648,1.0,0.7762951984430324,0.15669921777353923,0.3403917480444339,0.35771257821900015
405,4502.501389660894,61,435,0.14022988505747128,194681.47721387717,3191.4996264570027,38.93629544277544,0.0895087251558056,100,68,0.68,1714.9093307932162,inf,0.5532276689878775,1.0,0.7766138344939387,0.1564474453309334,0.3403911186133274,0.35766991452539015
406,4513.618677042773,61,435,0.14022988505747128,194328.94537962016,3185.720416059347,38.86578907592403,0.08934664155384833,100,67,0.67,1701.0045940519626,inf,0.557934615602963,1.0,0.7789673078014815,0.15518966687618346,0.33538797416719046,0.35761516774318325
407,4524.735964424652,61,435,0.14022988505747128,194027.35608672388,3180.7763292905556,38.80547121734477,0.08920797980998797,100,68,0.68,1723.9457865883385,inf,0.5544566269760142,1.0,0.7772283134880071,0.15598983316099047,0.3403899745829025,0.3575729491324963
408,4535.85325180653,62,435,0.1425287356321839,198749.3445937692,3205.6345902220837,39.74986891875384,0.09137900900862952,100,68,0.68,1726.7691848993215,inf,0.5548406091463077,1.0,0.7774203045731538,0.15697935221773784,0.3403924483805444,0.3575309430181884
409,4546.970539188409,63,435,0.14482758620689656,203461.26408780494,3229.5438744096023,40.692252817561,0.0935454087760023,100,66,0.66,1703.0873863454985,inf,0.5648075349976058,1.0,0.7824037674988029,0.15557082063859973,0.3303889270515965,0.35746474297924546
410,4558.087826570288,64,435,0.1471264367816092,208203.4289313118,3253.1785770517467,41.64068578626235,0.09572571445117782,100,67,0.67,1726.636485504043,inf,0.5613692890575418,1.0,0.780684644528771,0.15752053496120344,0.33539380133740304,0.3574110423913091
411,4569.205113952166,65,435,0.14942528735632185,212824.91324539983,3274.229434544613,42.564982649079965,0.09785053482547118,100,67,0.67,1731.588775160559,inf,0.5620328958715148,1.0,0.7810164479357574,0.1584170434448569,0.33539604260861217,0.3573576079258171
412,4580.322401334045,65,435,0.14942528735632185,212466.86699496108,3268.721030691709,42.49337339899222,0.09768591585975223,100,68,0.68,1754.172775415858,inf,0.5585674974565566,1.0,0.7792837487282783,0.15920108356573698,0.34039800270891435,0.35731654350640574
413,4591.439688715924,66,435,0.15172413793103448,217094.37348091102,3289.3086891047124,43.4188746961822,0.09981350504869471,100,67,0.67,1743.3158788476453,inf,0.5636043277655844,1.0,0.7818021638827922,0.1590056705829513,0.3353975141764574,0.35726359899111604
414,4602.556976097802,66,435,0.15172413793103448,216783.98602757123,3284.6058489025945,43.35679720551425,0.09967079817359598,100,66,0.66,1727.9514403549897,inf,0.5680895901268586,1.0,0.7840447950634293,0.15781300155508338,0.33039453250388773,0.35719885425259257
415,4613.674263479681,66,435,0.15172413793103448,216547.2051890965,3281.018260440856,43.309441037819305,0.09956193342027427,100,67,0.67,1746.2477458022424,inf,0.5639971979375005,1.0,0.7819985989687502,0.15878166722576198,0.3353969541680644,0.3571464458389278
416,4624.79155086156,66,435,0.15172413793103448,216387.2808881866,3278.5951649725243,43.27745617763731,0.09948840500606279,100,67,0.67,1749.9725258291805,inf,0.5644963184611103,1.0,0.7822481592305551,0.1586201228877538,0.33539655030721943,0.35709428781607
417,4635.908838243438,66,435,0.15172413793103448,216306.87973969828,3277.3769657530042,43.261375947939655,0.09945143896078082,100,67,0.67,1754.799138080401,inf,0.5651430845027738,1.0,0.7825715422513869,0.15843994835469694,0.33539609987088675,0.35704237827553126
418,4647.026125625317,67,435,0.15402298850574714,221259.0691455923,3302.374166352124,44.251813829118475,0.10172830765314592,100,66,0.66,1741.6487211518552,inf,0.5698976311920448,1.0,0.7849488155960225,0.1583897460285617,0.3303959743650714,0.3569787830394681
419,4658.143413007196,68,435,0.15632183908045977,226137.09676587378,3325.5455406746146,45.22741935317476,0.10397107897281554,100,66,0.66,1753.1703676323407,inf,0.571418488527469,1.0,0.7857092442637346,0.15913091735454044,0.33039782729338635,0.35691549504959647
420,4669.260700389074,66,435,0.15172413793103448,215977.57035204742,3272.3874295764763,43.19551407040948,0.09930003234576892,100,66,0.66,1756.8720842695886,inf,0.5719071151235857,1.0,0.7859535575617929,0.15667323739198802,0.33039168309348,0.3568524931209596
421,4680.377987770953,66,435,0.15172413793103448,215849.73328080855,3270.450504254675,43.16994665616171,0.09924125668083153,100,65,0.65,1739.1449376041903,inf,0.5760888418885448,1.0,0.7880444209442724,0.1555984178682796,0.3253889960446707,0.3567779350710158
422,4691.495275152832,66,435,0.15172413793103448,215810.36758699032,3269.854054348338,43.16207351739807,0.09922315751125993,100,66,0.66,1756.2322719538672,inf,0.5718226598979106,1.0,0.7859113299489553,0.1566559137811523,0.3303916397844529,0.3567155561223478
423,4702.61256253471,66,435,0.15172413793103448,215856.92980239503,3270.559542460531,43.17138596047901,0.09924456542638853,100,66,0.66,1756.9325035618024,inf,0.5719150904701579,1.0,0.7859575452350789,0.1566435100956548,0.33039160877523915,0.3566534713408688
424,4713.729849916589,66,435,0.15172413793103448,215985.32971819167,3272.5049957301767,43.19706594363833,0.09930359987043294,100,64,0.64,1715.8034772730882,inf,0.5796228450909553,1.0,0.7898114225454776,0.1547460886624777,0.3203868652216562,0.35656813815000005
425,4724.847137298468,67,435,0.15402298850574714,221154.23591297807,3300.8094912384786,44.23084718259561,0.10168010846573704,100,65,0.65,1727.8225724322854,inf,0.5746169344161971,1.0,0.7873084672080986,0.15718582062881925,0.3253929645515721,0.35649495699131833
426,4735.964424680346,70,435,0.16091954022988506,236308.99208148965,3375.842744021281,47.261798416297935,0.10864781245125962,100,65,0.65,1723.2270250310046,inf,0.5740195132540307,1.0,0.7870097566270153,0.1608190279121221,0.3254020475697803,0.35642213987323507
427,4747.081712062225,71,435,0.1632183908045977,241404.27343478685,3400.06018922235,48.280854686957376,0.1109904705447296,100,67,0.67,1753.7201261290581,inf,0.5649984969012938,1.0,0.7824992484506469,0.16424561104704133,0.3354106140276176,0.3563730475231285
428,4758.198999444104,71,435,0.1632183908045977,241503.83842854094,3401.4625130780414,48.30076768570819,0.11103624755335216,100,67,0.67,1750.693573928237,inf,0.5645929389063836,1.0,0.7822964694531918,0.1643698890500802,0.33541092472262524,0.35632418476601774
429,4769.316286825982,73,435,0.167816091954023,251594.39201547636,3446.49852075995,50.31887840309527,0.1156755825358512,100,68,0.68,1758.6285719524378,inf,0.5591734857855315,1.0,0.7795867428927657,0.16804441982154267,0.3404201110495539,0.3562871985480725
430,4780.433574207861,73,435,0.167816091954023,251703.36975481058,3447.9913665042545,50.34067395096211,0.11572568724359107,100,66,0.66,1721.211086573675,inf,0.5671998634277251,1.0,0.7835999317138626,0.16606287776486423,0.33041515719441217,0.35622717060989695
431,4791.55086158974,71,435,0.1632183908045977,241814.59091763274,3405.8393086990527,48.362918183526546,0.11117912226098056,100,67,0.67,1730.160531358211,inf,0.5618415112020003,1.0,0.7809207556010002,0.16512918332999021,0.335412822958325,0.35617898924959235
432,4802.668148971618,71,435,0.1632183908045977,241864.042500579,3406.53580986731,48.3728085001158,0.11120185862095587,100,66,0.66,1701.985979247234,inf,0.5646621492606348,1.0,0.7823310746303174,0.1644353919953192,0.3304110884799883,0.35611947908615216
433,4813.785436353497,69,435,0.15862068965517243,231768.86931354358,3358.9691204861388,46.3537738627087,0.10656039968438781,100,64,0.64,1659.095048711269,inf,0.5723641662350424,1.0,0.7861820831175212,0.16018915828343328,0.3204004728957086,0.3560371772285705
434,4824.902723735376,68,435,0.15632183908045977,226612.41459584568,3332.5355087624366,45.32248291916914,0.10418961590613596,100,65,0.65,1672.326476211129,inf,0.5674024419074467,1.0,0.7837012209537233,0.16024419747620633,0.3254006104936905,0.35596674833952474
435,4836.020011117254,68,435,0.15632183908045977,226432.8533515498,3329.8949022286733,45.286570670309956,0.10410705901220679,100,65,0.65,1666.9168180486172,inf,0.5666991863463203,1.0,0.7833495931731602,0.16037873291952331,0.3254009468322988,0.35589664329019627
436,4847.137298499133,67,435,0.15402298850574714,221228.04070076073,3301.911055235235,44.245608140152136,0.10171404170149917,100,65,0.65,1662.615766290307,inf,0.5661400496177399,1.0,0.78307002480887,0.1593220084463146,0.3253983050211158,0.35582685304244094
437,4858.254585881012,67,435,0.15402298850574714,221059.8285451017,3299.400426046294,44.21196570902034,0.1016367027793571,100,66,0.66,1678.7728762356976,inf,0.5615980196631122,1.0,0.780799009831556,0.16041884647390048,0.3304010471161848,0.3557688032572212
438,4869.37187326289,66,435,0.15172413793103448,215955.53049471846,3272.053492344219,43.1911060989437,0.0992898990780315,100,68,0.68,1713.0716123789196,inf,0.5529777392835331,1.0,0.7764888696417666,0.1614005147181325,0.34040350128679536,0.3557338025693615
439,4880.489160644769,64,435,0.1471264367816092,205882.58522496384,3216.91539414006,41.17651704499277,0.0946586598735466,100,68,0.68,1708.9095496960479,inf,0.5524116987586625,1.0,0.7762058493793312,0.15922640524710768,0.3403980660131178,0.35569894862264273
440,4891.606448026648,64,435,0.1471264367816092,205891.91910566873,3217.061236026074,41.17838382113375,0.09466295131295115,100,68,0.68,1704.3195200332648,inf,0.551787454724524,1.0,0.7758937273622619,0.1593846119753446,0.3403984615299384,0.3556642536405731
441,4902.723735408526,66,435,0.15172413793103448,215813.7916458676,3269.905934028297,43.16275832917352,0.0992247317912035,100,67,0.67,1683.8690654421346,inf,0.555638454769246,1.0,0.777819227384623,0.16070275220329033,0.3354017568805083,0.3556184108877223
442,4913.841022790405,66,435,0.15172413793103448,215701.58853403517,3268.2058868793206,43.14031770680704,0.0991731441535794,100,67,0.67,1679.8786506525068,inf,0.5551037391874359,1.0,0.777551869593718,0.16081063727993072,0.33540202659319984,0.3555727757087278
443,4924.958310172284,66,435,0.15172413793103448,215652.69312004492,3267.465047273408,43.13053862400898,0.09915066350346892,100,68,0.68,1693.262520702654,inf,0.5502837028155609,1.0,0.7751418514077805,0.16200440604784422,0.3404050110151196,0.35553861407653503
444,4936.075597554162,66,435,0.15172413793103448,215665.79283546747,3267.663527810113,43.133158567093496,0.09915668636113448,100,68,0.68,1691.9921524063695,inf,0.5501109327272662,1.0,0.7750554663636331,0.16205060999875065,0.3404051265249969,0.3555046062393405
445,4947.192884936041,67,435,0.15402298850574714,220717.41190981804,3294.289729997284,44.143482381963615,0.10147926984359451,100,68,0.68,1692.7602823885222,inf,0.550215398404839,1.0,0.7751076992024195,0.16318578532058747,0.3404079644633015,0.35547075726674854
446,4958.31017231792,66,435,0.15172413793103448,215817.42259891197,3269.9609484683633,43.163484519782386,0.09922640119490204,100,67,0.67,1680.5298145808292,inf,0.555190995153831,1.0,0.7775954975769155,0.16081545180899326,0.3354020386295225,0.35542586080447286
447,4969.427459699798,67,435,0.15402298850574714,220896.6473734972,3296.9648861716,44.179329474699436,0.10156167695333204,100,66,0.66,1668.2126815472027,inf,0.5602040739642308,1.0,0.7801020369821154,0.1607298199856083,0.33040182454996403,0.3553700035806905
448,4980.544747081677,68,435,0.15632183908045977,225997.80511820948,3323.4971340913157,45.1995610236419,0.10390703683595838,100,66,0.66,1672.70733548529,inf,0.5607973682840585,1.0,0.7803986841420292,0.16175417634696465,0.3304043854408674,0.3553144008676842
449,4991.662034463556,68,435,0.15632183908045977,226130.0687638936,3325.4421877043173,45.22601375277872,0.10396784770753728,100,66,0.66,1676.445714587346,inf,0.5612908343255296,1.0,0.7806454171627648,0.1616612152723862,0.330404153038181,0.3552590447613964
450,5002.779321845434,69,435,0.15862068965517243,231306.16496731024,3352.2632603958004,46.261232993462045,0.10634766205393574,100,66,0.66,1681.3105903102369,inf,0.5619329979209513,1.0,0.7809664989604757,0.16269058154673,0.3304067264538668,0.35520393984275445
451,5013.896609227313,68,435,0.15632183908045977,226474.00155208152,3330.500022824728,45.294800310416306,0.10412597772509495,100,66,0.66,1684.0146589164415,inf,0.5622899349769702,1.0,0.7811449674884852,0.16149050511830487,0.3304037262627958,0.35514907211359525
452,5025.013896609192,69,435,0.15862068965517243,231616.8698197475,3356.7662292717027,46.32337396394949,0.10649051485965401,100,66,0.66,1687.7437860942478,inf,0.5627821797644408,1.0,0.7813910898822204,0.1625497124887168,0.3304063742812218,0.35509445247158117
453,5036.13118399107,69,435,0.15862068965517243,231767.6398502453,3358.951302177468,46.35352797004906,0.10655983441390587,100,67,0.67,1706.3961556138918,inf,0.5586570848522615,1.0,0.7793285424261307,0.16361564599388756,0.33540903911498476,0.35505109253026707
454,5047.248471372949,69,435,0.15862068965517243,231971.70147645992,3361.908717050144,46.39434029529198,0.10665365585124593,100,67,0.67,1708.7782473604254,inf,0.558976285146297,1.0,0.7794881425731486,0.16358275663904864,0.33540895689159766,0.35500792300139083
455,5058.365758754828,69,435,0.15862068965517243,232227.9957001631,3365.62312608932,46.44559914003261,0.10677149227593705,100,66,0.66,1694.6506335809108,inf,0.5636938836326802,1.0,0.7818469418163401,0.1624622752297985,0.3304061556880745,0.3549539717572827
456,5069.483046136706,68,435,0.15632183908045977,227509.2630550816,3345.7244566923764,45.50185261101631,0.10460196002532485,100,66,0.66,1699.7400016578908,inf,0.5643656802188417,1.0,0.7821828401094209,0.16120955995795194,0.3304030238998949,0.3549002497707239
457,5080.600333518585,67,435,0.15402298850574714,222818.80366330824,3325.653786019526,44.56376073266164,0.10244542697163596,100,67,0.67,1715.6777583281212,inf,0.5599008196159683,1.0,0.7799504098079841,0.1612475085818259,0.33540311877145457,0.35485767961570364
458,5091.717620900464,67,435,0.15402298850574714,223126.04124751518,3330.239421604704,44.62520824950303,0.10258668563104145,100,67,0.67,1715.6534727561157,inf,0.5598975653493194,1.0,0.7799487826746597,0.1613189514781908,0.3354032973786955,0.35481529534067746
459,5102.834908282342,67,435,0.15402298850574714,223482.67877005017,3335.5623697022415,44.696535754010036,0.10275065690577019,100,67,0.67,1716.8422916175773,inf,0.5600568670767553,1.0,0.7800284335383776,0.16136111168369627,0.33540340277920927,0.3547730955742395
460,5113.952195664221,67,435,0.15402298850574714,223888.1342210978,3341.6139435984746,44.77762684421956,0.10293707320510244,100,68,0.68,1732.9297532451649,inf,0.5556784464413425,1.0,0.7778392232206712,0.16254892499221563,0.34040637231248055,0.3547419313155372
461,5125.0694830461,67,435,0.15402298850574714,224341.7657081288,3348.3845628078925,44.86835314162576,0.10314563940603623,100,68,0.68,1732.1544665683152,inf,0.555573007453291,1.0,0.7777865037266455,0.16267956783969534,0.34040669891959924,0.3547109026739876
462,5136.186770427978,66,435,0.15172413793103448,219739.02452092106,3329.379159407895,43.947804904184196,0.10102943656134297,100,69,0.69,1750.0527464651807,inf,0.5515072790121948,1.0,0.7757536395060973,0.16263789852762278,0.345406594746319,0.3546908069765196
463,5147.304057809857,65,435,0.14942528735632185,215106.45250817505,3309.3300385873085,43.02129050163501,0.09889951839456324,100,69,0.69,1743.9054528140507,inf,0.5506589524883388,1.0,0.7753294762441694,0.16178502107519688,0.345404462552688,0.3546707933031924
464,5158.421345191736,65,435,0.14942528735632185,215364.3888632081,3313.2982902032013,43.072877772641604,0.09901810982216461,100,69,0.69,1746.4779665922574,inf,0.5510139593897315,1.0,0.7755069796948657,0.1617555650636494,0.3454043889126591,0.3546508655518149
465,5169.538632573614,64,435,0.1471264367816092,210631.04553839605,3291.1100865374383,42.12620910767921,0.09684186001765335,100,70,0.7,1765.3184235309448,inf,0.5471445792943321,1.0,0.7735722896471661,0.1616347851852436,0.3504040869629631,0.3546417522930405
466,5180.655919955493,64,435,0.1471264367816092,210895.60701873363,3295.243859667713,42.17912140374672,0.09696349747987752,100,71,0.71,1781.7112490638217,inf,0.5430029973670627,1.0,0.7715014986835314,0.16273099939817304,0.3554068274984954,0.3546433905697117
467,5191.773207337372,64,435,0.1471264367816092,211203.03068340468,3300.047354428198,42.24060613668094,0.09710484169351939,100,71,0.71,1782.7461132986305,inf,0.5431499480884056,1.0,0.7715749740442028,0.1627649338246583,0.3554069123345616,0.35464502202647424
468,5202.8904947192505,63,435,0.14482758620689656,206551.5088184678,3278.5953780709174,41.310301763693545,0.09496621095101965,100,72,0.72,1799.9071808058118,inf,0.539186634036037,1.0,0.7695933170180185,0.1626864469665006,0.36040671611741626,0.3546573070885018
469,5214.007782101129,63,435,0.14482758620689656,206890.02284668124,3283.968616613988,41.37800456933624,0.09512184958468102,100,71,0.71,1790.9721694688678,inf,0.5443180480645793,1.0,0.7721590240322896,0.1614814127761957,0.35540370353194045,0.35465889516604104
470,5225.125069483008,63,435,0.14482758620689656,207271.2229701864,3290.019412225181,41.45424459403728,0.09529711400928109,100,68,0.68,1745.234902503081,inf,0.557351946740419,1.0,0.7786759733702096,0.15831057031953577,0.3403957764257989,0.3546286125360193
471,5236.2423568648865,63,435,0.14482758620689656,207695.47077136385,3296.7535043073626,41.539094154272775,0.09549217046959259,100,68,0.68,1753.2848924780492,inf,0.5584467453770147,1.0,0.7792233726885074,0.1581343988905426,0.3403953359972264,0.35459845728911504
472,5247.359644246765,62,435,0.1425287356321839,203087.2617033149,3275.6009952147565,40.61745234066298,0.0933734536566965,100,67,0.67,1738.697931555011,inf,0.5629855228283716,1.0,0.7814927614141858,0.1559403461212554,0.33538985086530315,0.3545578471275425
473,5258.476931628644,61,435,0.14022988505747128,198447.1327955939,3253.2316851736705,39.68942655911878,0.09124006105544546,100,67,0.67,1741.3739961049928,inf,0.5633441154780691,1.0,0.7816720577390346,0.1547840016582055,0.33538696000414553,0.3545174022179995
474,5269.5942190105225,60,435,0.13793103448275862,193779.69004460858,3229.661500743476,38.75593800892172,0.08909411036533728,100,66,0.66,1728.0029395943166,inf,0.5680963880264498,1.0,0.7840481940132249,0.1525229581760562,0.33038130739544014,0.3544665893867941
475,5280.711506392401,61,435,0.14022988505747128,199123.39776990414,3264.317996227937,39.82467955398083,0.0915509874804157,100,68,0.68,1764.83403818523,inf,0.5600174291931913,1.0,0.7800087145965957,0.15577113644190999,0.3403894278411048,0.3544370155180006
476,5291.82879377428,61,435,0.14022988505747128,199516.06693879538,3270.755195717957,39.90321338775908,0.09173152502933123,100,68,0.68,1768.4409361989226,inf,0.5605079673230535,1.0,0.7802539836615268,0.15573877068390218,0.3403893469267098,0.3544075654790252
477,5302.9460811561585,61,435,0.14022988505747128,199982.5376213709,3278.4022560880476,39.996507524274186,0.0919459943086763,100,67,0.67,1757.0065659192337,inf,0.5654388798331772,1.0,0.7827194399165887,0.15461327719604379,0.3353865331929901,0.3543677725244519
478,5314.063368538037,60,435,0.13793103448275862,195566.00437359087,3259.4334062265143,39.11320087471818,0.08991540430969697,100,67,0.67,1756.2205897780364,inf,0.5653335590302568,1.0,0.7826667795151284,0.1536243123972843,0.33538406078099325,0.3543281405583904
479,5325.180655919916,60,435,0.13793103448275862,196253.05262270488,3270.8842103784145,39.250610524540974,0.09023128856216316,100,69,0.69,1785.280024546223,inf,0.5563686433873787,1.0,0.7781843216936893,0.15602348343423694,0.3453900587085856,0.35430951955453666
480,5336.2979433017945,60,435,0.13793103448275862,197014.44672237837,3283.5741120396397,39.40288934447568,0.09058135481488662,100,70,0.7,1801.4779249587498,inf,0.552206909494225,1.0,0.7761034547471125,0.15723895003388705,0.35039309737508467,0.3543013773046833
481,5347.415230683673,58,435,0.13333333333333333,187621.53606985777,3234.8540701699617,37.52430721397156,0.08626277520453232,100,70,0.7,1801.1381433960057,inf,0.5521593400754408,1.0,0.7760796700377204,0.155091552583406,0.35038772888145847,0.3542932577021455
482,5358.532518065552,58,435,0.13333333333333333,188115.97641547915,3243.378903715158,37.623195283095825,0.08649010409907086,100,69,0.69,1786.0237956857377,inf,0.5564712838046317,1.0,0.7782356419023159,0.1541272310983775,0.3453853180777459,0.3542748147629645
483,5369.6498054474305,57,435,0.1310344827586207,183598.83926569097,3221.0322678191396,36.71976785313819,0.08441325943250158,100,70,0.7,1802.9059992713674,inf,0.5524068398979914,1.0,0.7762034199489958,0.1541049197417529,0.35038526229935435,0.3542667784975438
484,5380.767092829309,56,435,0.12873563218390804,179081.462544839,3197.883259729268,35.816292508967805,0.0823363046183168,100,70,0.7,1803.711211850203,inf,0.5525195696590284,1.0,0.7762597848295142,0.15303825989440129,0.350382595649736,0.35425876987311533
485,5391.884380211188,56,435,0.12873563218390804,179564.59621296864,3206.510646660154,35.91291924259373,0.08255843504044535,100,70,0.7,1803.9565586135177,inf,0.5525539182058925,1.0,0.7762769591029463,0.15314073796874955,0.35038285184492185,0.35425079473313964
486,5403.0016675930665,55,435,0.12643678160919541,175051.93079152962,3182.7623780278113,35.01038615830591,0.08048364634093313,100,71,0.71,1815.1894635589726,inf,0.547756903825374,1.0,0.773878451912687,0.15330259721412304,0.3553832564930353,0.3542531201166302
487,5414.118954974945,55,435,0.12643678160919541,175579.4724012479,3192.354043659053,35.11589448024957,0.08072619420747028,100,70,0.7,1792.239911364173,inf,0.5509135875909842,1.0,0.7754567937954921,0.15263470020598902,0.35038158675051495,0.35424518664661764
488,5425.236242356824,55,435,0.12643678160919541,176152.4631591064,3202.7720574382984,35.23049263182128,0.0809896382340719,100,70,0.7,1782.1931955585007,inf,0.5495070473781901,1.0,0.774753523689095,0.1531180572724885,0.3503827951431812,0.3542372880954859
489,5436.3535297387025,55,435,0.12643678160919541,176768.74423055773,3213.9771678283223,35.35374884611154,0.08127298585312999,100,69,0.69,1755.9286757747568,inf,0.5523181572569164,1.0,0.7761590786284582,0.1525569536123359,0.3453813923840308,0.35421921483893193
490,5447.470817120581,53,435,0.12183908045977011,167409.3054557109,3158.666140673791,33.48186109114217,0.07696979561182109,100,70,0.7,1765.856995168015,inf,0.5472199793235221,1.0,0.773609989661761,0.1516799029750301,0.35037919975743753,0.3542113940342853
491,5458.58810450246,52,435,0.11954022988505747,163042.00913332074,3135.4232525638604,32.60840182666415,0.0749618432796877,100,70,0.7,1758.4308731272622,inf,0.5461803222378167,1.0,0.7730901611189083,0.1509358410803897,0.35037733960270095,0.35420360124072514
492,5469.7053918843385,51,435,0.11724137931034483,158700.25358363555,3111.769678110501,31.740050716727108,0.07296563383155658,100,69,0.69,1733.549450385618,inf,0.5492298241532153,1.0,0.7746149120766077,0.1491753608774744,0.3453729384021937,0.35418568914571796
493,5480.822679266217,50,435,0.11494252873563218,154286.5012957575,3085.7300259151502,30.857300259151497,0.07093632243483103,100,69,0.69,1728.1345839393734,inf,0.5484825725836334,1.0,0.7742412862918167,0.14834751807150715,0.34537086879517875,0.3541678453798262
494,5491.939966648096,51,435,0.11724137931034483,159903.83719601744,3135.369356784656,31.980767439203497,0.07351900560736437,100,69,0.69,1723.059284065094,inf,0.5477821812009831,1.0,0.7738910906004915,0.14981395750343646,0.3453745348937586,0.354150081116218
495,5503.0572540299745,51,435,0.11724137931034483,160546.35519132044,3147.9677488494203,32.10927103826409,0.07381441617991745,100,69,0.69,1714.8925515903177,inf,0.5466551721194639,1.0,0.773327586059732,0.15024341506009276,0.3453756085376502,0.35413239064730956
496,5514.174541411853,51,435,0.11724137931034483,161223.74572406593,3161.2499161581554,32.244749144813184,0.07412586010301882,100,70,0.7,1728.8883128108384,inf,0.5420443637935173,1.0,0.7710221818967586,0.15155183910313008,0.3503788795977578,0.3541248383111938
497,5525.291828793732,53,435,0.12183908045977011,171740.6731287489,3240.390059032998,34.34813462574977,0.07896122902471212,100,70,0.7,1719.0051453902033,inf,0.5406607203546285,1.0,0.7703303601773143,0.15431543442369894,0.35038578858605923,0.3541173301792156
498,5536.4091161756105,52,435,0.11954022988505747,167084.20421996526,3213.1577734608704,33.41684084399306,0.07682032377929439,100,70,0.7,1713.0623489365078,inf,0.5398287288511111,1.0,0.7699143644255555,0.15345297967686944,0.35038363244919213,0.3541098478190352
499,5547.526403557489,51,435,0.11724137931034483,162435.81808792657,3185.0160409397367,32.48716361758532,0.07468313475306969,100,69,0.69,1691.5475984639709,inf,0.543433568588028,1.0,0.771716784294014,0.1514831752295278,0.3453787079380738,0.35409238553927325
500,5558.643690939368,51,435,0.11724137931034483,162775.6764655081,3191.679930696237,32.55513529310162,0.07483939147839454,100,69,0.69,1685.8465238793565,inf,0.5426468202953513,1.0,0.7713234101476756,0.15175799066535944,0.34537939497666337,0.3540749943405455
501,5569.7609783212465,51,435,0.11724137931034483,163145.7696793099,3198.936660378625,32.62915393586198,0.07500954927784363,100,70,0.7,1698.5986806778183,inf,0.5378038152948945,1.0,0.7689019076474473,0.15305382081519814,0.350382634552038,0.35406763904216204
502,5580.878265703125,51,435,0.11724137931034483,163544.7294937081,3206.7594018374134,32.708945898741604,0.0751929790775669,100,71,0.71,1712.620697705792,inf,0.5331921390742225,1.0,0.7665960695371112,0.15429845477022786,0.35538574613692553,0.3540702595334041
503,5591.995553085004,51,435,0.11724137931034483,163971.2089819945,3215.1217447449903,32.7942417963989,0.07538906160091702,100,71,0.71,1710.3054934406546,inf,0.5328633800685729,1.0,0.7664316900342865,0.15447868578331525,0.35538619671445826,0.35407287051987446
504,5603.1128404668825,50,435,0.11494252873563218,159372.88953042464,3187.457790608493,31.874577906084927,0.07327489173812626,100,73,0.73,1742.4509197990362,inf,0.5243978342906592,1.0,0.7621989171453296,0.15553798729639834,0.365388844968241,0.3540952783900692
505,5614.230127848761,50,435,0.11494252873563218,159798.9304128513,3195.9786082570263,31.959786082570265,0.0734707726036098,100,74,0.74,1755.9789311099446,inf,0.5198848818042718,1.0,0.7599424409021359,0.156764165850737,0.3703919104146268,0.35412748517272646
506,5625.34741523064,51,435,0.11724137931034483,165213.31727162807,3239.4768092476093,33.042663454325606,0.07596014587201289,100,74,0.74,1753.1098391256978,inf,0.5194602561906032,1.0,0.7597301280953016,0.15811500888835567,0.3703952875222209,0.35415957156789313
507,5636.4647026125185,52,435,0.11954022988505747,170577.83799865015,3280.3430384355797,34.11556759973004,0.07842659218328746,100,74,0.74,1751.2763914945779,inf,0.5191889059411975,1.0,0.7595944529705987,0.15941606960634436,0.37039854017401586,0.35419153804152725
508,5647.581989994397,52,435,0.11954022988505747,170935.79557574145,3287.226837995028,34.18715911514828,0.07859117037965123,100,73,0.73,1736.5756810445516,inf,0.5235400494325045,1.0,0.7617700247162522,0.15841057283169946,0.36539602643207925,0.35421355078885647
509,5658.699277376276,51,435,0.11724137931034483,166226.72722304644,3259.347592608754,33.24534544460929,0.07642608148186045,100,75,0.75,1766.4133136338407,inf,0.5149619970450761,1.0,0.757480998522538,0.15947254147966122,0.37539868135369914,0.3542550902605522
510,5669.8165647581545,51,435,0.11724137931034483,166537.30488921845,3265.4373507689893,33.30746097784369,0.07656887581113492,100,75,0.75,1765.777513983755,inf,0.5148666270975631,1.0,0.7574333135487816,0.15956778113117664,0.37539891945282794,0.3542964676170929
511,5680.933852140033,52,435,0.11954022988505747,171863.25235463446,3305.062545281432,34.37265047092689,0.07901758728948712,100,76,0.76,1778.6856631490718,inf,0.5103602207986588,1.0,0.7551801103993294,0.16191873844507887,0.3804047968461127,0.3543474604476183
512,5692.051139521912,53,435,0.12183908045977011,177126.75759004618,3342.0142941518147,35.425351518009236,0.08143758969657296,100,76,0.76,1777.3924125506865,inf,0.5101636467077043,1.0,0.7550818233538521,0.1631778831713604,0.3804079447079284,0.3543982606118684
513,5703.1684269037905,53,435,0.12183908045977011,177376.3629330484,3346.7238289254415,35.475272586609684,0.08155235077381537,100,75,0.75,1761.6372813036492,inf,0.5142455921955473,1.0,0.7571227960977737,0.16221477733802087,0.37540553694334505,0.35443913079928374
514,5714.285714285669,54,435,0.12413793103448276,182562.99769364594,3380.796253586036,36.512599538729184,0.08393701043386019,100,76,0.76,1775.113054988925,inf,0.5098171843583167,1.0,0.7549085921791583,0.16451420912735093,0.3804112855228184,0.35448956216767896
515,5725.403001667548,54,435,0.12413793103448276,182739.03440908398,3384.0561927608146,36.54780688181679,0.08401794685475124,100,76,0.76,1774.312197173414,inf,0.509695453970359,1.0,0.7548477269851794,0.16458510993478592,0.38041146277483695,0.3545397984091657
516,5736.5202890494265,53,435,0.12183908045977011,177884.27414172003,3356.3070592777362,35.576854828344004,0.0817858731686069,100,78,0.78,1800.0109304249786,inf,0.5008017051462967,1.0,0.7504008525731484,0.1656925102977293,0.3904142312757443,0.3546091880278631
517,5747.637576431305,53,435,0.12183908045977011,177972.68976324238,3357.975278551743,35.59453795264848,0.08182652402907696,100,77,0.77,1786.3949966228006,inf,0.5051048294799112,1.0,0.7525524147399556,0.1646370546445607,0.3854115926366114,0.35466865212942444
518,5758.754863813184,52,435,0.11954022988505747,173075.0343709415,3328.3660455950285,34.61500687418831,0.0795747284464099,100,77,0.77,1779.3881913453745,inf,0.5040257814671878,1.0,0.7520128907335939,0.163780918856408,0.385409452297141,0.354727882958264
519,5769.8721511950625,53,435,0.12183908045977011,178191.6763246399,3362.107100464904,35.63833526492798,0.08192720750558156,100,78,0.78,1792.9162064325856,inf,0.49969492820348327,1.0,0.7498474641017416,0.16603987170191992,0.3904150996792548,0.35479651222118896
520,5780.989438576941,52,435,0.11954022988505747,173263.56514616834,3331.9916374263144,34.65271302923367,0.07966140926260613,100,78,0.78,1792.1716847578768,inf,0.4995787828222288,1.0,0.7497893914111144,0.1649360089257459,0.3904123400223144,0.3548648727352027
521,5792.10672595882,52,435,0.11954022988505747,173330.21705641886,3333.273404931132,34.666043411283766,0.07969205381904314,100,78,0.78,1792.61897547396,inf,0.4996485601739377,1.0,0.7498242800869689,0.1649338868660371,0.39041233471716513,0.35493297132137497
522,5803.224013340699,52,435,0.11954022988505747,173420.4723019034,3335.009082728912,34.68409446038068,0.07973355048363374,100,79,0.79,1809.5684267760691,inf,0.49591181143061897,1.0,0.7479559057153095,0.1658888223841622,0.3954147220559604,0.35501037428645066
523,5814.341300722577,52,435,0.11954022988505747,173519.19776436745,3336.9076493147586,34.70383955287349,0.0797789415008586,100,80,0.8,1823.9519133915448,inf,0.49183230614264706,1.0,0.7459161530713235,0.1669313942147675,0.40041732848553696,0.355097028779197
524,5825.458588104456,52,435,0.11954022988505747,173649.283717715,3339.4093022637503,34.729856743542996,0.0798387511345816,100,80,0.8,1827.1320590212022,inf,0.4923411294433923,1.0,0.7461705647216962,0.16683409320644266,0.4004170852330161,0.3551833526962519
525,5836.575875486335,52,435,0.11954022988505747,173862.40667316446,3343.507820637778,34.77248133463289,0.0799367387003055,100,81,0.81,1841.3001285916619,inf,0.4882906208318493,1.0,0.7441453104159247,0.16789571414219046,0.4054197392853555,0.3552788591346342
526,5847.693162868213,52,435,0.11954022988505747,174158.82545809858,3349.2081818865113,34.83176509161973,0.08007302319912582,100,80,0.8,1826.7247926383861,inf,0.49227596682214175,1.0,0.7461379834110708,0.16696751989402747,0.4004174187997351,0.3553645110505073
527,5858.810450250092,52,435,0.11954022988505747,174507.6308254357,3355.9159774122254,34.90152616508714,0.08023339348295895,100,77,0.77,1779.4473391661481,inf,0.5040348902315868,1.0,0.7520174451157934,0.16410797418358275,0.38541026993545896,0.35542141589688026
528,5869.927737631971,51,435,0.11724137931034483,169886.04895618503,3331.098999140883,33.97720979123701,0.07810852825571726,100,77,0.77,1778.6435690222104,inf,0.5039111096294203,1.0,0.7519555548147101,0.16307648672050357,0.38540769121680124,0.35547810072735275
529,5881.045025013849,52,435,0.11954022988505747,175264.90311546286,3370.4789060665935,35.05298062309257,0.08058156465078753,100,78,0.78,1793.4871516692308,inf,0.49978399566040005,1.0,0.7498919978302,0.16534478341029374,0.3904133619585258,0.3555440163145814
530,5892.162312395728,53,435,0.12183908045977011,180614.7851294599,3407.8261345181113,36.12295702589197,0.08304128051929188,100,77,0.77,1774.3786066990242,inf,0.5032543054316497,1.0,0.7516271527158249,0.1657070639017335,0.38541426765975434,0.3556002691419734
531,5903.279599777607,54,435,0.12413793103448276,185939.73414769155,3443.328410142436,37.187946829538305,0.08548953294146737,100,77,0.77,1776.529249382002,inf,0.5035855044048283,1.0,0.7517927522024141,0.1668483903695266,0.38541712097592384,0.355656315855947
532,5914.396887159485,54,435,0.12413793103448276,186257.28187412454,3449.208923594899,37.251456374824905,0.08563553189614921,100,76,0.76,1762.077732317336,inf,0.5078358153122351,1.0,0.7539179076561175,0.16585881212001585,0.38041464703030003,0.35570276675871315
533,5925.514174541364,54,435,0.12413793103448276,186602.93074571938,3455.609828624433,37.320586149143885,0.08579445091757215,100,75,0.75,1746.0388546542204,inf,0.5119058281981331,1.0,0.7559529140990666,0.16492076840925274,0.37541230192102315,0.3557396760005901
534,5936.631461923243,54,435,0.12413793103448276,186977.0878973833,3462.538664766357,37.395417579476664,0.08596647719419923,100,78,0.78,1795.5682571896339,inf,0.500108648121583,1.0,0.7500543240607915,0.16795607656670386,0.39041989019141676,0.35580449883085336
535,5947.748749305121,53,435,0.12183908045977011,182361.1508794547,3440.7764316878247,36.47223017589093,0.08384420730089868,100,79,0.79,1804.7845928605263,inf,0.49515596567196307,1.0,0.7475779828359815,0.16813311223245858,0.39542033278058114,0.3558784089688193
536,5958.866036687,53,435,0.12183908045977011,182748.15084393707,3448.0783178101333,36.549630168787424,0.08402213831905155,100,79,0.79,1802.485376560904,inf,0.49479268949662275,1.0,0.7473963447483114,0.1683128967853701,0.3954207822419634,0.35595204467323854
537,5969.983324068879,53,435,0.12183908045977011,183163.48869084904,3455.9148809594158,36.63269773816981,0.08421309824866623,100,79,0.79,1799.9850221851239,inf,0.4943976335052497,1.0,0.7471988167526249,0.16850714074802065,0.3954212678518701,0.3560254075416003
538,5981.100611450757,53,435,0.12183908045977011,183606.6846499402,3464.277068866796,36.721336929988034,0.08441686650571961,100,81,0.81,1821.066665689505,inf,0.48501279984169976,1.0,0.7425063999208499,0.1709552332924349,0.4054273880832311,0.3561170624220115
539,5992.217898832636,53,435,0.12183908045977011,184043.65907553912,3472.5218693497945,36.808731815107826,0.0846177742876042,100,80,0.8,1807.26548286989,inf,0.4891624772591825,1.0,0.7445812386295912,0.17001826782900648,0.40042504566957254,0.35619911424284034
540,6003.335186214515,54,435,0.12413793103448276,189438.19992512334,3508.11481342821,37.88763998502468,0.08709802295407972,100,79,0.79,1787.4881168872168,inf,0.49242312246818026,1.0,0.7462115612340902,0.17044323085999474,0.39542610807715,0.3562716225493732
541,6014.452473596393,55,435,0.12643678160919541,194803.7346190108,3541.8860839820145,38.96074692380216,0.08956493545701646,100,78,0.78,1765.4235312153648,inf,0.49540607086959687,1.0,0.7477030354347984,0.17093095001110903,0.3904273273750278,0.3563346404549556
542,6025.569760978272,54,435,0.12413793103448276,190115.1570469748,3520.6510564254595,38.023031409394974,0.08740926760780454,100,78,0.78,1760.2753432619083,inf,0.49460295354885764,1.0,0.7473014767744288,0.1700538954166878,0.39042513473854173,0.35639742221238396
543,6036.687048360151,54,435,0.12413793103448276,190450.5279483904,3526.861628673896,38.09010558967809,0.08756346112569675,100,78,0.78,1755.9063211072305,inf,0.493921386092728,1.0,0.746960693046364,0.17030138403966638,0.39042575346009917,0.3564599742918834
544,6047.804335742029,53,435,0.12183908045977011,185735.83260078492,3504.449671712923,37.14716652015699,0.08539578510380919,100,78,0.78,1752.2694035949114,inf,0.49335402696080605,1.0,0.746677013480403,0.16935938581170307,0.3904233984645293,0.3565222925013745
545,6058.921623123908,52,435,0.11954022988505747,181014.83229202355,3481.054467154299,36.2029664584047,0.08322521024920622,100,77,0.77,1735.0823718903573,inf,0.497202685271115,1.0,0.7486013426355576,0.1673119338068243,0.3854182798345171,0.3565752155550982
546,6070.038910505787,53,435,0.12183908045977011,186287.1193863875,3514.8513091771224,37.25742387727749,0.08564925029259193,100,77,0.77,1735.1191349560702,inf,0.4972083467832348,1.0,0.7486041733916173,0.16852253845048726,0.3854213063461262,0.35662795063881125
547,6081.156197887665,52,435,0.11954022988505747,181469.9882970702,3489.80746725135,36.293997659414046,0.08343447737796332,100,77,0.77,1737.5376735840268,inf,0.4975808017319402,1.0,0.74879040086597,0.16732203825599667,0.38541830509564,0.35668048778198064
548,6092.273485269544,51,435,0.11724137931034483,176608.8634769696,3462.918891705286,35.32177269539392,0.08119947746067567,100,77,0.77,1739.9873841741182,inf,0.49795805716281416,1.0,0.7489790285814071,0.1661102244396343,0.3854152755610991,0.3567328280147295
549,6103.390772651423,52,435,0.11954022988505747,181750.95480430638,3495.2106693135843,36.35019096086128,0.0835636573812903,100,78,0.78,1756.353606000936,inf,0.49399116253614594,1.0,0.746995581268073,0.1682840380566087,0.3904207100951415,0.3567940787094211
550,6114.508060033301,49,435,0.11264367816091954,166777.59448680858,3403.624377281808,33.35551889736172,0.07667935378703844,100,79,0.79,1772.1058362014558,inf,0.48999272211982997,1.0,0.744996361059915,0.16584149636356177,0.3954146037409089,0.35686417040639296
551,6125.62534741518,49,435,0.11264367816091954,166763.42996139007,3403.3353053344913,33.35268599227802,0.07667284136155866,100,81,0.81,1797.1096376423604,inf,0.4811317612980624,1.0,0.7405658806490312,0.16805348035626377,0.4054201337008907,0.3569521341080134
552,6136.742634797059,49,435,0.11264367816091954,166770.66318266746,3403.4829220952543,33.35413263653349,0.07667616698053677,100,81,0.81,1805.5829529110406,inf,0.48250443837158863,1.0,0.7412522191857943,0.1677119738973712,0.40541927993474347,0.3570397781330165
553,6147.859922178937,49,435,0.11264367816091954,166799.0855706135,3404.062970828847,33.359817114122706,0.07668923474510966,100,80,0.8,1792.5534891677385,inf,0.4868085582668382,1.0,0.7434042791334191,0.16664247780584523,0.40041660619451463,0.3571180756565932
554,6158.977209560816,48,435,0.1103448275862069,161821.11800194118,3371.273291707108,32.36422360038823,0.07440051402388098,100,80,0.8,1793.542424735349,inf,0.4869667879576559,1.0,0.7434833939788279,0.16545856002252657,0.40041364640005633,0.3571960856939688
555,6170.094496942695,49,435,0.11264367816091954,166837.3081539671,3404.8430235503492,33.36746163079342,0.07670680834665154,100,78,0.78,1761.7968715501122,inf,0.4948403119618176,1.0,0.7474201559809088,0.16464332618287136,0.3904116083154572,0.35725582584256865
556,6181.211784324573,49,435,0.11264367816091954,166858.31252926862,3405.2716842707882,33.37166250585372,0.0767164655306982,100,78,0.78,1767.73689605269,inf,0.49576695578421964,1.0,0.7478834778921098,0.16441649381929418,0.39041104123454823,0.3573153504662526
557,6192.329071706452,48,435,0.1103448275862069,161895.15413601953,3372.8157111670735,32.379030827203906,0.0744345536257561,100,77,0.77,1753.9328953779973,inf,0.5001056658882115,1.0,0.7500528329441057,0.16219086034082514,0.38540547715085205,0.35736569119507805
558,6203.446359088331,48,435,0.1103448275862069,161895.9318519092,3372.8319135814418,32.37918637038184,0.07443491119628008,100,76,0.76,1745.4651113358766,inf,0.5053106969230533,1.0,0.7526553484615266,0.16088978136737675,0.3804022244534184,0.3574069014513541
559,6214.563646470209,48,435,0.1103448275862069,161825.01330508804,3371.3544438560007,32.365002661017606,0.07440230496785656,100,78,0.78,1781.7284567377071,inf,0.49794963925108227,1.0,0.7489748196255411,0.16271374267115774,0.3904067843566779,0.3574658298136851
560,6225.680933852088,49,435,0.11264367816091954,166732.1870390168,3402.6976946738123,33.346437407803364,0.07665847679954796,100,78,0.78,1785.928023432882,inf,0.4986047716555296,1.0,0.7493023858277648,0.1636780454858916,0.39040919511371475,0.35752455238997743
561,6236.798221233967,49,435,0.11264367816091954,166596.8146914954,3399.934993703988,33.31936293829908,0.076596236639768,100,75,0.75,1749.256256808652,inf,0.5123884385212979,1.0,0.756194219260649,0.16020100868955955,0.3754005025217239,0.3575563601304254
562,6247.915508615845,49,435,0.11264367816091954,166436.64725931868,3396.6662705983404,33.28732945186374,0.07652259644106607,100,75,0.75,1754.5939711215,inf,0.513189095668225,1.0,0.7565945478341125,0.15996402430347678,0.3753999100607587,0.35758805382479547
563,6259.032795997724,49,435,0.11264367816091954,166297.4994987227,3393.8265203820956,33.25949989974455,0.07645862045918286,100,76,0.76,1774.036677907038,inf,0.5096535750418698,1.0,0.7548267875209349,0.16081591646912397,0.3804020397911728,0.3576285041545231
564,6270.150083379603,49,435,0.11264367816091954,166179.8942887642,3391.426414056412,33.23597885775283,0.07640454909828237,100,77,0.77,1788.3908806466234,inf,0.5054121956195802,1.0,0.7527060978097901,0.1618492256442461,0.3854046230641106,0.3576776654269294
565,6281.267370761481,50,435,0.11494252873563218,171077.44848550073,3421.5489697100147,34.215489697100146,0.0786562981542532,100,77,0.77,1790.7568426067842,inf,0.5057765537614446,1.0,0.7528882768807224,0.1628840106367654,0.3854072100265919,0.3577266575551974
566,6292.38465814336,50,435,0.11494252873563218,170982.95655569364,3419.6591311138727,34.19659131113873,0.07861285358882467,100,76,0.76,1779.1872426875577,inf,0.5104364608885088,1.0,0.7552182304442544,0.16169731157228512,0.38040424327893074,0.3577666532972145
567,6303.501945525239,50,435,0.11494252873563218,170782.87274643118,3415.657454928624,34.15657454928625,0.07852086103284195,100,76,0.76,1781.8532732572987,inf,0.5108416975351094,1.0,0.7554208487675547,0.1615500061326437,0.3804038750153316,0.35780650756080273
568,6314.619232907117,50,435,0.11494252873563218,170556.80082305224,3411.1360164610446,34.111360164610446,0.0784169199186447,100,75,0.75,1765.78324191635,inf,0.5148674862874525,1.0,0.7574337431437262,0.1604915883874592,0.37540122897096867,0.3578374297425429
569,6325.736520288996,49,435,0.11264367816091954,165327.40002727753,3374.028571985256,33.065480005455505,0.07601259771369082,100,75,0.75,1766.8131300753992,inf,0.5150219695113099,1.0,0.7575109847556549,0.1592508064790179,0.37539812701619757,0.3578682379833739
570,6336.853807670875,49,435,0.11264367816091954,165052.03985461872,3368.4089766248717,33.01040797092375,0.0758859953354569,100,74,0.74,1748.3443107633582,inf,0.518754957992977,1.0,0.7593774789964884,0.15825425816948424,0.3703956356454237,0.35789017738383283
571,6347.971095052753,50,435,0.11494252873563218,169782.2249374153,3395.644498748306,33.95644498748307,0.07806079307467371,100,74,0.74,1746.1635580768225,inf,0.5184322065953698,1.0,0.759216103297685,0.15942234488849438,0.37039855586222126,0.35791204517837544
572,6359.088382434632,49,435,0.11264367816091954,164493.9760184744,3357.019918744376,32.89879520369488,0.07562941426136754,100,74,0.74,1743.2130840127431,inf,0.5179955364338861,1.0,0.7589977682169431,0.15831582302221225,0.37039578955755553,0.35793383181778066
573,6370.205669816511,48,435,0.1103448275862069,159207.89093579171,3316.8310611623274,31.841578187158337,0.07319903031530652,100,74,0.74,1740.2631524280328,inf,0.5175589465593489,1.0,0.7587794732796744,0.15720977851781603,0.3703930244462945,0.3579555377282833
574,6381.322957198389,47,435,0.10804597701149425,153822.9802409525,3272.829366828776,30.764596048190494,0.07072320930618504,100,73,0.73,1725.5862020692,inf,0.5219355855021033,1.0,0.7609677927510516,0.15487770827756675,0.3653871942706939,0.35796846234835705
575,6392.440244580268,47,435,0.10804597701149425,153459.51337732427,3265.0960293047715,30.69190267546486,0.07055609810451692,100,74,0.74,1743.2775671049994,inf,0.5180050799315399,1.0,0.7590025399657699,0.15577677906937354,0.3703894419476734,0.3579900265490503
576,6403.557531962147,47,435,0.10804597701149425,153133.21544614038,3258.1535201306465,30.626643089228068,0.07040607606719096,100,74,0.74,1743.350449415028,inf,0.5180158665134241,1.0,0.7590079332567121,0.15569907140523942,0.3703892476785131,0.3580115156671256
577,6414.674819344025,47,435,0.10804597701149425,152842.98558575398,3251.9784167181697,30.568597117150798,0.07027263705092138,100,74,0.74,1744.542436120788,inf,0.5181922805458766,1.0,0.7590961402729384,0.15558824838899155,0.3703889706209725,0.35803292994905267
578,6425.792106725904,48,435,0.1103448275862069,157554.94519662796,3282.3946915964157,31.510989039325594,0.07243905526281745,100,74,0.74,1746.9216450308134,inf,0.5185444034645603,1.0,0.7592722017322802,0.1565834267652686,0.3703914585669132,0.3580542745580645
579,6436.909394107783,48,435,0.1103448275862069,157251.64318526752,3276.075899693073,31.450328637053502,0.07229960606219196,100,72,0.72,1713.8990117617393,inf,0.5268014576936905,1.0,0.7634007288468452,0.15444943860767335,0.36038612359651917,0.3580582949874412
580,6448.026681489661,48,435,0.1103448275862069,156979.68921562756,3270.410191992241,31.39593784312551,0.07217456975431151,100,72,0.72,1714.2558801611785,inf,0.5268528467432098,1.0,0.7634264233716048,0.15437407319135332,0.36038593518297835,0.358062301252838
581,6459.14396887154,47,435,0.10804597701149425,151693.79626907877,3227.5275801931652,30.338759253815756,0.06974427414670288,100,73,0.73,1731.7720846042605,inf,0.522838724352222,1.0,0.761419362176111,0.154162455985296,0.36538540613996323,0.3580748839072832
582,6470.261256253419,48,435,0.1103448275862069,156417.87021354283,3258.705629448809,31.283574042708565,0.07191626216714612,100,72,0.72,1714.508650451061,inf,0.5268892456649528,1.0,0.7634446228324764,0.15423581966733485,0.36038558954916833,0.35807884738179757
583,6481.378543635297,48,435,0.1103448275862069,156079.0833516366,3251.6475698257623,31.21581667032732,0.07176049809270649,100,73,0.73,1730.1121441568125,inf,0.5225963730468947,1.0,0.7612981865234474,0.15523115578462954,0.36538807788946154,0.3580913631874614
584,6492.495831017176,47,435,0.10804597701149425,150706.570043226,3206.522766877149,30.1413140086452,0.06929037703136827,100,74,0.74,1743.6126264551094,inf,0.5180546687153561,1.0,0.7590273343576781,0.15513152133684505,0.3703878288033421,0.35811238278680474
585,6503.613118399055,46,435,0.10574712643678161,145325.55311279758,3159.2511546260343,29.06511062255952,0.06681634625875751,100,74,0.74,1743.8128271880962,inf,0.5180842984238382,1.0,0.759042149211919,0.1538870985234192,0.37038471774630854,0.3581333253379302
586,6514.730405780933,46,435,0.10574712643678161,144959.55811217436,3151.294741569008,28.991911622434873,0.06664807269525258,100,75,0.75,1763.1086792861822,inf,0.5144663018929273,1.0,0.7572331509464636,0.15470746087439446,0.375386768652186,0.3581627179159783
587,6525.847693162812,46,435,0.10574712643678161,144614.0642280516,3143.7840049576434,28.92281284561032,0.06648922493243752,100,74,0.74,1749.7293109259413,inf,0.5189599380170393,1.0,0.7594799690085197,0.15350462796195896,0.3703837615699049,0.35818350200382515
588,6536.964980544691,46,435,0.10574712643678161,144288.88638799035,3136.714921478051,28.857777277598068,0.06633971787953578,100,74,0.74,1752.756605572865,inf,0.519407977624784,1.0,0.759703988812392,0.15331786453357188,0.3703832946613339,0.3582042147248056
589,6548.082267926569,46,435,0.10574712643678161,143984.04780540077,3130.087995769582,28.796809561080153,0.06619956220937966,100,74,0.74,1757.7855836215974,inf,0.5201522663759963,1.0,0.7600761331879982,0.15306171451069073,0.3703826542862767,0.3582248561477912
590,6559.199555308448,46,435,0.10574712643678161,143699.77340418394,3123.9081174822595,28.739954680836792,0.066068861335257,100,74,0.74,1762.904828481518,inf,0.5209099146152647,1.0,0.7604549573076324,0.15280695201381228,0.3703820173800345,0.35824542664056996
591,6570.316842690327,46,435,0.10574712643678161,143436.4963526257,3118.1847033179497,28.687299270525138,0.06594781441500032,100,73,0.73,1756.2871775398426,inf,0.526417927920817,1.0,0.7632089639604085,0.1513694252272959,0.3653784235630682,0.35825747562185795
592,6581.434130072205,47,435,0.10804597701149425,148181.87328483086,3152.805814570869,29.63637465696617,0.0681295969125659,100,72,0.72,1745.4840137647145,inf,0.531349697982119,1.0,0.7656748489910594,0.15122737396075325,0.3603780684349019,0.3582610516637012
593,6592.551417454084,47,435,0.10804597701149425,147942.43716370844,3147.711429015073,29.588487432741683,0.06801951133963606,100,73,0.73,1764.0243232643502,inf,0.5275475511965951,1.0,0.7637737755982976,0.1521228678706692,0.3653803071696767,0.3582730369423308
594,6603.668704835963,48,435,0.1103448275862069,152717.28193604003,3181.6100403341675,30.543456387208003,0.07021484226944369,100,72,0.72,1753.8938037666385,inf,0.532560707742396,1.0,0.766280353871198,0.1519672441991229,0.3603799181104978,0.358276577919084
595,6614.785992217841,47,435,0.10804597701149425,147493.22199681596,3138.1536595067228,29.498644399363194,0.06781297563071999,100,72,0.72,1753.465059421399,inf,0.5324989685566814,1.0,0.7662494842783407,0.15078174567618963,0.3603769543641905,0.35828010204063626
596,6625.90327959972,46,435,0.10574712643678161,142241.10595861168,3092.197955621993,28.448221191722336,0.0653982096361433,100,74,0.74,1784.2325610989194,inf,0.5240664190426401,1.0,0.76203320952132,0.15168250005741168,0.37037920625014353,0.3583003685468498
597,6637.020566981599,46,435,0.10574712643678161,142010.32277965097,3087.1809299924125,28.4020645559302,0.06529210242742574,100,72,0.72,1754.2452321277606,inf,0.5326113134263974,1.0,0.7663056567131987,0.14949322285711353,0.36037373305714276,0.35830383571158275
598,6648.137854363477,46,435,0.10574712643678161,141811.31485283296,3082.8546707137602,28.362262970566583,0.06520060453003812,100,73,0.73,1770.5358147843788,inf,0.5284982289585193,1.0,0.7642491144792596,0.1504757450253893,0.36537618936256344,0.35831564264589155
599,6659.255141745356,47,435,0.10804597701149425,146600.3964959158,3119.1573722535277,29.320079299183167,0.06740248114754752,100,72,0.72,1754.606800978019,inf,0.5326633793408347,1.0,0.7663316896704173,0.15053539573856511,0.3603763384893464,0.358319077138964
600,6670.372429127235,47,435,0.10804597701149425,146429.7575054425,3115.526755434947,29.285951501088505,0.06732402643928392,100,70,0.7,1724.2015429818487,inf,0.5413882160174589,1.0,0.7706941080087295,0.14831495921527715,0.3503707873980382,0.358305852031242
601,6681.489716509113,47,435,0.10804597701149425,146336.39482911627,3113.540315513112,29.26727896582325,0.06728110107085805,100,70,0.7,1726.6816355811814,inf,0.5417354289813654,1.0,0.7708677144906827,0.14820669329008768,0.3503705167332252,0.3582926704111456
602,6692.607003890992,46,435,0.10574712643678161,141323.87182796028,3072.2580832165277,28.264774365592054,0.06497649279446449,100,70,0.7,1725.8840761198844,inf,0.5416237706567838,1.0,0.7708118853283918,0.14708230373303632,0.35036770575933257,0.358279527849534
603,6703.724291272871,46,435,0.10574712643678161,141273.8339967269,3071.1703042766717,28.254766799345386,0.06495348689504686,100,70,0.7,1726.0159057962942,inf,0.5416422268114812,1.0,0.7708211134057406,0.1470661867446531,0.3503676654668616,0.3582664287396289
604,6714.841578654749,46,435,0.10574712643678161,141266.44088081244,3071.009584365488,28.253288176162492,0.06495008776129309,100,70,0.7,1729.1697576744657,inf,0.5420837660744252,1.0,0.7710418830372125,0.14695410236204032,0.3503673852559051,0.35825337246940786
605,6725.958866036628,46,435,0.10574712643678161,141313.6925706907,3072.0367950150153,28.262738514138142,0.06497181267617964,100,71,0.71,1747.9213052097957,inf,0.5382048253397911,1.0,0.7691024126698955,0.14793470000314202,0.35536983675000783,0.3582486141596399
606,6737.076153418507,46,435,0.10574712643678161,141350.0498318874,3072.8271702584216,28.27000996637748,0.06498852865833904,100,71,0.71,1748.18590388835,inf,0.5382423983521457,1.0,0.7691211991760729,0.147933664741133,0.3553698341618528,0.3582438715237292
607,6748.193440800385,46,435,0.10574712643678161,141446.1810803621,3074.9169800078716,28.289236216072425,0.06503272693349983,100,71,0.71,1750.5815752909948,inf,0.5385825836913213,1.0,0.7692912918456607,0.14787071754391956,0.3553696767938598,0.3582391442297656
608,6759.310728182264,46,435,0.10574712643678161,141609.57757474846,3078.469077711923,28.321915514949698,0.06510785175850506,100,71,0.71,1755.1089981805762,inf,0.5392254777416419,1.0,0.7696127388708209,0.14774755644384208,0.3553693688911096,0.35823443195498944
609,6770.428015564143,46,435,0.10574712643678161,141823.18907298872,3083.1128059345374,28.364637814597756,0.06520606394160404,100,71,0.71,1758.6874594109227,inf,0.539733619236351,1.0,0.7698668096181756,0.14766962716171428,0.35536917406790425,0.35822973481091225
610,6781.545302946021,46,435,0.10574712643678161,142080.08855237102,3088.697577225457,28.416017710474204,0.06532417864476829,100,70,0.7,1745.6834392240635,inf,0.5443956814913687,1.0,0.7721978407456844,0.1465631689495419,0.35036640792237383,0.35821686520880336
611,6792.6625903279,46,435,0.10574712643678161,142379.212969526,3095.2002819462177,28.4758425939052,0.06546170711242574,100,71,0.71,1767.4031930365688,inf,0.5409712534111928,1.0,0.7704856267055964,0.14748804020341466,0.3553687201005085,0.35821221137692705
612,6803.779877709779,47,435,0.10804597701149425,147688.05349297586,3142.299010488848,29.53761069859517,0.06790255333010384,100,71,0.71,1770.586388248035,inf,0.541423267131221,1.0,0.7707116335656106,0.14859545988224665,0.3553714886497056,0.358207577245235
613,6814.897165091657,47,435,0.10804597701149425,147966.66859242116,3148.2269913281098,29.59333371848423,0.06803065222640053,100,72,0.72,1787.62348153943,inf,0.537417781341678,1.0,0.768708890670839,0.14966088077778072,0.36037415220194446,0.358211105868943
614,6826.014452473536,47,435,0.10804597701149425,148290.4149695173,3155.115212117389,29.658082993903463,0.06817950113541026,100,73,0.73,1802.2733873831103,inf,0.5331319145579341,1.0,0.766565957278967,0.15080677192822162,0.36537701692982055,0.35822275775684687
615,6837.131739855415,47,435,0.10804597701149425,148657.3562590551,3162.922473596917,29.73147125181101,0.06834820977427818,100,74,0.74,1814.4073908230778,inf,0.5285322938418154,1.0,0.7642661469209078,0.15204103142668524,0.3703801025785667,0.35824249370623273
616,6848.249027237293,48,435,0.1103448275862069,154061.9361908463,3209.623670642631,30.812387238169258,0.07083307411073393,100,74,0.74,1814.2257242034614,inf,0.5285054071821124,1.0,0.7642527035910562,0.15329018525983884,0.3703832254631496,0.35826217074311595
617,6859.366314619172,48,435,0.1103448275862069,154413.16441028327,3216.9409252142345,30.882632882056654,0.07099455834955552,100,74,0.74,1815.4249557947894,inf,0.5286828934576288,1.0,0.7643414467288143,0.15332655581037058,0.37038331638952593,0.35828178424739815
618,6870.483602001051,48,435,0.1103448275862069,154736.6747034933,3223.680722989444,30.947334940698664,0.0711432987142498,100,75,0.75,1831.1012497711845,inf,0.5246651874656777,1.0,0.7623325937328389,0.15440535249070542,0.3753860133812268,0.35830941628154
619,6881.600889382929,50,435,0.11494252873563218,165039.14757852958,3300.7829515705916,33.00782951570592,0.07588006785219752,100,75,0.75,1833.7093652320443,inf,0.5250564047848068,1.0,0.7625282023924034,0.1566759327298971,0.37539168983182475,0.35833696833565337
620,6892.718176764808,51,435,0.11724137931034483,170200.4549831497,3337.263823199014,34.04009099662994,0.07825308275087343,100,73,0.73,1798.6995701058042,inf,0.5326101372354474,1.0,0.7663050686177237,0.15597400706657483,0.3653899350176664,0.3583483257699239
621,6903.835464146687,51,435,0.11724137931034483,170327.19309082275,3339.7488841337795,34.065438618164535,0.07831135314520583,100,74,0.74,1813.1924199997718,inf,0.5283524781599662,1.0,0.7641762390799831,0.15706755703261133,0.37039266889258154,0.35836768966561955
622,6914.952751528565,52,435,0.11954022988505747,175464.45576932037,3374.316457102315,35.09289115386408,0.0806733129973887,100,73,0.73,1800.3740531687556,inf,0.5328546117626383,1.0,0.7664273058813191,0.15712300355803477,0.3653928075088951,0.35837896593824115
623,6926.070038910444,52,435,0.11954022988505747,175613.0415969172,3377.1738768637924,35.12260831938343,0.08074162832042169,100,76,0.76,1834.629319915913,inf,0.5188636566272189,1.0,0.7594318283136094,0.1606549000034061,0.38040163725000853,0.35841425868072796
624,6937.187326292323,52,435,0.11954022988505747,175784.3353362676,3380.467987235915,35.15686706725351,0.08082038406265174,100,75,0.75,1815.1444303407154,inf,0.5222716645511073,1.0,0.7611358322755537,0.15984227589354905,0.37539960568973385,0.35844143523594235
625,6948.304613674201,51,435,0.11724137931034483,170975.55645340358,3352.4618912432074,34.1951112906807,0.07860945124294413,100,74,0.74,1794.6675342806855,inf,0.5256107950735415,1.0,0.7628053975367708,0.15790202685308663,0.3703947550671327,0.3584605299960561
626,6959.42190105608,51,435,0.11724137931034483,171162.54356227428,3356.128305142633,34.23250871245486,0.07869542232748243,100,74,0.74,1791.7948730651501,inf,0.5251856412136422,1.0,0.7625928206068211,0.1580513008603307,0.3703951282521508,0.35847956444303547
627,6970.539188437959,51,435,0.11724137931034483,171372.7558827251,3360.250115347551,34.27455117654501,0.07879207167021841,100,73,0.73,1776.3052391158776,inf,0.5293405649109182,1.0,0.7646702824554591,0.15706089460737965,0.36539265223651846,0.35849057254461747
628,6981.656475819837,50,435,0.11494252873563218,166557.18813379406,3331.143762675881,33.3114376267588,0.07657801753277886,100,73,0.73,1773.8234873507154,inf,0.5289782291532044,1.0,0.7644891145766022,0.15604445147808832,0.36539011112869524,0.3585015416043696
629,6992.773763201716,53,435,0.12183908045977011,181624.88394897841,3426.8846028109133,36.32497678979568,0.08350569376964523,100,71,0.71,1735.6001287663332,inf,0.5364552182848192,1.0,0.7682276091424096,0.1576390423136178,0.35539409760578405,0.3584966091535782
630,7003.891050583595,53,435,0.12183908045977011,181652.43032253123,3427.4043457081366,36.33048606450625,0.0835183587689799,100,72,0.72,1743.1449519030803,inf,0.5310128730740435,1.0,0.7655064365370218,0.15900596111597903,0.36039751490278993,0.35849962168249927
631,7015.008337965473,53,435,0.12183908045977011,181708.49338049014,3428.462139254531,36.34169867609802,0.08354413488758165,100,74,0.74,1767.3219672326163,inf,0.5215636511504274,1.0,0.7607818255752137,0.16138115465618397,0.37040345288664045,0.35851845685845524
632,7026.125625347352,53,435,0.12183908045977011,181792.5328996231,3430.0477905589264,36.35850657992463,0.08358277374695317,100,73,0.73,1749.223296703967,inf,0.5253866013187791,1.0,0.7626933006593896,0.16044473654378183,0.3654011118413594,0.35852932993109804
633,7037.242912729231,51,435,0.11724137931034483,171865.51920447065,3369.9121412641302,34.37310384089413,0.07901862951929685,100,73,0.73,1746.1328081074737,inf,0.5249353899836912,1.0,0.7624676949918456,0.15827546726372566,0.3653956886681593,0.35854016014992623
634,7048.360200111109,53,435,0.12183908045977011,181821.10553754523,3430.5868969348157,36.36422110750904,0.0835959105919748,100,73,0.73,1740.6208232170227,inf,0.5241306401896854,1.0,0.7620653200948426,0.1607652952485661,0.36540191323812143,0.35855096606030135
635,7059.477487492988,53,435,0.12183908045977011,181719.3571812353,3428.667116627081,36.343871436247056,0.08354912973849898,100,72,0.72,1716.0532664343273,inf,0.5271116703665432,1.0,0.7635558351832716,0.15999664727761365,0.360399991618194,0.35855387333319105
636,7070.594774874867,54,435,0.12413793103448276,186606.66272614975,3455.6789393731433,37.32133254522996,0.08579616677064358,100,74,0.74,1740.4072930647746,inf,0.5175802793735866,1.0,0.7587901396867933,0.1635030135419251,0.3704087575338548,0.35857248382644175
637,7081.712062256745,55,435,0.12643678160919541,191423.15908616353,3480.4210742938826,38.284631817232714,0.08801064785570739,100,74,0.74,1736.0960374817598,inf,0.5169422135473004,1.0,0.7584711067736503,0.1647697705410286,0.37041192442635257,0.35859104094336947
638,7092.829349638624,56,435,0.12873563218390804,196196.01472318685,3503.500262914051,39.23920294463737,0.09020506424054568,100,74,0.74,1732.153883631203,inf,0.516358774777418,1.0,0.758179387388709,0.1660128384259183,0.3704150320960648,0.358609544841887
639,7103.946637020503,56,435,0.12873563218390804,195970.54276711302,3499.473977984161,39.19410855342261,0.0901013989733853,100,74,0.74,1731.387604323536,inf,0.5162453654398833,1.0,0.7581226827199417,0.16598935812672178,0.3704149733953168,0.35862799082400176
640,7115.063924402381,54,435,0.12413793103448276,185660.96118901228,3438.1659479446716,37.13219223780246,0.08536136146621254,100,74,0.74,1731.4522599449053,inf,0.5162549344718461,1.0,0.7581274672359231,0.16361694711514474,0.3704090423677879,0.3586463699995771
641,7126.18121178426,55,435,0.12643678160919541,190300.37924392466,3460.0068953440846,38.06007584878493,0.08749442723858605,100,74,0.74,1732.2623414292152,inf,0.5163748265315239,1.0,0.758187413265762,0.164653506986412,0.37041163376746605,0.35866469595560185
642,7137.298499166139,55,435,0.12643678160919541,189897.9520964174,3452.69003811668,37.97959041928348,0.08730940326272064,100,74,0.74,1735.2281151686325,inf,0.5168137610449576,1.0,0.7584068805224788,0.1644512613701209,0.3704111281534253,0.3586829641238722
643,7148.415786548017,56,435,0.12873563218390804,194475.87869363016,3472.7835481005386,38.89517573872603,0.08941419710051961,100,74,0.74,1739.4520908648065,inf,0.5174389094479913,1.0,0.7587194547239957,0.16534737118826193,0.3704133684279706,0.35870117903738785
644,7159.533073929896,56,435,0.12873563218390804,194066.8771175405,3465.4799485275094,38.813375423508106,0.0892261503988692,100,73,0.73,1726.0500047555158,inf,0.5220033006943053,1.0,0.7610016503471526,0.16411225002585828,0.36541028062506464,0.3587115807452757
645,7170.650361311775,55,435,0.12643678160919541,188682.60458951496,3430.5928107184536,37.736520917903,0.08675062279977701,100,74,0.74,1744.3348100114895,inf,0.5181615518817004,1.0,0.7590807759408502,0.16383492342946337,0.37040958730857365,0.35872968911456876
646,7181.767648693653,55,435,0.12643678160919541,188321.80925178903,3424.0328954870733,37.6643618503578,0.08658473988588,100,74,0.74,1746.062010488697,inf,0.5184171775523272,1.0,0.7592085887761636,0.16368807555485815,0.37040922018888717,0.3587477409400314
647,7192.884936075532,56,435,0.12873563218390804,192971.4266825376,3445.918333616743,38.59428533650751,0.08872249502645405,100,74,0.74,1754.110069564267,inf,0.5196082902955115,1.0,0.7598041451477557,0.16445917493934914,0.37041114793734836,0.3587657400249038
648,7204.002223457411,56,435,0.12873563218390804,192552.1898355764,3438.4319613495786,38.51043796711528,0.08852974245313858,100,73,0.73,1739.0175625101672,inf,0.5238965641264844,1.0,0.7619482820632422,0.16329073019494822,0.36540822682548735,0.3587759749814532
649,7215.119510839289,56,435,0.12873563218390804,192052.80302498766,3429.5143397319225,38.410560604997535,0.0883001393218334,100,72,0.72,1726.0192896648778,inf,0.5285467777117424,1.0,0.7642733888558713,0.1620133752329811,0.36040503343808244,0.35877848122523265
650,7226.236798221168,57,435,0.1310344827586207,196588.58603597624,3448.922562034671,39.317717207195244,0.09038555679814998,100,74,0.74,1752.689669821611,inf,0.5193980711335984,1.0,0.7596990355667992,0.1653432606156754,0.3704133581515392,0.3587963535400196
651,7237.354085603047,56,435,0.12873563218390804,191129.5442910581,3413.0275766260374,38.225908858211625,0.08787565254761293,100,74,0.74,1751.0972844214407,inf,0.5191623980943731,1.0,0.7595811990471866,0.1641472267502132,0.37041036806687555,0.35881416644573566
652,7248.471372984925,56,435,0.12873563218390804,190687.00263538654,3405.125047060474,38.13740052707732,0.08767218511971797,100,74,0.74,1750.090494119253,inf,0.5190133931296494,1.0,0.7595066965648247,0.16408274427744662,0.3704102068606936,0.35883192454744306
653,7259.588660366804,56,435,0.12873563218390804,190288.9123156367,3398.016291350655,38.05778246312734,0.08748915508764905,100,76,0.76,1786.4806761588047,inf,0.5115450627761382,1.0,0.7557725313880691,0.16585831184979,0.38041464577962447,0.3588649256502446
654,7270.705947748683,56,435,0.12873563218390804,189912.24578442858,3391.2901032933673,37.982449156885714,0.0873159750733005,100,76,0.76,1786.0374876653716,inf,0.5114776981251367,1.0,0.7557388490625683,0.16578856300536615,0.38041447140751344,0.35889782572010304
655,7281.823235130561,56,435,0.12873563218390804,189382.17060525678,3381.824475093871,37.87643412105135,0.0870722623472445,100,75,0.75,1771.956765095074,inf,0.5157935147642612,1.0,0.7578967573821306,0.16458775248255691,0.3754114693812064,0.3589229989573913
656,7292.94052251244,55,435,0.12643678160919541,183775.799032008,3341.3781642183276,36.75515980640161,0.0844946202446014,100,74,0.74,1761.3640180867544,inf,0.5206818746768396,1.0,0.7603409373384198,0.16207684145309076,0.3704051921036327,0.3589404756592882
657,7304.057809894319,56,435,0.12873563218390804,188106.7559573396,3359.0492135239215,37.621351191467916,0.08648586480797223,100,74,0.74,1763.6725973941602,inf,0.5210235444143357,1.0,0.7605117722071679,0.16298704630040217,0.370407467615751,0.35895790269873573
658,7315.175097276197,57,435,0.1310344827586207,192432.46649309277,3376.0081840893467,38.48649329861855,0.08847469723820356,100,73,0.73,1753.4594159514043,inf,0.5260050747289051,1.0,0.7630025373644526,0.1627360799368755,0.36540684019984215,0.3589676886433505
659,7326.292384658076,57,435,0.1310344827586207,191779.65301838476,3364.5553161120133,38.35593060367695,0.08817455311190105,100,72,0.72,1746.0154710419158,inf,0.5314262278300359,1.0,0.765713113915018,0.1612307195984416,0.3604030767989961,0.3589698634738893
660,7337.409672039955,57,435,0.1310344827586207,191115.75200222613,3352.907929863616,38.22315040044523,0.08786931126539133,100,72,0.72,1746.5205672669722,inf,0.5314989616864441,1.0,0.765749480843222,0.1610599152110846,0.3604026497880277,0.35897203107799547
661,7348.526959421833,57,435,0.1310344827586207,190413.31452043206,3340.584465270738,38.08266290408641,0.08754635150364692,100,72,0.72,1749.5245309361133,inf,0.5319315324548003,1.0,0.7659657662274002,0.1607902926381234,0.36040197573159527,0.35897419111523654
662,7359.644246803712,57,435,0.1310344827586207,189773.2872514578,3329.3559166922423,37.954657450291556,0.08725208609262426,100,72,0.72,1750.9009629869133,inf,0.5321297386701155,1.0,0.7660648693350578,0.16059360837878323,0.36040148402094696,0.35897634389488314
663,7370.761534185591,57,435,0.1310344827586207,189200.30814501256,3319.303651666887,37.84006162900251,0.08698864742299428,100,73,0.73,1765.192246648633,inf,0.5277180680107004,1.0,0.7638590340053502,0.161564806708822,0.365403912016772,0.3589860239673559
664,7381.8788215674695,57,435,0.1310344827586207,188699.92464872502,3310.5249938372813,37.739984929745,0.0867585860453908,100,71,0.71,1734.6207733612391,inf,0.536316149817296,1.0,0.7681580749086481,0.15930025556837135,0.3553982506389209,0.3589806288194936
665,7392.996108949348,57,435,0.1310344827586207,188277.71781984667,3303.117856488538,37.65554356396934,0.0865644679631479,100,72,0.72,1748.1924609198275,inf,0.5317397143724552,1.0,0.7658698571862276,0.16034730538846015,0.3604008682634711,0.3589827613111512
666,7404.113396331227,58,435,0.13333333333333333,192920.6756529246,3326.218545740079,38.58413513058492,0.08869916121973545,100,73,0.73,1760.0419610460362,inf,0.5269661263127212,1.0,0.7634830631563606,0.1626080490316874,0.36540652012257924,0.35899239213395695
667,7415.2306837131055,58,435,0.13333333333333333,192560.12343457763,3320.002128182373,38.51202468691553,0.08853339008486329,100,74,0.74,1774.10763615057,inf,0.5225679301502845,1.0,0.7612839650751422,0.16362471250486055,0.37040906178126215,0.35900948295678226
668,7426.347971094984,58,435,0.13333333333333333,192273.00610338864,3315.0518293687696,38.45460122067772,0.08840138211650052,100,73,0.73,1754.4035697771228,inf,0.52614292118746,1.0,0.76307146059373,0.1626649607613853,0.36540666240190345,0.359019045257896
669,7437.465258476863,58,435,0.13333333333333333,192004.12236584135,3310.4159028593335,38.40082447316827,0.08827775740958223,100,74,0.74,1765.2549469305995,inf,0.5212577321457288,1.0,0.7606288660728644,0.16382444566835896,0.3704095611141709,0.3590360460278308
670,7448.5825458587415,58,435,0.13333333333333333,191770.70272879233,3306.3914263584884,38.35414054575846,0.08817043803622635,100,75,0.75,1787.3906919132914,inf,0.5181086037869937,1.0,0.7590543018934969,0.1645580680713647,0.3754113951701784,0.35906045042297585
671,7459.69983324062,58,435,0.13333333333333333,191552.77096001722,3302.6339820692624,38.31055419200345,0.08807023952184702,100,73,0.73,1756.5817912004625,inf,0.5264609415152676,1.0,0.7632304707576338,0.16241988438210664,0.36540604971095525,0.35906989327905914
672,7470.817120622499,59,435,0.135632183908046,196343.35345112794,3327.8534483242024,39.26867069022559,0.09027280618442665,100,72,0.72,1736.6866755317167,inf,0.5300828812765672,1.0,0.7650414406382836,0.16261568277307153,0.36040653920693266,0.3590718793799921
673,7481.9344080043775,58,435,0.13333333333333333,191139.8285223512,3295.514284868124,38.227965704470236,0.08788038092981663,100,72,0.72,1736.6486643159765,inf,0.5300774076615006,1.0,0.7650387038307502,0.16142083854953315,0.3604035520963738,0.3590738551555357
674,7493.051695386256,58,435,0.13333333333333333,190977.50586324264,3292.7156183317697,38.19550117264854,0.08780574982218055,100,72,0.72,1737.0313306282198,inf,0.5301325116104637,1.0,0.7650662558052319,0.16136974700847428,0.36040342436752115,0.3590758248877016
675,7504.168982768135,59,435,0.135632183908046,195825.35930832318,3319.073886581749,39.16507186166464,0.09003464795784975,100,71,0.71,1718.9816015450672,inf,0.5340953874193995,1.0,0.7670476937096997,0.16149347712407502,0.3554037336928102,0.3590703928001352
676,7515.2862701500135,59,435,0.135632183908046,195665.7603813844,3316.3688200234647,39.133152076276886,0.0899612691408664,100,72,0.72,1738.5478297853344,inf,0.5303508874890881,1.0,0.765175443744544,0.1623929126981612,0.36040598228174536,0.35907236560586875
677,7526.403557531892,59,435,0.135632183908046,195547.609511924,3314.3662629139662,39.109521902384806,0.08990694690203403,100,71,0.71,1729.2926691803618,inf,0.5355595590236114,1.0,0.7677797795118058,0.1610635836951141,0.3554026589592378,0.3590669530591923
678,7537.520844913771,58,435,0.13333333333333333,190452.6269943908,3283.66598266191,38.09052539887816,0.0875644262043176,100,72,0.72,1746.3468770870786,inf,0.5314739503005392,1.0,0.7657369751502696,0.160913725527024,0.36040228431381754,0.3590689196737057
679,7548.6381322956495,59,435,0.135632183908046,195256.68104888173,3309.4352720149445,39.05133620977634,0.08977318668914101,100,71,0.71,1728.6758059533392,inf,0.5354719644453743,1.0,0.7677359822226871,0.1610186022332269,0.35540254650558306,0.35906352794845847
680,7559.755419677528,59,435,0.135632183908046,195013.04879418283,3305.305911765811,39.00260975883656,0.0896611718593944,100,71,0.71,1730.822882930219,inf,0.5357768493760912,1.0,0.7678884246880455,0.16088637358567448,0.35540221593396415,0.3590581515725194
681,7570.872707059407,60,435,0.13793103448275862,199773.54662262037,3329.559110377006,39.95470932452408,0.09184990649315881,100,71,0.71,1735.0705290933709,inf,0.5363800151312587,1.0,0.7681900075656294,0.16182994946376472,0.3554045748736594,0.3590527944219346
682,7581.9899944412855,61,435,0.14022988505747128,204500.28497919368,3352.4636881835027,40.90005699583874,0.09402311953066377,100,71,0.71,1737.3695213190758,inf,0.5367064720273088,1.0,0.7683532360136545,0.16283494175850466,0.35540708735439624,0.3590474566370626
683,7593.107281823164,61,435,0.14022988505747128,204125.93437109623,3346.3267929687904,40.82518687421924,0.09385100430854998,100,69,0.69,1708.237671887095,inf,0.5457367987204191,1.0,0.7728683993602096,0.16049130247417015,0.3454012282561854,0.3590275060107748
684,7604.224569205043,62,435,0.1425287356321839,208647.39258470768,3365.2805255598014,41.72947851694154,0.09592983567112998,100,70,0.7,1725.1014184824762,inf,0.5415141985875467,1.0,0.7707570992937733,0.16258636818867833,0.3504064659204717,0.359014920550789
685,7615.3418565869215,63,435,0.14482758620689656,213133.80515202702,3383.0762722543973,42.62676103040541,0.097992554092886,100,71,0.71,1750.6897857912807,inf,0.538597949582362,1.0,0.7692989747911809,0.1643467896508526,0.3554108669741271,0.359009666828374
686,7626.4591439688,62,435,0.1425287356321839,207535.41826881864,3347.3454559486877,41.507083653763715,0.0954185831121005,100,71,0.71,1753.6648629699077,inf,0.5390204105417269,1.0,0.7695102052708634,0.16295418892061847,0.35540738547230155,0.3590044233329503
687,7637.576431350679,63,435,0.14482758620689656,211970.5135720018,3364.611326539711,42.39410271440036,0.09745770738942612,100,71,0.71,1756.555178951113,inf,0.5394308354110581,1.0,0.769715417705529,0.16387114484194854,0.35540967786210487,0.3589991984122078
688,7648.6937187325575,63,435,0.14482758620689656,211477.3624289159,3356.7835306177126,42.29547248578318,0.09723097123168548,100,71,0.71,1758.6779798931138,inf,0.5397322731448222,1.0,0.7698661365724111,0.16368241732963718,0.3554092060433241,0.358993987973356
689,7659.811006114436,64,435,0.1471264367816092,216034.6065962172,3375.5407280658937,43.20692131924344,0.09932625590630677,100,72,0.72,1779.4176246776394,inf,0.5362361379535802,1.0,0.7681180689767901,0.16560409346475835,0.3604140102336619,0.3589960459766318
690,7670.928293496315,64,435,0.1471264367816092,215690.004944024,3370.156327250375,43.138000988804805,0.09916781836506852,100,70,0.7,1754.6992984301446,inf,0.5456579017802202,1.0,0.7728289508901101,0.16316943373747927,0.3504079235843437,0.35898361743481955
691,7682.0455808781935,66,435,0.15172413793103448,225404.81407198354,3415.2244556361143,45.08096281439671,0.10363439727447521,100,69,0.69,1737.4665927855779,inf,0.5497703898044097,1.0,0.7748851949022049,0.16437460118613512,0.34541093650296534,0.35896400373405096
692,7693.162868260072,67,435,0.15402298850574714,230178.10879075644,3435.4941610560663,46.03562175815129,0.10582901553597997,100,69,0.69,1738.4938864552353,inf,0.5499121563308226,1.0,0.7749560781654112,0.1654364686852844,0.34541359117171316,0.35894445046917023
693,7704.280155641951,68,435,0.15632183908045977,235000.76785639563,3455.8936449469948,47.00015357127913,0.10804633004891753,100,69,0.69,1739.3815316763144,inf,0.5500346513713315,1.0,0.7750173256856657,0.16651450218162595,0.34541628625545406,0.35892495743716196
694,7715.3974430238295,68,435,0.15632183908045977,234868.9027937797,3453.9544528497017,46.97378055875594,0.10798570243392171,100,69,0.69,1741.3162132949024,inf,0.5503016374346965,1.0,0.7751508187173483,0.16641744185828672,0.3454160436046457,0.358905520151072
695,7726.514730405708,69,435,0.15862068965517243,239747.72414451555,3474.604697746602,47.9495448289031,0.11022883868713357,100,71,0.71,1767.3777705623995,inf,0.5409676434198607,1.0,0.7704838217099303,0.16987250848860158,0.3554246812712215,0.3589005189457849
696,7737.632017787587,67,435,0.15402298850574714,229532.04558323673,3425.8514266154734,45.90640911664735,0.10553197498079851,100,71,0.71,1765.7535999962945,inf,0.5407370111994738,1.0,0.7703685055997369,0.16758173469053084,0.3554189543367263,0.35889552387460977
697,7748.7493051694655,67,435,0.15402298850574714,229353.46820096532,3423.1860925517212,45.870693640193075,0.10544987043722547,100,70,0.7,1751.9539817374985,inf,0.5452735574432499,1.0,0.772636778721625,0.1664065458578003,0.3504160163646445,0.3588833755830482
698,7759.866592551344,67,435,0.15402298850574714,229234.86662549278,3421.4159197834742,45.84697332509855,0.10539534097723806,100,71,0.71,1767.8428063486115,inf,0.5410336785015027,1.0,0.7705168392507513,0.1674392508632434,0.3554185981271581,0.35887841881987814
699,7770.983879933223,67,435,0.15402298850574714,229172.18311577197,3420.480345011522,45.83443662315439,0.1053665209727687,100,71,0.71,1768.6605683748703,inf,0.5411498007092317,1.0,0.7705749003546158,0.16739581030907646,0.35541848952577265,0.35887347606374365
700,7782.1011673151015,65,435,0.14942528735632185,218988.9818998509,3369.061259997706,43.79779637997018,0.1006845893792418,100,72,0.72,1778.2051872780341,inf,0.5360615469680369,1.0,0.7680307734840184,0.16632690794761174,0.36041581726986904,0.35887567626517897
701,7793.21845469698,65,435,0.14942528735632185,218667.6471061477,3364.1176477868876,43.733529421229534,0.10053684924420582,100,71,0.71,1763.7869943752696,inf,0.5404577532012884,1.0,0.7702288766006442,0.1651539863217808,0.3554128849658044,0.35887074351404025
702,7804.335742078859,66,435,0.15172413793103448,223244.86558768814,3382.4979634498204,44.64897311753763,0.10264131751158076,100,72,0.72,1779.4735420255515,inf,0.5362441900516796,1.0,0.7681220950258398,0.16725961124287048,0.36041814902810715,0.35887294465986397
703,7815.4530294607375,66,435,0.15172413793103448,222770.99512539842,3375.318107960582,44.554199025079676,0.10242344603466592,100,72,0.72,1781.4877289638355,inf,0.5365342329707924,1.0,0.7682671164853963,0.16707816477463489,0.3604176954119366,0.3588751389080913
704,7826.570316842616,66,435,0.15172413793103448,222303.7569558306,3368.2387417550094,44.46075139116612,0.1022086238877382,100,71,0.71,1768.0437546234912,inf,0.5410622131565357,1.0,0.7705311065782678,0.16583875865473519,0.35541459689663685,0.3588702303378623
705,7837.687604224495,65,435,0.14942528735632185,216828.1009849025,3335.816938229269,43.36562019698051,0.09969108091259887,100,69,0.69,1736.7667448204202,inf,0.5496738107852182,1.0,0.7748369053926091,0.16242708775999487,0.34540606771939997,0.3588511592859948
706,7848.8048916063735,65,435,0.14942528735632185,216383.88093115442,3328.982783556222,43.27677618623089,0.09948684180742734,100,68,0.68,1717.8762954283288,inf,0.5536311761782527,1.0,0.7768155880891263,0.16133562685915048,0.3404033390671479,0.3588250661880898
707,7859.922178988252,65,435,0.14942528735632185,215991.31963603737,3322.9433790159596,43.19826392720748,0.09930635385564937,100,68,0.68,1719.2924798104295,inf,0.5538237772542184,1.0,0.7769118886271091,0.1611972326142701,0.3404029930815357,0.35879904631082066
708,7871.039466370131,64,435,0.1471264367816092,210638.03175126965,3291.2192461135883,42.12760635025393,0.09684507206954926,100,70,0.7,1754.7692621967162,inf,0.5456676967075403,1.0,0.7728338483537702,0.16200561185788953,0.3504050140296447,0.35878720705513495
709,7882.1567537520095,63,435,0.14482758620689656,205171.07356604,3256.6837073974602,41.03421471320798,0.09433152807634018,100,70,0.7,1755.381270801252,inf,0.5457533779121753,1.0,0.7728766889560876,0.16072741956012626,0.3504018185489003,0.3587753966487881
710,7893.274041133888,64,435,0.1471264367816092,209691.83520903595,3276.434925141187,41.93836704180718,0.09641003917656824,100,69,0.69,1740.4411182610036,inf,0.5501808743200184,1.0,0.7750904371600091,0.1606598010082796,0.34540164950252067,0.35875658687783696
711,7904.391328515767,64,435,0.1471264367816092,209251.10788020317,3269.5485606281745,41.850221576040624,0.09620740592193247,100,69,0.69,1737.0629815768605,inf,0.5497146914576068,1.0,0.7748573457288034,0.16067503009656453,0.34540168757524137,0.358737829996794
712,7915.5086158976455,62,435,0.1425287356321839,198853.74738686427,3207.3185062397465,39.770749477372846,0.09142701029281114,100,69,0.69,1732.4334990781188,inf,0.5490758228727803,1.0,0.7745379114363902,0.1584445494282105,0.3453961113735705,0.3587191179089634
713,7926.625903279524,62,435,0.1425287356321839,198408.84386697624,3200.1426430157458,39.681768773395255,0.09122245695033392,100,69,0.69,1728.2647417263531,inf,0.5485005343582369,1.0,0.7742502671791185,0.15848609488560772,0.345396215237214,0.3587004583814119
714,7937.743190661403,62,435,0.1425287356321839,198012.90212184572,3193.756485836221,39.60258042436914,0.09104041476866469,100,69,0.69,1728.3670354975309,inf,0.5485146508986593,1.0,0.7742573254493297,0.15839154465966754,0.34539597886164913,0.3586818507177479
715,7948.860478043282,61,435,0.14022988505747128,192662.2771108194,3158.397985423269,38.53245542216387,0.08858035729233074,100,69,0.69,1725.4457549982342,inf,0.5481115141897562,1.0,0.7740557570948781,0.15726230009872633,0.3453931557502468,0.35866329108790496
716,7959.97776542516,62,435,0.1425287356321839,197303.2778409725,3182.3109329189115,39.460655568194504,0.09071415073148162,100,69,0.69,1723.3149721603058,inf,0.5478174661581222,1.0,0.773908733079061,0.15840270882621033,0.3453960067720655,0.35864478720461934
717,7971.095052807039,62,435,0.1425287356321839,197009.00933302654,3177.5646666617185,39.401801866605304,0.09057885486575933,100,69,0.69,1723.6841323952044,inf,0.5478684102705382,1.0,0.7739342051352691,0.1583223248652451,0.34539580581216306,0.3586263345842956
718,7982.212340188918,62,435,0.1425287356321839,196784.0366337184,3173.9360747373935,39.35680732674369,0.09047541914193952,100,68,0.68,1709.217117394276,inf,0.5524535279656214,1.0,0.7762267639828107,0.1571243275795644,0.34039281081894895,0.3586009750241213
719,7993.329627570796,61,435,0.14022988505747128,191614.02115503082,3141.213461557882,38.32280423100617,0.08809840053104866,100,68,0.68,1713.7573951648328,inf,0.5530710057424172,1.0,0.7765355028712086,0.15578144882991996,0.34038945362207484,0.35857568124439626
720,8004.446914952675,62,435,0.1425287356321839,196473.1729765283,3168.9221447827144,39.294634595305666,0.09033249332254176,100,67,0.67,1704.3939337089691,inf,0.5583887871170018,1.0,0.7791943935585008,0.15556904988202047,0.33538892262470504,0.3585435220784882
721,8015.564202334554,63,435,0.14482758620689656,201364.58243433456,3196.2632132434055,40.272916486866905,0.09258141721118829,100,67,0.67,1710.386735493018,inf,0.5591918225560644,1.0,0.7795959112780322,0.15649275296657805,0.3353912318824165,0.3585114551945601
722,8026.681489716432,63,435,0.14482758620689656,201325.29207408565,3195.639556731518,40.26505841481715,0.09256335267774057,100,65,0.65,1674.9446458644431,inf,0.5677428039623776,1.0,0.7838714019811888,0.15434597534827588,0.3253858649383707,0.3584656383339015
723,8037.798777098311,63,435,0.14482758620689656,201356.20645760046,3196.1302612317536,40.2712412915201,0.09257756618740252,100,64,0.64,1661.9139582435691,inf,0.5727249866551768,1.0,0.7863624933275883,0.15310753642990704,0.32038276884107475,0.3584130376854307
724,8048.91606448019,63,435,0.14482758620689656,201456.02352987544,3197.7146592043723,40.2912047059751,0.09262345909419563,100,63,0.63,1646.9388394746504,inf,0.5775142937738059,1.0,0.788757146886903,0.15193315610364633,0.3153798328902591,0.3583536815408856
725,8060.033351862068,64,435,0.1471264367816092,206622.80120601557,3228.4812688439933,41.324560241203116,0.09499898906023704,100,63,0.63,1652.3438630735932,inf,0.5781953267472728,1.0,0.7890976633736364,0.15295066284330028,0.3153823766571083,0.3582944924157013
726,8071.150639243947,64,435,0.1471264367816092,206848.15161953558,3232.0023690552434,41.36963032390712,0.09510259844576349,100,63,0.63,1657.3540483924444,inf,0.578826610097448,1.0,0.789413305048724,0.15284464669851971,0.3153821116167463,0.35823546575710585
727,8082.267926625826,64,435,0.1471264367816092,207058.48328819504,3235.2888013780475,41.411696657639006,0.09519930266123909,100,63,0.63,1660.5322884410778,inf,0.5792270683435757,1.0,0.7896135341717878,0.1527928842447256,0.3153819822106118,0.35817660108190463
728,8093.385214007704,65,435,0.14942528735632185,212100.26160377346,3263.080947750361,42.4200523207547,0.09751736165690736,100,66,0.66,1718.1507635414994,inf,0.5667959007874779,1.0,0.7833979503937389,0.15705970563158422,0.33039264926407896,0.3581384886651449
729,8104.502501389583,67,435,0.15402298850574714,222087.90765169502,3314.744890323806,44.41758153033901,0.10210938282836553,100,67,0.67,1738.1178312394259,inf,0.5629077893860831,1.0,0.7814538946930416,0.16032774406766193,0.3354008193601692,0.35810734117294635
730,8115.619788771462,67,435,0.15402298850574714,222118.91894027346,3315.207745377216,44.42378378805469,0.10212364089207975,100,66,0.66,1726.1369483002547,inf,0.5678500771756336,1.0,0.7839250385878168,0.1590993011521315,0.3303977482528803,0.35806943475308306
731,8126.73707615334,67,435,0.15402298850574714,222211.57006936305,3316.590598050195,44.44231401387261,0.10216623911235083,100,67,0.67,1745.0117446087147,inf,0.5638315737775678,1.0,0.7819157868887838,0.16012522611178348,0.33540031306527945,0.35803846600760797
732,8137.854363535219,67,435,0.15402298850574714,222367.81967251835,3318.9226816793785,44.47356393450369,0.1022380780103533,100,67,0.67,1747.2376918962093,inf,0.564129850714092,1.0,0.782064925357046,0.16008657632665368,0.33540021644081663,0.35800758162893564
733,8148.971650917098,68,435,0.15632183908045977,227577.93481231813,3346.7343354752666,45.51558696246363,0.10463353324704283,100,66,0.66,1726.6925352514304,inf,0.5679234146531887,1.0,0.7839617073265943,0.1603359129602242,0.3304008397824006,0.3579699702640221
734,8160.088938298976,68,435,0.15632183908045977,227815.9512785572,3350.2345776258408,45.56319025571142,0.10474296610508373,100,66,0.66,1727.8077823977399,inf,0.5680706272765017,1.0,0.7840353136382509,0.16035382623341649,0.33040088456558353,0.3579324613038881
735,8171.206225680855,70,435,0.16091954022988506,237998.14697274377,3399.973528182054,47.59962939454876,0.10942443538976726,100,67,0.67,1744.9751018391946,inf,0.5638266636464521,1.0,0.7819133318232261,0.16375555178327061,0.3354093888794582,0.3579018593033114
736,8182.323513062734,70,435,0.16091954022988506,238227.73674410503,3403.253382058643,47.64554734882102,0.10952999390533567,100,66,0.66,1730.1846889082722,inf,0.568384378935892,1.0,0.784192189467946,0.1626689022186948,0.33040667225554676,0.35786455240093995
737,8193.440800444612,70,435,0.16091954022988506,238554.11894786966,3407.9159849695666,47.710823789573936,0.10968005468867571,100,67,0.67,1748.907903489556,inf,0.5643536590676005,1.0,0.7821768295338003,0.16375161257743776,0.33540937903144363,0.35783412533675363
738,8204.558087826492,71,435,0.1632183908045977,243960.80575124593,3436.067686637267,48.792161150249186,0.11216588770172227,100,69,0.69,1780.47955701108,inf,0.555706178867529,1.0,0.7778530894337645,0.16715639913397884,0.34541789099783493,0.35781732393710697
739,8215.675375208371,70,435,0.16091954022988506,239441.59822779646,3420.5942603970925,47.888319645559285,0.11008809113921675,100,69,0.69,1777.6017810966014,inf,0.555309045791331,1.0,0.7776545228956655,0.16621678412177565,0.34541554196030444,0.3578005647722734
740,8226.792662590251,69,435,0.15862068965517243,234973.8860771441,3405.41863879919,46.99477721542881,0.10803397061018118,100,69,0.69,1773.2360082907064,inf,0.5547065691441174,1.0,0.7773532845720588,0.1653403430190612,0.34541335085754765,0.35778384788439926
741,8237.90994997213,69,435,0.15862068965517243,235538.89710897286,3413.6072044778675,47.10777942179457,0.10829374579722889,100,70,0.7,1782.7035312221133,inf,0.5495784943710958,1.0,0.774789247185548,0.16675224930584043,0.3504168806232646,0.35777391935709313
742,8249.02723735401,68,435,0.15632183908045977,231128.54155961433,3398.949140582564,46.225708311922865,0.10626599611936291,100,70,0.7,1778.8755393777744,inf,0.5490425755128884,1.0,0.7745212877564442,0.1658723541814593,0.35041468088545363,0.3577640145946818
743,8260.14452473589,68,435,0.15632183908045977,231751.1073933142,3408.1045204899146,46.35022147866283,0.10655223328428237,100,70,0.7,1773.6151129670923,inf,0.548306115815393,1.0,0.7741530579076965,0.1661995876882929,0.3504154989692207,0.3577541375575508
744,8271.26181211777,68,435,0.15632183908045977,232337.81095767365,3416.732514083436,46.467562191534725,0.10682198204950512,100,70,0.7,1768.724865292115,inf,0.5476214811408961,1.0,0.7738107405704481,0.16650562073952851,0.3504162640518488,0.35774428806291225
745,8282.379099499649,68,435,0.15632183908045977,232968.56631993366,3426.0083282343185,46.593713263986736,0.10711198451491204,100,69,0.69,1751.4594582547936,inf,0.5517014052391616,1.0,0.7758507026195808,0.1656306409476656,0.3454140766023691,0.357727759629319
746,8293.496386881528,67,435,0.15402298850574714,228636.93108551204,3412.491508738986,45.72738621710241,0.1051204280852929,100,69,0.69,1748.5517828929524,inf,0.5513001460392275,1.0,0.7756500730196138,0.16473517753283956,0.34541183794383207,0.35771127245169454
747,8304.613674263408,67,435,0.15402298850574714,229346.5507255095,3423.0828466493954,45.869310145101906,0.10544668998874002,100,68,0.68,1728.7689849535996,inf,0.5551125819536895,1.0,0.7775562909768448,0.16394519950594766,0.3404098629987649,0.35768814222515316
748,8315.730961645288,68,435,0.15632183908045977,235058.30831147745,3456.7398281099627,47.011661662295495,0.10807278543056435,100,68,0.68,1726.5009904077697,inf,0.5548041346954566,1.0,0.7774020673477283,0.165335359041418,0.34041333839760357,0.3576650784016184
749,8326.848249027167,68,435,0.15632183908045977,235816.80830799096,3467.894239823396,47.16336166159819,0.10842152106114526,100,69,0.69,1745.4719290679695,inf,0.5508751262113798,1.0,0.7754375631056899,0.16649197897772766,0.3454162299474443,0.35764874660367946
750,8337.965536409047,67,435,0.15402298850574714,231560.7863092798,3456.1311389444745,46.312157261855965,0.10646472933759991,100,69,0.69,1745.5155151171298,inf,0.5508811410861639,1.0,0.775440570543082,0.16551207939725898,0.3454137801984931,0.3576324550372278
751,8349.082823790926,67,435,0.15402298850574714,232283.1850676773,3466.9132099653325,46.45663701353546,0.10679686669778267,100,68,0.68,1725.6169974825657,inf,0.5546839116576289,1.0,0.7773419558288144,0.1647274554344842,0.3404118186385862,0.35760955525478283
752,8360.200111172806,65,435,0.14942528735632185,222930.74187068362,3429.7037210874405,44.58614837413673,0.10249689281410741,100,67,0.67,1704.1792136453241,inf,0.5583600146284734,1.0,0.7791800073142368,0.16165844274993535,0.33540414610687486,0.35758006599960634
753,8371.317398554685,65,435,0.14942528735632185,223564.24506675816,3439.4499241039716,44.71284901335164,0.10278815865138308,100,68,0.68,1720.984446196061,inf,0.5540538846826643,1.0,0.7770269423413321,0.16288060815502547,0.3404072015203876,0.3575572903172732
754,8382.434685936565,65,435,0.14942528735632185,224242.15884381125,3449.8793668278654,44.848431768762254,0.1030998431465799,100,67,0.67,1696.8038953323028,inf,0.5573717219745287,1.0,0.7786858609872643,0.1622069910796578,0.33540551747769914,0.3575279502207969
755,8393.551973318445,64,435,0.1471264367816092,219856.91878294645,3435.2643559835383,43.97138375658929,0.1010836408197455,100,68,0.68,1711.2799559372013,inf,0.5527340740074593,1.0,0.7763670370037297,0.16235830190800793,0.34040589575477004,0.35750530200060376
756,8404.669260700324,63,435,0.14482758620689656,215488.0860721028,3420.4458106682982,43.097617214420566,0.09907498210211624,100,68,0.68,1707.5628093239723,inf,0.5522285420680604,1.0,0.7761142710340302,0.161480355534043,0.34040370088883515,0.3574827107177612
757,8415.786548082204,62,435,0.1425287356321839,211093.6518108836,3404.7363195303806,42.21873036217672,0.0970545525567281,100,67,0.67,1686.2138314293636,inf,0.5559526534115347,1.0,0.7779763267057673,0.1595391129254804,0.3353988477823137,0.35745357633394137
758,8426.903835464083,62,435,0.1425287356321839,211683.88330542974,3414.256182345641,42.33677666108595,0.09732592335881828,100,69,0.69,1715.146931814012,inf,0.5466902765903338,1.0,0.7733451382951668,0.16199039253182568,0.3454049759813295,0.35743770202517644
759,8438.021122845963,60,435,0.13793103448275862,202290.49336961113,3371.508222826852,40.458098673922215,0.09300712338832694,100,69,0.69,1712.4063956147477,inf,0.5463120825948352,1.0,0.7731560412974177,0.15992554104545464,0.3453998138526136,0.3574218626986336
760,8449.138410227843,59,435,0.135632183908046,197843.7415701849,3353.283755426863,39.568748314036974,0.09096263980238385,100,71,0.71,1739.8157500358132,inf,0.5370538365050855,1.0,0.7685269182525427,0.16121786077492062,0.3554030446519373,0.3574192098496892
761,8460.255697609722,58,435,0.13333333333333333,193411.94227071328,3334.688659839884,38.682388454142654,0.08892503092906358,100,72,0.72,1749.5570350302362,inf,0.5319362130443541,1.0,0.7659681065221771,0.1614784622034433,0.3604036961555086,0.35742312649838454
762,8471.372984991602,58,435,0.13333333333333333,194014.17776935152,3345.072030506061,38.802835553870295,0.08920192081349493,100,71,0.71,1730.6222457597733,inf,0.5357483588978877,1.0,0.7678741794489439,0.1606638706822755,0.3554016596767057,0.35742047713164576
763,8482.490272373481,58,435,0.13333333333333333,194653.6403780118,3356.097247896755,38.93072807560237,0.08949592661058016,100,71,0.71,1730.1369980390707,inf,0.535679453721548,1.0,0.767839726860774,0.1608280998749031,0.35540207024968723,0.3574178352378212
764,8493.60755975536,57,435,0.1310344827586207,190312.0542850601,3338.807969913335,38.06241085701202,0.08749979507359085,100,71,0.71,1734.9423098161235,inf,0.5363618079938894,1.0,0.7681809039969447,0.159659445538323,0.3553991486138458,0.3574151964317768
765,8504.72484713724,57,435,0.1310344827586207,190983.66578767565,3350.5906278539587,38.19673315753513,0.08780858197134513,100,72,0.72,1751.7413446636747,inf,0.5322507536315692,1.0,0.7661253768157845,0.16084160257778035,0.36040210400644446,0.3574190957889239
766,8515.84213451912,55,435,0.12643678160919541,181516.82700023154,3300.305945458755,36.30336540004632,0.08345601241389958,100,72,0.72,1744.874143333161,inf,0.5312618766399753,1.0,0.7656309383199876,0.15891253704695602,0.3603972813426174,0.3574229786905584
767,8526.959421901,56,435,0.12873563218390804,186858.57964547482,3336.7603508120505,37.37171592909497,0.08591199064159763,100,73,0.73,1758.4889957241876,inf,0.5267393933757313,1.0,0.7633696966878656,0.16127114697686606,0.36540317786744214,0.3574333695749033
768,8538.07670928288,55,435,0.12643678160919541,182195.18706018187,3312.6397647305794,36.43903741203637,0.08376790209663533,100,73,0.73,1758.5263034973977,inf,0.5267448403106201,1.0,0.76337242015531,0.16019774097066264,0.36540049435242666,0.35744372994522516
769,8549.193996664759,55,435,0.12643678160919541,182559.88422184624,3319.270622215386,36.51197684436925,0.08393557895257299,100,73,0.73,1758.3343889975483,inf,0.5267168207936419,1.0,0.763358410396821,0.16028858427787607,0.3654007214606947,0.35745406370044003
770,8560.311284046638,54,435,0.12413793103448276,177930.95763662574,3295.017734011588,35.586191527325134,0.0818073368444256,100,74,0.74,1773.4333386154144,inf,0.5224681341150813,1.0,0.7612340670575406,0.16028663489344253,0.3704007165872336,0.35747085572753057
771,8571.428571428518,54,435,0.12413793103448276,178318.69824020236,3302.198115559303,35.66373964804047,0.08198560838629992,100,76,0.76,1801.2754531310839,inf,0.5137938688759247,1.0,0.7568969344379624,0.1625443369741688,0.38040636084243545,0.35750056493104726
772,8582.545858810397,54,435,0.12413793103448276,178742.86300204968,3310.0530185564753,35.74857260040993,0.08218062666760903,100,76,0.76,1800.7379534084146,inf,0.513712168918079,1.0,0.7568560844590395,0.16266227110428477,0.3804066556777607,0.3575301976487015
773,8593.663146192277,54,435,0.12413793103448276,179203.68083867244,3318.586682197638,35.840736167734484,0.08239249693732065,100,75,0.75,1787.9113221532375,inf,0.5181866983229856,1.0,0.7590933491614928,0.1616495738879139,0.3754041239347198,0.3575532905767196
774,8604.780433574157,53,435,0.12183908045977011,174620.84968876795,3294.7330129956217,34.924169937753575,0.08028544813276683,100,75,0.75,1788.1937828186826,inf,0.5182290674228023,1.0,0.7591145337114011,0.16058545721068285,0.37540146364302673,0.3575763204774503
775,8615.897720956036,53,435,0.12183908045977011,175005.9156368595,3301.998408242632,35.00118312737191,0.0804624899479814,100,74,0.74,1774.2206424693604,inf,0.5225846550854655,1.0,0.7612923275427328,0.15958508120262427,0.37039896270300654,0.35759284450093687
776,8627.015008337916,53,435,0.12183908045977011,175322.479121494,3307.971304179132,35.0644958242988,0.0806080363776984,100,75,0.75,1786.2449381584042,inf,0.5179367407237606,1.0,0.7589683703618804,0.16081983300790903,0.37540204958251977,0.35761576497079733
777,8638.132295719795,53,435,0.12183908045977011,175678.66215271808,3314.69173873053,35.13573243054361,0.08077179869090485,100,75,0.75,1786.776451267794,inf,0.5180164676901691,1.0,0.7590082338450845,0.16088178242291018,0.37540220445605726,0.35763862671820773
778,8649.249583101675,53,435,0.12183908045977011,176075.57844599627,3322.180725396156,35.21511568919925,0.08095428894068793,100,74,0.74,1771.804834391899,inf,0.522227115490001,1.0,0.7611135577450006,0.15992036559784373,0.3703998009139946,0.35765500819984547
779,8660.366870483555,53,435,0.12183908045977011,176514.6153463216,3330.464440496634,35.30292306926432,0.08115614498681452,100,74,0.74,1774.378655075743,inf,0.52260804095121,1.0,0.761304020475605,0.1599260622556048,0.370399815155639,0.3576713476959426
780,8671.484157865434,52,435,0.11954022988505747,171960.50018164108,3306.93269580079,34.392100036328216,0.07906229893408785,100,75,0.75,1788.4524648727543,inf,0.5182678697309131,1.0,0.7591339348654565,0.15996418203431567,0.3753999104550858,0.3576940475202181
781,8682.601445247314,52,435,0.11954022988505747,172436.67434088106,3316.0898911707895,34.48733486817622,0.07928122958201429,100,76,0.76,1799.528670132867,inf,0.5135283578601959,1.0,0.756764178930098,0.16125852532595814,0.3804031463133149,0.35772308728849567
782,8693.718732629193,52,435,0.11954022988505747,172959.3808862928,3326.1419401210155,34.59187617725856,0.07952155443047945,100,74,0.74,1778.2918611816299,inf,0.5231871954548812,1.0,0.7615935977274406,0.15896397835151943,0.3703974099458788,0.3577392741628985
783,8704.836020011073,53,435,0.12183908045977011,178523.59616957986,3368.369739048677,35.70471923391597,0.0820798143308413,100,72,0.72,1737.1307763544537,inf,0.5301468317950414,1.0,0.7650734158975208,0.15850319921666023,0.36039625799804165,0.35774266317289233
784,8715.953307392952,52,435,0.11954022988505747,174095.3527280299,3347.9875524621134,34.81907054560599,0.0800438403347264,100,76,0.76,1795.9529352166267,inf,0.5129848461529272,1.0,0.7564924230764636,0.16177570862913138,0.38040443927157286,0.3577715316774766
785,8727.070594774832,52,435,0.11954022988505747,174700.45074596597,3359.624052807038,34.940090149193196,0.08032204631998435,100,76,0.76,1788.450734166411,inf,0.5118445115932944,1.0,0.7559222557966472,0.16219989526166856,0.3804054997381542,0.3578003280745004
786,8738.187882156712,51,435,0.11724137931034483,170353.21536753402,3340.2591248536082,34.0706430735068,0.07832331741036046,100,76,0.76,1782.8148447492943,inf,0.5109878564018928,1.0,0.7554939282009464,0.16141469460470698,0.3804035367365118,0.35782904879706967
787,8749.305169538591,50,435,0.11494252873563218,166040.72778091903,3320.8145556183804,33.2081455561838,0.07634056449697425,100,77,0.77,1790.1276510252371,inf,0.5056796582578865,1.0,0.7528398291289433,0.16175036768401552,0.38540437591921006,0.35786404286702167
788,8760.42245692047,52,435,0.11954022988505747,176679.15395930994,3397.6760376790376,35.33583079186199,0.08123179492382065,100,77,0.77,1785.402286444454,inf,0.5049519521124458,1.0,0.752475976056223,0.16437790943379882,0.3854109447735845,0.357898956557651
789,8771.53974430235,50,435,0.11494252873563218,167221.32072457147,3344.4264144914296,33.44426414491429,0.07688336585037768,100,77,0.77,1782.6583341183134,inf,0.5045293834542203,1.0,0.7522646917271101,0.16230933706163375,0.3854057733426541,0.3579337753130751
790,8782.65703168423,50,435,0.11494252873563218,167708.78063796577,3354.1756127593153,33.54175612759315,0.07710748535078886,100,76,0.76,1766.1108756415179,inf,0.5084488530975108,1.0,0.7542244265487554,0.16144152940101675,0.3804036038235025,0.3579621821759201
791,8793.77431906611,47,435,0.10804597701149425,153120.24607836243,3257.877576135371,30.624049215672482,0.07040011313947697,100,75,0.75,1750.4835553610128,inf,0.5125725333041519,1.0,0.756286266652076,0.15705692324370046,0.37539264230810926,0.3579841903326526
792,8804.891606447989,46,435,0.10574712643678161,148452.09113915006,3227.2193725902184,29.690418227830012,0.06825383500650578,100,75,0.75,1751.7204950608052,inf,0.5127580742591209,1.0,0.7563790371295604,0.1559373989384727,0.37538984349734617,0.3580061394539196
793,8816.008893829869,45,435,0.10344827586206896,143780.07449230624,3195.1127664956944,28.756014898461256,0.066105781375773,100,76,0.76,1768.7124700198237,inf,0.5088442954430132,1.0,0.7544221477215066,0.15584181682713322,0.3803896045420678,0.3580343302159954
794,8827.126181211748,45,435,0.10344827586206896,144114.2556099816,3202.5390135551465,28.822851121996326,0.06625942786665823,100,77,0.77,1782.5449573723022,inf,0.5045119234353345,1.0,0.7522559617176672,0.1570017330744955,0.38539250433268624,0.35806874301362646
795,8838.243468593628,45,435,0.10344827586206896,144473.24365465454,3210.51652565899,28.89464873093091,0.06642447984122049,100,77,0.77,1786.33791151336,inf,0.5050960383730575,1.0,0.7525480191865288,0.15693823032734588,0.38539234557581836,0.35810306914749856
796,8849.360755975507,46,435,0.10574712643678161,149802.0375806215,3256.5660343613367,29.9604075161243,0.06887450003706735,100,76,0.76,1770.0370363421528,inf,0.5090456295240071,1.0,0.7545228147620036,0.15717584263753193,0.3803929396065938,0.35813103636262916
797,8860.478043357387,46,435,0.10574712643678161,150037.78711211565,3261.691024176427,30.00755742242312,0.06898289062626005,100,76,0.76,1768.4559359013372,inf,0.5088053022570034,1.0,0.7544026511285017,0.15729011974887913,0.3803932252993722,0.35815893384249975
798,8871.595330739267,47,435,0.10804597701149425,155237.32562010098,3302.921821704276,31.047465124020203,0.07137348304372461,100,75,0.75,1750.4899040958421,inf,0.5125734856143763,1.0,0.7562867428071882,0.15754337011826824,0.37539385842529566,0.358180504461502
799,8882.712618121146,47,435,0.10804597701149425,155400.67803131617,3306.397404921621,31.080135606263234,0.07144858760060513,100,75,0.75,1745.0888432766528,inf,0.5117633264914979,1.0,0.755881663245749,0.1577834621774281,0.3753944586554436,0.3582020219042444
800,8893.829905503026,47,435,0.10804597701149425,155548.44954800274,3309.5414797447393,31.109689909600544,0.07151652852781734,100,78,0.78,1783.185595218349,inf,0.49817695285406244,1.0,0.7490884764270312,0.1612140260503931,0.39040303506512597,0.3582422229194265
801,8904.947192884905,47,435,0.10804597701149425,155723.7006071175,3313.270225683351,31.144740121423503,0.07159710372741035,100,78,0.78,1780.2504781540506,inf,0.49771907459203185,1.0,0.748859537296016,0.1613687832156972,0.39040342195803923,0.3582823241651105
802,8916.064480266785,47,435,0.10804597701149425,155927.78441567015,3317.6124343759607,31.185556883134026,0.0716909353635265,100,79,0.79,1789.4842291374862,inf,0.49273850820372284,1.0,0.7463692541018614,0.16266084063083253,0.3954066521015771,0.35832855620488197
803,8927.181767648664,47,435,0.10804597701149425,156161.9925032163,3322.5955851748145,31.232398500643257,0.07179861724285806,100,79,0.79,1786.6733689407624,inf,0.4922943922926404,1.0,0.7461471961463202,0.1628257105482689,0.3954070642763707,0.3583746737522346
804,8938.299055030544,49,435,0.11264367816091954,166353.07047778662,3394.9606219956454,33.27061409555732,0.07648417033461453,100,80,0.8,1801.4962510480168,inf,0.48823940016768264,1.0,0.7441197000838413,0.16618223512538666,0.4004154555878135,0.3584268983259433
805,8949.416342412424,49,435,0.11264367816091954,166534.148685436,3398.656095621143,33.30682973708719,0.07656742468295906,100,80,0.8,1800.8242795162557,inf,0.48813188472260094,1.0,0.7440659423613005,0.16625074116082927,0.4004156268529021,0.3584789935226269
806,8960.533629794303,49,435,0.11264367816091954,166745.53154800937,3402.970031592028,33.34910630960187,0.07666461220598131,100,79,0.79,1783.4712007405367,inf,0.4917884497170048,1.0,0.7458942248585024,0.16538519367373944,0.3954134629841844,0.3585247611427776
807,8971.650917176183,48,435,0.1103448275862069,161946.0206504606,3373.875430217929,32.38920413009212,0.0744579405289474,100,79,0.79,1782.559167316262,inf,0.49164434843596927,1.0,0.7458221742179847,0.16431788315548135,0.3954107947078887,0.3585704121744176
808,8982.768204558062,48,435,0.1103448275862069,162159.9648516316,3378.3326010756587,32.43199297032632,0.07455630567891108,100,78,0.78,1766.5460083309724,inf,0.4955811772996317,1.0,0.7477905886498158,0.16338285851454765,0.39040845714628636,0.35860976698896874
809,8993.885491939942,49,435,0.11264367816091954,167398.10849342073,3416.287928437158,33.47962169868415,0.07696464758318194,100,80,0.8,1787.9976552124936,inf,0.48607962483399897,1.0,0.7430398124169995,0.16696241758309127,0.40041740604395776,0.35866138135817244
810,9005.002779321821,48,435,0.1103448275862069,162556.81000546087,3386.6002084471015,32.511362001092174,0.07473876322090155,100,83,0.83,1817.2542858756685,inf,0.47166421145536097,1.0,0.7358321057276804,0.16945332874661057,0.4154236333218665,0.3587313718044902
811,9016.120066703701,48,435,0.1103448275862069,162731.4227810171,3390.237974604523,32.54628455620342,0.07481904495678947,100,83,0.83,1811.3050342810159,inf,0.47067663569064855,1.0,0.7353383178453243,0.16974036355573252,0.4154243509088893,0.35880119074427397
812,9027.23735408558,47,435,0.10804597701149425,157923.29403428332,3360.0700858358155,31.58465880685668,0.07260841105024524,100,83,0.83,1807.4631782631934,inf,0.47003888759169016,1.0,0.735019443795845,0.16879448362720006,0.415421986209068,0.3588708350191384
813,9038.35464146746,48,435,0.1103448275862069,163101.63819358143,3397.950795699613,32.62032763871628,0.07498925893957767,100,82,0.82,1796.7194359834025,inf,0.474661987501278,1.0,0.737330993750639,0.16882913259446936,0.41042207283148613,0.35893416577812165
814,9049.47192884934,50,435,0.11494252873563218,173231.3320125069,3464.626640250138,34.646266402501375,0.07964658943103764,100,83,0.83,1806.6086244708167,inf,0.4698970316621556,1.0,0.7349485158310778,0.17234903679997993,0.41543087259199996,0.3590034868907767
815,9060.58921623122,50,435,0.11494252873563218,173316.06371013823,3466.3212742027645,34.663212742027646,0.07968554653339689,100,84,0.84,1813.8026148283652,inf,0.46471883929116536,1.0,0.7323594196455827,0.17366306344390714,0.42043415765860975,0.35907876957554125
816,9071.706503613099,50,435,0.11494252873563218,173418.13584810143,3468.3627169620286,34.68362716962028,0.07973247625200064,100,84,0.84,1812.1620381757145,inf,0.4644432224135201,1.0,0.7322216112067601,0.17375543252262027,0.42043438858130655,0.3591538682524149
817,9082.823790994978,49,435,0.11264367816091954,168528.9439680398,3439.3662034293834,33.70578879360796,0.07748457193932864,100,83,0.83,1799.144797231153,inf,0.4686580363403715,1.0,0.7343290181701858,0.17157777688457143,0.4154289444422114,0.3592226641890773
818,9093.941078376858,49,435,0.11264367816091954,168639.6960217813,3441.626449424108,33.72793920435626,0.0775354924238075,100,83,0.83,1799.7522060922954,inf,0.46875886621132096,1.0,0.7343794331056605,0.17157802965907348,0.4154289450741477,0.3592912921266659
819,9105.058365758738,48,435,0.1103448275862069,163765.99813748075,3411.7916278641824,32.75319962749616,0.07529471178734749,100,84,0.84,1811.7587485806766,inf,0.4643754697615537,1.0,0.7321877348807768,0.17155348845328533,0.4204288837211332,0.35936585016519573
820,9116.175653140617,48,435,0.1103448275862069,163870.3581909405,3413.9657956445935,32.7740716381881,0.07534269342112206,100,84,0.84,1812.4406342323114,inf,0.46449002655102833,1.0,0.7322450132755142,0.17154884007280397,0.420428872100182,0.35944022656219327
821,9127.292940522497,48,435,0.1103448275862069,163930.23984398216,3415.2133300829614,32.78604796879643,0.07537022521562398,100,82,0.82,1790.599678363008,inf,0.47365834725153333,1.0,0.7368291736257666,0.16927052579492863,0.41042317631448727,0.35950224961541993
822,9138.410227904376,49,435,0.11264367816091954,168953.4295478965,3448.0291744468673,33.7906859095793,0.07767973772317081,100,82,0.82,1793.6448898349558,inf,0.4741577619329329,1.0,0.7370788809664665,0.1703004283783522,0.41042575107094587,0.3595641250728385
823,9149.527515286256,49,435,0.11264367816091954,168949.18928425416,3447.9426384541666,33.78983785685084,0.0776777881766686,100,81,0.81,1781.0602355914393,inf,0.4785317581658131,1.0,0.7392658790829065,0.16920595454688103,0.40542301488636723,0.35961977906533066
824,9160.644802668136,49,435,0.11264367816091954,168959.28558922198,3448.148685494326,33.7918571178444,0.07768243015596414,100,80,0.8,1768.9647733967336,inf,0.4830343637434774,1.0,0.7415171818717388,0.16808262414211272,0.4004202065603553,0.35966923412896096
825,9171.762090050015,51,435,0.11724137931034483,178905.52277833526,3507.9514270261816,35.781104555667056,0.08225541277164841,100,79,0.79,1757.197758957671,inf,0.487637245915312,1.0,0.743818622957656,0.1692183949069962,0.3954230459872675,0.3597125196154723
826,9182.879377431895,51,435,0.11724137931034483,178834.91149420023,3506.5668920431417,35.76698229884004,0.08222294781342539,100,79,0.79,1758.2367056084677,inf,0.487801399486138,1.0,0.743900699743069,0.16916112403517813,0.39542290281008796,0.3597557002481139
827,9193.996664813774,51,435,0.11724137931034483,178779.51197051955,3505.4806268729326,35.755902394103906,0.08219747676805496,100,80,0.8,1769.247800946491,inf,0.4830796481514386,1.0,0.7415398240757193,0.1703288263461678,0.40042582206586547,0.3598048187527247
828,9205.113952195654,52,435,0.11954022988505747,183684.04966234983,3532.3855704298044,36.73680993246995,0.08445243662636771,100,80,0.8,1773.4104228624608,inf,0.4837456676579938,1.0,0.7418728338289969,0.17128980139868538,0.40042822450349674,0.35985382165471597
829,9216.231239577533,52,435,0.11954022988505747,183567.59619251467,3530.146080625282,36.71351923850293,0.08439889480115617,100,81,0.81,1786.5141242846223,inf,0.4794152881341088,1.0,0.7397076440670544,0.17234562536705095,0.40543086406341766,0.35990873375400356
830,9227.348526959413,52,435,0.11954022988505747,183467.32357130197,3528.217760986576,36.6934647142604,0.08435279244657563,100,83,0.83,1812.1011279282982,inf,0.47080878723609765,1.0,0.7354043936180488,0.17447419941426345,0.4154361854985356,0.35997555379220403
831,9238.465814341293,52,435,0.11954022988505747,183384.04763416282,3526.6163006569773,36.676809526832564,0.0843145046593852,100,83,0.83,1813.15609144843,inf,0.47098391118043925,1.0,0.7354919555902196,0.17441127453458277,0.41543602818633646,0.3600422130162354
832,9249.583101723172,52,435,0.11954022988505747,183318.78083308984,3525.3611698671125,36.66375616661797,0.08428449693475396,100,81,0.81,1793.2825450629525,inf,0.4805117723001983,1.0,0.7402558861500992,0.17201430539232743,0.40543003576348086,0.36009670019840495
833,9260.700389105052,53,435,0.12183908045977011,188270.87176350044,3552.2805993113293,37.65417435270008,0.08656132035103467,100,81,0.81,1796.4187831790293,inf,0.48101984287500266,1.0,0.7405099214375013,0.1730256994567667,0.40543256424864194,0.36015105974762585
834,9271.817676486931,53,435,0.12183908045977011,188230.34096220456,3551.5158672114067,37.646068192440914,0.08654268549986417,100,82,0.82,1816.4207253715867,inf,0.47789299896094023,1.0,0.7389464994804701,0.173798093009697,0.41043449523252423,0.36021127943084136
835,9282.93496386881,53,435,0.12183908045977011,188182.45796433854,3550.612414421482,37.636491592867706,0.08652067032843151,100,83,0.83,1829.4505497661974,inf,0.4736887912611887,1.0,0.7368443956305943,0.17483813734891862,0.41543709534337225,0.3602773390192534
836,9294.05225125069,52,435,0.11954022988505747,183057.33465537024,3520.33335875712,36.61146693107405,0.08416429179557253,100,84,0.84,1841.0202087277376,inf,0.46929139506625994,1.0,0.7346456975331299,0.1747592971312213,0.42043689824282804,0.3603492142393533
837,9305.16953863257,52,435,0.11954022988505747,182902.78355238517,3517.3612221612534,36.58055671047704,0.0840932338171886,100,84,0.84,1837.8678905059992,inf,0.46876180560500785,1.0,0.7343809028025039,0.1748561655073424,0.42043714041376834,0.3604209182085351
838,9316.28682601445,52,435,0.11954022988505747,182784.2818874121,3515.0823439886944,36.55685637748242,0.08403875029306303,100,84,0.84,1837.4213883106415,inf,0.4686867932361877,1.0,0.7343433966180939,0.1748476768374846,0.4204371191920937,0.36049245122520207
839,9327.40411339633,52,435,0.11954022988505747,182707.65652816868,3513.608779387859,36.54153130563374,0.08400352024283618,100,80,0.8,1789.339319063037,inf,0.486294291050086,1.0,0.743147145525043,0.1704281873588966,0.4004260704683973,0.36053999124811065
840,9338.521400778209,51,435,0.11724137931034483,177633.00821060754,3483.0001609923047,35.526601642121506,0.08167034860257817,100,80,0.8,1788.5697956767144,inf,0.48617116730827425,1.0,0.7430855836541371,0.16929238247422057,0.4004232309561856,0.36058741483872664
841,9349.638688160088,51,435,0.11724137931034483,177491.49136998516,3480.225320980101,35.49829827399703,0.08160528338849891,100,80,0.8,1788.159198207951,inf,0.4861054717132723,1.0,0.7430527358566361,0.16927627376593135,0.40042319068441484,0.3606347257364056
842,9360.755975541968,49,435,0.11264367816091954,167375.98849336637,3415.83649986462,33.47519769867327,0.07695447746821442,100,79,0.79,1774.2619342329972,inf,0.4903333856088136,1.0,0.7451666928044068,0.16589389233190382,0.3954147347308298,0.36067598316107274
843,9371.873262923848,49,435,0.11264367816091954,167263.60221034245,3413.5429022518865,33.452720442068475,0.07690280561395052,100,79,0.79,1774.0431445392783,inf,0.49029881683720594,1.0,0.745149408418603,0.16587669859767373,0.3954146917464942,0.3607171427684015
844,9382.990550305727,49,435,0.11264367816091954,167190.77239800102,3412.056579551041,33.43815447960021,0.0768693206427591,100,80,0.8,1787.7830491414031,inf,0.48604528786262446,1.0,0.7430226439313122,0.16692333835572343,0.40041730834588934,0.3607641252128719
845,9394.107837687607,50,435,0.11494252873563218,172118.84021690593,3442.3768043381187,34.42376804338119,0.07913509895030157,100,80,0.8,1786.2050083048475,inf,0.48579280132877556,1.0,0.7428964006643878,0.16811934914295695,0.4004202983728574,0.3608110001220444
846,9405.225125069486,50,435,0.11494252873563218,171987.55539128548,3439.75110782571,34.3975110782571,0.07907473811093585,100,79,0.79,1773.5904515522438,inf,0.4902272913452545,1.0,0.7451136456726273,0.16698054621915426,0.3954174513655479,0.3608518577976566
847,9416.342412451366,50,435,0.11494252873563218,171793.1278015898,3435.8625560317964,34.35862556031797,0.0789853461156735,100,77,0.77,1742.9288508729346,inf,0.49841104303443196,1.0,0.749205521517216,0.16488991229922878,0.3854122247807481,0.36088082049457065
848,9427.459699833245,49,435,0.11264367816091954,166590.12582284544,3399.7984861805194,33.318025164569086,0.07659316129785997,100,75,0.75,1718.9437601486345,inf,0.5078415640222951,1.0,0.7539207820111475,0.16133618964335616,0.3754033404741084,0.36089792593624265
849,9438.576987215125,49,435,0.11264367816091954,166402.7974921752,3395.9754590239836,33.28055949843503,0.0765070333297357,100,75,0.75,1722.212606878837,inf,0.5083318910318255,1.0,0.7541659455159128,0.1611705439069115,0.3754029263597673,0.3609149906426233
850,9449.694274597005,48,435,0.1103448275862069,161223.02827951044,3358.8130891564674,32.244605655902085,0.07412553024345307,100,75,0.75,1718.6150718975364,inf,0.5077922607846305,1.0,0.7538961303923153,0.16011469992556893,0.3754002867498139,0.3609320121421617
851,9460.811561978884,48,435,0.1103448275862069,161059.75807563885,3355.4116265758094,32.211951615127774,0.07405046348305236,100,74,0.74,1701.9693394916455,inf,0.5118914622447636,1.0,0.7559457311223818,0.15905236618033525,0.37039763091545086,0.36094312202335105
852,9471.928849360764,48,435,0.1103448275862069,160925.22171019675,3352.608785629099,32.18504434203935,0.07398860768284908,100,74,0.74,1701.7453329266007,inf,0.5118583092731369,1.0,0.7559291546365685,0.1590297265231403,0.3703975743163078,0.3609542057892279
853,9483.046136742643,48,435,0.1103448275862069,160818.87304131215,3350.3931883606697,32.16377460826243,0.07393971174313202,100,74,0.74,1699.7137154515374,inf,0.5115576298868275,1.0,0.7557788149434137,0.15908044839985913,0.3703977011209996,0.3609652637462909
854,9494.163424124523,48,435,0.1103448275862069,160740.14335261311,3348.752986512773,32.14802867052263,0.07390351418510949,100,75,0.75,1716.9986985637288,inf,0.5075498047845592,1.0,0.7537749023922796,0.1600643058964149,0.37540016076474103,0.3609821466667803
855,9505.280711506402,48,435,0.1103448275862069,160688.4355229107,3347.67574006064,32.13768710458215,0.0738797404703038,100,75,0.75,1717.9509563491374,inf,0.5076926434523706,1.0,0.7538463217261853,0.16001670937205925,0.37540004177343017,0.36099899000218527
856,9516.397998888282,48,435,0.1103448275862069,160663.12484870333,3347.148434347986,32.13262496974066,0.07386810337871416,100,76,0.76,1733.1280956569458,inf,0.5034354705398557,1.0,0.7517177352699278,0.16107518405439314,0.380402687960136,0.3610216314233731
857,9527.515286270162,47,435,0.10804597701149425,155657.58109954014,3311.86342764979,31.13151621990803,0.07156670395381157,100,74,0.74,1704.1971557977442,inf,0.5122211790580662,1.0,0.7561105895290331,0.1577280572123892,0.370394320143031,0.3610325553029997
858,9538.632573652041,48,435,0.1103448275862069,160569.77027369494,3345.2035473686446,32.11395405473899,0.07382518173503216,100,73,0.73,1686.9189843131348,inf,0.5162901717097177,1.0,0.7581450858548588,0.15784004794008666,0.3653946001198502,0.3610376333528447
859,9549.74986103392,48,435,0.1103448275862069,160384.81204751518,3341.3502509898995,32.07696240950303,0.07374014347012191,100,74,0.74,1705.5745981818022,inf,0.5124250405309067,1.0,0.7562125202654533,0.15876381160233433,0.37039690952900584,0.3610485162321193
860,9560.8671484158,49,435,0.11264367816091954,165178.9244484562,3370.9984581317594,33.03578488969124,0.07594433307974999,100,74,0.74,1708.7369901188163,inf,0.5128930745375848,1.0,0.7564465372687924,0.1597488979054788,0.3703993722447637,0.36105937669206434
861,9571.98443579768,49,435,0.11264367816091954,164982.79047702893,3366.9957240209988,32.996558095405774,0.0758541565411627,100,74,0.74,1709.6464485172835,inf,0.513027674380558,1.0,0.756513837190279,0.1596701596754419,0.3703991753991886,0.3610702117253673
862,9583.10172317956,49,435,0.11264367816091954,164810.59362043778,3363.481502457914,32.96211872408755,0.07577498557261507,100,74,0.74,1711.3383060591127,inf,0.5132780692967487,1.0,0.7566390346483743,0.15956797546212037,0.3703989199386553,0.3610810213524974
863,9594.219010561439,51,435,0.11724137931034483,174636.3394857973,3424.241950701908,34.92726789715945,0.08029256987852748,100,75,0.75,1733.3170559322357,inf,0.5099975583898354,1.0,0.7549987791949178,0.16264689534180488,0.3754066172383545,0.3610976019032912
864,9605.336297943319,51,435,0.11724137931034483,174430.06232007977,3420.197300393721,34.886012464015955,0.08019772980233553,100,75,0.75,1737.1467068751622,inf,0.5105720060312743,1.0,0.7552860030156372,0.16245586339334916,0.37540613965848335,0.361114143565436
865,9616.453585325198,51,435,0.11724137931034483,174248.69831696732,3416.6411434699476,34.849739663393464,0.08011434405377808,100,75,0.75,1741.648865768532,inf,0.5112473298652798,1.0,0.7556236649326399,0.16224533956056914,0.37540561334890143,0.3611306464173799
866,9627.570872707078,52,435,0.11954022988505747,179091.54189112788,3444.068113290921,35.818308378225574,0.08234093880051856,100,77,0.77,1780.3192598212702,inf,0.5041691660124755,1.0,0.7520845830062377,0.1651281778971404,0.38541282044474284,0.3611586535385187
867,9638.688160088957,52,435,0.11954022988505747,178881.03508152807,3440.019905414001,35.77620701630561,0.08224415406047267,100,77,0.77,1784.699587792442,inf,0.5048437365200361,1.0,0.7524218682600181,0.16491114290022724,0.3854122778572506,0.3611865955020196
868,9649.805447470837,52,435,0.11954022988505747,178697.20005576895,3436.484616457095,35.73944001115378,0.08215963220954893,100,75,0.75,1760.8374141477375,inf,0.5141256121221606,1.0,0.7570628060610802,0.1625484130742344,0.3754063710326856,0.3612029588800756
869,9660.922734852717,52,435,0.11954022988505747,178541.14526581165,3433.48356280407,35.70822905316233,0.08208788288083294,100,77,0.77,1792.6594831881548,inf,0.5060695604109758,1.0,0.753034780205488,0.16452655133767247,0.3854113163783442,0.36123078457834945
870,9672.040022234596,52,435,0.11954022988505747,178414.3964604905,3431.0460857786634,35.68287929209811,0.08202960756804163,100,77,0.77,1800.0020171600218,inf,0.5072003106426434,1.0,0.7536001553213216,0.16421472612335997,0.3854105368153084,0.36125854548792113
871,9683.157309616476,52,435,0.11954022988505747,178241.52887943754,3427.7217092199526,35.6483057758875,0.08195012822043103,100,77,0.77,1800.4061688651177,inf,0.5072625500052282,1.0,0.7536312750026142,0.16415942660890848,0.38541039856652226,0.36128624256713976
872,9694.274596998355,52,435,0.11954022988505747,178059.69324580824,3424.224870111697,35.61193864916165,0.08186652563025668,100,76,0.76,1781.8841394723222,inf,0.510846389199793,1.0,0.7554231945998965,0.16322166551518008,0.380408054163788,0.3613081461313971
873,9705.391884380235,52,435,0.11954022988505747,177914.93052749062,3421.440971682512,35.58298610549812,0.08179996805861638,100,76,0.76,1779.4028336522008,inf,0.5104692307151345,1.0,0.7552346153575673,0.1632826763505245,0.3804082066908763,0.3613299997475979
874,9716.509171762114,52,435,0.11954022988505747,177810.28115064133,3419.4284836661795,35.56205623012826,0.08175185340259371,100,75,0.75,1765.6704188881063,inf,0.514850562833216,1.0,0.757425281416608,0.1621632859929928,0.3754054082149825,0.3613460859287035
875,9727.626459143994,52,435,0.11954022988505747,177748.58759408904,3418.242069117097,35.549717518817815,0.08172348854900648,100,77,0.77,1793.0256198719915,inf,0.5061259454602867,1.0,0.7530629727301433,0.16433025790943162,0.3854108256447736,0.3613735570927629
876,9738.743746525874,52,435,0.11954022988505747,177732.06122871145,3417.9242543982973,35.54641224574228,0.0817158902200972,100,77,0.77,1795.7484901003756,inf,0.506545267475458,1.0,0.753272633737729,0.16422162824118408,0.385410554070603,0.361400965299123
877,9749.861033907753,51,435,0.11724137931034483,172748.40082737355,3387.2235456347757,34.549680165474705,0.07942455210453955,100,76,0.76,1780.0606459674773,inf,0.5105692181870567,1.0,0.7552846090935283,0.16206997150550562,0.38040517492876375,0.361422610184806
878,9760.978321289633,51,435,0.11724137931034483,172801.27299009502,3388.2602547077454,34.560254598019,0.07944886114487126,100,76,0.76,1776.418090783467,inf,0.5100155497990869,1.0,0.7550077748995434,0.16222054312266387,0.3804055513578067,0.3614442062498492
879,9772.095608671512,49,435,0.11264367816091954,162882.75786862086,3324.13791568614,32.57655157372418,0.07488862430741192,100,78,0.78,1796.1107730127026,inf,0.5001932805899816,1.0,0.7500966402949908,0.16239599200621052,0.3904059899800155,0.3614771173677244
880,9783.212896053392,48,435,0.1103448275862069,157895.73550136547,3289.494489611781,31.579147100273094,0.07259574046039792,100,77,0.77,1777.71328186846,inf,0.5037678454077428,1.0,0.7518839227038714,0.16035590887826323,0.38540088977219567,0.3615042726144945
881,9794.330183435271,48,435,0.1103448275862069,157945.53477282287,3290.53197443381,31.589106954564567,0.07261863667715993,100,77,0.77,1775.4376219975388,inf,0.503417393787621,1.0,0.7517086968938105,0.16045496989167474,0.3854011374247292,0.3615313665655265
882,9805.447470817151,48,435,0.1103448275862069,158032.82322046708,3292.3504837597307,31.606564644093417,0.07265876929676647,100,77,0.77,1775.229467249981,inf,0.503385337956497,1.0,0.7516926689782485,0.16048305015925896,0.38540120762539815,0.3615583992281085
883,9816.56475819903,47,435,0.10804597701149425,153111.2464084074,3257.6860937959023,30.622249281681476,0.0703959753601873,100,79,0.79,1803.2635441856257,inf,0.4949156399813288,1.0,0.7474578199906644,0.16146907768476143,0.3954036726942119,0.3615966857365543
884,9827.68204558091,47,435,0.10804597701149425,153224.58664131758,3260.09758811314,30.64491732826352,0.07044808581210005,100,79,0.79,1803.6954487505302,inf,0.49498388090258383,1.0,0.7474919404512919,0.16147807268040404,0.39540369518170104,0.3616348857472268
885,9838.79933296279,47,435,0.10804597701149425,153373.2423461796,3263.26047545063,30.674648469235922,0.07051643326261131,100,79,0.79,1804.8287556159448,inf,0.4951629433873193,1.0,0.7475814716936596,0.16146748078447587,0.3954036687019612,0.36167299949774007
886,9849.91662034467,47,435,0.10804597701149425,153557.45725899903,3267.1799416808303,30.711491451799812,0.07060112977425244,100,80,0.8,1820.8836434840064,inf,0.491341382957441,1.0,0.7456706914787206,0.1624652191477659,0.4004061630478694,0.3617166671003896
887,9861.033907726549,46,435,0.10574712643678161,148687.12411528424,3232.328785114875,29.737424823056834,0.06836189614495825,100,82,0.82,1849.0093141991902,inf,0.4832375275286672,1.0,0.7416187637643337,0.16337156619031223,0.41040842891547574,0.3617715001654967
888,9872.151195108429,46,435,0.10574712643678161,148851.87437179865,3235.9103124304056,29.77037487435974,0.06843764338933274,100,80,0.8,1821.3177062417762,inf,0.4914108329986842,1.0,0.7457054164993421,0.16136611344499535,0.4004034152836125,0.36181495563807053
889,9883.268482490308,45,435,0.10344827586206896,144007.93269793835,3200.1762821764078,28.801586539587667,0.06621054376916705,100,79,0.79,1807.1129625600915,inf,0.49552384808449446,1.0,0.7477619240422473,0.15922430986345992,0.39539806077465867,0.3618526894640667
890,9894.385769872188,45,435,0.10344827586206896,144186.62461523138,3204.1472136718085,28.837324923046275,0.06629270097252017,100,80,0.8,1820.18048788844,inf,0.4912288780621503,1.0,0.7456144390310752,0.16033913097072255,0.40040084782742685,0.3618959533904004
891,9905.503057254067,44,435,0.10114942528735632,139355.22217948193,3167.1641404427714,27.871044435896383,0.06407136651930204,100,80,0.8,1820.3719547480869,inf,0.49125951275969393,1.0,0.745629756379847,0.15922080506972752,0.40039805201267437,0.3619391171780936
892,9916.620344635947,45,435,0.10344827586206896,144480.0598162345,3210.6679959163225,28.896011963246902,0.06642761370861357,100,79,0.79,1806.297653411882,inf,0.49539502923907736,1.0,0.7476975146195387,0.1593650495445374,0.3953984126238614,0.3619765855940463
893,9927.737632017826,43,435,0.09885057471264368,134616.20411040288,3130.609397916346,26.92324082208058,0.06189250763696685,100,80,0.8,1822.942931361432,inf,0.49167086901782925,1.0,0.7458354345089147,0.15802853656402605,0.4003950713414101,0.3620195592917503
894,9938.854919399706,44,435,0.10114942528735632,139705.18995801033,3175.1179535911438,27.941037991602062,0.06423227124506221,100,77,0.77,1778.2257679225843,inf,0.503846768260078,1.0,0.751923384130039,0.15615444355751162,0.3853903861088938,0.3620456719474119
895,9949.972206781586,44,435,0.10114942528735632,139753.20579257686,3176.209222558565,27.950641158515374,0.06425434749083994,100,76,0.76,1755.6142867686945,inf,0.5068533715888415,1.0,0.7534266857944207,0.1554138308482096,0.3803885345771205,0.36206614389231107
896,9961.089494163465,44,435,0.10114942528735632,139838.66355084567,3178.1514443374017,27.967732710169134,0.06429363841418191,100,76,0.76,1754.8309647624926,inf,0.506734306643899,1.0,0.7533671533219495,0.1554632425461162,0.3803886581063653,0.362086570329562
897,9972.206781545345,45,435,0.10344827586206896,144931.52013158938,3220.700447368653,28.98630402631788,0.06663518166969629,100,76,0.76,1759.113685867265,inf,0.5073852802518243,1.0,0.7536926401259121,0.15647127077189216,0.38039117817692975,0.3621069540799488
898,9983.324068927224,45,435,0.10344827586206896,144976.3710269655,3221.6971339325664,28.99527420539309,0.0666558027710186,100,78,0.78,1790.219004021018,inf,0.4992741646272789,1.0,0.7496370823136395,0.1585093602286896,0.39039627340057176,0.36213842162090615
899,9994.441356309104,45,435,0.10344827586206896,145057.9419651569,3223.5098214479312,29.011588393031374,0.06669330665064684,100,78,0.78,1792.3236707501435,inf,0.4996024926370225,1.0,0.7498012463185113,0.15844603016606773,0.39039611507541516,0.3621698190580778
900,10005.558643690983,47,435,0.10804597701149425,155138.48837888613,3300.8189016784286,31.027697675777222,0.07132804063397062,100,77,0.77,1780.9363066742076,inf,0.5042641912278281,1.0,0.752132095613914,0.15959797251002833,0.3853989949312751,0.36219560060732664
901,10016.675931072863,47,435,0.10804597701149425,155107.91370310294,3300.168376661765,31.021582740620584,0.07131398331177145,100,78,0.78,1796.5557517692982,inf,0.5002626972760106,1.0,0.7501313486380052,0.16059131733688314,0.3904014782933422,0.3622268709817014
902,10027.793218454743,47,435,0.10804597701149425,155112.12373340633,3300.257951774603,31.022424746681263,0.07131591895788796,100,78,0.78,1800.3103924686588,inf,0.5008484212251108,1.0,0.7504242106125554,0.16044585417266632,0.3904011146354317,0.36225807169449625
903,10038.910505836622,48,435,0.1103448275862069,160102.25134560154,3335.463569700032,32.0204502691203,0.07361023050372484,100,78,0.78,1797.1832993484113,inf,0.5003605946983521,1.0,0.750180297349176,0.16171496657727447,0.3904042874164432,0.36228920688887895
904,10050.027793218502,48,435,0.1103448275862069,160122.72469786115,3335.890097872107,32.02454493957223,0.07361964353924651,100,78,0.78,1791.9978520231514,inf,0.4995516649156116,1.0,0.7497758324578058,0.16192190554072033,0.3904048047638518,0.36232027384785687
905,10061.145080600381,48,435,0.1103448275862069,160174.63807285525,3336.9716265178176,32.034927614571046,0.07364351175763459,100,79,0.79,1803.0573839994454,inf,0.4948830666719124,1.0,0.7474415333359562,0.1631009892108392,0.3954077524730271,0.3623567942436904
906,10072.262367982261,48,435,0.1103448275862069,160256.84475955984,3338.6842658241635,32.05136895191197,0.07368130793542982,100,78,0.78,1790.561097853085,inf,0.49932753126508134,1.0,0.7496637656325407,0.16200877115144452,0.3904050219278786,0.36238771841974793
907,10083.37965536414,48,435,0.1103448275862069,160368.14803151676,3341.0030839899323,32.073629606303356,0.07373248185357094,100,77,0.77,1777.5229551734826,inf,0.5037385350967162,1.0,0.751869267548358,0.16093160715260646,0.3854023290178815,0.36241306490719083
908,10094.49694274602,49,435,0.11264367816091954,165478.00421725094,3377.102126882672,33.095600843450185,0.07608184101942571,100,76,0.76,1764.8080419206756,inf,0.5082508223719426,1.0,0.7541254111859713,0.1609782149167272,0.3804024455372918,0.36243285520491375
909,10105.6142301279,49,435,0.11264367816091954,165555.9559517481,3378.692978607104,33.11119119034963,0.07611768089735547,100,76,0.76,1762.6882215046771,inf,0.5079286096687109,1.0,0.7539643048343554,0.1610766880315,0.38040269172007873,0.3624526022780073
910,10116.73151750978,47,435,0.10804597701149425,155641.68064114443,3311.5251200243497,31.128336128228888,0.07155939339822733,100,73,0.73,1717.213749700962,inf,0.5207132074563403,1.0,0.7603566037281702,0.15560139483502855,0.3653890034870876,0.3624558255504652
911,10127.848804891659,47,435,0.10804597701149425,155645.07353904212,3311.5973093413218,31.12901470780843,0.07156095335128375,100,73,0.73,1714.5106607083371,inf,0.5203185564634173,1.0,0.7601592782317086,0.15570083755978759,0.36538925209389944,0.36245904202693824
912,10138.966092273538,46,435,0.10574712643678161,150509.60327319728,3271.947897243419,30.101920654639457,0.06919981759687231,100,73,0.73,1713.6751478577203,inf,0.5201965715872271,1.0,0.7600982857936136,0.1545507659016293,0.36538637691475406,0.3624622483083049
913,10150.083379655418,46,435,0.10574712643678161,150365.83757629027,3268.82255600631,30.073167515258042,0.06913371842588056,100,71,0.71,1678.6768304111692,inf,0.5283721099183859,1.0,0.764186054959193,0.15247383173334372,0.3553811845793333,0.3624545009738094
914,10161.200667037298,47,435,0.10804597701149425,155214.91894379508,3302.445083910534,31.042983788759024,0.07136318112358396,100,70,0.7,1658.8320346365774,inf,0.5322364848491209,1.0,0.7661182424245605,0.15262246934951174,0.35038155617337374,0.3624413064986176
915,10172.317954419177,47,435,0.10804597701149425,155027.49820275954,3298.457408569352,31.005499640551914,0.07127701066793543,100,71,0.71,1674.0855222906705,inf,0.5277201441652754,1.0,0.7638600720826376,0.15370846929264892,0.3553842711732316,0.36243360231158117
916,10183.435241801057,47,435,0.10804597701149425,154861.0759757792,3294.916510122962,30.972215195155847,0.07120049470150769,100,71,0.71,1673.915105569626,inf,0.5276959449908869,1.0,0.7638479724954435,0.15367626110303212,0.35538419065275756,0.36242591483976133
917,10194.552529182936,49,435,0.11264367816091954,164632.13694922623,3359.8395295760456,32.926427389845244,0.07569293652837987,100,71,0.71,1673.2122790326418,inf,0.5275961436226352,1.0,0.7637980718113175,0.15594743235853115,0.35538986858089633,0.36241825030135305
918,10205.669816564816,48,435,0.1103448275862069,159354.79819703838,3319.8916291049663,31.870959639407673,0.0732665738836958,100,73,0.73,1705.6924138772372,inf,0.5190310924260766,1.0,0.7595155462130383,0.15687551383532872,0.3653921887845883,0.36242148636063837
919,10216.787103946695,48,435,0.1103448275862069,159086.93117975153,3314.3110662448235,31.817386235950302,0.0731434166343685,100,72,0.72,1687.4538084330327,inf,0.5229933484143566,1.0,0.7614966742071783,0.15582337121359513,0.360389558428034,0.36241927774332033
920,10227.904391328575,49,435,0.11264367816091954,163831.01914026449,3343.49018653601,32.766203828052895,0.07532460650127103,100,73,0.73,1701.7401910128956,inf,0.5184540678878827,1.0,0.7592270339439413,0.1580487862786648,0.3653951219656967,0.362422508844539
921,10239.021678710455,51,435,0.11724137931034483,173507.350154579,3402.104904991745,34.7014700309158,0.07977349432394437,100,73,0.73,1705.6858814433888,inf,0.5190301386907348,1.0,0.7595150693453674,0.16012921248928846,0.3654003230312232,0.3624257385779302
922,10250.138966092334,50,435,0.11494252873563218,168159.4470072155,3363.18894014431,33.6318894014431,0.07731468827917953,100,74,0.74,1722.1677543613955,inf,0.5148808276454866,1.0,0.7574404138227433,0.15993713722821812,0.37039984284307054,0.36243437791082855
923,10261.256253474214,48,435,0.1103448275862069,157667.9445002194,3284.7488437545708,31.533588900043885,0.07249100896561812,100,74,0.74,1723.7795877814692,inf,0.5151193789916574,1.0,0.7575596894958287,0.15746565973489468,0.3703936641493372,0.3624429918569741
924,10272.373540856093,47,435,0.10804597701149425,152142.439392449,3237.073178562745,30.428487878489804,0.069950546847103,100,74,0.74,1729.098967018539,inf,0.5159066471187438,1.0,0.7579533235593718,0.15599861164386564,0.37038999652910964,0.36245158321337645
925,10283.490828237973,48,435,0.1103448275862069,156604.64893987158,3262.5968529139914,31.32092978797431,0.07200213744361911,100,74,0.74,1732.1703596426594,inf,0.5163612132271136,1.0,0.7581806066135568,0.15691076541503113,0.3703922769135376,0.36246015847655155
926,10294.608115619852,49,435,0.11264367816091954,161046.6545063239,3286.666418496406,32.20933090126478,0.07404443885348225,100,74,0.74,1737.4095481074787,inf,0.5171366131199069,1.0,0.7585683065599534,0.1577380661467644,0.3703943451653669,0.3624687174697434
927,10305.725403001732,49,435,0.11264367816091954,160482.43563148918,3275.1517475814117,32.09648712629784,0.07378502787654675,100,74,0.74,1741.0414170122729,inf,0.5176741297178163,1.0,0.7588370648589082,0.1574739815088193,0.37039368495377206,0.3624772573053943
928,10316.842690383612,49,435,0.11264367816091954,159956.1454394944,3264.4111314182533,31.991229087898876,0.07354305537448018,100,74,0.74,1748.1709504688015,inf,0.5187293006693826,1.0,0.7593646503346914,0.15708920251989444,0.3703927230062997,0.36248577772057294
929,10327.959977765491,49,435,0.11264367816091954,159473.8404642213,3254.5681727392107,31.894768092844263,0.07332130596056152,100,73,0.73,1741.6909835255342,inf,0.524286883594728,1.0,0.762143441797364,0.15558893208159874,0.365388972330204,0.36248889943520696
930,10339.07726514737,51,435,0.11724137931034483,168956.10951884108,3312.8648925262955,33.79122190376821,0.07768096989372003,100,75,0.75,1779.4503311437454,inf,0.5169175496715618,1.0,0.758458774835781,0.15961109752896951,0.37539902774382244,0.36250276638290685
931,10350.19455252925,52,435,0.11954022988505747,173368.77278895193,3334.0148613259985,34.673754557790396,0.0797097805926216,100,75,0.75,1786.3061437509386,inf,0.5179459215626409,1.0,0.7589729607813205,0.1603684099056506,0.37540092102476413,0.36251660560462556
932,10361.31183991113,53,435,0.12183908045977011,177763.53866425014,3354.029031400946,35.55270773285003,0.08173036260425294,100,76,0.76,1807.7508995522367,inf,0.51477813673194,1.0,0.75738906836597,0.16217064711914148,0.38040542661779786,0.36253577904622597
933,10372.42912729301,53,435,0.12183908045977011,177222.89516411908,3343.8282106437564,35.44457903282381,0.08148179088005474,100,76,0.76,1811.712902461366,inf,0.5153803611741276,1.0,0.7576901805870637,0.1618958051464955,0.38040473951286624,0.3625549106955479
934,10383.54641467489,55,435,0.12643678160919541,186683.52792995918,3394.2459623628943,37.33670558599183,0.0858315070942341,100,77,0.77,1830.7760164704096,inf,0.511939506536443,1.0,0.7559697532682215,0.16493087691300634,0.3854123271922825,0.36257935713030376
935,10394.663702056769,55,435,0.12643678160919541,186187.36266155235,3385.2247756645884,37.237472532310484,0.08560338513174824,100,75,0.75,1809.6271465269283,inf,0.5214440719790392,1.0,0.7607220359895196,0.16244067457111427,0.3754061016864278,0.3625930609172227
936,10405.780989438648,55,435,0.12643678160919541,185757.84213566358,3377.4153115575195,37.15156842713271,0.08540590443019014,100,74,0.74,1794.6307160549811,inf,0.5256053459761373,1.0,0.7628026729880686,0.16130161572106072,0.37040325403930263,0.36260139623538923
937,10416.898276820528,54,435,0.12413793103448276,180391.24009561876,3340.578520289236,36.07824801912375,0.08293850119338793,100,72,0.72,1770.3759026279586,inf,0.5349341299784262,1.0,0.767467064989213,0.15773571810208742,0.3603943392952552,0.3625990432962207
938,10428.015564202407,54,435,0.12413793103448276,180054.3819049689,3334.3404056475724,36.010876380993786,0.08278362386435353,100,72,0.72,1766.0719455017768,inf,0.5343143601522559,1.0,0.7671571800761279,0.15781322189411284,0.3603945330547353,0.36259669557498375
939,10439.132851584287,53,435,0.12183908045977011,174740.69767196564,3296.994295697465,34.94813953439313,0.0803405506537773,100,72,0.72,1765.7701886273908,inf,0.5342709071623442,1.0,0.7671354535811721,0.15660254853630262,0.36039150637134076,0.3625943496290224
940,10450.250138966167,55,435,0.12643678160919541,184462.63573014815,3353.8661041845116,36.89252714602963,0.08481040723225201,100,71,0.71,1748.1805629434784,inf,0.538241639937974,1.0,0.769120819968987,0.1578447936316325,0.35539461198407907,0.362586698473183
941,10461.367426348046,55,435,0.12643678160919541,184112.49078905763,3347.4998325283204,36.82249815781152,0.08464942105244028,100,71,0.71,1749.0829788780475,inf,0.5383697830006828,1.0,0.7691848915003414,0.1577322647760494,0.3553943306619401,0.3625790632631923
942,10472.484713729926,56,435,0.12873563218390804,188799.37620713928,3371.4174322703443,37.75987524142786,0.08680431089983415,100,71,0.71,1749.4285515253016,inf,0.5384188543165929,1.0,0.7692094271582964,0.15879744187076889,0.3553969936046769,0.3625714470705534
943,10483.602001111805,55,435,0.12643678160919541,183471.7851851864,3335.850639730662,36.694357037037285,0.0843548437633041,100,71,0.71,1748.1524345632122,inf,0.538237645707976,1.0,0.769118822853988,0.15761801045465806,0.35539404502613664,0.36256384389042157
944,10494.719288493685,55,435,0.12643678160919541,183201.0468795429,3330.9281250825984,36.640209375908576,0.08423036638139902,100,72,0.72,1762.8501898166169,inf,0.5338504273335929,1.0,0.7669252136667964,0.1586525763573013,0.36039663144089323,0.3625615505439141
945,10505.836575875564,55,435,0.12643678160919541,182989.02174980042,3327.073122723644,36.59780434996008,0.08413288356312662,100,72,0.72,1761.7985713196688,inf,0.5336989942700323,1.0,0.7668494971350162,0.1586416932140552,0.3603966042330351,0.3625592620171584
946,10516.953863257444,55,435,0.12643678160919541,182833.52130567766,3324.2458419214117,36.566704261135534,0.0840613891060587,100,71,0.71,1745.7522308754344,inf,0.5378968167843117,1.0,0.7689484083921558,0.1575564903569514,0.3553938912258924,0.3625516956277273
947,10528.071150639324,56,435,0.12873563218390804,187716.38098127395,3352.0782318084634,37.543276196254794,0.08630638206035585,100,72,0.72,1756.4323291471248,inf,0.5329262553971859,1.0,0.7664631276985929,0.15992162718088143,0.3603998040679522,0.3625494256999216
948,10539.188438021203,54,435,0.12413793103448276,177521.22876468612,3287.4301623090023,35.50424575293722,0.08161895575387867,100,73,0.73,1772.115661512794,inf,0.5287288865808679,1.0,0.764364443290434,0.15862725623172236,0.3653965681405793,0.3625524258500171
949,10550.305725403083,56,435,0.12873563218390804,187205.88957596692,3342.962313856552,37.44117791519338,0.08607167336826065,100,73,0.73,1770.8520448307816,inf,0.5285443985452941,1.0,0.7642721992726471,0.1608997370478068,0.3654022493426195,0.36255542566421983
950,10561.423012784962,56,435,0.12873563218390804,186895.65125499977,3337.4223438392814,37.37913025099995,0.08592903505977,100,72,0.72,1753.4272087540874,inf,0.5324935180605886,1.0,0.7662467590302944,0.15984113801473776,0.3603996028450368,0.36255315876325334
951,10572.540300166842,56,435,0.12873563218390804,186632.2304540547,3332.7184009652624,37.32644609081093,0.08580792204784123,100,70,0.7,1717.3626336096247,inf,0.5404307687053475,1.0,0.7702153843526738,0.1577962688475837,0.3503944906721189,0.3625403870530735
952,10583.657587548721,56,435,0.12873563218390804,186414.51067299172,3328.830547731995,37.282902134598345,0.08570782099907666,100,70,0.7,1714.3018294537464,inf,0.5400022561235245,1.0,0.7700011280617622,0.15785334646865723,0.3503946333661716,0.36252764229579454
953,10594.774874930601,56,435,0.12873563218390804,186241.60295525403,3325.7429099152505,37.248320591050806,0.08562832319781795,100,70,0.7,1712.3806363043445,inf,0.5397332890826082,1.0,0.769866644541304,0.15788083932825692,0.35039470209832063,0.3625149243291305
954,10605.89216231248,57,435,0.1310344827586207,191101.62705271583,3352.660123731857,38.22032541054317,0.08786281703573143,100,70,0.7,1712.3956614104775,inf,0.5397353925974667,1.0,0.7698676962987334,0.158997560368499,0.35039749390092123,0.3625022359203051
955,10617.00944969436,57,435,0.1310344827586207,190992.54442420125,3350.7463934070392,38.19850888484026,0.08781266410308106,100,72,0.72,1748.8832634194728,inf,0.5318391899324041,1.0,0.7659195949662021,0.16094653456843944,0.3604023663364211,0.362500039404004
956,10628.12673707624,57,435,0.1310344827586207,190926.28363985458,3349.583923506221,38.18525672797091,0.08778219937464576,100,73,0.73,1762.727137707545,inf,0.5273581621053015,1.0,0.7636790810526508,0.16205155916099745,0.3654051288979025,0.3625030750252098
957,10639.24402445812,57,435,0.1310344827586207,190902.73869885632,3349.1708543659006,38.18054773977127,0.08777137411441671,100,72,0.72,1746.477500719616,inf,0.5314927601036248,1.0,0.7657463800518124,0.16101249703130222,0.36040253124257826,0.36250088239078115
958,10650.361311839999,58,435,0.13333333333333333,195887.85525518673,3377.376814744599,39.177571051037354,0.09006338172652266,100,72,0.72,1744.6528664441294,inf,0.5312300127679547,1.0,0.7656150063839773,0.16222418767127267,0.36040556046917815,0.3624986974878389
959,10661.478599221879,60,435,0.13793103448275862,205821.55995370922,3430.3593325618203,41.164311990741844,0.09463060227756746,100,72,0.72,1748.8460087762428,inf,0.5318338252637789,1.0,0.7659169126318894,0.16435684482283897,0.36041089211205707,0.3624965226905725
960,10672.595886603758,60,435,0.13793103448275862,205697.4920858617,3428.291534764362,41.139498417172355,0.09457355957970656,100,71,0.71,1736.8402329413232,inf,0.5366313130776679,1.0,0.7683156565388339,0.16312895152043633,0.3554078223788011,0.36248914631147594
961,10683.713173985638,60,435,0.13793103448275862,205614.47251567952,3426.9078752613254,41.12289450313591,0.0945353896623814,100,72,0.72,1753.6955191275997,inf,0.5325321547543744,1.0,0.7662660773771872,0.16413465614259715,0.3604103366403565,0.3624869853866619
962,10694.830461367517,61,435,0.14022988505747128,210531.26725884833,3451.3322501450543,42.10625345176966,0.09679598494659693,100,75,0.75,1794.615363568843,inf,0.5191923045353264,1.0,0.7595961522676632,0.16859991633946686,0.37542149979084866,0.362500416865794
963,10705.947748749397,58,435,0.13333333333333333,195379.41885924668,3368.6106699870115,39.07588377184934,0.08982961786632032,100,75,0.75,1795.6953174787589,inf,0.5193542976218137,1.0,0.7596771488109069,0.1650762345277067,0.37541269058631926,0.3625138113406078
964,10717.065036131276,58,435,0.13333333333333333,195161.74357583455,3364.8576478592163,39.032348715166904,0.08972953727624576,100,76,0.76,1813.2694349675046,inf,0.5156169541150607,1.0,0.7578084770575304,0.16596053010935763,0.3804149013252734,0.36253236169292347
965,10728.182323513156,59,435,0.135632183908046,200014.16122395595,3390.070529219592,40.002832244791186,0.09196053389607169,100,75,0.75,1801.3609422391567,inf,0.5202041413358736,1.0,0.7601020706679368,0.16592923161406742,0.3754148230790352,0.36254569757427557
966,10739.299610895036,59,435,0.135632183908046,199974.6392643732,3389.4006654978507,39.99492785287464,0.09194236288017159,100,75,0.75,1801.1749808214768,inf,0.5201762471232215,1.0,0.7600881235616108,0.16592711965928042,0.3754148177991482,0.3625590058681999
967,10750.416898276915,60,435,0.13793103448275862,205080.57975519303,3418.0096625865503,41.0161159510386,0.09428992172652552,100,75,0.75,1800.2126607772436,inf,0.5200318991165865,1.0,0.7600159495582932,0.1671369860841162,0.3754178424652103,0.36257228979030426
968,10761.534185658795,61,435,0.14022988505747128,210262.94831113215,3446.9335788710187,42.052589662226424,0.0966726199131642,100,75,0.75,1797.023784579476,inf,0.5195535676869215,1.0,0.7597767838434608,0.1684479180348517,0.37542111979508713,0.3625855496767901
969,10772.651473040674,60,435,0.13793103448275862,205444.70839551126,3424.078473258521,41.08894167910224,0.09445733719333849,100,75,0.75,1793.536178241754,inf,0.5190304267362632,1.0,0.7595152133681315,0.16747106191260341,0.3754186776547815,0.3625987797056334
970,10783.768760422554,61,435,0.14022988505747128,210568.9341689828,3451.9497404751282,42.11378683379655,0.09681330306619897,100,77,0.77,1816.8390605595828,inf,0.5097932153261757,1.0,0.7548966076630879,0.1709583477015556,0.3854273958692539,0.36262229012392755
971,10794.886047804433,60,435,0.13793103448275862,205670.66072677283,3427.8443454462135,41.13413214535457,0.09456122332265418,100,76,0.76,1796.291674014171,inf,0.513036334450154,1.0,0.7565181672250769,0.16902152804878867,0.38042255382012197,0.3626406031524216
972,10806.003335186313,59,435,0.135632183908046,200765.64367771306,3402.807519961238,40.1531287355426,0.09230604307021288,100,74,0.74,1766.960171874251,inf,0.5215101054373892,1.0,0.7607550527186946,0.16577549517575918,0.3704144387379394,0.36264859270595245
973,10817.120622568193,60,435,0.13793103448275862,205872.85614007124,3431.2142690011874,41.174571228014244,0.09465418673106722,100,73,0.73,1749.2091195258658,inf,0.5253845314507763,1.0,0.7626922657253882,0.16598096050283956,0.3654149524012571,0.3626514329109784
974,10828.237909950072,61,435,0.14022988505747128,210920.4421705735,3457.712166730713,42.18408843411471,0.0969749159404936,100,71,0.71,1718.6564013569975,inf,0.5340492089926936,1.0,0.7670246044963468,0.16497515572207339,0.35541243788930516,0.36264400830069976
975,10839.355197331952,60,435,0.13793103448275862,205726.51236911048,3428.7752061518413,41.14530247382209,0.09458690223867147,100,70,0.7,1702.6067300895957,inf,0.5383649422125435,1.0,0.7691824711062718,0.1627022155661998,0.3504067555389155,0.36263147013188646
976,10850.472484713831,60,435,0.13793103448275862,205543.9686039644,3425.7328100660734,41.10879372079289,0.09450297407078825,100,71,0.71,1717.318485983459,inf,0.5338592250096511,1.0,0.7669296125048255,0.16378668078298142,0.35540946670195744,0.36262407811199915
977,10861.589772095711,60,435,0.13793103448275862,205222.5032407487,3420.375054012478,41.04450064814973,0.09435517390379249,100,72,0.72,1730.9093214611237,inf,0.5292509422904018,1.0,0.764625471145201,0.16486485137929574,0.36041216212844823,0.3626218164392143
978,10872.70705947759,60,435,0.13793103448275862,204938.7225823305,3415.6453763721747,40.987744516466094,0.09422470003785309,100,73,0.73,1742.3871824030145,inf,0.5243885286308402,1.0,0.76219426431542,0.16601521786121654,0.36541503804465303,0.36262466957670714
979,10883.82434685947,61,435,0.14022988505747128,209681.63446598896,3437.403843704737,41.93632689319778,0.09640534917976501,100,74,0.74,1757.12004659606,inf,0.520053766896217,1.0,0.7600268834481085,0.1681892328658282,0.3704204730821646,0.3626326244782433
980,10894.94163424135,62,435,0.1425287356321839,214426.64679008478,3458.4943030658837,42.88532935801695,0.09858696404141828,100,74,0.74,1753.2412089487525,inf,0.5194796989244154,1.0,0.7597398494622076,0.16942355728960534,0.37042355889322404,0.3626405663074125
981,10906.05892162323,62,435,0.1425287356321839,214057.82840533298,3452.545619440855,42.81156568106658,0.098417392370268,100,74,0.74,1753.9617887484872,inf,0.519586344734776,1.0,0.7597931723673881,0.16931211000143997,0.3704232802750036,0.36264849167805163
982,10917.176209005109,63,435,0.14482758620689656,218659.62582053928,3470.7877114371313,43.73192516410785,0.10053316129679965,100,74,0.74,1750.126248332759,inf,0.5190186847532483,1.0,0.7595093423766242,0.17051190946008776,0.3704262797736502,0.3626564039751987
983,10928.293496386988,63,435,0.14482758620689656,218270.94947879572,3464.61824569517,43.65418989575914,0.10035445953048078,100,74,0.74,1747.1880391142022,inf,0.5185838297889018,1.0,0.7592919148944509,0.17053127231801496,0.370426328180795,0.36266430023963525
984,10939.410783768868,61,435,0.14022988505747128,207808.88473708558,3406.703028476813,41.5617769474171,0.0955443148216485,100,73,0.73,1727.542706362518,inf,0.5222212351289276,1.0,0.7611106175644637,0.16721684862859243,0.3654180421215715,0.3626670959166728
985,10950.528071150748,61,435,0.14022988505747128,207331.7561487809,3398.8812483406705,41.46635122975618,0.09532494535576133,100,73,0.73,1725.9412652742253,inf,0.5219874247300368,1.0,0.7609937123650183,0.16716561649537154,0.3654179140412384,0.36266988579306686
986,10961.645358532627,61,435,0.14022988505747128,206923.8532203526,3392.194315087748,41.384770644070535,0.0951374037794725,100,74,0.74,1739.8909958361699,inf,0.5175038673837531,1.0,0.7587519336918765,0.168192735043798,0.3704204818376095,0.362677738473963
987,10972.762645914507,61,435,0.14022988505747128,206580.98529266033,3386.5735293878743,41.31619705853208,0.09497976335294732,100,74,0.74,1740.9953278621674,inf,0.5176673085236008,1.0,0.7588336542618004,0.16807305454557342,0.37042018263636395,0.36268557495590875
988,10983.879933296386,61,435,0.14022988505747128,206237.9758753829,3380.950424186605,41.24759517507658,0.09482205787373928,100,73,0.73,1730.1110485826819,inf,0.5225962130930715,1.0,0.7612981065465357,0.1667619756636018,0.365416904939159,0.3626883366646886
989,10994.997220678266,62,435,0.1425287356321839,210899.69048878743,3401.6079111094746,42.1799380977575,0.09696537493737356,100,73,0.73,1733.1272232115577,inf,0.5230365745888874,1.0,0.7615182872944437,0.16772354382146493,0.36541930885955365,0.3626910952224611
990,11006.114508060145,62,435,0.1425287356321839,210493.22123826566,3395.0519554558978,42.09864424765313,0.09677849252334052,100,73,0.73,1738.2224436950337,inf,0.523780476779475,1.0,0.7618902383897375,0.16744412706680156,0.365418610317667,0.36269384750812733
991,11017.231795442025,61,435,0.14022988505747128,205049.1406984494,3361.4613229254,41.00982813968987,0.09427546698779281,100,74,0.74,1760.8064559826198,inf,0.5205993554854276,1.0,0.7602996777427138,0.1669878946225395,0.37041746973655637,0.3627016334176318
992,11028.349082823905,61,435,0.14022988505747128,204647.5883176837,3354.8784970112083,40.92951766353672,0.0940908452035327,100,73,0.73,1750.286668766438,inf,0.5255418536398999,1.0,0.76277092681995,0.16565995919179138,0.3654141498979795,0.36270436505557774
993,11039.466370205784,61,435,0.14022988505747128,204295.00242435222,3349.0984003992166,40.85900048487044,0.0939287367468286,100,74,0.74,1770.5853653462461,inf,0.5220466340712444,1.0,0.7610233170356222,0.16645270985560323,0.370416131774639,0.36271212337219644
994,11050.583657587664,61,435,0.14022988505747128,203912.85254399804,3342.833648262263,40.7825705087996,0.09375303565241287,100,74,0.74,1772.9477992976415,inf,0.522396274296051,1.0,0.7611981371480254,0.16627744925219368,0.3704156936231305,0.3627198656538557
995,11061.700944969543,62,435,0.1425287356321839,208504.58719948263,3362.977212894881,41.70091743989652,0.09586417802275063,100,72,0.72,1747.4671927963773,inf,0.5316352757626784,1.0,0.7658176378813393,0.16502327007070572,0.36041255817517676,0.36271754908008197
996,11072.818232351423,62,435,0.1425287356321839,208139.89343816854,3357.0950554543315,41.62797868763371,0.09569650273019242,100,71,0.71,1732.5978518387474,inf,0.5360288949611022,1.0,0.768014447480551,0.16384102762482067,0.355409602569062,0.362710219143762
997,11083.935519733302,62,435,0.1425287356321839,207824.30465547543,3352.004913797991,41.5648609310951,0.09555140443929908,100,71,0.71,1735.2714084653974,inf,0.5364085400020865,1.0,0.7682042700010432,0.16367356721912796,0.3554091839180478,0.36270290347720313
998,11095.052807115182,62,435,0.1425287356321839,207558.32239584724,3347.714877352375,41.51166447916945,0.09542911374521712,100,70,0.7,1722.0468177831558,inf,0.5410865544896418,1.0,0.7705432772448209,0.16244291825019808,0.3504061072956255,0.36269059437191625
999,11106.170094497062,62,435,0.1425287356321839,207342.53780446088,3344.234480717111,41.468507560892164,0.09532990243883256,100,71,0.71,1741.9296675840158,inf,0.5373540127969303,1.0,0.7686770063984651,0.1633264480201837,0.3554083161200504,0.36268331209366445
1000,11117.287381878941,62,435,0.1425287356321839,207132.3282126679,3340.8440034301275,41.42646564253357,0.09523325435065189,100,71,0.71,1745.9326772740028,inf,0.5379224401729084,1.0,0.7689612200864542,0.1631360171320989,0.3554078400428302,0.36267604388981745
1001,11128.40466926082,62,435,0.1425287356321839,206921.8587488544,3337.449334658942,41.38437174977087,0.09513648678108247,100,71,0.71,1754.3918288799443,inf,0.5391236397009522,1.0,0.7695618198504761,0.16278733346530316,0.35540696833366325,0.3626687893233942
1002,11139.5219566427,61,435,0.14022988505747128,201732.29123959766,3307.0867416327487,40.346458247919536,0.0927504787308495,100,70,0.7,1740.8781375961032,inf,0.5437229392634544,1.0,0.7718614696317272,0.16044450454956116,0.35040111126137385,0.36265655833828747
1003,11150.63924402458,61,435,0.14022988505747128,201474.89357812505,3302.8671078381153,40.294978715625,0.09263213497844827,100,68,0.68,1708.7938690375863,inf,0.5523959661891117,1.0,0.7761979830945558,0.15821707594194623,0.3403955426898549,0.3626343860119444
1004,11161.75653140646,62,435,0.1425287356321839,206256.3654468487,3326.7155717233663,41.25127308936975,0.09483051284912586,100,67,0.67,1689.8388679294553,inf,0.556438408302547,1.0,0.7782192041512734,0.15830565434892618,0.33539576413587235,0.36260728290560007
1005,11172.87381878834,62,435,0.1425287356321839,206040.5595694285,3323.2348317649758,41.2081119138857,0.09473129175605909,100,67,0.67,1694.3653818483747,inf,0.5570449611676822,1.0,0.7785224805838411,0.15810440558610894,0.3353952610139653,0.3625802331820497
1006,11183.991106170219,63,435,0.14482758620689656,210876.75565945712,3347.2500898326525,42.17535113189142,0.09695483018825614,100,67,0.67,1696.3785500177282,inf,0.5573147257023756,1.0,0.7786573628511878,0.15914873366853416,0.33539787183417136,0.3625532397745543
1007,11195.108393552098,63,435,0.14482758620689656,210765.53008066915,3345.484604455066,42.15310601613384,0.09690369199111228,100,69,0.69,1730.5553339426742,inf,0.548816636084089,1.0,0.7744083180420445,0.16124768697453395,0.3454031192174363,0.3625362257660651
1008,11206.225680933978,63,435,0.14482758620689656,210625.3656160459,3343.2597716832684,42.12507312320917,0.09683924855910155,100,69,0.69,1732.3231646131028,inf,0.5490605967166082,1.0,0.7745302983583041,0.16115447510039876,0.34540288618775095,0.3625192452511213
1009,11217.342968315857,62,435,0.1425287356321839,205478.21542837194,3314.164764973741,41.095643085674396,0.09447274272568827,100,69,0.69,1730.4304116575577,inf,0.548799396808743,1.0,0.7743996984043715,0.16003652216065833,0.3454000913054016,0.3625022955937493
1010,11228.460255697737,62,435,0.1425287356321839,205333.8210161869,3311.835822841724,41.06676420323738,0.09440635449020088,100,71,0.71,1764.2487333324968,inf,0.5405233201332146,1.0,0.7702616600666072,0.16207234721179686,0.35540518086802947,0.36249527569787815
1011,11239.577543079617,62,435,0.1425287356321839,205243.09283928963,3310.372465149833,41.048618567857936,0.09436464038588031,100,71,0.71,1766.6675229289312,inf,0.5408667882559083,1.0,0.7704333941279542,0.161965623128963,0.3554049140578224,0.36248826941167256
1012,11250.694830461496,61,435,0.14022988505747128,200187.61975240253,3281.7642582361073,40.03752395048052,0.09204028494363338,100,69,0.69,1743.6960791536544,inf,0.5506300589232044,1.0,0.7753150294616022,0.15836262774101562,0.34539590656935254,0.3624713963980079
1013,11261.812117843376,61,435,0.14022988505747128,200168.60133444387,3281.4524808925225,40.03372026688877,0.09203154084342247,100,68,0.68,1730.2190028921352,inf,0.5553097843933305,1.0,0.7776548921966653,0.1571883243233786,0.3403929708108085,0.3624496228027543
1014,11272.929405225255,60,435,0.13793103448275862,195138.4542198049,3252.3075703300815,39.02769084396097,0.08971882952634705,100,68,0.68,1731.2280308559075,inf,0.5554470121964035,1.0,0.7777235060982017,0.1559976617140727,0.3403899941542852,0.3624278891784701
1015,11284.046692607135,60,435,0.13793103448275862,195131.5358504556,3252.19226417426,39.02630717009112,0.08971564866687615,100,69,0.69,1748.991890427771,inf,0.5513608808790325,1.0,0.7756804404395162,0.15701760411368,0.3453925440102842,0.3624111221064541
1016,11295.163979989014,61,435,0.14022988505747128,200159.70259323227,3281.306599889054,40.03194051864646,0.09202744946815278,100,69,0.69,1751.2495342270165,inf,0.5516724357233282,1.0,0.7758362178616641,0.15809561580324433,0.3453952390395081,0.3623943906580107
1017,11306.281267370894,62,435,0.1425287356321839,205155.68359150892,3308.9626385727247,41.03113671830177,0.09432445222598107,100,68,0.68,1735.79771157923,inf,0.5560684887747752,1.0,0.7780342443873876,0.1581451039192967,0.34039536275979826,0.36237278061095946
1018,11317.398554752774,62,435,0.1425287356321839,205140.23655080903,3308.713492754984,41.02804731016182,0.09431735013830303,100,68,0.68,1739.4370160148098,inf,0.5565634341780141,1.0,0.7782817170890071,0.15801781652464797,0.34039504454131164,0.36235121266584697
1019,11328.515842134653,62,435,0.1425287356321839,205205.61168469477,3309.7679303983027,41.04112233693896,0.09434740767112405,100,68,0.68,1743.7001802772766,inf,0.5571432245177096,1.0,0.7785716122588549,0.15788789770613465,0.3403947197442654,0.3623296866923944
1020,11339.633129516533,62,435,0.1425287356321839,205362.37690105083,3312.296401629852,41.07247538021017,0.09441948363266706,100,68,0.68,1747.7643099652225,inf,0.5576959461552703,1.0,0.7788479730776352,0.15778575527751593,0.3403944643881938,0.3623082026352894
1021,11350.750416898412,62,435,0.1425287356321839,205600.49032434454,3316.1369407152347,41.120098064868905,0.09452896106866415,100,68,0.68,1752.5097199226752,inf,0.5583413219094839,1.0,0.779170660954742,0.1576791500569611,0.3403941978751424,0.362286760360573
1022,11361.867704280292,62,435,0.1425287356321839,205905.97214983555,3321.0640669328313,41.181194429967114,0.09466941248268303,100,67,0.67,1741.7981549108442,inf,0.5634009527580531,1.0,0.7817004763790265,0.15648446805182825,0.3353912111701296,0.3622604695011493
1023,11372.984991662172,60,435,0.13793103448275862,196226.27166531017,3270.437861088503,39.24525433306203,0.09021897547830351,100,65,0.65,1702.482117572515,inf,0.5713226752844269,1.0,0.7856613376422135,0.15227881891804507,0.3253806970472951,0.36222445409836235
1024,11384.102279044051,60,435,0.13793103448275862,196585.39125562937,3276.4231875938226,39.31707825112588,0.09038408793362271,100,65,0.65,1699.2084241825487,inf,0.5708970951437313,1.0,0.7854485475718657,0.15246777018087848,0.3253811694254522,0.36218850943038877
1025,11395.21956642593,60,435,0.13793103448275862,197009.70965071235,3283.4951608452056,39.40194193014247,0.09057917685090223,100,65,0.65,1702.1970324837912,inf,0.5712856142228928,1.0,0.7856428071114464,0.15246818486972796,0.32538117046217435,0.3621526348310045
1026,11406.33685380781,61,435,0.14022988505747128,202448.54823208362,3318.828659542354,40.48970964641672,0.09307979229061315,100,65,0.65,1699.3302010431535,inf,0.57091292613561,1.0,0.7854564630678049,0.15381166461140416,0.32538452916152855,0.36211683336491934
1027,11417.45414118969,61,435,0.14022988505747128,202956.9789780337,3327.163589803831,40.59139579560675,0.09331355355311896,100,65,0.65,1698.4404627064537,inf,0.570797260151839,1.0,0.7853986300759195,0.1539574617385997,0.32538489365434653,0.3620811019060569
1028,11428.57142857157,61,435,0.14022988505747128,203509.17304615112,3336.215951576248,40.701834609230225,0.09356743588328788,100,65,0.65,1699.328752908908,inf,0.5709127378781581,1.0,0.785456368939079,0.15405553347210443,0.32538513883368025,0.3620454401343636
1029,11439.688715953449,62,435,0.1425287356321839,209022.21799574763,3371.326096705607,41.80444359914953,0.09610216919344719,100,65,0.65,1694.9393488797637,inf,0.5703421153543693,1.0,0.7851710576771846,0.15546555575813126,0.32538866388939536,0.36200985103121314
1030,11450.806003335329,60,435,0.13793103448275862,199506.3674408401,3325.106124014002,39.901273488168016,0.09172706549004142,100,65,0.65,1691.1668260587721,inf,0.5698516873876404,1.0,0.7849258436938202,0.15340061089811063,0.32538350152724527,0.3619743259589494
1031,11461.923290717208,60,435,0.13793103448275862,200012.63120394063,3333.5438533990105,40.00252624078814,0.09195983043859343,100,66,0.66,1705.9304814825416,inf,0.5651828235556955,1.0,0.7825914117778477,0.1546842093303728,0.33038671052332597,0.3619437178044575
1032,11473.040578099088,60,435,0.13793103448275862,200600.9928858169,3343.3498814302816,40.12019857716338,0.09223034155669742,100,66,0.66,1700.9751987370717,inf,0.5645287262332934,1.0,0.7822643631166467,0.15498298922002535,0.3303874574730501,0.36191316963375914
1033,11484.157865480967,61,435,0.14022988505747128,206194.48397153057,3380.237442156239,41.23889679430612,0.09480206159610603,100,66,0.66,1696.516048009009,inf,0.5639401183371892,1.0,0.7819700591685945,0.15641600121375576,0.33039104000303443,0.3618826840151607
1034,11495.275152862847,61,435,0.14022988505747128,206839.3659914671,3390.8092785486406,41.367873198293424,0.09509855907653661,100,67,0.67,1708.261657992637,inf,0.5589070621710134,1.0,0.7794535310855066,0.15782251399551495,0.3353945562849888,0.36185709162121854
1035,11506.392440244726,62,435,0.1425287356321839,212534.9231651326,3427.9826316956874,42.50698463302652,0.09771720605293453,100,69,0.69,1739.6016025194888,inf,0.5500650211476895,1.0,0.7750325105738447,0.16134234773954492,0.34540335586934884,0.36184120963690203
1036,11517.509727626606,61,435,0.14022988505747128,208262.0812909126,3414.132480178895,41.65241625818252,0.09575268105329315,100,70,0.7,1753.443690303092,inf,0.5454821166424328,1.0,0.7727410583212164,0.16150581136603837,0.3504037645284151,0.36183018027807035
1037,11528.627015008486,61,435,0.14022988505747128,209009.75098634168,3426.389360431831,41.80195019726835,0.09609643723509965,100,71,0.71,1769.2115971219796,inf,0.5412280467913211,1.0,0.7706140233956605,0.16274120691971955,0.3554068530172993,0.36182399210151855
1038,11539.744302390365,61,435,0.14022988505747128,209720.22260889312,3438.036436211363,41.94404452177863,0.09642309085466351,100,70,0.7,1750.5333390172495,inf,0.545074667462415,1.0,0.7725373337312075,0.161942878561728,0.3504048571964043,0.3618130015963163
1039,11550.861589772245,63,435,0.14482758620689656,220356.4572336378,3497.7215433910765,44.071291446727564,0.10131331367063807,100,70,0.7,1749.8414789672186,inf,0.5449778070554105,1.0,0.7724889035277053,0.16441220507146642,0.35041103051267863,0.36180203816258205
1040,11561.978877154124,61,435,0.14022988505747128,210908.86883401946,3457.5224399019585,42.181773766803886,0.09696959486621583,100,71,0.71,1764.1646916011368,inf,0.5405113862073614,1.0,0.7702556931036807,0.16335695088126762,0.3554083923772032,0.3617958963318565
1041,11573.096164536004,62,435,0.1425287356321839,216467.4978631532,3491.4112558573097,43.29349957263064,0.09952528637386353,100,74,0.74,1805.8476829493168,inf,0.5272654570764987,1.0,0.7636327285382494,0.1679462789178071,0.3704198656972945,0.3618041726940114
1042,11584.213451917884,61,435,0.14022988505747128,212056.06001742586,3476.328852744686,42.41121200348516,0.09749703908847164,100,74,0.74,1799.7194450593297,inf,0.5263584778687808,1.0,0.7631792389343903,0.1671589000770407,0.3704178972501926,0.3618124312985715
1043,11595.330739299763,61,435,0.14022988505747128,212683.00854671284,3486.6066974870955,42.53660170934257,0.09778529128584498,100,72,0.72,1766.6993951402458,inf,0.5344047129001954,1.0,0.7672023564500977,0.16529146741787365,0.3604132286685447,0.36181109106616727
1044,11606.448026681643,60,435,0.13793103448275862,208300.45900798572,3471.674316799762,41.660091801597154,0.09577032598068311,100,74,0.74,1788.8631641479626,inf,0.5247517482938985,1.0,0.7623758741469493,0.16669722591686686,0.37041674306479216,0.36181932613985013
1045,11617.565314063522,60,435,0.13793103448275862,208860.88355303733,3481.0147258839556,41.77217671060747,0.09602799243817808,100,74,0.74,1781.7955115699583,inf,0.5237057357123538,1.0,0.7618528678561769,0.16708756229100064,0.3704177189057275,0.3618275464006206
1046,11628.682601445402,60,435,0.13793103448275862,209460.85114383328,3491.014185730555,41.892170228766645,0.0963038396063601,100,75,0.75,1791.1199344868926,inf,0.5186679901730339,1.0,0.759333995086517,0.1684849222599215,0.3754212123056498,0.3618405298446559
1047,11639.799888827281,59,435,0.135632183908046,205095.2171546551,3476.190121265341,41.01904343093102,0.09429665156535867,100,74,0.74,1770.3304382148408,inf,0.5220089048557964,1.0,0.7610044524278983,0.16664609956873022,0.37041661524892183,0.3618487131322554
1048,11650.917176209161,59,435,0.135632183908046,205664.98475654115,3485.8471992634095,41.13299695130823,0.09455861368116834,100,74,0.74,1760.7657400370051,inf,0.5205933295254768,1.0,0.7602966647627384,0.16713097445921493,0.37041782743614804,0.36185688197334587
1049,11662.03446359104,58,435,0.13333333333333333,201242.40420878938,3469.696624289472,40.24848084175788,0.09252524331438594,100,74,0.74,1749.30603375857,inf,0.5188972929962684,1.0,0.7594486464981343,0.16653829840812584,0.37041634574602034,0.3618650338436056
1050,11673.15175097292,57,435,0.1310344827586207,196775.63357189525,3452.204097752548,39.35512671437905,0.09047155566523919,100,74,0.74,1738.7582902449162,inf,0.5173362269562476,1.0,0.7586681134781238,0.16590172109355766,0.3704147543027339,0.3618731686870491
1051,11684.2690383548,56,435,0.12873563218390804,192237.03871402788,3432.804262750498,38.447407742805574,0.08838484538575994,100,74,0.74,1729.9827888957495,inf,0.5160374527565709,1.0,0.7580187263782854,0.16518305950373724,0.3704129576487593,0.36188128635716477
1052,11695.38632573668,56,435,0.12873563218390804,192720.4608675871,3441.4368012069126,38.54409217351742,0.08860710844486763,100,75,0.75,1740.0976426613104,inf,0.5110146463991966,1.0,0.7555073231995983,0.16654989262263464,0.3754163747315566,0.36189414019227817
1053,11706.503613118559,55,435,0.12643678160919541,188225.20214071887,3422.2764025585248,37.64504042814377,0.08654032282331901,100,75,0.75,1734.933224721901,inf,0.510239983708285,1.0,0.7551199918541425,0.16571016548458828,0.3754142754137115,0.3619069676450499
1054,11717.620900500438,54,435,0.12413793103448276,183727.4779401036,3402.360702594511,36.74549558802072,0.08447240365062234,100,75,0.75,1734.3022424942526,inf,0.510145336374138,1.0,0.755072668187069,0.1646998677317767,0.37541174966932944,0.3619197683863052
1055,11728.738187882318,54,435,0.12413793103448276,184229.64809441322,3411.660149896541,36.84592961888265,0.08470328648019,100,75,0.75,1732.5782927042078,inf,0.5098867439056312,1.0,0.7549433719528156,0.1648799572636872,0.3754121998931592,0.3619325453100806
1056,11739.855475264198,54,435,0.12413793103448276,184762.0749595402,3421.5199066581517,36.952414991908036,0.0849480804411679,100,75,0.75,1731.972012741043,inf,0.5097958019111565,1.0,0.7548979009555783,0.16502508974279484,0.37541256272435697,0.36194529840129563
1057,11750.972762646077,55,435,0.12643678160919541,190296.30151799438,3459.932754872625,38.059260303598876,0.08749255242206638,100,76,0.76,1743.44429948089,inf,0.5050035335210952,1.0,0.7525017667605476,0.16749539283075943,0.3804187384820769,0.3619627591197085
1058,11762.090050027957,55,435,0.12643678160919541,190848.80281566898,3469.9782330121634,38.169760563133806,0.08774657600720415,100,77,0.77,1756.0574191587932,inf,0.5004328425504542,1.0,0.7502164212752271,0.16876507736598856,0.38542191269341497,0.36198491129494337
1059,11773.207337409836,55,435,0.12643678160919541,191432.51520850154,3480.591185609119,38.28650304170033,0.08801494952115017,100,77,0.77,1754.2431618362332,inf,0.50015344692278,1.0,0.75007672346139,0.1689691130298801,0.3854224227825747,0.3620070221548374
1060,11784.324624791716,56,435,0.12873563218390804,197017.34034280243,3518.1667918357575,39.403468068560485,0.09058268521508157,100,78,0.78,1767.380025231697,inf,0.4957112839361447,1.0,0.7478556419680724,0.17136352162350454,0.39042840880405877,0.3620338095126594
1061,11795.441912173595,57,435,0.1310344827586207,202585.10165723338,3554.1245904777784,40.51702033144667,0.09314257547459005,100,79,0.79,1781.6637897373257,inf,0.4915028787784974,1.0,0.7457514393892487,0.17369556804267067,0.3954342389201067,0.36206526001115985
1062,11806.559199555475,57,435,0.1310344827586207,203182.3372350267,3564.6024076320473,40.63646744700535,0.09341716654483989,100,80,0.8,1799.011765436106,inf,0.48784188246977694,1.0,0.7439209412348885,0.17474811265497564,0.40043687028163744,0.36210135748084044
1063,11817.676486937355,56,435,0.12873563218390804,198807.94175827852,3550.1418171121163,39.7615883516557,0.09140595023369127,100,78,0.78,1772.270458668617,inf,0.4964741915523043,1.0,0.7482370957761522,0.17158442722876954,0.39042896106807196,0.3621279811684225
1064,11828.793774319234,56,435,0.12873563218390804,199420.90935811034,3561.087667109113,39.88418187162207,0.091687774417522,100,76,0.76,1741.7739410147371,inf,0.50474963903424,1.0,0.75237481951712,0.16965647745020096,0.3804241411936255,0.36214516066140384
1065,11839.911061701114,56,435,0.12873563218390804,200070.07438301234,3572.679899696649,40.014014876602474,0.09198624109563787,100,78,0.78,1773.1932519091415,inf,0.4966181472978261,1.0,0.7483090736489131,0.17183858372336236,0.3904295964593084,0.3621716939032405
1066,11851.028349082993,56,435,0.12873563218390804,200701.05623436166,3583.947432756458,40.14021124687234,0.0922763476939594,100,77,0.77,1763.3399280402377,inf,0.5015543489181965,1.0,0.7507771744590983,0.17074958661743056,0.38542687396654357,0.3621934888236372
1067,11862.145636464873,55,435,0.12643678160919541,196360.14829318924,3570.1845144216227,39.272029658637855,0.09028052795089161,100,76,0.76,1749.2185767888093,inf,0.505881223671899,1.0,0.7529406118359495,0.16866995805747104,0.38042167489514367,0.36221055641359184
1068,11873.262923846753,54,435,0.12413793103448276,191912.1600557761,3553.9288899217795,38.38243201115521,0.08823547588771312,100,76,0.76,1755.0620625384365,inf,0.5067694335058422,1.0,0.7533847167529211,0.167425379567396,0.3804185634489185,0.3622275891610524
1069,11884.380211228632,52,435,0.11954022988505747,182474.09357441633,3509.117184123391,36.494818714883266,0.08389613497674314,100,77,0.77,1773.7863321816035,inf,0.5031630951559669,1.0,0.7515815475779835,0.16615729369937982,0.38541539323424845,0.3622492600059806
1070,11895.497498610512,53,435,0.12183908045977011,187953.59208288806,3546.294190243171,37.59071841657761,0.08641544463581059,100,79,0.79,1801.9327097515336,inf,0.4947053681407423,1.0,0.7473526840703711,0.1695313802827197,0.39542382845070684,0.3622802353266573
1071,11906.614785992391,53,435,0.12183908045977011,188475.4575986657,3556.1407094087867,37.69509151973314,0.08665538280398423,100,79,0.79,1801.6552948538435,inf,0.49466153658690737,1.0,0.7473307682934537,0.16966230725526527,0.39542415576813816,0.36231115316289003
1072,11917.73207337427,51,435,0.11724137931034483,178967.8779969248,3509.1740783710743,35.79357559938496,0.08228408183766657,100,81,0.81,1830.4487793964017,inf,0.486532702262217,1.0,0.7432663511311085,0.16950886535327908,0.4054237721633832,0.36235133267733594
1073,11928.84936075615,50,435,0.11494252873563218,174417.21783578402,3488.3443567156805,34.8834435671568,0.08019182429231449,100,82,0.82,1838.8089881876094,inf,0.481564674062768,1.0,0.740782337031384,0.16970474363046528,0.41042426185907616,0.36239609331903216
1074,11939.96664813803,50,435,0.11494252873563218,174836.21152601342,3496.7242305202685,34.96724230520268,0.08038446506943145,100,83,0.83,1846.6592974379703,inf,0.4765454433747031,1.0,0.7382727216873516,0.17105587169103992,0.4154276396792276,0.36244542499006493
1075,11951.08393551991,52,435,0.11954022988505747,185262.229860196,3562.735189619154,37.05244597203921,0.08517803671733151,100,83,0.83,1840.9724636459368,inf,0.47560142896522556,1.0,0.7378007144826128,0.17368866111735942,0.41543422165279337,0.36249467108361766
1076,11962.20122290179,52,435,0.11954022988505747,185623.4228906132,3569.6812094348693,37.124684578122654,0.08534410247844289,100,83,0.83,1834.6605109745108,inf,0.4745536448217688,1.0,0.7372768224108844,0.17403364003377925,0.41543508410008445,0.36254382652745837
1077,11973.318510283669,51,435,0.11724137931034483,180991.57994514977,3548.854508728427,36.19831598902996,0.0832145195150114,100,82,0.82,1818.3513221664066,inf,0.4782096168352908,1.0,0.7391048084176454,0.172054855548683,0.41043013713887166,0.3625882479658734
1078,11984.435797665548,51,435,0.11724137931034483,181343.47814108324,3555.7544733545733,36.26869562821665,0.08337631178900379,100,82,0.82,1814.1990872085482,inf,0.47752865030220204,1.0,0.738764325151101,0.1723059933189514,0.41043076498329734,0.3626325876480026
1079,11995.553085047428,51,435,0.11724137931034483,181688.1869034835,3562.513468695755,36.3376373806967,0.08353479857631425,100,80,0.8,1787.0191186884263,inf,0.4859230589901482,1.0,0.7429615294950741,0.17028663454062004,0.40042571658635157,0.3626675812859085
1080,12006.670372429307,49,435,0.11264367816091954,171948.24566674288,3509.1478707498545,34.38964913334858,0.07905666467436455,100,79,0.79,1769.956955307734,inf,0.489653198938622,1.0,0.7448265994693111,0.1671150326025267,0.3954177875815063,0.3626978774989479
1081,12017.787659811187,49,435,0.11264367816091954,172199.84079337856,3514.282465170991,34.43996815867572,0.07917234059465682,100,80,0.8,1781.619829573136,inf,0.48505917273170174,1.0,0.7425295863658509,0.16832137711440293,0.400420803442786,0.36273274157098473
1082,12028.904947193067,49,435,0.11264367816091954,172478.2499268496,3519.9642842214203,34.495649985369916,0.07930034479395383,100,80,0.8,1781.9357552993831,inf,0.48510972084790116,1.0,0.7425548604239506,0.1683727421850016,0.4004209318554625,0.3627675413773416
1083,12040.022234574946,47,435,0.10804597701149425,162724.42536697807,3462.2218163186826,32.54488507339562,0.07481582775493245,100,80,0.8,1782.901928405769,inf,0.485264308544923,1.0,0.7426321542724614,0.1660918367412355,0.4004152295918531,0.36280227171702284
1084,12051.139521956826,46,435,0.10574712643678161,157792.29633040834,3430.267311530616,31.558459266081666,0.07254818222087739,100,79,0.79,1770.1371710849262,inf,0.48968167303141835,1.0,0.7448408365157092,0.16385367285258406,0.3954096341821315,0.3628323245856543
1085,12062.256809338705,46,435,0.10574712643678161,157865.96109557798,3431.8687194690865,31.573192219115597,0.07258205107842666,100,79,0.79,1776.4493111032155,inf,0.49067899115430796,1.0,0.745339495577154,0.1636212777506364,0.39540905319437664,0.3628623215733235
1086,12073.374096720585,46,435,0.10574712643678161,157969.79160429622,3434.1259044412222,31.59395832085925,0.0726297892433546,100,80,0.8,1792.1211906322055,inf,0.48673939050115295,1.0,0.7433696952505765,0.164630046996389,0.400411575117491,0.36289686550482686
1087,12084.491384102465,46,435,0.10574712643678161,158103.2264492482,3437.026661940178,31.620645289849637,0.07269113859735549,100,80,0.8,1791.9829760982043,inf,0.48671727617571264,1.0,0.7433586380878563,0.16466625025474957,0.4004116656256369,0.36293134601964383
1088,12095.608671484344,46,435,0.10574712643678161,158265.2931814561,3440.5498517707847,31.653058636291217,0.07276565203745107,100,81,0.81,1803.7344370851117,inf,0.4822049788077882,1.0,0.7411024894038941,0.1658315813167785,0.40541457895329197,0.3629703572528244
1089,12106.725958866224,46,435,0.10574712643678161,158454.7536300584,3444.6685571751827,31.690950726011682,0.07285276028968203,100,81,0.81,1804.0957313988367,inf,0.4822635084866115,1.0,0.7411317542433058,0.1658605030231881,0.405414651257558,0.36300929697209483
1090,12117.843246248103,46,435,0.10574712643678161,158670.2597912673,3449.3534737232026,31.734051958253474,0.0729518435821919,100,81,0.81,1805.0925743200073,inf,0.4824249970398412,1.0,0.7412124985199207,0.1658696725311356,0.40541467418132787,0.3630481653288402
1091,12128.960533629983,47,435,0.10804597701149425,163891.21086783017,3487.0470397410677,32.778242173566035,0.07535228085877249,100,81,0.81,1806.6478355396064,inf,0.48267694935741623,1.0,0.7413384746787082,0.1670069030900322,0.4054175172577251,0.3630869651016688
1092,12140.077821011862,47,435,0.10804597701149425,164121.45385703022,3491.9458267453238,32.82429077140605,0.07545813970438171,100,81,0.81,1802.8890569477453,inf,0.48206802722553477,1.0,0.7410340136127673,0.16721206304580716,0.4054180301576145,0.3631256943469167
1093,12151.195108393742,47,435,0.10804597701149425,164373.50762380232,3497.308672846858,32.87470152476047,0.07557402649370222,100,80,0.8,1789.1698139719833,inf,0.48626717023551735,1.0,0.7431335851177587,0.1662202206879717,0.40041555055171996,0.3631597801386944
1094,12162.312395775622,48,435,0.1103448275862069,169631.70895530557,3533.993936568866,33.92634179106112,0.07799159032427844,100,81,0.81,1798.6005743417747,inf,0.4813732930433675,1.0,0.7406866465216837,0.1686524719012974,0.4054216311797533,0.3631983754364488
1095,12173.429683157501,48,435,0.1103448275862069,169852.3678763258,3538.590997423454,33.97047357526516,0.07809304270175899,100,81,0.81,1792.9899508038768,inf,0.48046437203022807,1.0,0.740232186015114,0.1689304283433225,0.4054223260708583,0.3632369009388524
1096,12184.54697053938,48,435,0.1103448275862069,170092.45385434784,3543.5927886322465,34.01849077086956,0.07820342705947025,100,80,0.8,1773.5250950894874,inf,0.48376401521431794,1.0,0.7418820076071589,0.16816070972615565,0.4004204017743154,0.3632707965640443
1097,12195.66425792126,48,435,0.1103448275862069,170328.44020837097,3548.5091710077286,34.06568804167419,0.07831192653258436,100,80,0.8,1768.6106140278807,inf,0.482977698244461,1.0,0.7414888491222305,0.168411538705177,0.40042102884676295,0.3633046310196752
1098,12206.78154530314,50,435,0.11494252873563218,180519.064449339,3610.38128898678,36.10381288986781,0.08299727101119037,100,80,0.8,1763.8386780319695,inf,0.4822141884851152,1.0,0.7411070942425576,0.17094508838431638,0.4004273627209608,0.3633384096654453
1099,12217.89883268502,51,435,0.11724137931034483,185624.24979646946,3639.6911724797933,37.12484995929389,0.08534448266504342,100,80,0.8,1758.2883442587517,inf,0.48132613508140026,1.0,0.7406630675407001,0.17234070756217162,0.40043085176890547,0.3633721300673575
1100,12229.016120066899,52,435,0.11954022988505747,190653.00705719375,3666.403981869111,38.13060141143876,0.08765655496882474,100,82,0.82,1779.1600209877242,inf,0.4717822434419868,1.0,0.7358911217209934,0.17588271662391564,0.4104397067915598,0.3634148799099772
1101,12240.133407448779,52,435,0.11954022988505747,190662.22766386578,3666.581301228188,38.13244553277315,0.08766079432821414,100,84,0.84,1800.3790776966653,inf,0.4624636850530397,1.0,0.7312318425265198,0.17821447590084716,0.4204455361897521,0.3634666318666739
1102,12251.250694830658,52,435,0.11954022988505747,190688.01066416642,3667.0771281570464,38.13760213283327,0.08767264858122592,100,83,0.83,1781.762265572573,inf,0.4657725360850471,1.0,0.7328862680425235,0.17739319026935124,0.41544348297567335,0.3635137550317772
1103,12262.367982212538,52,435,0.11954022988505747,190730.1091694599,3667.886714797306,38.14602183389199,0.08769200421584367,100,82,0.82,1760.6789231378891,inf,0.4687513433946139,1.0,0.7343756716973069,0.17665816625926845,0.41044164541564815,0.36355626217886405
1104,12273.485269594417,51,435,0.11724137931034483,185733.3007726932,3641.829426915553,37.146660154538644,0.08539462104491642,100,81,0.81,1743.678622524605,inf,0.47247593684898603,1.0,0.7362379684244931,0.17457832631021164,0.40543644581577554,0.36359416279754
1105,12284.602556976297,50,435,0.11494252873563218,180720.70186990855,3614.414037398171,36.14414037398171,0.08308997787122233,100,79,0.79,1709.8832819368079,inf,0.48016155854601567,1.0,0.7400807792730079,0.17150459929910727,0.3954287614982478,0.363622946340669
1106,12295.719844358176,50,435,0.11494252873563218,180699.91931339682,3613.9983862679364,36.13998386267936,0.08308042267282612,100,79,0.79,1706.222052153574,inf,0.4795830842402646,1.0,0.7397915421201323,0.1716444402763469,0.3954291111006909,0.36365167819682076
1107,12306.837131740056,50,435,0.11494252873563218,180695.74896200397,3613.9149792400794,36.13914979240079,0.08307850526988686,100,79,0.79,1704.9516852917404,inf,0.479382366276095,1.0,0.7396911831380475,0.17169366106591966,0.39542923415266484,0.36368035830147405
1108,12317.954419121936,51,435,0.11724137931034483,185605.0042291162,3639.3138084140433,37.12100084582324,0.08533563412832929,100,78,0.78,1691.745857803299,inf,0.4839123538173147,1.0,0.7419561769086573,0.171689728609836,0.3904292243215246,0.36370447810852546
1109,12329.071706503815,52,435,0.11954022988505747,190523.09512899123,3663.905675557524,38.10461902579825,0.08759682534666265,100,78,0.78,1692.0726049656787,inf,0.4839633263746459,1.0,0.741981663187323,0.17280758107966981,0.3904320189526992,0.36372855697415085
1110,12340.188993885695,52,435,0.11954022988505747,190431.5909514992,3662.145979836523,38.08631819029985,0.08755475446045942,100,77,0.77,1676.5745672695266,inf,0.48819248335950716,1.0,0.7440962416797536,0.17172925639035286,0.3854293231409759,0.3637480896169653
1111,12351.306281267574,53,435,0.12183908045977011,195339.89610743916,3685.6584171214936,39.067979221487846,0.08981144648617896,100,79,0.79,1702.5227822747113,inf,0.4789985995994043,1.0,0.7394992997997021,0.17515607334323846,0.3954378901833581,0.36377658763905735
1112,12362.423568649454,52,435,0.11954022988505747,190171.37307020434,3657.141789811622,38.03427461404087,0.08743511405526637,100,79,0.79,1698.8110424851398,inf,0.478412144712652,1.0,0.739206072356326,0.17411452084947016,0.3954352863021237,0.3638050321122497
1113,12373.540856031334,52,435,0.11954022988505747,190007.5512139847,3653.991369499706,38.00151024279695,0.08735979366160218,100,80,0.8,1713.7504015746024,inf,0.4742000642519364,1.0,0.7371000321259682,0.175129880767817,0.4004378247019196,0.36383791612714167
1114,12384.658143413213,52,435,0.11954022988505747,189860.4230358317,3651.1619814583023,37.97208460716634,0.08729214852222146,100,78,0.78,1683.6896098253114,inf,0.4826555791327486,1.0,0.7413277895663744,0.1729821794779236,0.3904324554486948,0.36386176773191437
1115,12395.775430795093,51,435,0.11724137931034483,184728.16738647493,3622.1209291465675,36.94563347729499,0.08493249075240228,100,78,0.78,1683.2249739657184,inf,0.482583095938652,1.0,0.7412915479693261,0.1718204713915381,0.3904295511784789,0.363885573989483
1116,12406.892718176972,51,435,0.11724137931034483,184534.7952502729,3618.329318632802,36.90695905005458,0.08484358402311398,100,78,0.78,1684.8782507277228,inf,0.48284100711352484,1.0,0.7414205035567625,0.1717115402331758,0.39042927885058293,0.36390933737789943
1117,12418.010005558852,51,435,0.11724137931034483,184329.58910460764,3614.305668717797,36.86591782092153,0.08474923636993456,100,77,0.77,1675.1743399536626,inf,0.4879768483528641,1.0,0.7439884241764321,0.1703804060967512,0.3854259510152419,0.3639285830072709
1118,12429.127292940731,50,435,0.11494252873563218,179131.54390469068,3582.630878093814,35.82630878093813,0.08235933053089224,100,77,0.77,1674.7510357149422,inf,0.487911659500101,1.0,0.7439558297500505,0.1692017503904209,0.38542300437597604,0.36394779160545565
1119,12440.244580322611,48,435,0.1103448275862069,168881.4377441554,3518.363286336571,33.77628754883108,0.07764663804328983,100,77,0.77,1680.8590370740092,inf,0.4888522917093974,1.0,0.7444261458546987,0.1666102460942956,0.38541652561523576,0.36396696011796437
1120,12451.36186770449,48,435,0.1103448275862069,168636.43207641406,3513.2590015919595,33.727286415282805,0.07753399175927081,100,75,0.75,1657.4427248165387,inf,0.4986164087224807,1.0,0.7493082043612403,0.16411289369901522,0.37541028223424755,0.36397716825544546
1121,12462.47915508637,47,435,0.10804597701149425,163405.7522874765,3476.718133776096,32.6811504574953,0.07512908151148345,100,75,0.75,1666.1378563593876,inf,0.4999206784539081,1.0,0.749960339226954,0.16258437114226465,0.3754064609278557,0.36398735479080413
1122,12473.59644246825,47,435,0.10804597701149425,163176.3112952893,3471.8364105380706,32.63526225905786,0.07502359140013301,100,76,0.76,1693.1379035167952,inf,0.497356961334553,1.0,0.7486784806672765,0.16317255536642822,0.38040793138841605,0.3640019768536693
1123,12484.71372985013,46,435,0.10574712643678161,157922.52484994187,3433.0983663030843,31.584504969988377,0.07260805740227214,100,74,0.74,1669.3144043427178,inf,0.5070585318427222,1.0,0.753529265921361,0.1595393957404555,0.3703988484893511,0.36400766802060497
1124,12495.831017232009,46,435,0.10574712643678161,157668.60441502123,3427.5783568482875,31.533720883004232,0.07249131237472237,100,74,0.74,1677.5591722628328,inf,0.5082787574948993,1.0,0.7541393787474496,0.15917596681363638,0.37039793991703407,0.3640133482622907
1125,12506.948304613888,47,435,0.10804597701149425,162444.8173587318,3456.2727097602506,32.48896347174637,0.07468727234884222,100,74,0.74,1685.756898340701,inf,0.5094920209544238,1.0,0.7547460104772119,0.1599706309358152,0.37039992657733956,0.36401902017908916
1126,12518.065591995768,47,435,0.10804597701149425,162191.21928305583,3450.8770060224647,32.43824385661116,0.07457067553243944,100,75,0.75,1712.0485599985032,inf,0.5068072839997756,1.0,0.7534036419998877,0.1605835167662758,0.37540145879191567,0.36402911994715736
1127,12529.182879377648,47,435,0.10804597701149425,161972.19783446097,3446.2169752012974,32.39443956689219,0.07446997601584411,100,75,0.75,1719.1758253457024,inf,0.5078763738018554,1.0,0.7539381869009276,0.1602658945574582,0.37540066473639366,0.3640392011038854
1128,12540.300166759527,47,435,0.10804597701149425,161789.02219637844,3442.3196211995414,32.357804439275675,0.07438575733166822,100,77,0.77,1754.0103222137138,inf,0.500117589620912,1.0,0.750058794810456,0.1621634812606061,0.38540540870315154,0.3640581259998989
1129,12551.417454141407,48,435,0.1103448275862069,166625.48075355322,3471.364182365692,33.32509615071064,0.07660941643841528,100,78,0.78,1768.7868859684734,inf,0.4959307542110819,1.0,0.747965377105541,0.1643220196664371,0.3904108050491661,0.36408144695480976
1130,12562.534741523286,48,435,0.1103448275862069,166497.8470530316,3468.7051469381586,33.299569410606324,0.07655073427725592,100,78,0.78,1769.384377023176,inf,0.49602396281561545,1.0,0.7480119814078077,0.16426937643472417,0.3904106734410868,0.36410472655382503
1131,12573.652028905166,49,435,0.11264367816091954,171397.5469858796,3497.9091221608082,34.279509397175914,0.07880346987856532,100,78,0.78,1771.8362284834711,inf,0.4964064516434215,1.0,0.7482032258217107,0.1653001220284273,0.39041325030507107,0.36412796729918834
1132,12584.769316287046,49,435,0.11264367816091954,171332.55218570554,3496.5826976674603,34.26651043714111,0.07877358721181864,100,77,0.77,1757.4525968297366,inf,0.5006476999117794,1.0,0.7503238499558897,0.16422486862796448,0.38541056217156994,0.3641467515841595
1133,12595.886603668925,50,435,0.11494252873563218,176258.12644726774,3525.162528945355,35.25162528945355,0.08103821905621506,100,78,0.78,1774.951324019307,inf,0.49689240654701194,1.0,0.748446203273506,0.16629600789135457,0.3904157400197284,0.36416991647695984
1134,12607.003891050805,50,435,0.11494252873563218,176203.40193041193,3524.0680386082386,35.24068038608238,0.08101305835881008,100,79,0.79,1792.1865844443234,inf,0.4931654803422031,1.0,0.7465827401711016,0.1672151590938542,0.39541803789773466,0.3641974478614715
1135,12618.121178432684,50,435,0.11494252873563218,176184.53022531507,3523.6906045063015,35.236906045063016,0.08100438171278854,100,79,0.79,1792.8919018954352,inf,0.49327692049947863,1.0,0.7466384602497393,0.1671829607315246,0.39541795740182883,0.3642249307043768
1136,12629.238465814564,49,435,0.11264367816091954,171155.5607282156,3492.970627106441,34.231112145643124,0.07869221182906465,100,79,0.79,1795.8688895887642,inf,0.4937472845550247,1.0,0.7468736422775124,0.16590928477577616,0.39541477321193946,0.36425236240403164
1137,12640.355753196443,47,435,0.10804597701149425,161068.60260258708,3426.9915447358953,32.21372052051741,0.07405452993222393,100,79,0.79,1794.7689648693456,inf,0.49357349644935666,1.0,0.7467867482246784,0.16363389085377278,0.39540908472713443,0.3642797408946495
1138,12651.473040578323,46,435,0.10574712643678161,155932.81975610415,3389.8439077413946,31.186563951220837,0.07169325046257663,100,80,0.8,1806.5003974206506,inf,0.48904006358730406,1.0,0.744520031793652,0.16358660933446234,0.4004089665233362,0.36431146102250606
1139,12662.590327960203,46,435,0.10574712643678161,155820.4579018541,3387.4012587359584,31.164091580370812,0.0716415898399329,100,79,0.79,1795.373459822251,inf,0.4936690066519157,1.0,0.7468345033259578,0.16240354325698758,0.3954060088581425,0.36433873694166014
1140,12673.707615342082,46,435,0.10574712643678161,155747.12034678736,3385.8069640605945,31.14942406935747,0.07160787142381027,100,80,0.8,1811.1649589147048,inf,0.4897863934263528,1.0,0.7448931967131764,0.16335733735531688,0.4004083933433883,0.3643703492610306
1141,12684.824902723962,45,435,0.10344827586206896,150661.083754934,3348.024083442978,30.132216750986796,0.06926946379537194,100,80,0.8,1812.057807766251,inf,0.48992924924260023,1.0,0.7449646246213001,0.1621524195870359,0.4004053810489676,0.364401903579584
1142,12695.942190105841,45,435,0.10344827586206896,150517.36309869136,3344.8302910820303,30.10347261973827,0.06920338533273165,100,79,0.79,1799.2452720193387,inf,0.4942807529790555,1.0,0.7471403764895277,0.16103150442160197,0.395402578761054,0.36442902578009273
1143,12707.05947748772,45,435,0.10344827586206896,150368.07037639874,3341.5126750310833,30.07361407527975,0.06913474500064311,100,78,0.78,1789.0539772620182,inf,0.49909242045287483,1.0,0.7495462102264374,0.1597942673871029,0.39039948566846777,0.3644517272310441
1144,12718.1767648696,46,435,0.10574712643678161,155216.55847208513,3374.27301026272,31.04331169441702,0.0713639349296943,100,78,0.78,1787.8607133934327,inf,0.4989062712893755,1.0,0.7494531356446877,0.16095539964250333,0.39040238849910625,0.36447439156402933
1145,12729.29405225148,44,435,0.10114942528735632,145080.36564983812,3297.281037496321,29.016073129967616,0.06670361639073015,100,78,0.78,1786.4838231725905,inf,0.49869147641492406,1.0,0.749345738207462,0.1586789390916341,0.3903966973477291,0.3644970113771041
1146,12740.41133963336,45,435,0.10344827586206896,149957.60626137516,3332.3912502527814,29.99152125227504,0.06894602586729894,100,78,0.78,1790.6045465234993,inf,0.4993343092576659,1.0,0.7496671546288329,0.159639435619233,0.3903990985890481,0.3645195938419794
1147,12751.52862701524,45,435,0.10344827586206896,149861.29565599843,3330.251014577743,29.97225913119969,0.06890174512919468,100,78,0.78,1791.0767981318786,inf,0.4994079805085731,1.0,0.7497039902542866,0.15959887743745405,0.39039899719359367,0.3645421368762578
1148,12762.645914397119,45,435,0.10344827586206896,149784.7750191052,3328.550555980116,29.95695500382104,0.0688665632271748,100,78,0.78,1793.7210991033994,inf,0.4998204914601303,1.0,0.7499102457300652,0.1594781587485548,0.3903986953968714,0.36456464040847764
1149,12773.763201778998,46,435,0.10574712643678161,154635.9809538565,3361.6517598664454,30.927196190771298,0.07109700273740528,100,78,0.78,1797.7092943832865,inf,0.5004426499237926,1.0,0.7502213249618963,0.16043783888775454,0.3904010945972194,0.36458710689038093
1150,12784.880489160878,45,435,0.10344827586206896,149459.44614904927,3321.3210255344284,29.891889229809845,0.06871698673519505,100,77,0.77,1784.5169325716206,inf,0.5048156076160296,1.0,0.7524078038080149,0.15815459146359012,0.385395386478659,0.36460518532616565
1151,12795.997776542757,44,435,0.10114942528735632,144292.29776137642,3279.370403667646,28.85845955227528,0.0663412863270696,100,76,0.76,1772.1820328998213,inf,0.5093716690007728,1.0,0.7546858345003864,0.1558277259133416,0.38038956931478335,0.364618887048378
1152,12807.115063924637,44,435,0.10114942528735632,144166.26578783905,3276.5060406327057,28.83325315756781,0.06628334059210991,100,76,0.76,1776.175616994617,inf,0.5099786937831817,1.0,0.7549893468915909,0.1556469968502595,0.3803891174921257,0.36463256461164234
1153,12818.232351306517,44,435,0.10114942528735632,144080.16369990312,3274.549174997798,28.816032739980624,0.06624375342524282,100,77,0.77,1795.3319833716525,inf,0.5064811254392345,1.0,0.7532405627196173,0.15650159535281283,0.38539125398838203,0.36465055307730676
1154,12829.349638688396,44,435,0.10114942528735632,144032.54108709117,3273.4668428884356,28.806508217418234,0.0662218579710764,100,76,0.76,1779.200818891103,inf,0.5104385244714477,1.0,0.7552192622357239,0.1555012978676763,0.3803887532446692,0.3646641792246378
1155,12840.466926070276,44,435,0.10114942528735632,144021.97991429578,3273.226816233995,28.804395982859166,0.06621700225944636,100,77,0.77,1791.5828574055008,inf,0.5059037600404471,1.0,0.7529518800202235,0.15663256111961144,0.38539158140279905,0.3646821095033387
1156,12851.584213452155,44,435,0.10114942528735632,144047.1337491896,3273.798494299764,28.80942674983793,0.06622856724100673,100,78,0.78,1808.8231990482589,inf,0.5021764190515284,1.0,0.7510882095257643,0.15757017885762126,0.3903939254471441,0.36470433233475075
1157,12862.701500834035,45,435,0.10344827586206896,149106.73926071596,3313.483094682577,29.82134785214319,0.06855482264860503,100,79,0.79,1818.7599217862874,inf,0.4973640676422332,1.0,0.7486820338211166,0.1599363944137442,0.39539984098603437,0.36473083968246345
1158,12873.818788215915,45,435,0.10344827586206896,149122.36165696007,3313.830259043557,29.824472331392016,0.06856200535952188,100,81,0.81,1842.9311720454357,inf,0.4885548498713606,1.0,0.7442774249356803,0.16214229021192084,0.4054053557255298,0.36476593417430386
1159,12884.936075597794,45,435,0.10344827586206896,149170.93651523223,3314.909700338494,29.834187303046445,0.06858433862769298,100,81,0.81,1834.9235088353867,inf,0.48725760843133264,1.0,0.7436288042156664,0.1624777672060133,0.40540619441801506,0.3648009688814105
1160,12896.053362979674,45,435,0.10344827586206896,149251.6889194118,3316.704198209151,29.850337783882363,0.06862146616984452,100,81,0.81,1830.8556002822224,inf,0.48659860724572007,1.0,0.74329930362286,0.16266108127349227,0.40540665270318377,0.364835943630611
1161,12907.170650361553,44,435,0.10114942528735632,144341.75297593063,3280.4943858166052,28.868350595186126,0.06636402435674972,100,80,0.8,1811.0940120312018,inf,0.4897750419249924,1.0,0.7448875209624962,0.1607382516971268,0.40040184562924286,0.3648665511194222
1162,12918.287937743433,44,435,0.10114942528735632,144437.82997029333,3282.677953870303,28.887565994058665,0.06640819768749118,100,80,0.8,1807.7620601508613,inf,0.4892419296241378,1.0,0.744620964812069,0.16089361643771116,0.4004022340410943,0.3648971063068011
1163,12929.405225125312,44,435,0.10114942528735632,144565.1915633193,3285.572535529984,28.91303831266386,0.066466754741756,100,80,0.8,1806.073751156148,inf,0.4889718001849838,1.0,0.7444859000924919,0.16099042732463198,0.4004024760683116,0.36492760920178524
1164,12940.522512507192,45,435,0.10344827586206896,149624.383828257,3324.9863072946,29.92487676565141,0.06879282015092278,100,77,0.77,1762.7778665738172,inf,0.5014677914523678,1.0,0.7507338957261839,0.1590294622123694,0.38539757365553096,0.3649451799867241
1165,12951.639799889072,45,435,0.10344827586206896,149654.95898499727,3325.6657552221614,29.930991796999447,0.0688068776942516,100,78,0.78,1774.9454537087026,inf,0.49689149077855765,1.0,0.7484457453892788,0.16018056615248644,0.3904004514153812,0.3649670112658224
1166,12962.757087270951,45,435,0.10344827586206896,149715.64521726914,3327.014338161536,29.94312904345383,0.06883477941023869,100,78,0.78,1772.2620836680196,inf,0.496472885052211,1.0,0.7482364425261054,0.1602991684420666,0.3904007479211052,0.36498880538463585
1167,12973.87437465283,46,435,0.10574712643678161,154782.29754609184,3364.8325553498225,30.956459509218362,0.07116427473383531,100,79,0.79,1787.502459063751,inf,0.4924253885320728,1.0,0.7462126942660364,0.1624757902338994,0.39540618947558476,0.3650148476655356
1168,12984.99166203471,45,435,0.10344827586206896,149842.1665317949,3329.8259229287755,29.96843330635899,0.0688929501295609,100,79,0.79,1788.121760224816,inf,0.492523238115521,1.0,0.7462616190577605,0.16131566553590027,0.39540328916383977,0.36504084291061545
1169,12996.10894941659,44,435,0.10114942528735632,144922.85207820928,3293.7011835956655,28.98457041564185,0.06663119635779736,100,79,0.79,1788.5835824874296,inf,0.4925962060330139,1.0,0.746298103016507,0.16016654667064523,0.3954004163666766,0.36506679126399666
1170,13007.22623679847,44,435,0.10114942528735632,144979.02194342535,3294.9777714414854,28.995804388685062,0.06665702158318405,100,78,0.78,1775.0157022665096,inf,0.4969024495535755,1.0,0.7484512247767877,0.1591028984031982,0.390397757246008,0.3650884231734604
1171,13018.343524180349,44,435,0.10114942528735632,145055.84782841158,3296.7238142820815,29.01116956568233,0.06669234382915479,100,78,0.78,1777.3128832817044,inf,0.49726080979194587,1.0,0.7486304048959729,0.1590309694665909,0.3903975774236665,0.3651100180149708
1172,13029.460811562229,44,435,0.10114942528735632,145126.06754436533,3298.319716917394,29.02521350887306,0.06672462875603002,100,78,0.78,1779.64466120038,inf,0.4976245671472593,1.0,0.7488122835736296,0.15895617259120026,0.39039739043147803,0.36513157587721845
1173,13040.578098944108,44,435,0.10114942528735632,145229.46976377873,3300.6697673586077,29.04589395275575,0.06677217000633506,100,78,0.78,1782.6179403016456,inf,0.49808839868705673,1.0,0.7490441993435284,0.15886398533140333,0.3903971599633285,0.3651530968176666
1174,13051.695386325988,44,435,0.10114942528735632,145366.47268239327,3303.7834700543926,29.07329453647865,0.06683515985397391,100,76,0.76,1759.4169558157525,inf,0.5074313772839945,1.0,0.7537156886419972,0.1565597356059883,0.380391399339015,0.3651660655857699
1175,13062.812673707867,44,435,0.10114942528735632,145496.68988553205,3306.74295194391,29.099337977106412,0.06689502983242854,100,74,0.74,1732.7860278306973,inf,0.516452332118943,1.0,0.7582261660594716,0.15433443188647844,0.3703858360797162,0.3651705041661219
1176,13073.929961089747,42,435,0.09655172413793103,135519.90513521648,3226.664407981345,27.103981027043297,0.06230800236101907,100,75,0.75,1755.8322599460832,inf,0.5133748389919125,1.0,0.7566874194959563,0.15281029143253133,0.3753820257285813,0.36517918005529987
1177,13085.047248471627,41,435,0.09425287356321839,130492.32360355202,3182.7396000866347,26.0984647207104,0.05999647062232276,100,72,0.72,1713.1789161904476,inf,0.5266977639314244,1.0,0.7633488819657122,0.14832379432830534,0.36037080948582073,0.365175098246667
1178,13096.164535853506,41,435,0.09425287356321839,130429.59103903527,3181.2095375374456,26.08591820780705,0.05996762806392426,100,73,0.73,1735.1277220523027,inf,0.5233286474196363,1.0,0.7616643237098182,0.14915165217705306,0.36537287913044264,0.36517526599974914
1179,13107.281823235386,41,435,0.09425287356321839,130403.07002641524,3180.562683571103,26.080614005283046,0.05995543449490355,100,74,0.74,1753.6991948968687,inf,0.5195474808447367,1.0,0.7597737404223683,0.15009084703626763,0.3703752271175907,0.3651796727464591
1180,13118.399110617265,41,435,0.09425287356321839,130388.67070160943,3180.2114805270594,26.077734140321887,0.0599488141156825,100,74,0.74,1759.7122454275268,inf,0.5204374123232739,1.0,0.760218706161637,0.14986505397702277,0.37037466263494256,0.36518407155246124
1181,13129.516397999145,43,435,0.09885057471264368,140321.19779030024,3263.283669541866,28.06423955806005,0.06451549323691966,100,74,0.74,1759.8309706286168,inf,0.5204549836530353,1.0,0.7602274918265177,0.15214400070520095,0.370380360001763,0.3651884677355825
1182,13140.633685381024,43,435,0.09885057471264368,140150.92964674355,3259.323945273106,28.030185929348708,0.06443720903298554,100,73,0.73,1740.6402523778127,inf,0.5241334768471606,1.0,0.7620667384235803,0.15118523530470257,0.36537796308826176,0.3651886279176219
1183,13151.750972762904,43,435,0.09885057471264368,140017.04395690814,3256.210324579259,28.003408791381627,0.06437565239398076,100,73,0.73,1739.735132363753,inf,0.5240013293251079,1.0,0.7620006646625539,0.1511874938657134,0.36537796873466427,0.36518878783385256
1184,13162.868260144784,44,435,0.10114942528735632,144916.0057980002,3293.5455863181865,28.983201159600043,0.06662804864275872,100,74,0.74,1754.5810776432993,inf,0.5196779994912084,1.0,0.7598389997456042,0.1533945244485772,0.37038348631112145,0.36519317154564773
1185,13173.985547526663,43,435,0.09885057471264368,139565.20585116837,3245.7024616550784,27.91304117023367,0.06416791073616936,100,74,0.74,1749.9398731594956,inf,0.5189911012276053,1.0,0.7594955506138026,0.15233618006118343,0.37038084045015296,0.36519754563410006
1186,13185.102834908543,43,435,0.09885057471264368,139193.98929607676,3237.069518513413,27.838797859215347,0.06399723645796632,100,74,0.74,1747.5603630135233,inf,0.5186389337260014,1.0,0.7593194668630008,0.1523388847974828,0.3703808472119937,0.36520191235826005
1187,13196.220122290422,43,435,0.09885057471264368,138857.86055623702,3229.25257107528,27.7715721112474,0.06384269450861471,100,74,0.74,1745.3475277265638,inf,0.5183114341035315,1.0,0.7591557170517658,0.15234348872842451,0.3703808587218211,0.36520627174072096
1188,13207.337409672302,43,435,0.09885057471264368,138556.62107342735,3222.2470017076125,27.71132421468547,0.06370419359697808,100,75,0.75,1758.9481347768922,inf,0.5138422202165337,1.0,0.7569211101082669,0.15339154174435554,0.3753834788543609,0.3652148312084364
1189,13218.454697054181,42,435,0.09655172413793103,133258.99804351758,3172.8332867504187,26.651799608703513,0.06126850484759428,100,76,0.76,1774.8165696175543,inf,0.5097721185818682,1.0,0.7548860592909341,0.15319122277833008,0.3803829780569458,0.3652275775503259
1190,13229.571984436061,41,435,0.09425287356321839,127902.35683616671,3119.5696789308954,25.580471367233343,0.0588056813039847,100,77,0.77,1789.9058138863043,inf,0.5056454953384909,1.0,0.7528227476692455,0.15299146681736964,0.38538247866704345,0.36524450022128874
1191,13240.68927181794,41,435,0.09425287356321839,127539.39772556773,3110.717017696774,25.507879545113546,0.05863880355198516,100,77,0.77,1789.2713247841452,inf,0.5055477840167584,1.0,0.7527738920083792,0.15293245577180298,0.3853823311394295,0.3652613943747436
1192,13251.80655919982,40,435,0.09195402298850575,122153.29478421694,3053.8323696054235,24.430658956843388,0.05616243438354802,100,77,0.77,1791.290648849071,inf,0.5058587599227571,1.0,0.7529293799613785,0.15161652721108476,0.3853790413180277,0.36527825744845965
1193,13262.9238465817,40,435,0.09195402298850575,121793.95227840872,3044.848806960218,24.358790455681742,0.05599721943834883,100,75,0.75,1767.981871479326,inf,0.515197280721899,1.0,0.7575986403609495,0.1491992895386997,0.37537299822384673,0.36528671200522295
1194,13274.04113396358,41,435,0.09425287356321839,126385.78665426609,3082.580162299173,25.277157330853218,0.058108407657133834,100,75,0.75,1769.1117390954032,inf,0.5153667608643105,1.0,0.7576833804321552,0.15021251361248933,0.3753755312840312,0.36529515453181605
1195,13285.158421345459,41,435,0.09425287356321839,125977.89174059324,3072.631505868128,25.195578348118644,0.05792086976578999,100,76,0.76,1784.416780345847,inf,0.5112313506125686,1.0,0.7556156753062844,0.15115259722975283,0.3803778814930744,0.3653077655075362
1196,13296.275708727338,41,435,0.09425287356321839,125605.34131898005,3063.5449102190255,25.12106826379601,0.057749582215623006,100,76,0.76,1787.521228412825,inf,0.5117032267187493,1.0,0.7558516133593747,0.1509489844281242,0.38037737246107034,0.3653203549870295
1197,13307.392996109218,41,435,0.09425287356321839,125268.97751083472,3055.340914898408,25.053795502166942,0.057594932188889524,100,77,0.77,1805.529868409,inf,0.5080515997349859,1.0,0.754025799867493,0.1517845661606983,0.38537946141540175,0.36533709881543386
1198,13318.510283491098,41,435,0.09425287356321839,124970.07729125684,3048.0506656404104,24.99401545825137,0.05745750680057786,100,75,0.75,1782.764786104199,inf,0.5174147179156298,1.0,0.7587073589578148,0.1493750739213815,0.37537343768480347,0.365345469406651
1199,13329.627570872977,41,435,0.09425287356321839,124710.69874278229,3041.724359580056,24.94213974855646,0.05733825229553209,100,74,0.74,1773.2891571318808,inf,0.5224467952555184,1.0,0.7612233976277591,0.1480574273338865,0.3703701435683347,0.3653496566351191
1200,13340.744858254857,41,435,0.09425287356321839,124494.36378348798,3036.4478971582434,24.898872756697596,0.05723878794643125,100,75,0.75,1791.690042944703,inf,0.5187535064417055,1.0,0.7593767532208527,0.1489310173627893,0.375372327543407,0.36535800190648315
1201,13351.862145636736,41,435,0.09425287356321839,124327.06348560877,3032.367402088019,24.86541269712175,0.05716186826924541,100,75,0.75,1794.1191987329182,inf,0.5191178798099377,1.0,0.7595589399049689,0.14880146418213824,0.37537200366045537,0.365366333022751
1202,13362.979433018616,41,435,0.09425287356321839,124216.86647547834,3029.679670133618,24.84337329509567,0.05711120297723143,100,74,0.74,1777.461011419468,inf,0.5230642296900813,1.0,0.7615321148450407,0.14778954406609535,0.3703694738601652,0.36537049190956516
1203,13374.096720400496,41,435,0.09425287356321839,124135.03593258941,3027.683803233888,24.82700718651788,0.05707357973912156,100,74,0.74,1781.0690145293947,inf,0.5235982141503505,1.0,0.7617991070751753,0.14763723633197312,0.37036909309082994,0.3653746435716759
1204,13385.214007782375,41,435,0.09425287356321839,124070.70452830887,3026.114744592899,24.814140905661773,0.057044002081981085,100,74,0.74,1784.5583149995807,inf,0.5241146306199379,1.0,0.762057315309969,0.14749334338600606,0.370368733358465,0.365378788044528
1205,13396.331295164255,41,435,0.09425287356321839,124060.75395289436,3025.87204763157,24.812150790578876,0.05703942710477902,100,73,0.73,1775.2356248428644,inf,0.5291844012270581,1.0,0.7645922006135291,0.14622361324562494,0.3653655590331141,0.36537877707519845
1206,13407.448582546134,43,435,0.09885057471264368,133895.0003515197,3113.8372174772026,26.77900007030394,0.06156091970184814,100,73,0.73,1778.100875948051,inf,0.5296027278884153,1.0,0.7648013639442077,0.14837977787882017,0.36537094944469706,0.36537877059000334
1207,13418.565869928014,44,435,0.10114942528735632,138561.2178093145,3149.118586575329,27.7122435618629,0.06370630703876529,100,73,0.73,1780.24281985918,inf,0.5299154516994402,1.0,0.7649577258497201,0.14937429059452262,0.3653734357264863,0.3653787661737256
1208,13429.683157309893,45,435,0.10344827586206896,143258.79918417847,3183.5288707595214,28.651759836835687,0.06586611456743836,100,73,0.73,1783.1901650139607,inf,0.5303457640920384,1.0,0.7651728820460192,0.1503466162607096,0.36537586654065174,0.3653787637753525
1209,13440.800444691773,45,435,0.10344827586206896,142997.09392121123,3177.7131982491383,28.59941878424225,0.06574579030860288,100,72,0.72,1772.0966377659122,inf,0.5351819158382913,1.0,0.7675909579191457,0.14907741619472864,0.3603726935404868,0.3653746265272246
1210,13451.917732073653,45,435,0.10344827586206896,142781.37241781337,3172.9193870625195,28.55627448356267,0.06564660800819005,100,73,0.73,1792.3852354251153,inf,0.531688244372067,1.0,0.7658441221860335,0.14990124291107831,0.3653747531072777,0.3653746266317498
1211,13463.035019455532,47,435,0.10804597701149425,152548.66379191977,3245.71625089191,30.50973275838395,0.07013731668594012,100,72,0.72,1778.0804749896188,inf,0.5360435883985052,1.0,0.7680217941992526,0.1510577612433437,0.3603776444031083,0.3653705037091189
1212,13474.152306837412,46,435,0.10574712643678161,147258.9920857615,3201.2824366469895,29.451798417152304,0.0677052837175915,100,74,0.74,1804.1120092446356,inf,0.527008577368206,1.0,0.763504288684103,0.15210049751674426,0.37038025124379187,0.3653746337565506
1213,13485.269594219291,47,435,0.10804597701149425,152005.29772537842,3234.155270752732,30.40105954507569,0.06988749320707055,100,74,0.74,1799.7215938947327,inf,0.5263587958964204,1.0,0.7631793979482102,0.15335404762943017,0.3703833851190736,0.36537875958139615
1214,13496.38688160117,47,435,0.10804597701149425,151780.72396455833,3229.3771056289006,30.356144792911667,0.06978424090324521,100,71,0.71,1749.4164036353275,inf,0.5384171293162165,1.0,0.7692085646581083,0.15028783812256846,0.3553757195953064,0.36537052662667513
1215,13507.50416898305,50,435,0.11494252873563218,166589.79875199593,3331.7959750399186,33.31795975039919,0.07659301092045791,100,71,0.71,1745.580538703282,inf,0.537872436495866,1.0,0.768936218247933,0.1538283963362625,0.35538457099084064,0.36536231449210615
1216,13518.62145636493,49,435,0.11264367816091954,161230.55576823046,3290.4195054740912,32.2461111536461,0.07412899115780712,100,73,0.73,1770.007297549734,inf,0.5284210654422611,1.0,0.7642105327211306,0.15495922921833827,0.3653873980730458,0.3653623351031012
1217,13529.73874374681,49,435,0.11264367816091954,160816.47305017494,3281.968837758672,32.16329461003499,0.07393860829893101,100,73,0.73,1768.1549060741017,inf,0.5281506162868188,1.0,0.7640753081434094,0.15493165007776083,0.3653873291251944,0.3653623556236448
1218,13540.85603112869,49,435,0.11264367816091954,160421.53749484816,3273.908928466289,32.084307498969636,0.07375702873326354,100,75,0.75,1796.7017556035694,inf,0.5195052633405354,1.0,0.7597526316702676,0.157002198531498,0.37539250549632874,0.36537058380237547
1219,13551.973318510569,50,435,0.11494252873563218,165041.80103607467,3300.8360207214932,33.008360207214935,0.07588128783267802,100,76,0.76,1809.7938272688268,inf,0.5150886617448617,1.0,0.7575443308724308,0.1591684784801236,0.3803979211962003,0.36538290129204254
1220,13563.090605892448,50,435,0.11494252873563218,164636.48025972742,3292.7296051945486,32.92729605194549,0.07569493345274825,100,76,0.76,1808.175695861032,inf,0.5148427057708769,1.0,0.7574213528854384,0.15913679028365496,0.38039784197570914,0.36539519854075975
1221,13574.207893274328,49,435,0.11264367816091954,159162.44454327686,3248.213153944426,31.83248890865537,0.07317813542219626,100,76,0.76,1803.4613971945073,inf,0.5141261323735651,1.0,0.7570630661867825,0.15805753461770689,0.38039514383654427,0.36540747345507707
1222,13585.325180656208,49,435,0.11264367816091954,158729.04674039042,3239.3683008242942,31.745809348078087,0.07297887206454733,100,77,0.77,1811.8639412884095,inf,0.509027046958415,1.0,0.7545135234792075,0.15923267429266985,0.3853980816857317,0.3654238190055518
1223,13596.442468038087,50,435,0.11494252873563218,163330.44593220294,3266.608918644059,32.66608918644059,0.07509445789986342,100,77,0.77,1809.2928236528874,inf,0.5086310948425445,1.0,0.7543155474212723,0.16038945523929554,0.3854009736380982,0.36544014021031695
1224,13607.559755419967,50,435,0.11494252873563218,163026.19665545417,3260.5239331090834,32.60523933109084,0.07495457317492148,100,77,0.77,1800.6144254341807,inf,0.5072946215168638,1.0,0.7536473107584318,0.16065363120824483,0.38540163407802064,0.3654564353073518
1225,13618.677042801846,50,435,0.11494252873563218,162821.11551935732,3256.4223103871464,32.56422310387146,0.07486028299740566,100,76,0.76,1784.6905304233144,inf,0.5112729606243439,1.0,0.755636480312172,0.15961190134261682,0.38039902975335654,0.36546862339417563
1226,13629.794330183726,50,435,0.11494252873563218,162700.22383055312,3254.0044766110623,32.540044766110626,0.07480470061174857,100,75,0.75,1768.1243078319635,inf,0.5152186461747945,1.0,0.7576093230873973,0.15859768876217561,0.37539649422190546,0.3654767145684443
1227,13640.911617565605,49,435,0.11264367816091954,157638.06316653712,3217.103329929329,31.527612633307434,0.0724772704213964,100,74,0.74,1751.395767046266,inf,0.5192065735228473,1.0,0.7596032867614236,0.15643699182998644,0.37039109247957497,0.36548071650485403
1228,13652.028904947485,49,435,0.11264367816091954,157547.34727283727,3215.2519851599445,31.509469454567462,0.0724355619645229,100,74,0.74,1749.3495300242114,inf,0.5189037304435833,1.0,0.7594518652217916,0.15649184837136565,0.3703912296209284,0.3654847120403431
1229,13663.146192329365,50,435,0.11494252873563218,162476.6682024472,3249.5333640489443,32.49533364048944,0.07470191641491826,100,74,0.74,1749.3483458285282,inf,0.5189035551826222,1.0,0.7594517775913111,0.1576250694118036,0.3703940626735295,0.3654887033823213
1230,13674.263479711244,50,435,0.11494252873563218,162437.8253271707,3248.7565065434137,32.48756506543413,0.07468405762168766,100,74,0.74,1753.676017907698,inf,0.5195440506503393,1.0,0.7597720253251696,0.157456016148259,0.3703936400403706,0.3654926878962596
1231,13685.380767093124,50,435,0.11494252873563218,162435.08087910066,3248.701617582013,32.48701617582013,0.07468279580648306,100,74,0.74,1757.7319087510389,inf,0.5201443224951537,1.0,0.7600721612475769,0.15730531727945307,0.3703932632931986,0.36549666563602984
1232,13696.498054475003,51,435,0.11724137931034483,167437.24150765716,3283.083166816807,33.48744830153143,0.07698263977363547,100,73,0.73,1747.68723522291,inf,0.5251623363425448,1.0,0.7625811681712724,0.15720073580118155,0.36539300183950296,0.3654965815615801
1233,13707.615341856883,51,435,0.11724137931034483,167418.07393477598,3282.707332054431,33.4836147869552,0.07697382709644873,100,73,0.73,1749.3890358306282,inf,0.5254107992312718,1.0,0.7627053996156359,0.15713421374040648,0.36539283553435103,0.3654964974886245
1234,13718.732629238762,52,435,0.11954022988505747,172164.6915873755,3310.859453603375,34.432938317475106,0.07915618004017266,100,73,0.73,1751.8389596368427,inf,0.5257684881069788,1.0,0.7628842440534894,0.15813596799334168,0.36539533991998335,0.365496415579662
1235,13729.849916620642,51,435,0.11724137931034483,166921.7746414523,3272.97597336181,33.384354928290456,0.0767456435133114,100,73,0.73,1753.6268131125607,inf,0.5260295147144338,1.0,0.7630147573572169,0.15686544307804723,0.3653921636076951,0.36549633123340636
1236,13740.967204002522,51,435,0.11724137931034483,166652.5343403671,3267.696751771904,33.33050686807342,0.0766218548691343,100,74,0.74,1773.34902379471,inf,0.5224556555216171,1.0,0.7612278277608086,0.15769701355416282,0.3703942425338854,0.36550029074132917
1237,13752.084491384401,50,435,0.11494252873563218,161372.1486070794,3227.442972141588,32.274429721415885,0.07419409131359973,100,73,0.73,1761.6257624870407,inf,0.5271973613231079,1.0,0.763598680661554,0.15529770532602283,0.36538824426331507,0.3655002002352888
1238,13763.20177876628,50,435,0.11494252873563218,161148.51884575104,3222.9703769150206,32.229703769150206,0.07409127303252921,100,73,0.73,1765.7891639209645,inf,0.5278052179324608,1.0,0.7639026089662304,0.15509433203314937,0.3653877358300829,0.36550010946498596
1239,13774.31906614816,51,435,0.11724137931034483,165993.95093329475,3254.7833516332303,33.19879018665895,0.07631905790036539,100,73,0.73,1770.0943766579162,inf,0.5284337789920558,1.0,0.764216889496028,0.15605108420216873,0.3653901277105054,0.36550002077002264
1240,13785.43635353004,51,435,0.11724137931034483,165923.11852403564,3253.394480863444,33.18462370480713,0.07628649127541869,100,74,0.74,1789.528136564369,inf,0.5248501642115266,1.0,0.7624250821057633,0.15693070458482766,0.37039232676146205,0.36550396299886345
1241,13796.55364091192,51,435,0.11724137931034483,165927.7223561316,3253.4847520810117,33.185544471226315,0.07628860797983061,100,74,0.74,1791.4606704899645,inf,0.5251361792325149,1.0,0.7625680896162574,0.1568602591817866,0.37039215064795444,0.3655078987377114
1242,13807.670928293799,51,435,0.11724137931034483,165993.39771899825,3254.7725042940833,33.198679543799656,0.07631880354896473,100,74,0.74,1795.7467979404685,inf,0.5257705260951894,1.0,0.7628852630475946,0.1567167702506851,0.3703917919256267,0.3655118278553203
1243,13818.788215675679,51,435,0.11724137931034483,166114.27047099656,3257.1425582548345,33.22285409419932,0.07637437722804441,100,74,0.74,1794.6222284948253,inf,0.5256040898172342,1.0,0.762802044908617,0.15678616615971364,0.37039196541539926,0.36551575079548115
1244,13829.905503057558,50,435,0.11494252873563218,161211.2829354702,3224.225658709404,32.24225658709404,0.07412013008527366,100,74,0.74,1794.2487232189105,inf,0.5255488110363987,1.0,0.7627744055181993,0.15567286228353716,0.3703891821557088,0.36551966519818013
1245,13841.022790439438,50,435,0.11494252873563218,161298.36551783612,3225.9673103567225,32.259673103567216,0.07416016805417751,100,74,0.74,1795.532679163751,inf,0.5257388365162352,1.0,0.7628694182581176,0.15564537489802993,0.37038911343724507,0.36552357326257745
1246,13852.140077821317,48,435,0.1103448275862069,151360.99366202106,3153.354034625439,30.272198732404213,0.06959126145380279,100,74,0.74,1794.0170853837417,inf,0.5255145286367937,1.0,0.7627572643183969,0.15341699856770297,0.37038354249641925,0.36552747059155405
1247,13863.257365203197,48,435,0.1103448275862069,151417.96908774797,3154.5410226614163,30.283593817549594,0.06961745705183815,100,72,0.72,1764.0114101847341,inf,0.5340176430666017,1.0,0.7670088215333009,0.15130431775926867,0.36037826079439816,0.3655233446221653
1248,13874.374652585077,47,435,0.10804597701149425,146482.51235354584,3116.6491990116137,29.29650247070917,0.06734828154186016,100,72,0.72,1766.1647671823448,inf,0.5343277264742576,1.0,0.7671638632371288,0.1500922091523657,0.3603752305228809,0.3655192228334549
1249,13885.491939966956,48,435,0.1103448275862069,151544.2372951575,3157.1716103157814,30.308847459031497,0.0696755114000724,100,70,0.7,1742.4331294371302,inf,0.5439406381211982,1.0,0.7719703190605991,0.14885259616973667,0.35037213149042434,0.3655071051603805
1250,13896.609227348836,48,435,0.1103448275862069,151507.4498879168,3156.4052059982664,30.30148997758336,0.06965859764961692,100,70,0.7,1747.0150541534153,inf,0.5445821075814781,1.0,0.772291053790739,0.14868377192943893,0.3503717094298236,0.36549500652270617
1251,13907.726514730715,48,435,0.1103448275862069,151466.71009277843,3155.5564602662175,30.293342018555684,0.06963986670932341,100,71,0.71,1764.2202966776963,inf,0.540519282128233,1.0,0.7702596410641165,0.14969011282260347,0.3553742252820565,0.36548692283161943
1252,13918.843802112595,49,435,0.11264367816091954,156454.1071136537,3192.940961503137,31.290821422730748,0.07193292281087528,100,70,0.7,1746.3016327202436,inf,0.5444822285808341,1.0,0.7722411142904171,0.14984590426022915,0.35037461476065057,0.36547486193132334
1253,13929.961089494474,50,435,0.11494252873563218,161439.14885406898,3228.7829770813796,32.287829770813794,0.0742248960248593,100,70,0.7,1747.3943080781125,inf,0.5446352031309357,1.0,0.7723176015654678,0.15095364722969573,0.35037738411807423,0.3654628224753319
1254,13941.078376876354,51,435,0.11724137931034483,166414.53682444067,3263.0301338125623,33.28290736488814,0.07651243072388078,100,71,0.71,1762.9694679173147,inf,0.5403416644442586,1.0,0.7701708322221292,0.15317079925087573,0.3553829269981272,0.36545479068610703
1255,13952.195664258234,50,435,0.11494252873563218,161418.8184860453,3228.3763697209056,32.283763697209054,0.07421554872921622,100,71,0.71,1762.5328524664708,inf,0.5402796650502388,1.0,0.7701398325251194,0.1520378581020484,0.3553800946452551,0.36544676943129745
1256,13963.312951640113,50,435,0.11494252873563218,161500.00584355934,3230.000116871187,32.30000116871187,0.07425287624991235,100,71,0.71,1762.1067438696373,inf,0.5402191576294885,1.0,0.7701095788147443,0.15207164871758405,0.3553801791217939,0.3654387610062302
1257,13974.430239021993,51,435,0.11724137931034483,166628.46476961026,3267.2247994041227,33.325692953922044,0.07661078839982079,100,71,0.71,1763.6351958471294,inf,0.5404361978102924,1.0,0.7702180989051461,0.15319634474733734,0.3553829908618683,0.36543076754824577
1258,13985.547526403872,51,435,0.11724137931034483,166794.8979157286,3270.488194426051,33.35897958314572,0.07668730938654188,100,71,0.71,1760.9089508843156,inf,0.5400490710255728,1.0,0.7700245355127864,0.15333138693687776,0.35538332846734216,0.3654227870565215
1259,13996.664813785752,51,435,0.11724137931034483,166929.74935434814,3273.132340281336,33.38594987086963,0.07674931004797617,100,70,0.7,1741.8968722629097,inf,0.5438655621168075,1.0,0.7719327810584038,0.15240826449478617,0.35038102066123694,0.3654108491466839
1260,14007.782101167631,52,435,0.11954022988505747,172108.08870202975,3309.7709365774954,34.42161774040594,0.07913015572507114,100,70,0.7,1737.4102215267571,inf,0.543237431013746,1.0,0.771618715506873,0.1537557201090991,0.3503843893002727,0.36539893284228553
1261,14018.899388549511,52,435,0.11954022988505747,172254.6719819866,3312.589845807435,34.45093439639731,0.07919755033654553,100,71,0.71,1750.3970067317725,inf,0.5385563749559116,1.0,0.7692781874779557,0.15495968142929495,0.3553873992035732,0.3653909997728412
1262,14030.01667593139,54,435,0.12413793103448276,182302.7842324558,3375.9774857862185,36.46055684649116,0.08381737206089922,100,71,0.71,1746.7444892168412,inf,0.5380377174687915,1.0,0.7690188587343958,0.15739925666325172,0.3553934981416581,0.3653830840945901
1263,14041.13396331327,54,435,0.12413793103448276,182403.40803343448,3377.840889508046,36.48068160668691,0.08386363587744117,100,71,0.71,1746.939359649836,inf,0.5380653890702767,1.0,0.7690326945351383,0.15741547067115141,0.35539353867667783,0.3653751809732151
1264,14052.25125069515,54,435,0.12413793103448276,182564.420017267,3380.822592912352,36.512884003453394,0.08393766437575492,100,71,0.71,1745.9914390512927,inf,0.5379307843452835,1.0,0.7689653921726418,0.1574861361015566,0.3553937153402539,0.36536729048654876
1265,14063.36853807703,54,435,0.12413793103448276,182642.84730446793,3382.2749500827395,36.52856946089359,0.08397372289860595,100,72,0.72,1761.7756268913208,inf,0.5336956902723502,1.0,0.7668478451361751,0.15856293888121542,0.360396407347203,0.36536336403857134
1266,14074.485825458909,54,435,0.12413793103448276,182676.2039715715,3382.892666140213,36.5352407943143,0.08398905929727425,100,72,0.72,1762.7621349874967,inf,0.5338377474381995,1.0,0.7669188737190997,0.15853509278908728,0.3603963377319727,0.3653594437336727
1267,14085.603112840789,53,435,0.12183908045977011,177711.82955718267,3353.0533878713713,35.54236591143654,0.08170658830215297,100,71,0.71,1749.9954868258023,inf,0.5384993591292639,1.0,0.769249679564632,0.15622845436876054,0.3553905711359219,0.3653515818467659
1268,14096.720400222668,53,435,0.12183908045977011,177681.9670907286,3352.489945108087,35.536393418145714,0.08169285843251889,100,71,0.71,1752.126881186158,inf,0.5388020171284345,1.0,0.7694010085642172,0.15614592493415086,0.3553903648123354,0.36534373218795235
1269,14107.837687604548,54,435,0.12413793103448276,182528.21207079443,3380.152075385082,36.505642414158885,0.08392101704404341,100,69,0.69,1724.1158433765052,inf,0.5479279863859576,1.0,0.7739639931929788,0.1549785119255323,0.3453874462798138,0.36532801857700103
1270,14118.954974986427,55,435,0.12643678160919541,187392.88543099447,3407.1433714726268,37.47857708619889,0.08615764847402044,100,70,0.7,1741.7776154779253,inf,0.5438488661669096,1.0,0.7719244330834548,0.15711660769528285,0.3503927915192382,0.36531626780826953
1271,14130.072262368307,55,435,0.12643678160919541,187276.91587746126,3405.0348341356594,37.45538317549224,0.08610432913906262,100,71,0.71,1755.5926460329808,inf,0.5392941557366833,1.0,0.7696470778683416,0.1582286256353605,0.3553955715640884,0.3653084685187694
1272,14141.189549750186,56,435,0.12873563218390804,192178.70439581858,3431.7625784967604,38.43574087916372,0.08835802500957177,100,71,0.71,1755.05620546687,inf,0.5392179811762956,1.0,0.7696089905881478,0.15937451721071194,0.35539843629302675,0.3653006837330461
1273,14152.306837132066,57,435,0.1310344827586207,197051.5378180658,3457.044523123961,39.410307563613166,0.09059840819221418,100,74,0.74,1800.3353115937957,inf,0.5264496261158818,1.0,0.7632248130579409,0.16368679756713667,0.3704092169939178,0.36530469357077044
1274,14163.424124513946,55,435,0.12643678160919541,186895.1596288534,3398.093811433698,37.37903192577068,0.08592880902476019,100,74,0.74,1795.7017865495066,inf,0.5257638644093271,1.0,0.7628819322046636,0.16152343841004824,0.3704038085960251,0.3653086928766726
1275,14174.541411895825,55,435,0.12643678160919541,186752.0697010967,3395.4921763835764,37.35041394021933,0.08586302055222836,100,74,0.74,1792.8124123822884,inf,0.5253362370325787,1.0,0.7626681185162894,0.16159745101796952,0.3704039936275449,0.36531268605907924
1276,14185.658699277705,55,435,0.12643678160919541,186661.8202921327,3393.8512780387764,37.332364058426556,0.08582152657109553,100,74,0.74,1792.0247155432546,inf,0.5252196579004017,1.0,0.7626098289502008,0.16160584881044737,0.3704040146220261,0.365316673003921
1277,14196.775986659584,55,435,0.12643678160919541,186594.7424686713,3392.631681248569,37.318948493734254,0.08579068619249254,100,73,0.73,1774.7659338987519,inf,0.5291158263492178,1.0,0.764557913174609,0.16061638650894183,0.36540154096627236,0.3653167394107773
1278,14207.893274041464,56,435,0.12873563218390804,191424.36763499028,3418.292279196255,38.284873526998055,0.08801120351034036,100,74,0.74,1793.1562358224253,inf,0.5253871229017191,1.0,0.7626935614508595,0.16265882102974044,0.37040664705257437,0.3653207190101845
1279,14219.010561423343,56,435,0.12873563218390804,191254.90656912274,3415.2661887343347,38.25098131382455,0.08793329037660817,100,74,0.74,1791.8705541747288,inf,0.5251968420178599,1.0,0.7625984210089299,0.1626674346838391,0.3704066685867096,0.3653246924082912
1280,14230.127848805223,56,435,0.12873563218390804,191118.85472099332,3412.836691446309,38.22377094419866,0.08787073780275555,100,74,0.74,1792.2119754432088,inf,0.5252473723655948,1.0,0.7626236861827974,0.16262352580997902,0.37040655881452494,0.3653286595171173
1281,14241.245136187103,56,435,0.12873563218390804,191031.99878164663,3411.285692529404,38.20639975632933,0.08783080403753869,100,74,0.74,1792.6655609090542,inf,0.5253145030145401,1.0,0.76265725150727,0.1625867762651343,0.3704064669406628,0.3653326203653416
1282,14252.362423568982,58,435,0.13333333333333333,200933.64256771514,3464.3731477192264,40.18672851354303,0.09238328393917938,100,73,0.73,1774.1368051161248,inf,0.5290239735469542,1.0,0.7645119867734771,0.16393564858285115,0.36540983912145714,0.36533268055143364
1283,14263.479710950862,58,435,0.13333333333333333,200747.80571039408,3461.169063972312,40.14956114207881,0.0922978417059283,100,75,0.75,1795.3084161584588,inf,0.5192962624237688,1.0,0.7596481312118843,0.166324855247022,0.37541581213811753,0.36534053345765377
1284,14274.596998332741,58,435,0.13333333333333333,200603.1745201004,3458.675422760352,40.12063490402008,0.09223134460694271,100,76,0.76,1798.9145725409387,inf,0.5134350150262227,1.0,0.7567175075131114,0.16775691854691566,0.3804193922963673,0.36535226797815085
1285,14285.714285714621,58,435,0.13333333333333333,200498.35638333394,3456.8682135057575,40.09967127666678,0.09218315236015352,100,74,0.74,1760.4802076249648,inf,0.5205510707284947,1.0,0.7602755353642474,0.16595380849795305,0.3704148845212449,0.36535620469396973
1286,14296.8315730965,57,435,0.1310344827586207,195397.16182268882,3428.02038285419,39.07943236453776,0.08983777555066151,100,74,0.74,1751.296043327578,inf,0.5191918144124815,1.0,0.7595959072062408,0.1651209341722103,0.3704128023354305,0.3653601336742661
1287,14307.94886047838,59,435,0.135632183908046,205273.1719477626,3479.206304199366,41.054634389552525,0.09437846986104029,100,74,0.74,1743.8373041944333,inf,0.518087921020776,1.0,0.759043960510388,0.16766725467532617,0.3704191681366883,0.36536406149605366
1288,14319.06614786026,59,435,0.135632183908046,205175.16058717336,3477.5450946978535,41.03503211743467,0.09433340716651648,100,74,0.74,1738.5969271114704,inf,0.5173123452124976,1.0,0.7586561726062488,0.16783861728013383,0.37041959654320034,0.36536798355582645
1289,14330.18343524214,61,435,0.14022988505747128,215006.7615873906,3524.701009629354,43.00135231747813,0.09885368348845547,100,74,0.74,1734.4571042491714,inf,0.5166996514288773,1.0,0.7583498257144387,0.1702519288870084,0.3704256298222175,0.3653719042118469
1290,14341.300722624019,61,435,0.14022988505747128,214776.06946795696,3520.9191716058517,42.955213893591406,0.09874761814618714,100,74,0.74,1732.5933836941501,inf,0.5164238207867342,1.0,0.7582119103933671,0.17026785387640997,0.37042566963469103,0.3653758188248778
1291,14352.418010005898,61,435,0.14022988505747128,214581.55904971377,3517.730476224816,42.91631180994277,0.09865818806883395,100,75,0.75,1749.0011271039214,inf,0.5123501690655883,1.0,0.7561750845327941,0.17124155176801992,0.37542810387942005,0.36538359923126673
1292,14363.535297387778,61,435,0.14022988505747128,214424.16602967065,3515.150262781486,42.88483320593413,0.09858582346191753,100,75,0.75,1747.4363203600913,inf,0.5121154480540137,1.0,0.7560577240270068,0.17126404971745535,0.37542816012429364,0.3653913676464972
1293,14374.652584769658,60,435,0.13793103448275862,209298.37213133232,3488.306202188872,41.859674426266466,0.09622913661210682,100,75,0.75,1744.44478766062,inf,0.511666718149093,1.0,0.7558333590745465,0.17019788876878017,0.37542549472192194,0.3653991219950872
1294,14385.769872151537,60,435,0.13793103448275862,209175.33248049396,3486.255541341566,41.83506649609879,0.09617256665769837,100,76,0.76,1756.6550741996616,inf,0.5070115712783485,1.0,0.7535057856391743,0.1713333905092621,0.38042833347627314,0.36541072756379855
1295,14396.887159533417,60,435,0.13793103448275862,209095.07595046028,3484.917932507671,41.81901519009205,0.0961356671036599,100,76,0.76,1755.492903059874,inf,0.5068349212651008,1.0,0.7534174606325503,0.1713591032355548,0.3804283977580889,0.36542231527228175
1296,14408.004446915296,59,435,0.135632183908046,204049.238936621,3458.4616768918813,40.8098477873242,0.09381574203982575,100,76,0.76,1756.6096928443385,inf,0.5070046733123394,1.0,0.7535023366561697,0.17015670269182803,0.38042539175672957,0.3654338827946291
1297,14419.121734297176,59,435,0.135632183908046,203991.01777733266,3457.4748775819094,40.79820355546653,0.09378897369072765,100,75,0.75,1747.0788530166615,inf,0.5120618279524992,1.0,0.7560309139762496,0.16887902985723902,0.3754221975746431,0.3654415779523949
1298,14430.239021679055,59,435,0.135632183908046,203997.910552161,3457.591704273915,40.799582110432205,0.09379214278260277,100,74,0.74,1737.2942452354268,inf,0.5171195482948431,1.0,0.7585597741474215,0.16761618431759062,0.370419040460794,0.36544540971722045
1299,14441.356309060935,61,435,0.14022988505747128,214048.10734896982,3508.9853663765543,42.80962146979397,0.09841292291906659,100,73,0.73,1727.403884669784,inf,0.5222009671617884,1.0,0.7611004835808942,0.16865621966908623,0.3654216405491727,0.365445391433245
1300,14452.473596442815,61,435,0.14022988505747128,214136.18513126514,3510.4292644469697,42.82723702625304,0.0984534184511564,100,73,0.73,1731.4469781603188,inf,0.5227912588114065,1.0,0.7613956294057033,0.16852889452272662,0.3654213222363068,0.36544537293270934
1301,14463.590883824694,61,435,0.14022988505747128,214290.27088227237,3512.955260365121,42.85805417645447,0.09852426247460798,100,72,0.72,1714.8587347476544,inf,0.5269396578036621,1.0,0.7634698289018311,0.16752721678638838,0.36041881804196596,0.3654415122914722
1302,14474.708171206574,59,435,0.135632183908046,204422.1276289914,3464.7818242201934,40.884425525798285,0.09398718511677767,100,72,0.72,1720.520007900774,inf,0.5277548811377115,1.0,0.7638774405688558,0.16505487227396098,0.3604126371806849,0.3654376528324463
1303,14485.825458588453,58,435,0.13333333333333333,199449.44353561584,3438.783509234756,39.88988870712316,0.09170089357959348,100,70,0.7,1690.2324164907116,inf,0.5366325383086996,1.0,0.7683162691543498,0.16169231221262187,0.3504042307805315,0.3654261241345537
1304,14496.942745970333,58,435,0.13333333333333333,199516.06482949355,3439.9321522326472,39.9032129658987,0.09173152405953724,100,71,0.71,1707.427443515369,inf,0.5324546969791824,1.0,0.7662273484895912,0.16275208778497308,0.35540688021946243,0.3654184465530096
1305,14508.060033352212,57,435,0.1310344827586207,194620.49614828377,3414.394669268136,38.92409922965675,0.08948068788426838,100,71,0.71,1705.910423112685,inf,0.5322392800820012,1.0,0.7661196400410006,0.1616805239216339,0.35540420130980405,0.36541077867763194
1306,14519.177320734092,57,435,0.1310344827586207,194685.02150441412,3415.526693059897,38.93700430088283,0.08951035471467318,100,71,0.71,1705.991374574695,inf,0.5322507751896067,1.0,0.7661253875948033,0.16169248355993493,0.3554042312088998,0.3654031225586811
1307,14530.294608115972,57,435,0.1310344827586207,194800.0669512036,3417.545034231642,38.960013390240725,0.08956324917296718,100,71,0.71,1705.3879425391503,inf,0.5321650878405594,1.0,0.7660825439202796,0.1617403526263438,0.35540435088156586,0.36539547823782703
1308,14541.411895497851,55,435,0.12643678160919541,184816.86236360137,3360.306588429116,36.96337247272028,0.08497327005223053,100,70,0.7,1686.7329676768868,inf,0.5361426154747642,1.0,0.7680713077373821,0.15845098115742423,0.35039612745289356,0.3653840196046835
1309,14552.52918287973,55,435,0.12643678160919541,184871.55627467795,3361.3010231759627,36.97431125493559,0.08499841667801286,100,70,0.7,1687.0314512419657,inf,0.5361844031738753,1.0,0.7680922015869376,0.15845310754553765,0.35039613276886383,0.3653725784696943
1310,14563.64647026161,56,435,0.12873563218390804,189957.00473665466,3392.089370297405,37.99140094733094,0.0873365539019102,100,71,0.71,1704.618030609339,inf,0.5320557603465262,1.0,0.7660278801732632,0.1606543368643235,0.3554016358421608,0.3653649728689105
1311,14574.76375764349,56,435,0.12873563218390804,190046.0992325098,3393.6803434376748,38.00921984650196,0.08737751688851027,100,71,0.71,1701.5560563687704,inf,0.5316209600043654,1.0,0.7658104800021828,0.16078351844316374,0.35540195879610786,0.3653573791081843
1312,14585.88104502537,57,435,0.1310344827586207,195058.27113659875,3422.074932221031,39.011654227319745,0.08968196374096493,100,70,0.7,1685.0472009673042,inf,0.5359066081354226,1.0,0.7679533040677113,0.1608643298366268,0.3504021608245915,0.36534598899524934
1313,14596.99833240725,57,435,0.1310344827586207,195081.88164114207,3422.489151598984,39.01637632822841,0.08969281914535267,100,71,0.71,1698.5919744279468,inf,0.5312000603687684,1.0,0.7656000301843842,0.1620463944804843,0.35540511598620117,0.3653384236428832
1314,14608.115619789129,58,435,0.13333333333333333,200152.06113827054,3450.8976058322505,40.03041222765411,0.09202393615552669,100,71,0.71,1697.1878562654576,inf,0.531000675589695,1.0,0.7655003377948475,0.16326179918033956,0.3554081544979508,0.3653308721074118
1315,14619.232907171008,57,435,0.1310344827586207,195160.2150748344,3423.863422365516,39.03204301496688,0.08972883451716525,100,72,0.72,1711.6623388395353,inf,0.5264793767928932,1.0,0.7632396883964466,0.16324457306035928,0.3604081114326509,0.3653271314078109
1316,14630.350194552888,57,435,0.1310344827586207,195221.19519751988,3424.9332490792963,39.04423903950398,0.08975687135518155,100,73,0.73,1726.934474135857,inf,0.5221324332238352,1.0,0.7610662166119175,0.164345327371632,0.3654108633184291,0.3653271949855714
1317,14641.467481934767,56,435,0.12873563218390804,190309.80038956812,3398.389292670859,38.061960077913625,0.08749875879980144,100,73,0.73,1728.1249393740059,inf,0.5223062411486049,1.0,0.7611531205743025,0.1631728191127495,0.3654079320477819,0.3653272562428265
1318,14652.584769316647,56,435,0.12873563218390804,190424.2406374666,3400.4328685261894,38.08484812749332,0.08755137500573178,100,72,0.72,1715.8297018939477,inf,0.5270794770727284,1.0,0.7635397385363643,0.16200581823468374,0.3604050145455867,0.365323524444724
1319,14663.702056698527,56,435,0.12873563218390804,190599.50297507102,3403.562553126268,38.1199005950142,0.08763195539083725,100,74,0.74,1754.2137364853377,inf,0.51962363299983,1.0,0.759811816499915,0.16391006944546116,0.3704097751736137,0.36532737766497314
1320,14674.819344080406,56,435,0.12873563218390804,190834.74734128104,3407.7633453800186,38.166949468256206,0.08774011372012921,100,74,0.74,1755.143252354199,inf,0.5197612013484215,1.0,0.7598806006742107,0.16392975652295927,0.3704098243913074,0.36533122508868726
1321,14685.936631462286,53,435,0.12183908045977011,175983.4492719674,3320.4424390937247,35.196689854393476,0.08091193069975512,100,74,0.74,1755.3161806858445,inf,0.519786794741505,1.0,0.7598933973707525,0.16050926666450138,0.37040127316666127,0.3653350602233907
1322,14697.053918844165,53,435,0.12183908045977011,176128.7046157232,3323.1831059570413,35.22574092314464,0.08097871476584975,100,74,0.74,1754.6577140263023,inf,0.5196893416758928,1.0,0.7598446708379464,0.16056702196395173,0.37040141755490985,0.3653388896695974
1323,14708.171206226045,53,435,0.12183908045977011,176305.2753967697,3326.51463012773,35.26105507935394,0.08105989673414699,100,74,0.74,1754.7804287038052,inf,0.5197075034481632,1.0,0.7598537517240815,0.1606030725050327,0.37040150768126257,0.3653427133992135
1324,14719.288493607924,53,435,0.12183908045977011,176536.3084002708,3330.8737434013356,35.30726168005417,0.08116611880472223,100,76,0.76,1785.8554912426055,inf,0.5114500346688761,1.0,0.7557250173344381,0.16272055073514202,0.38040680137683786,0.36535408252221546
1325,14730.405780989804,53,435,0.12183908045977011,176820.28032012202,3336.2317041532456,35.3640560640244,0.08129668060695265,100,76,0.76,1784.5044034749449,inf,0.5112446693281916,1.0,0.7556223346640958,0.1628371729714284,0.3804070929324286,0.365365434717095
1326,14741.523068371684,52,435,0.11954022988505747,172079.8560375043,3309.2280007212366,34.41597120750085,0.07911717518965714,100,76,0.76,1777.98828817162,inf,0.5102542198020862,1.0,0.755127109901043,0.16199503264430704,0.3804049875816108,0.3653767682158625
1327,14752.640355753563,51,435,0.11724137931034483,167312.26095343637,3280.6325677144387,33.46245219068728,0.07692517744985582,100,74,0.74,1749.7218836946479,inf,0.5189588387868079,1.0,0.759479419393404,0.1587228790282259,0.37039680719757057,0.3653805483656981
1328,14763.757643135443,51,435,0.11724137931034483,167533.02603924542,3284.961294887165,33.506605207849084,0.07702667863873353,100,74,0.74,1749.3207900975979,inf,0.5188994769344445,1.0,0.7594497384672223,0.15878847008575558,0.37039697117521436,0.3653843229502049
1329,14774.874930517322,52,435,0.11954022988505747,172776.85557936778,3322.631838064765,34.555371115873555,0.07943763474913461,100,75,0.75,1761.9253274778384,inf,0.5142887991216759,1.0,0.757144399560838,0.16114661759414828,0.37540286654398536,0.3653918556897491
1330,14785.992217899202,53,435,0.12183908045977011,178022.79143910963,3358.9205931907477,35.604558287821924,0.08184955928234924,100,75,0.75,1760.5637175269087,inf,0.5140845576290364,1.0,0.7570422788145181,0.1624036402339155,0.3754060091005848,0.36539937947142515
1331,14797.109505281082,55,435,0.12643678160919541,188259.63755892104,3422.9025010712917,37.65192751178421,0.08655615519950392,100,74,0.74,1744.6516265729492,inf,0.5182084407327965,1.0,0.7591042203663982,0.16372596741655288,0.3704093149185414,0.3654031406842233
1332,14808.226792662961,54,435,0.12413793103448276,183476.31280251793,3397.7094963429245,36.695262560503586,0.08435692542644503,100,75,0.75,1755.0420366532267,inf,0.513256305497984,1.0,0.756628152748992,0.16386438633872658,0.3754096609658468,0.3654106474511262
1333,14819.34408004484,54,435,0.12413793103448276,183734.95685845593,3402.499201082517,36.74699137169118,0.08447584223377283,100,73,0.73,1724.909685138718,inf,0.5218368140302527,1.0,0.7609184070151264,0.16177871760932322,0.3654044467940233,0.3654106428029575
1334,14830.46136742672,54,435,0.12413793103448276,184038.3617053977,3408.1178093592166,36.80767234107953,0.08461533871512536,100,75,0.75,1748.3153140478767,inf,0.5122472971071815,1.0,0.7561236485535907,0.16424584508076734,0.3754106146127019,0.3654181334185453
1335,14841.5786548086,54,435,0.12413793103448276,184335.701038348,3413.6240933027407,36.8671402076696,0.08475204645441288,100,75,0.75,1743.9124066058118,inf,0.5115868609908718,1.0,0.7557934304954359,0.1644793079794885,0.37541119826994873,0.36542561325750594
1336,14852.69594219048,54,435,0.12413793103448276,184630.7539753352,3419.0880365802814,36.92615079506704,0.08488770297716561,100,77,0.77,1769.6040382876174,inf,0.5025190218962932,1.0,0.7512595109481466,0.16681409601450947,0.3854170352400363,0.36544056570476285
1337,14863.813229572359,54,435,0.12413793103448276,184973.49654438763,3425.4351211923636,36.99469930887754,0.08504528576753458,100,77,0.77,1764.9218824186128,inf,0.5017979698924664,1.0,0.7508989849462332,0.16707315041065068,0.3854176828760266,0.36545549628560836
1338,14874.930516954239,54,435,0.12413793103448276,185365.81512429178,3432.7002800794776,37.07316302485836,0.08522566212611117,100,76,0.76,1746.4132675689934,inf,0.505454816670487,1.0,0.7527274083352435,0.1662491268954338,0.38041562281723856,0.36546666889690904
1339,14886.047804336118,55,435,0.12643678160919541,190798.19706068694,3469.058128376126,38.15963941213738,0.08772330899341926,100,76,0.76,1743.8137243077906,inf,0.5050596860947841,1.0,0.7525298430473921,0.16759673297301358,0.38041899183243255,0.3654778273468609
1340,14897.165091717998,54,435,0.12413793103448276,186236.16483228482,3448.8178672645336,37.247232966456956,0.0856258229113953,100,76,0.76,1741.4745677446706,inf,0.5047041342971899,1.0,0.7523520671485949,0.1666368778814002,0.38041659219470353,0.36548896736539027
1341,14908.282379099877,53,435,0.12183908045977011,181662.42784617562,3427.5929782297285,36.33248556923512,0.08352295533157499,100,75,0.75,1726.7457759911522,inf,0.5090118663986728,1.0,0.7545059331993365,0.1645085110661193,0.37541127127766527,0.3654963610344754
1342,14919.399666481757,53,435,0.12183908045977011,182061.25615331583,3435.1180406286007,36.412251230663166,0.08370632466819118,100,76,0.76,1741.4649618359365,inf,0.5047026741990623,1.0,0.7523513370995312,0.16567749378433005,0.38041419373446084,0.36550746887714103
1343,14930.516953863636,52,435,0.11954022988505747,177485.51582205354,3413.1829965779525,35.4971031644107,0.08160253601013955,100,77,0.77,1754.5862450964644,inf,0.5002062817448555,1.0,0.7501031408724277,0.16574969756885594,0.38541437424392216,0.36552228056268177
1344,14941.634241245516,53,435,0.12183908045977011,182954.9162837021,3451.979552522681,36.59098325674043,0.08411720288905845,100,77,0.77,1752.0371033591616,inf,0.4998137139173109,1.0,0.7499068569586554,0.1671051729652015,0.38541776293241303,0.36553707274288233
1345,14952.751528627396,53,435,0.12183908045977011,183420.37428604218,3460.761778981928,36.68407485720843,0.08433120656829524,100,77,0.77,1750.920929802132,inf,0.4996418231895284,1.0,0.7498209115947642,0.16725514748676557,0.3854181378687169,0.3655518432221735
1346,14963.868816009275,52,435,0.11954022988505747,178884.91543437162,3440.0945275840695,35.776983086874324,0.08224593813074557,100,77,0.77,1751.415939494682,inf,0.499718054682181,1.0,0.7498590273410906,0.16619345539482755,0.3854154836384871,0.36556658980006235
1347,14974.986103391155,52,435,0.11954022988505747,179386.54647837172,3449.7412784302255,35.87730929567435,0.08247657309350426,100,78,0.78,1764.7177496214385,inf,0.4952959689409444,1.0,0.7476479844704722,0.167414294311516,0.3904185357357788,0.3655850259617357
1348,14986.103390773034,53,435,0.12183908045977011,184928.37270130403,3489.2145792698875,36.98567454026081,0.08502453917301335,100,78,0.78,1767.2059911967947,inf,0.4956841346267,1.0,0.74784206731335,0.16859123592983166,0.3904214780898246,0.3656034369714674
1349,14997.220678154914,53,435,0.12183908045977011,185405.42529454918,3498.2155715952676,37.08108505890983,0.08524387369864328,100,79,0.79,1787.743144864523,inf,0.4924634168885945,1.0,0.7462317084442973,0.16950608262717304,0.39542376520656797,0.3656255261034934
1350,15008.337965536793,52,435,0.11954022988505747,180867.61082857812,3478.2232851649637,36.17352216571562,0.0831575222200359,100,78,0.78,1773.7121266284278,inf,0.49669909175403476,1.0,0.7483495458770174,0.1674039881715092,0.39041850997042876,0.3656438776829656
1351,15019.455252918673,52,435,0.11954022988505747,181313.4981296073,3486.7980409539864,36.262699625921464,0.08336252787568152,100,78,0.78,1771.2821206880244,inf,0.49632001082733174,1.0,0.7481600054136659,0.16760126123100783,0.39041900315307754,0.36566220247991094
1352,15030.572540300553,52,435,0.11954022988505747,181792.74153454782,3496.014260279766,36.35854830690956,0.08358286967105646,100,78,0.78,1770.5212697183865,inf,0.4962013180760683,1.0,0.7481006590380341,0.1677411053165112,0.3904193527632913,0.36568050044760003
1353,15041.689827682432,52,435,0.11954022988505747,182303.96473179737,3505.845475611488,36.46079294635949,0.08381791481921722,100,78,0.78,1770.0995005093084,inf,0.4961355220794521,1.0,0.748067761039726,0.16787507688974562,0.3904196876922244,0.36569877163463443
1354,15052.807115064312,51,435,0.11724137931034483,177821.82695151726,3486.7024892454365,35.56436539030345,0.08175716181678955,100,79,0.79,1786.8235141093437,inf,0.4923181152292762,1.0,0.7461590576146381,0.16779905210107576,0.3954194976302527,0.3657207057497604
1355,15063.924402446191,51,435,0.11724137931034483,178319.5736367157,3496.462228170896,35.66391472734313,0.08198601086745548,100,80,0.8,1800.3092192843221,inf,0.4880494750854916,1.0,0.7440247375427458,0.16898063666235486,0.4004224515916559,0.3657462970077559
1356,15075.041689828071,51,435,0.11724137931034483,178847.22481006253,3506.808329609069,35.76944496201251,0.08222860910807472,100,80,0.8,1798.8841728505354,inf,0.48782146765608575,1.0,0.7439107338280428,0.169158937640016,0.4004228973441001,0.365771850876832
1357,15086.15897720995,51,435,0.11724137931034483,179404.63872759126,3517.738014266495,35.88092774551824,0.08248489136900745,100,78,0.78,1767.3256599937636,inf,0.49570280295902713,1.0,0.7478514014795136,0.16731674494474696,0.3904182918623619,0.3657899999497227
1358,15097.27626459183,50,435,0.11494252873563218,174897.08698173115,3497.941739634623,34.979417396346236,0.08041245378470399,100,77,0.77,1745.1525063172048,inf,0.4987534859728494,1.0,0.7493767429864246,0.16551785539913966,0.38541379463849784,0.3658044398280809
1359,15108.39355197371,50,435,0.11494252873563218,175330.3334671969,3506.606669343938,35.06606669343938,0.08061164757112502,100,77,0.77,1740.199506497046,inf,0.497990724000545,1.0,0.7489953620002725,0.16580814278542622,0.38541452035696355,0.3658188590049404
1360,15119.51083935559,50,435,0.11494252873563218,175669.4622463524,3513.389244927048,35.13389244927047,0.08076756884889763,100,77,0.77,1736.9350988220838,inf,0.4974880052186009,1.0,0.7487440026093004,0.16601178311979858,0.3854150294577995,0.365833257366772
1361,15130.628126737469,50,435,0.11494252873563218,176010.28564052863,3520.2057128105725,35.20205712810572,0.08092426926001316,100,76,0.76,1717.2078228204898,inf,0.5010155890687146,1.0,0.7505077945343572,0.16520823736282797,0.3804130205934071,0.3658439620387446
1362,15141.745414119348,50,435,0.11494252873563218,176380.0897147961,3527.601794295922,35.276017942959214,0.08109429412174532,100,78,0.78,1742.6850561891124,inf,0.4918588687655015,1.0,0.7459294343827507,0.16758242986949734,0.39041895607467375,0.3658619921150732
1363,15152.862701501228,52,435,0.11954022988505747,186769.2129020989,3591.715632732671,37.35384258041977,0.08587090248372362,100,79,0.79,1756.7209520386027,inf,0.4875619104220992,1.0,0.7437809552110496,0.17104497363633703,0.39542761243409086,0.36588366778979386
1364,15163.979988883108,52,435,0.11954022988505747,187150.7266270515,3599.052435135606,37.430145325410294,0.08604631109289723,100,79,0.79,1754.348232392663,inf,0.4871870207180408,1.0,0.7435935103590204,0.17122640036693842,0.39542806600091734,0.3659053120375676
1365,15175.097276264987,50,435,0.11494252873563218,177514.09669088587,3550.2819338177173,35.50281933817717,0.08161567663948774,100,78,0.78,1741.0450777877793,inf,0.4916030321348936,1.0,0.7458015160674468,0.16790708028602047,0.39041976770071507,0.3659232581983752
1366,15186.214563646867,50,435,0.11494252873563218,177797.5582619702,3555.951165239404,35.55951165239404,0.081746003798607,100,78,0.78,1737.6008728631657,inf,0.49106573616665394,1.0,0.745532868083327,0.16810656785764005,0.3904202664196441,0.3659411784677397
1367,15197.331851028746,51,435,0.11724137931034483,183034.58623333625,3588.9134555556125,36.60691724666725,0.0841538327509592,100,78,0.78,1734.4973359186802,inf,0.4905815844033142,1.0,0.7452907922016571,0.16943152027465108,0.3904235788006866,0.36595907495921115
1368,15208.449138410626,51,435,0.11724137931034483,183295.0872373581,3594.0213183795704,36.65901744747162,0.08427360332752096,100,79,0.79,1742.0812254979605,inf,0.4852488336286778,1.0,0.7426244168143389,0.170824593256591,0.3954270614831415,0.365980600150244
1369,15219.566425792505,51,435,0.11724137931034483,183582.5144723339,3599.6571465163506,36.71650289446679,0.08440575378038342,100,79,0.79,1738.989204653812,inf,0.4847602943353024,1.0,0.7423801471676512,0.17101280330636615,0.3954275320082659,0.36600209426108926
1370,15230.683713174385,52,435,0.11954022988505747,188854.3926012569,3631.8152423318634,37.77087852025139,0.08682960579368135,100,79,0.79,1740.8284247897998,inf,0.4850508911167885,1.0,0.7425254455583943,0.1721520801176435,0.39543038020029414,0.3660235590940135
1371,15241.801000556265,51,435,0.11724137931034483,184085.84227612359,3609.526319139678,36.81716845522472,0.08463716886258556,100,79,0.79,1740.4190878308395,inf,0.4849862158772727,1.0,0.7424931079386363,0.1710720304619746,0.395427680076155,0.3660449906690734
1372,15252.918287938144,51,435,0.11724137931034483,184304.82694761085,3613.8201362276636,36.860965389522164,0.0847378514701659,100,78,0.78,1727.7852329176449,inf,0.48953449633515256,1.0,0.7447672481675762,0.16998530165129488,0.39042496325412823,0.36606274738617833
1373,15264.035575320024,52,435,0.11954022988505747,189513.16158916164,3644.483876714647,37.902632317832335,0.08713248808697088,100,76,0.76,1697.286427542822,inf,0.4979875369865088,1.0,0.7489937684932544,0.16906935979685822,0.38042267339949215,0.36607319856959414
1374,15275.152862701903,52,435,0.11954022988505747,189697.38096722774,3648.026557062072,37.93947619344554,0.08721718665159894,100,75,0.75,1684.1180141340812,inf,0.5026177021201123,1.0,0.7513088510600561,0.16795416779577144,0.37541988541948945,0.36607999616003045
1375,15286.270150083783,52,435,0.11954022988505747,189904.71019014806,3652.0136575028473,37.98094203802961,0.08731251043225198,100,74,0.74,1668.6785945564827,inf,0.5069644319943596,1.0,0.7534822159971798,0.16691514721753614,0.37041728786804384,0.36608314826156246
1376,15297.387437465663,52,435,0.11954022988505747,190088.53370440018,3655.548725084619,38.01770674088004,0.08739702699052881,100,74,0.74,1668.2599573857665,inf,0.5069024736930935,1.0,0.7534512368465467,0.1669728950719911,0.37041743223768,0.3660862958897223
1377,15308.504724847542,51,435,0.11724137931034483,185156.7127290912,3630.523779001788,37.031342545818234,0.08512952309383502,100,75,0.75,1681.6453745313202,inf,0.5022468061796981,1.0,0.751123403089849,0.16700306000199294,0.375417507650005,0.36609306745123193
1378,15319.622012229422,50,435,0.11494252873563218,180220.46686741468,3604.409337348294,36.04409337348293,0.08285998476662743,100,75,0.75,1682.7909829011721,inf,0.5024186474351758,1.0,0.7512093237175879,0.16582533052451975,0.3754145633263113,0.3660998270566526
1379,15330.739299611301,50,435,0.11494252873563218,180301.02115808637,3606.020423161727,36.06020423161727,0.08289702122210867,100,76,0.76,1699.1460518895854,inf,0.49827019988721694,1.0,0.7491350999436085,0.16688096063925012,0.38041720240159815,0.3661102019663229
1380,15341.85658699318,50,435,0.11494252873563218,180401.64855914438,3608.0329711828876,36.08032971182888,0.0829432866938595,100,78,0.78,1730.6616385746825,inf,0.4899832156176505,1.0,0.7449916078088252,0.16897583944251715,0.3904224395986063,0.3661278067727184
1381,15352.97387437506,48,435,0.1103448275862069,170450.5608729773,3551.0533515203606,34.09011217459547,0.07836807396458728,100,78,0.78,1732.6683666750394,inf,0.4902962652013062,1.0,0.745148132600653,0.16660997068196715,0.3904165249267049,0.3661453818220339
1382,15364.09116175694,48,435,0.1103448275862069,170504.38386699907,3552.174663895814,34.10087677339982,0.07839282016873521,100,78,0.78,1734.228427975962,inf,0.49053963476425005,1.0,0.745269817382125,0.16656150139330506,0.3904164037534833,0.366162931367899
1383,15375.20844913882,49,435,0.11264367816091954,175514.97545697808,3581.938274632206,35.10299509139561,0.08069654043998992,100,78,0.78,1733.8476719849707,inf,0.49048023682965536,1.0,0.7452401184148276,0.16772821101258117,0.3904193205275315,0.3661804576606444
1384,15386.3257365207,49,435,0.11264367816091954,175496.93768911643,3581.5701569207436,35.09938753782329,0.08068824721338687,100,77,0.77,1724.4552068151008,inf,0.49556610184952554,1.0,0.7477830509247627,0.16645259814431212,0.3854161314953608,0.36619434623381025
1385,15397.443023902579,49,435,0.11264367816091954,175453.5043563621,3580.683762374737,35.09070087127242,0.08066827786499406,100,77,0.77,1720.4707434583145,inf,0.4949524944925804,1.0,0.7474762472462901,0.16659601530935197,0.3854164900382734,0.36620821502443396
1386,15408.560311284458,49,435,0.11264367816091954,175431.54753636397,3580.235664007428,35.086309507272794,0.08065818277533976,100,76,0.76,1706.9766270662963,inf,0.4994604473140771,1.0,0.7497302236570386,0.16546397955915065,0.38041365994889786,0.36621845687369453
1387,15419.677598666338,49,435,0.11264367816091954,175431.08776167186,3580.226280850446,35.08621755233436,0.08065797138467669,100,77,0.77,1719.7490301701491,inf,0.4948413506462029,1.0,0.7474206753231014,0.16661864803078763,0.38541654662007696,0.36623228835045707
1388,15430.794886048217,49,435,0.11264367816091954,175452.1684244747,3580.656498458667,35.09043368489494,0.08066766364343664,100,77,0.77,1716.7238001605347,inf,0.4943754652247223,1.0,0.7471877326123612,0.16673996551553777,0.38541684991378883,0.3662461001298403
1389,15441.912173430097,49,435,0.11264367816091954,175494.85920697375,3581.527738917832,35.09897184139475,0.08068729158941322,100,78,0.78,1727.8104160386567,inf,0.4895384249020304,1.0,0.7447692124510152,0.167959039569199,0.39041989759892304,0.3662634913510411
1390,15453.029460811977,49,435,0.11264367816091954,175559.26014546034,3582.842043784905,35.11185202909207,0.08071690121630361,100,79,0.79,1739.9091832429433,inf,0.48490565095238497,1.0,0.7424528254761925,0.16913203787005554,0.39542283009467516,0.3662844542113888
1391,15464.146748193856,49,435,0.11264367816091954,175645.5060027046,3584.6021633205023,35.12910120054093,0.08075655448400214,100,80,0.8,1751.5476038408883,inf,0.48024761661454207,1.0,0.740123808307271,0.17031637308836556,0.40042579093272096,0.36630898103374604
1392,15475.264035575736,50,435,0.11494252873563218,180751.6893658428,3615.0337873168555,36.15033787316856,0.08310422499578979,100,80,0.8,1752.6121529850104,inf,0.48041794447760167,1.0,0.7402089722388008,0.17144762637849453,0.40042861906594623,0.36633347467196015
1393,15486.381322957615,50,435,0.11494252873563218,180797.44869459368,3615.9489738918737,36.15948973891872,0.08312526376762924,100,80,0.8,1750.663774873098,inf,0.48010620397969567,1.0,0.7400531019898479,0.17153608088889066,0.40042884020222225,0.36635793332729033
1394,15497.498610339495,50,435,0.11494252873563218,180830.98546657764,3616.6197093315527,36.16619709331553,0.08314068297313916,100,80,0.8,1750.9491324541818,inf,0.48015186119266917,1.0,0.7400759305963346,0.17153237618840228,0.40042883094047105,0.36638235690980875
1395,15508.615897721374,50,435,0.11494252873563218,180881.64101767796,3617.632820353559,36.17632820353559,0.08316397288169101,100,80,0.8,1752.5726957527938,inf,0.480411631320447,1.0,0.7402058156602235,0.1714790786107338,0.40042869769652684,0.3664067454060743
1396,15519.733185103254,51,435,0.11724137931034483,185904.58062501266,3645.1878553924053,37.180916125002526,0.08547337040230465,100,79,0.79,1738.019921573702,inf,0.484607147608645,1.0,0.7423035738043224,0.17158489829899115,0.3954289622457475,0.3664275200781142
1397,15530.850472485134,52,435,0.11954022988505747,190837.55290014928,3669.9529403874863,38.16751058002985,0.08774140363225252,100,79,0.79,1738.1520258701237,inf,0.4846280200874795,1.0,0.7423140100437398,0.1727136967942564,0.39543178424198566,0.3664482670481885
1398,15541.967759867013,51,435,0.11724137931034483,185791.55547286654,3642.9716759385597,37.15831109457331,0.08542140481511105,100,80,0.8,1751.9363168582545,inf,0.4803098106973207,1.0,0.7401549053486604,0.1726332497332253,0.4004315831243331,0.3664725581962058
1399,15553.085047248893,51,435,0.11724137931034483,185761.0054201661,3642.3726552973744,37.152201084033216,0.08540735881386946,100,79,0.79,1737.032006146387,inf,0.48445105697112917,1.0,0.7422255284855646,0.17159091516415248,0.3954289772879104,0.36649324135269984
1400,15564.202334630772,51,435,0.11724137931034483,185754.7063052956,3642.24914324109,37.150941261059124,0.08540446266910144,100,80,0.8,1751.3141580573028,inf,0.4802102652891683,1.0,0.7401051326445842,0.17264966501225865,0.40043162416253064,0.3665174657515648
1401,15575.319622012652,51,435,0.11724137931034483,185717.53974340323,3641.5203871255535,37.143507948680636,0.08538737459466812,100,80,0.8,1752.4747602158277,inf,0.4803959616345325,1.0,0.7401979808172663,0.17259469688870088,0.4004314867422218,0.3665416554954954
1402,15586.436909394532,52,435,0.11954022988505747,190652.30370381946,3666.390455842682,38.130460740763894,0.08765623158796297,100,80,0.8,1756.5454663195749,inf,0.481047274611132,1.0,0.740523637305566,0.17356629714119848,0.40043391574285303,0.3665658124878314
1403,15597.554196776411,51,435,0.11724137931034483,185587.21652334093,3638.96502986943,37.117443304668186,0.08532745587280043,100,79,0.79,1744.7989784850577,inf,0.48567823860063924,1.0,0.7428391193003197,0.17124416828624034,0.39542811042071563,0.3665863696800913
1404,15608.67148415829,51,435,0.11724137931034483,185406.9089345041,3635.429586951061,37.08138178690082,0.0852445558319559,100,79,0.79,1747.1057067523889,inf,0.4860427016668776,1.0,0.7430213508334388,0.17111160249925855,0.39542777900624815,0.36660689737356184
1405,15619.78877154017,52,435,0.11954022988505747,190239.2202858698,3658.4465439590344,38.047844057173954,0.08746630817741138,100,79,0.79,1750.419565417578,inf,0.4865662913359774,1.0,0.7432831456679887,0.17209158125471136,0.3954302289531368,0.3666273976093937
1406,15630.90605892205,52,435,0.11954022988505747,190102.24311546827,3655.812367605159,38.02044862309365,0.08740333016803138,100,79,0.79,1752.7567870613796,inf,0.48693557235569807,1.0,0.743467786177849,0.17196777199509122,0.39542991942998773,0.36664786848488806
1407,15642.02334630393,51,435,0.11724137931034483,184982.86583385573,3627.1150163501125,36.99657316677115,0.08504959348683024,100,77,0.77,1720.632197704968,inf,0.49497735844656504,1.0,0.7474886792232825,0.16878045713177386,0.38542195114282946,0.36666120235041216
1408,15653.140633685809,52,435,0.11954022988505747,189907.3910013476,3652.065211564377,37.981478200269535,0.08731374298912536,100,77,0.77,1719.1374123606986,inf,0.49474716150354753,1.0,0.7473735807517737,0.1699700811186758,0.3854249252027967,0.36667451939998796
1409,15664.257921067689,52,435,0.11954022988505747,189899.87931745124,3651.9207561048315,37.979975863490246,0.08731028934135689,100,77,0.77,1716.473813886062,inf,0.4943369673384536,1.0,0.7471684836692268,0.17007090283606502,0.3854251772570902,0.3666878177388937
1410,15675.375208449568,50,435,0.11494252873563218,179935.67007894785,3598.713401578957,35.987134015789565,0.08272904371445877,100,76,0.76,1700.0173689685412,inf,0.4984026400832182,1.0,0.7492013200416091,0.16676386183642483,0.3804169096545911,0.3666975477827744
1411,15686.492495831448,51,435,0.11724137931034483,184950.29798309857,3626.4764310411483,36.990059596619716,0.08503461976234418,100,78,0.78,1729.6580307855304,inf,0.48982665280254273,1.0,0.7449133264012714,0.1700606466805364,0.3904251516167013,0.3667143520347815
1412,15697.609783213327,51,435,0.11724137931034483,184985.7041290837,3627.1706691977197,36.99714082581674,0.08505089845015343,100,79,0.79,1740.8334667358502,inf,0.4850516877442644,1.0,0.7425258438721322,0.17126252728901065,0.39542815631822253,0.366734673198464
1413,15708.727070595207,52,435,0.11954022988505747,190015.45569223235,3654.143378696776,38.00309113844648,0.08736342790447467,100,80,0.8,1753.4633422240113,inf,0.4805541347558418,1.0,0.7402770673779209,0.17354318026327686,0.4004338579506582,0.3667585057195052
1414,15719.844357977086,53,435,0.12183908045977011,195036.15121543178,3679.927381423241,39.00723024308636,0.0896717936622675,100,80,0.8,1754.066289806841,inf,0.48065060636909457,1.0,0.7403253031845473,0.17467324523886013,0.40043668311309716,0.36678230655158545
1415,15730.961645358966,53,435,0.12183908045977011,195028.0706498279,3679.774917921281,39.00561412996557,0.08966807845969096,100,79,0.79,1740.2002417875842,inf,0.48495163820243836,1.0,0.7424758191012192,0.17359612967923593,0.3954339903241981,0.3668025407915379
1416,15742.078932740846,54,435,0.12413793103448276,200032.55473939682,3704.306569248089,40.00651094787937,0.09196899068478016,100,79,0.79,1740.4586547100203,inf,0.4849924674441833,1.0,0.7424962337220916,0.17473637848134432,0.3954368409462034,0.36682274848395474
1417,15753.196220122725,54,435,0.12413793103448276,200020.96832269957,3704.092005975918,40.00419366453992,0.09196366359664349,100,79,0.79,1741.987837877222,inf,0.4852340783846011,1.0,0.7426170391923006,0.17467331220217142,0.39543668328050546,0.36684292756350095
1418,15764.313507504605,54,435,0.12413793103448276,200036.26227256074,3704.3752272696433,40.00725245451216,0.09197069529772911,100,79,0.79,1741.9078369118454,inf,0.4852214382320716,1.0,0.7426107191160358,0.17467998809084662,0.3954366999702271,0.36686307821354097
1419,15775.430794886484,55,435,0.12643678160919541,205024.19181013145,3727.7125783660263,41.004838362026284,0.09426399623454318,100,79,0.79,1741.7238102637682,inf,0.4851923620216754,1.0,0.7425961810108377,0.1758339076118527,0.39543958476902963,0.36688320251393214
1420,15786.548082268364,56,435,0.12873563218390804,209980.6946962031,3749.6552624321985,41.99613893924062,0.09654284813618534,100,80,0.8,1755.5397038607093,inf,0.48088635261771356,1.0,0.7404431763088568,0.1780498359136643,0.4004451245897842,0.36690682103756045
1421,15797.665369650244,56,435,0.12873563218390804,209864.84103602945,3747.5864470719544,41.97296820720588,0.09648958208553075,100,80,0.8,1755.674252446556,inf,0.4809078803914489,1.0,0.7404539401957244,0.17801782094490315,0.4004450445523623,0.3669304062861644
1422,15808.782657032123,55,435,0.12643678160919541,204759.12299527292,3722.8931453685987,40.95182459905459,0.09414212551506802,100,80,0.8,1756.0346806515372,inf,0.48096554890424587,1.0,0.740482774452123,0.17682967553147255,0.4004420741888287,0.36695395629874533
1423,15819.899944414003,54,435,0.12413793103448276,199619.2262322933,3696.652337635061,39.92384524645867,0.09177895458956016,100,79,0.79,1739.2501759522306,inf,0.4848015278004524,1.0,0.7424007639002261,0.17468909534466703,0.39543672273836167,0.36697395824146983
1424,15831.017231795882,54,435,0.12413793103448276,199459.92276954395,3693.702273510073,39.891984553908785,0.09170571161818111,100,80,0.8,1751.93135568943,inf,0.48030901691030875,1.0,0.7401545084551544,0.1757756015815134,0.4004394390039538,0.36699744278937335
1425,15842.134519177762,54,435,0.12413793103448276,199324.2128152679,3691.189126208665,39.864842563053585,0.09164331623690479,100,81,0.81,1764.9222053918086,inf,0.47591739727347304,1.0,0.7379586986367366,0.1768423088000841,0.40544210577200024,0.36702440258108626
1426,15853.251806559641,53,435,0.12183908045977011,194173.20928385927,3663.645458186024,38.83464185677185,0.08927503875119966,100,80,0.8,1750.7753756758661,inf,0.48012406010813863,1.0,0.7400620300540693,0.17460650434856512,0.40043651626087146,0.36704781681632087
1427,15864.369093941521,53,435,0.12183908045977011,194027.24911166055,3660.8914926728407,38.805449822332115,0.08920793062605084,100,79,0.79,1735.001542992692,inf,0.48413024379284536,1.0,0.7420651218964227,0.1735714043648141,0.3954339285109121,0.3670676950457989
1428,15875.4863813234,53,435,0.12183908045977011,193904.13849535133,3658.5686508556855,38.78082769907027,0.08915132804383971,100,80,0.8,1750.1307648123015,inf,0.48002092236996835,1.0,0.7400104611849841,0.17457043342942774,0.4004364260835736,0.36709104615219346
1429,15886.60366870528,53,435,0.12183908045977011,193803.82084309755,3656.6758649641047,38.76076416861951,0.08910520498533221,100,81,0.81,1766.1006218318744,inf,0.47610830073676363,1.0,0.7380541503683818,0.1755255273084752,0.40543881381827124,0.36711786277293895
1430,15897.72095608716,52,435,0.11954022988505747,188692.99792012243,3628.711498463893,37.73859958402449,0.08675540134258504,100,80,0.8,1755.9322376249643,inf,0.4809491580199943,1.0,0.7404745790099971,0.17314041116629397,0.40043285102791576,0.3671411436871633
1431,15908.83824346904,50,435,0.11494252873563218,178527.18198910824,3570.543639782165,35.70543639782165,0.08208146298349804,100,80,0.8,1759.2570444111443,inf,0.4814811271057831,1.0,0.7407405635528915,0.17067044971530326,0.4004266761242883,0.36716438777406074
1432,15919.955530850919,50,435,0.11494252873563218,178343.4725265141,3566.869450530282,35.668694505302824,0.08199699886276511,100,80,0.8,1762.7348459835491,inf,0.48203757535736785,1.0,0.7410187876786839,0.1704891055920406,0.4004262227639801,0.36718759910343257
1433,15931.072818232798,49,435,0.11264367816091954,173173.72949543555,3534.157744804807,34.634745899087115,0.07962010551514279,100,80,0.8,1766.3427908347192,inf,0.4826148465335551,1.0,0.7413074232667776,0.16915634112418265,0.40042289085281046,0.3672107757364517
1434,15942.190105614678,50,435,0.11494252873563218,177935.0857601201,3558.701715202402,35.58701715202401,0.0818092348322391,100,79,0.79,1755.3143702635086,inf,0.48733967050163435,1.0,0.7436698352508172,0.1690696997907109,0.3954226742494768,0.3672304355960427
1435,15953.307392996558,51,435,0.11724137931034483,182717.94135229854,3582.7047323980105,36.5435882704597,0.08400824889760851,100,79,0.79,1756.189611063365,inf,0.48747795854801157,1.0,0.7437389792740058,0.1701346348118014,0.3954253365870295,0.3672500699282091
1436,15964.424680378437,52,435,0.11954022988505747,187492.26986740946,3605.620574373259,37.498453973481894,0.08620334246777447,100,79,0.79,1756.2493086274374,inf,0.4874873907631351,1.0,0.7437436953815675,0.17122982354310345,0.39542807455885776,0.36726967883887757
1437,15975.541967760317,53,435,0.12183908045977011,192204.49025668472,3626.4998161638628,38.440898051336944,0.08836988057778608,100,79,0.79,1755.559014216068,inf,0.48737832424613864,1.0,0.7436891621230693,0.1723403592273584,0.3954308508980684,0.3672892624077643
1438,15986.659255142196,53,435,0.12183908045977011,191918.08907745578,3621.0960203293544,38.38361781549115,0.08823820187469229,100,79,0.79,1750.7804773260336,inf,0.48662331541751336,1.0,0.7433116577087566,0.17246327208296786,0.39543115818020746,0.367308818971887
1439,15997.776542524076,53,435,0.12183908045977011,191680.6546561172,3616.616125587117,38.336130931223444,0.08812903662350217,100,79,0.79,1751.5201611576836,inf,0.4867401854629139,1.0,0.7433700927314569,0.1723794719460226,0.39543094867986506,0.36732834822862864
1440,16008.893829905955,54,435,0.12413793103448276,196480.4758754465,3638.5273310267867,39.296095175089306,0.09033585097721679,100,79,0.79,1753.366396393533,inf,0.48703189063017827,1.0,0.7435159453150891,0.1734099528310638,0.39543352488207767,0.36734785216801336
1441,16020.011117287835,53,435,0.12183908045977011,191280.6125057534,3609.0681604859133,38.25612250115068,0.08794510919804753,100,79,0.79,1754.6947067150982,inf,0.4872417636609855,1.0,0.7436208818304928,0.17216211368377732,0.3954304052842095,0.36736732689278184
1442,16031.128404669715,53,435,0.12183908045977011,191093.97924554124,3605.5467782177593,38.21879584910825,0.0878593008025477,100,78,0.78,1746.3559351162078,inf,0.49243152587812844,1.0,0.7462157629390642,0.17082176893174172,0.3904270544223294,0.3673833072999402
1443,16042.245692051594,53,435,0.12183908045977011,190942.0628779973,3602.680431660326,38.188412575599465,0.08778945419678037,100,78,0.78,1747.2873859733013,inf,0.4925768322118351,1.0,0.7462884161059176,0.17075051904543137,0.3904268762976136,0.3673992654502156
1444,16053.362979433474,53,435,0.12183908045977011,190823.24402115442,3600.4385664368756,38.164648804230886,0.08773482483731238,100,78,0.78,1750.8880768473978,inf,0.4931385399881942,1.0,0.7465692699940971,0.17058277742160766,0.39042645694355405,0.36741520122287535
1445,16064.480266815353,53,435,0.12183908045977011,190736.69950975862,3598.8056511275213,38.147339901951725,0.08769503425736029,100,76,0.76,1725.0406058994563,inf,0.5022061720967174,1.0,0.7511030860483587,0.1682959741045008,0.38042073993526127,0.3674241953713625
1446,16075.597554197233,52,435,0.11954022988505747,185661.8522356901,3570.4202353017326,37.13237044713802,0.08536177114284603,100,76,0.76,1723.7571923207233,inf,0.50201109323275,1.0,0.751005546616375,0.16717811226323553,0.3804179452806581,0.3674331751570635
1447,16086.714841579113,52,435,0.11954022988505747,185613.872338676,3569.497544974539,37.122774467735205,0.08533971142008093,100,76,0.76,1723.1285280745333,inf,0.5019155362673291,1.0,0.7509577681336645,0.16719097164320817,0.38041797742910805,0.3674421425619475
1448,16097.832128960992,52,435,0.11954022988505747,185597.86770486186,3569.189763555036,37.11957354097237,0.08533235296775257,100,76,0.76,1723.8263213308726,inf,0.5020216008422926,1.0,0.7510108004211463,0.1671607762733031,0.38041790194068326,0.36745109753736416
1449,16108.949416342872,52,435,0.11954022988505747,185614.13351202922,3569.5025675390234,37.12282670240583,0.08533983149978353,100,77,0.77,1741.6603314608942,inf,0.4982156910449778,1.0,0.7491078455224889,0.16811599298864732,0.38542028998247163,0.367463490083878
1450,16120.066703724751,52,435,0.11954022988505747,185662.96049610813,3570.4415480020793,37.13259209922163,0.08536228068786582,100,79,0.79,1769.995312424693,inf,0.4896592593631015,1.0,0.7448296296815508,0.1702663255031575,0.39542566581375793,0.36748276105267874
1451,16131.18399110663,52,435,0.11954022988505747,185744.58663429692,3572.011281428787,37.148917326859376,0.08539980994680316,100,80,0.8,1783.9902821201474,inf,0.48543844513922374,1.0,0.7427192225696119,0.17134029368859566,0.4004283507342215,0.3675054508527349
1452,16142.30127848851,52,435,0.11954022988505747,185859.16811547554,3574.2147714514526,37.1718336230951,0.08545249108757494,100,80,0.8,1784.1199107576292,inf,0.4854591857212206,1.0,0.7427295928606104,0.17136144911348228,0.4004284036227837,0.3675281094575319
1453,16153.41856587039,53,435,0.12183908045977011,190929.90157602035,3602.4509731324592,38.18598031520406,0.08778386279357256,100,79,0.79,1773.0012266218416,inf,0.4901341938062509,1.0,0.7450670969031254,0.17135838294522354,0.39542839595736307,0.3675472981002415
1454,16164.53585325227,51,435,0.11724137931034483,180902.97008002314,3547.1170603926107,36.18059401600463,0.08317377934713709,100,79,0.79,1774.6461757512768,inf,0.4903940957687018,1.0,0.7451970478843509,0.16898836573139303,0.3954224709143285,0.3675664562946155
1455,16175.65314063415,50,435,0.11494252873563218,175804.24511040948,3516.0849022081898,35.1608490220819,0.08082953798179747,100,78,0.78,1759.6601560113013,inf,0.494506984337763,1.0,0.7472534921688815,0.16678802290645794,0.39041697005726617,0.3675821503287931
1456,16186.770428016029,50,435,0.11494252873563218,175720.98421266096,3514.419684253219,35.144196842532196,0.08079125710926942,100,77,0.77,1748.73779566185,inf,0.4993056205319249,1.0,0.7496528102659624,0.16556922342165353,0.38541392305855415,0.3675943890197538
1457,16197.887715397908,50,435,0.11494252873563218,175670.46071555367,3513.4092143110734,35.134092143110735,0.08076802791519709,100,76,0.76,1733.9519447670784,inf,0.5035606956045959,1.0,0.751780347802298,0.16449384005644951,0.38041123460014115,0.3676031797231697
1458,16209.005002779788,50,435,0.11494252873563218,175652.51557694847,3513.0503115389693,35.13050311538969,0.08075977727675791,100,76,0.76,1735.8275537804416,inf,0.5038457881746271,1.0,0.7519228940873135,0.1644184415947222,0.3804110461039868,0.36761195824707704
1459,16220.122290161667,51,435,0.11724137931034483,180625.43041012337,3541.6751060808506,36.125086082024666,0.08304617490120612,100,76,0.76,1736.3545912543402,inf,0.5039258978706597,1.0,0.7519629489353299,0.16554161298293812,0.38041385403245737,0.3676207266688479
1460,16231.239577543547,50,435,0.11494252873563218,175556.14256764928,3511.1228513529854,35.111228513529845,0.08071546784719505,100,76,0.76,1739.1187764772997,inf,0.5043460540245496,1.0,0.7521730270122748,0.16427122041746012,0.38041067805104367,0.3676294809134626
1461,16242.356864925427,49,435,0.11264367816091954,170475.67987428885,3479.095507638548,34.095135974857776,0.07837962293070753,100,74,0.74,1716.5835046965462,inf,0.5140543586950889,1.0,0.7570271793475445,0.16067622179158147,0.37040169055447897,0.3676313770896876
1462,16253.474152307306,51,435,0.11724137931034483,180341.69181636817,3536.1116042425133,36.06833836327363,0.08291572037534169,100,73,0.73,1701.4719809279418,inf,0.5184149092154795,1.0,0.7592074546077398,0.16185413288380096,0.3654046353322095,0.36762985505157586
1463,16264.591439689186,52,435,0.11954022988505747,185023.7744643777,3558.1495089303403,37.004754892875546,0.08506840205258746,100,73,0.73,1701.6541501976697,inf,0.5184415059288598,1.0,0.7592207529644299,0.16292382454407872,0.3654073095613602,0.3676283369194104
1464,16275.708727071065,53,435,0.12183908045977011,189668.8973703014,3578.658440949083,37.933779474060266,0.08720409074496613,100,75,0.75,1731.062784757023,inf,0.5096594177135535,1.0,0.7548297088567768,0.16618719094409462,0.37541546797736025,0.36763365236723156
1465,16286.826014452945,53,435,0.12183908045977011,189334.45880043623,3572.3482792535137,37.866891760087256,0.08705032588525806,100,75,0.75,1728.68810600295,inf,0.5093032159004425,1.0,0.7546516079502212,0.16619935896751836,0.3754154983974188,0.3676389605841689
1466,16297.943301834825,53,435,0.12183908045977011,189055.8111373088,3567.090776175638,37.81116222746176,0.08692221201715347,100,75,0.75,1727.226001706731,inf,0.5090839002560096,1.0,0.7545419501280048,0.16619013094457435,0.3754154753273614,0.36764426154854735
1467,16309.060589216704,53,435,0.12183908045977011,188849.19552051945,3563.192368311688,37.76983910410389,0.0868272163312733,100,76,0.76,1742.6015038735611,inf,0.5048754285887812,1.0,0.7524377142943905,0.1671947510184414,0.38041798687754613,0.36765296299631917
1468,16320.177876598584,53,435,0.12183908045977011,188719.13891976362,3560.7384701842193,37.743827783952725,0.08676742019299477,100,76,0.76,1739.1765392812101,inf,0.5043548339707439,1.0,0.7521774169853719,0.1672950016038114,0.38041823750400955,0.3676616527679378
1469,16331.295163980463,53,435,0.12183908045977011,188652.78056534292,3559.486425761187,37.73055611306858,0.08673691060475536,100,76,0.76,1735.4402310976361,inf,0.5037869151268406,1.0,0.7518934575634203,0.1674217265206675,0.38041855431630167,0.3676703309322564
1470,16342.412451362343,53,435,0.12183908045977011,188638.684933492,3559.2204704432456,37.7277369866984,0.08673042985447908,100,77,0.77,1745.2959744034513,inf,0.49877558005813155,1.0,0.7493877900290657,0.16867131991270667,0.3854216782997818,0.3676823984695558
1471,16353.529738744222,53,435,0.12183908045977011,188671.75397312074,3559.8444145871836,37.73435079462415,0.08674563401063022,100,77,0.77,1743.6728750429763,inf,0.4985256227566184,1.0,0.7492628113783092,0.16874141131616055,0.3854218535282904,0.367694449729786
1472,16364.647026126102,50,435,0.11494252873563218,173688.89116806362,3473.7778233612726,34.73777823361273,0.07985696145658099,100,77,0.77,1743.3494030275679,inf,0.4984758080662455,1.0,0.7492379040331227,0.1653095287117291,0.3854132738217793,0.3677064788024893
1473,16375.764313507982,50,435,0.11494252873563218,173711.13306556447,3474.2226613112894,34.7422266131129,0.07986718761635149,100,76,0.76,1727.321078185165,inf,0.502552803884145,1.0,0.7512764019420726,0.16429539283713945,0.38041073848209284,0.3677150977032217
1474,16386.88160088986,51,435,0.11724137931034483,178710.12060315182,3504.1200118265065,35.74202412063036,0.08216557269110428,100,76,0.76,1727.1039598745472,inf,0.5025198019009313,1.0,0.7512599009504657,0.16545283587031934,0.3804136320896758,0.3677237068790769
1475,16397.99888827174,51,435,0.11724137931034483,178707.14808240117,3504.0617271059054,35.74142961648024,0.0821642060148971,100,77,0.77,1738.6016850747121,inf,0.49774465950150565,1.0,0.7488723297507528,0.16664593813207212,0.3854166148453302,0.3677356939440947
1476,16409.11617565362,52,435,0.11954022988505747,183679.76587716554,3532.3031899454913,36.7359531754331,0.08445046706996116,100,77,0.77,1738.2312533255283,inf,0.49768761301213127,1.0,0.7488438065060656,0.16780333028194772,0.3854195083257049,0.36774766673649933
1477,16420.2334630355,53,435,0.12183908045977011,188533.3149874728,3557.232358254204,37.706662997494554,0.08668198390228633,100,78,0.78,1751.4341903129568,inf,0.49322373368882133,1.0,0.7466118668444106,0.17003505852893785,0.39042508764632233,0.36776301005240586
1478,16431.35075041738,53,435,0.12183908045977011,188431.5960209635,3555.31313247101,37.68631920419271,0.08663521656136255,100,77,0.77,1737.8727569001003,inf,0.4976324045626155,1.0,0.7488162022813077,0.16890950714002745,0.3854222737678501,0.367774950054918
1479,16442.46803779926,51,435,0.11724137931034483,178270.653486262,3495.5030095345487,35.65413069725239,0.08196351884425837,100,77,0.77,1738.2321152736058,inf,0.4976877457521352,1.0,0.7488438728760676,0.16655982298409544,0.38541639955746027,0.36778686995323057
1480,16453.58532518114,52,435,0.11954022988505747,183058.4714086879,3520.3552193978444,36.61169428173757,0.08416481444077602,100,75,0.75,1709.9286201350353,inf,0.5064892930202552,1.0,0.7532446465101277,0.1654600839653242,0.3754136502099133,0.36779201970357267
1481,16464.70261256302,51,435,0.11724137931034483,177875.18432947726,3487.7487123426913,35.57503686589545,0.08178169394458724,100,75,0.75,1711.9955650307122,inf,0.5067993347546068,1.0,0.7533996673773034,0.16419101328364194,0.3754104775332091,0.3677971603633768
1482,16475.819899944898,52,435,0.11954022988505747,182691.0372904725,3513.289178662933,36.5382074580945,0.08399587921401033,100,74,0.74,1702.181128133408,inf,0.5119228069637445,1.0,0.7559614034818722,0.16401723786606903,0.3704100430946652,0.36779892225328326
1483,16486.937187326777,53,435,0.12183908045977011,187427.55595980497,3536.368980373679,37.485511191960995,0.08617358894703678,100,74,0.74,1706.4410386039883,inf,0.5125532737133903,1.0,0.7562766368566951,0.16494847604517082,0.37041237119011294,0.3678006833374725
1484,16498.054474708657,53,435,0.12183908045977011,187207.6247266294,3532.2193344647058,37.44152494532589,0.0860724711386802,100,75,0.75,1726.7562198239193,inf,0.509013432973588,1.0,0.754506716486794,0.1657828773259431,0.37541445719331484,0.36780581045791416
1485,16509.171762090537,52,435,0.11954022988505747,182031.0679969041,3500.597461478925,36.40621359938081,0.08369244505604785,100,75,0.75,1730.321992972213,inf,0.5095482989458319,1.0,0.7547741494729159,0.164459147791566,0.37541114786947893,0.3678109284507887
1486,16520.289049472416,52,435,0.11954022988505747,181899.85823803837,3498.0741968853536,36.37997164760768,0.0836321187301326,100,74,0.74,1717.5768649715487,inf,0.5142013760157892,1.0,0.7571006880078945,0.163265715361119,0.3704081642884028,0.3678126750787898
1487,16531.406336854296,52,435,0.11954022988505747,181815.83006157383,3496.458270414881,36.363166012314764,0.08359348508578107,100,74,0.74,1721.6921295913642,inf,0.5148104351795219,1.0,0.757405217589761,0.16309413374801007,0.37040773533437005,0.36781441907089707
1488,16542.523624236175,51,435,0.11724137931034483,176757.15260887463,3465.8265217426397,35.35143052177493,0.0812676563718964,100,74,0.74,1725.9752873264974,inf,0.5154443425243216,1.0,0.7577221712621608,0.1617727425548678,0.37040443185638716,0.36781615850191485
1489,16553.640911618055,51,435,0.11724137931034483,176696.44065275948,3464.636091230578,35.33928813055189,0.08123974282885492,100,73,0.73,1711.5492525471882,inf,0.5198861908718895,1.0,0.7599430954359447,0.1606483236964551,0.3654016208092411,0.3678145380068191
1490,16564.758198999934,49,435,0.11264367816091954,166570.27285696857,3399.3933236116036,33.31405457139372,0.07658403349745682,100,74,0.74,1730.2426203995128,inf,0.5160759078191278,1.0,0.7580379539095639,0.15927303979394647,0.37039818259948487,0.3678162708335077
1491,16575.875486381814,49,435,0.11264367816091954,166400.00910261,3395.91855311449,33.280001820521996,0.07650575131154481,100,76,0.76,1758.281998368293,inf,0.5072588637519804,1.0,0.7536294318759902,0.1614381597177773,0.38040359539929447,0.3678247073781229
1492,16586.992773763694,49,435,0.11264367816091954,166280.16897877853,3393.4728363016025,33.256033795755705,0.0764506524040361,100,77,0.77,1770.227576844477,inf,0.5026150468340496,1.0,0.7513075234170248,0.16257156449350563,0.3854064289112338,0.36783648348095815
1493,16598.110061145573,49,435,0.11264367816091954,166184.0379011978,3391.510977575465,33.23680758023956,0.07640645420744725,100,77,0.77,1770.0603991680043,inf,0.5025893014718725,1.0,0.7512946507359363,0.16255590173575546,0.3854063897543394,0.36784824379305553
1494,16609.227348527453,49,435,0.11264367816091954,166109.5845512224,3389.991521453518,33.221916910244474,0.0763722227821712,100,76,0.76,1754.9968999444088,inf,0.5067595287915502,1.0,0.7533797643957751,0.16149622919319806,0.380403740572983,0.3678566421186608
1495,16620.344635909332,50,435,0.11494252873563218,171012.1569132092,3420.2431382641844,34.20243138264184,0.07862627904055595,100,76,0.76,1752.491983818773,inf,0.5063787815404536,1.0,0.7531893907702267,0.16271844413516456,0.3804067961103379,0.36786503125902964
1496,16631.461923291212,49,435,0.11264367816091954,165937.7609394626,3386.4849171318897,33.18755218789252,0.07629322342044258,100,76,0.76,1749.2483022180306,inf,0.5058857419371406,1.0,0.7529428709685704,0.16167517622593608,0.38040418794056485,0.36787340744919766
1497,16642.57921067309,49,435,0.11264367816091954,165912.52737389755,3385.9699464060723,33.18250547477951,0.07628162178110233,100,77,0.77,1760.053555104801,inf,0.5010482474861394,1.0,0.7505241237430698,0.16287874901901633,0.38540719687254754,0.3678851122485457
1498,16653.69649805497,49,435,0.11264367816091954,165857.61835155837,3384.849354113436,33.17152367031167,0.07625637625359005,100,78,0.78,1771.456808422063,inf,0.49634726211384184,1.0,0.7481736310569209,0.1640413725983345,0.39041010343149585,0.36790013892712004
1499,16664.81378543685,50,435,0.11494252873563218,170760.36740524945,3415.207348104989,34.15207348104989,0.07851051374953998,100,78,0.78,1768.6851449201833,inf,0.4959148826075485,1.0,0.7479574413037743,0.1652765362228828,0.39041319134055724,0.367915147628729
1500,16675.93107281873,51,435,0.11724137931034483,175652.9440520385,3444.1753735693824,35.1305888104077,0.08075997427679932,100,78,0.78,1764.8416545924545,inf,0.4953152981164229,1.0,0.7476576490582114,0.16655116260929392,0.3904163779065232,0.36793013845503
1501,16687.04836020061,51,435,0.11724137931034483,175498.00661795313,3441.1373846657475,35.099601323590626,0.08068873867492098,100,78,0.78,1762.5973807772882,inf,0.49496519140125694,1.0,0.7474825957006285,0.1666030714871462,0.3904165076787179,0.36794510940657704
1502,16698.16564758249,52,435,0.11954022988505747,180361.4606887774,3468.4896286303347,36.07229213775547,0.08292480951208153,100,78,0.78,1761.553952877409,inf,0.4948024166488757,1.0,0.7474012083244379,0.16776180059382184,0.39041940450148455,0.3679600623640587
1503,16709.28293496437,52,435,0.11954022988505747,180170.20337095205,3464.8116032875396,36.034040674190415,0.08283687511308141,100,78,0.78,1762.5593211135385,inf,0.49495925409371205,1.0,0.747479627046856,0.16767862403311273,0.3904191965600828,0.36797499529902944
1504,16720.40022234625,52,435,0.11954022988505747,179970.08929010772,3460.9632555789944,35.99401785802155,0.08274486863913,100,78,0.78,1765.9249038079363,inf,0.49548428499403796,1.0,0.747742142497019,0.16750136307105545,0.3904187534076777,0.3679899080951149
1505,16731.517509728128,52,435,0.11954022988505747,179825.3244581727,3458.179316503321,35.96506489163454,0.08267831009571158,100,78,0.78,1770.969508144891,inf,0.49627124327060307,1.0,0.7481356216353016,0.167271344230205,0.3904181783605755,0.3680048007048529
1506,16742.634797110008,53,435,0.12183908045977011,184734.3306347985,3485.553408203745,36.946866126959705,0.08493532442979243,100,79,0.79,1792.117142926563,inf,0.493154508582397,1.0,0.7465772542911985,0.16917903506929693,0.39542294758767327,0.36802299456476195
1507,16753.752084491887,53,435,0.12183908045977011,184661.50482365716,3484.179336295418,36.93230096473144,0.0849018412982332,100,79,0.79,1797.5986151160007,inf,0.49402058118832815,1.0,0.747010290594164,0.1689457753520346,0.3954223644383801,0.3680411639081794
1508,16764.869371873767,54,435,0.12413793103448276,189336.31371748686,3506.228031805312,37.86726274349737,0.08705117872068362,100,78,0.78,1784.7233006036288,inf,0.4984168348941661,1.0,0.749208417447083,0.1689213806368003,0.390422303451592,0.36805599567726055
1509,16775.986659255646,54,435,0.12413793103448276,189024.26886176516,3500.4494233660216,37.804853772353034,0.08690770982150123,100,75,0.75,1745.6898091635353,inf,0.5118534713745303,1.0,0.7559267356872652,0.165490487067118,0.3754137262176678,0.3680608683464926
1510,16787.103946637526,54,435,0.12413793103448276,188785.828161082,3496.033854834852,37.75716563221639,0.08679808191314113,100,75,0.75,1751.0746546214932,inf,0.5126611981932239,1.0,0.7563305990966119,0.16523374140826458,0.37541308435352067,0.3680657341413351
1511,16798.221234019406,55,435,0.12643678160919541,193591.72705946633,3519.8495828993878,38.718345411893274,0.0890076906020535,100,75,0.75,1757.0456032285867,inf,0.513556840484288,1.0,0.7567784202421439,0.16611463517995484,0.37541528658794987,0.3680705949564453
1512,16809.338521401285,55,435,0.12643678160919541,193455.74440417608,3517.3771709850193,38.69114888083523,0.08894516984100052,100,75,0.75,1762.7972854389045,inf,0.5144195928158356,1.0,0.7572097964079179,0.16586768671654128,0.37541466921679134,0.36807544893811106
1513,16820.455808783165,55,435,0.12643678160919541,193404.73757479253,3516.449774087137,38.68094751495851,0.08892171842519198,100,75,0.75,1765.4219372222196,inf,0.5148132905833329,1.0,0.7574066452916665,0.1657575365667628,0.3754143938414169,0.36808029632576184
1514,16831.573096165044,56,435,0.12873563218390804,198423.10687469633,3543.2697656195774,39.68462137493926,0.09122901465503279,100,76,0.76,1780.4818118745327,inf,0.510633235404929,1.0,0.7553166177024645,0.16795619847628412,0.38041989049619074,0.36808844127240903
1515,16842.690383546924,55,435,0.12643678160919541,193458.41389690258,3517.4257072164105,38.691682779380514,0.08894639719397819,100,76,0.76,1781.255929652471,inf,0.5107509013071756,1.0,0.7553754506535878,0.16678547327019516,0.3804169636831755,0.3680965735431285
1516,16853.807670928803,55,435,0.12643678160919541,193554.7485347515,3519.177246086391,38.71094970695029,0.08899068898149491,100,76,0.76,1780.050667321333,inf,0.5105677014328427,1.0,0.7552838507164213,0.16685341913253676,0.38041713354783135,0.36810469520430494
1517,16864.924958310683,54,435,0.12413793103448276,188705.256882614,3494.5417941224814,37.74105137652279,0.08676103764717882,100,76,0.76,1778.4006072957927,inf,0.5103168923089605,1.0,0.7551584461544802,0.16580129574634928,0.3804145032393659,0.3681128044322596
1518,16876.042245692563,53,435,0.12183908045977011,183802.88048707382,3467.9788771146004,36.76057609741476,0.0845070714883098,100,74,0.74,1748.432143442147,inf,0.5187679572294378,1.0,0.759383978614719,0.16256154643679543,0.37040640386609197,0.36811431437263736
1519,16887.159533074442,53,435,0.12183908045977011,183880.75853239387,3469.4482741961106,36.77615170647878,0.08454287748615812,100,75,0.75,1758.0754423647134,inf,0.513711316354707,1.0,0.7568556581773536,0.16384360965440226,0.375409609024136,0.3681191139085923
1520,16898.27682045632,53,435,0.12183908045977011,184007.6668890121,3471.8427714907943,36.80153337780243,0.08460122615586765,100,75,0.75,1755.3367176253,inf,0.513300507643795,1.0,0.7566502538218975,0.1639754861669851,0.37540993871541745,0.36812390735027983
1521,16909.3941078382,52,435,0.11954022988505747,179131.05880630508,3444.8280539674056,35.82621176126103,0.08235910749715179,100,73,0.73,1718.9029159963247,inf,0.5209598257354634,1.0,0.7604799128677318,0.16093959731470997,0.3654023489932868,0.3681221192041846
1522,16920.51139522008,53,435,0.12183908045977011,184121.1915814193,3473.984746819232,36.82423831628386,0.0846534214167445,100,73,0.73,1717.226985129771,inf,0.5207151398289466,1.0,0.7603575699144733,0.16214792575113557,0.3654053698143778,0.36812033538974614
1523,16931.62868260196,52,435,0.11954022988505747,179107.0931768507,3444.3671764778983,35.821418635370144,0.08234808881694286,100,74,0.74,1730.2775942664746,inf,0.5160810839514384,1.0,0.7580405419757192,0.16215377342061177,0.37040538443355153,0.3681218347657591
1524,16942.74596998384,51,435,0.11724137931034483,174133.63462644155,3414.3849926753246,34.82672692528832,0.08006144120755936,100,78,0.78,1791.212767304534,inf,0.4994291916995072,1.0,0.7497145958497536,0.16517342267890284,0.39041293355669726,0.3681364518797204
1525,16953.86325736572,52,435,0.11954022988505747,179016.4122688105,3442.6233128617405,35.80328245376211,0.08230639644543013,100,78,0.78,1783.9706979302644,inf,0.4982994288771212,1.0,0.7491497144385606,0.16657834100343472,0.3904164458525086,0.36815105213789384
1526,16964.9805447476,53,435,0.12183908045977011,183878.10678322602,3469.3982411929437,36.775621356645196,0.08454165829113838,100,78,0.78,1780.5514029065776,inf,0.49776601885342614,1.0,0.748883009426713,0.1678293244322127,0.39041957331108057,0.36816563532137336
1527,16976.09783212948,54,435,0.12413793103448276,188747.11692444497,3495.3169800823143,37.74942338488899,0.08678028364342297,100,79,0.79,1788.696123994871,inf,0.49261398759118963,1.0,0.7463069937955948,0.1702366449239141,0.3954255916123098,0.3681834756069041
1528,16987.21511951136,54,435,0.12413793103448276,188650.53939135026,3493.528507247227,37.73010787827006,0.08673588017993118,100,78,0.78,1770.3599225788046,inf,0.49617614792229353,1.0,0.7480880739611467,0.16932390310939222,0.3904233097577735,0.3681980209529806
1529,16998.332406893238,55,435,0.12643678160919541,193585.41558289775,3519.734828779959,38.717083116579545,0.08900478877374608,100,79,0.79,1782.9265905941104,inf,0.4917024013138694,1.0,0.7458512006569347,0.17157679405840576,0.39542894198514605,0.3682158189405833
1530,17009.449694275118,55,435,0.12643678160919541,193487.71424349007,3517.9584407907287,38.69754284869801,0.08895986861769659,100,78,0.78,1768.7486706364132,inf,0.4959247926192806,1.0,0.7479623963096402,0.17049873615402822,0.39042624684038507,0.36823032607833633
1531,17020.566981656997,54,435,0.12413793103448276,188398.3151890382,3488.8576886858928,37.67966303780764,0.08661991502944286,100,79,0.79,1781.4679271371244,inf,0.49147193248766563,1.0,0.7457359662438328,0.17044197439280506,0.395426104935982,0.36824807789221203
1532,17031.684269038877,53,435,0.12183908045977011,183313.28200463078,3458.741169898694,36.66265640092616,0.08428196873776128,100,79,0.79,1780.1569967627684,inf,0.49126480548851753,1.0,0.7456324027442588,0.1693247829967513,0.3954233119574919,0.3682658047246095
1533,17042.801556420756,52,435,0.11954022988505747,178193.0377655622,3426.7891877992733,35.63860755311245,0.08192783345543092,100,79,0.79,1779.7559725544322,inf,0.4912014436636003,1.0,0.7456007218318002,0.1681635558118154,0.39542040888952956,0.36828350655261793
1534,17053.918843802636,53,435,0.12183908045977011,183069.33684126276,3454.138430967222,36.61386736825254,0.08416981004195986,100,78,0.78,1765.2744986534115,inf,0.49538282178993226,1.0,0.7476914108949662,0.16823919957349687,0.39042059799893375,0.36829792811056344
1535,17065.036131184515,53,435,0.12183908045977011,183001.31995054032,3452.855093406421,36.60026399010807,0.08413853790829441,100,78,0.78,1768.9343762849965,inf,0.4959537627004595,1.0,0.7479768813502298,0.1680808282790323,0.3904202020706976,0.36831233063267294
1536,17076.153418566395,53,435,0.12183908045977011,182999.63170143837,3452.8232396497806,36.599926340287674,0.08413776170181074,100,78,0.78,1771.3604209521022,inf,0.4963322256685279,1.0,0.7481661128342639,0.16798582443377336,0.39041996456108446,0.3683267142591715
1537,17087.270705948275,54,435,0.12413793103448276,188010.38581180843,3481.6738113297856,37.60207716236169,0.08644155669508434,100,77,0.77,1763.206654369039,inf,0.501533824772832,1.0,0.750766912386416,0.1678373221543341,0.38541959330538583,0.36833782796466324
1538,17098.387993330154,53,435,0.12183908045977011,183042.6797931438,3453.635467795166,36.60853595862875,0.08415755392788218,100,76,0.76,1751.8245087930593,inf,0.506277325336545,1.0,0.7531386626682726,0.16550944562980485,0.3804137736140745,0.368345674583019
1539,17109.505280712034,54,435,0.12413793103448276,188090.15921841888,3483.1510966373867,37.61803184368378,0.08647823412341099,100,77,0.77,1771.2802469013482,inf,0.5027771580228075,1.0,0.7513885790114038,0.16754482755600358,0.38541886206889003,0.36835676106839943
1540,17120.622568093913,54,435,0.12413793103448276,188167.83766228842,3484.5895863386745,37.6335675324577,0.08651394835047746,100,77,0.77,1773.060966620531,inf,0.5030513888595617,1.0,0.7515256944297808,0.16749412696034838,0.3854187353174009,0.3683678330828375
1541,17131.739855475793,55,435,0.12643678160919541,193289.3604543818,3514.3520082614873,38.65787209087635,0.08886867147327897,100,77,0.77,1774.5074306819502,inf,0.5032741443250203,1.0,0.7516370721625101,0.16861579965538442,0.3854215394991385,0.3683788925552216
1542,17142.857142857672,54,435,0.12413793103448276,188376.6035129233,3488.4556206096904,37.67532070258466,0.08660993264961991,100,76,0.76,1763.1296871782379,inf,0.5079957124510922,1.0,0.753997856225546,0.16630603821203693,0.3804157650955301,0.36838669350955755
1543,17153.974430239552,54,435,0.12413793103448276,188481.74475564863,3490.4026806601596,37.69634895112973,0.08665827345087294,100,75,0.75,1752.7952042254558,inf,0.5129192806338184,1.0,0.7564596403169093,0.16509931656698185,0.37541274829141746,0.3683912440631727
1544,17165.09171762143,54,435,0.12413793103448276,188638.5293197594,3493.306098514063,37.727705863951876,0.08673035830793535,100,76,0.76,1771.600987894534,inf,0.5092833501599692,1.0,0.7546416750799846,0.16604434161397535,0.38041511085403495,0.3683990265012251
1545,17176.20900500331,54,435,0.12413793103448276,188845.70570827712,3497.142698301428,37.76914114165543,0.08682561181989755,100,78,0.78,1799.5615037959565,inf,0.5007315945921692,1.0,0.7503657972960847,0.16822990726190645,0.3904205747681548,0.36841327071097085
1546,17187.32629238519,54,435,0.12413793103448276,189102.58363469,3501.899696938704,37.82051672693801,0.08694371661365059,100,79,0.79,1810.5207084094077,inf,0.49606227192868646,1.0,0.7480311359643432,0.1694562903246537,0.39542364072581165,0.3684307305493773
1547,17198.44357976707,54,435,0.12413793103448276,189409.45031367138,3507.5824132161365,37.88189006273428,0.08708480474191788,100,80,0.8,1824.23016709773,inf,0.4918768267356369,1.0,0.7459384133678184,0.17057319568704976,0.40042643298921765,0.368451399607801
1548,17209.56086714895,55,435,0.12643678160919541,194760.21736033843,3541.094861097062,38.95204347206768,0.08954492752199467,100,79,0.79,1810.6639948274396,inf,0.4960849111827354,1.0,0.7480424555913677,0.17075123596531344,0.3954268780899133,0.36846881437764095
1549,17220.67815453083,56,435,0.12873563218390804,200071.27572357122,3572.701352206629,40.01425514471424,0.09198679343612469,100,78,0.78,1792.5616053455806,inf,0.49963961043391053,1.0,0.7498198052169552,0.17108349410958473,0.390427708735274,0.36848298140625874
1550,17231.79544191271,56,435,0.12873563218390804,200399.8161429053,3578.568145409023,40.07996322858106,0.09213784650248519,100,78,0.78,1789.9784811175318,inf,0.49923664305433496,1.0,0.7496183215271675,0.17125976248765884,0.39042814940621917,0.36849713045074617
1551,17242.91272929459,56,435,0.12873563218390804,200712.5964803148,3584.1535085770497,40.14251929606296,0.09228165355416772,100,78,0.78,1787.0230553382005,inf,0.49877559663275933,1.0,0.7493877983163797,0.17144692761889402,0.39042861731904727,0.368511261563419
1552,17254.03001667647,55,435,0.12643678160919541,195914.58584839196,3562.083379061672,39.182917169678376,0.09007567165443305,100,76,0.76,1754.2733408941974,inf,0.506649547815918,1.0,0.7533247739079589,0.16837544887323708,0.3804209386221831,0.36851893038316064
1553,17265.147304058348,54,435,0.12413793103448276,191172.5241739331,3540.2319291469094,38.23450483478662,0.08789541341330258,100,76,0.76,1751.92790912717,inf,0.5062930421873297,1.0,0.7531465210936649,0.16737444615981883,0.38041843611539955,0.3685265877227567
1554,17276.264591440227,57,435,0.1310344827586207,206280.1220567475,3618.9495097675,41.25602441134949,0.09484143542838964,100,75,0.75,1738.1570199675036,inf,0.5107235529951255,1.0,0.7553617764975628,0.1697398294654135,0.37542434957366355,0.36853102358246786
1555,17287.381878822107,56,435,0.12873563218390804,201332.94979592523,3595.231246355808,40.266589959185055,0.09256687346939094,100,76,0.76,1747.0674951793098,inf,0.5055542592672551,1.0,0.7527771296336275,0.16989487191788172,0.3804247371797947,0.3685386673572734
1556,17298.499166203987,56,435,0.12873563218390804,201281.7367813177,3594.3167282378163,40.25634735626355,0.09254332725577827,100,77,0.77,1759.665737110607,inf,0.5009885235150335,1.0,0.7504942617575168,0.17102453274913076,0.38542756133187284,0.3685495144311171
1557,17309.616453585866,55,435,0.12643678160919541,196198.53171101844,3567.246031109426,39.23970634220369,0.09020622147633033,100,79,0.79,1787.414461072239,inf,0.4924114848494138,1.0,0.7462057424247069,0.17200023952581173,0.39543000059881456,0.36856676763148144
1558,17320.733740967746,55,435,0.12643678160919541,196144.24603829332,3566.2590188780605,39.228849207658655,0.09018126254634173,100,78,0.78,1771.2677501078258,inf,0.4963177690168208,1.0,0.7481588845084104,0.17101118901896573,0.39042752797254743,0.36858078992804405
1559,17331.851028349625,55,435,0.12643678160919541,196125.0953073845,3565.9108237706273,39.2250190614769,0.09017245761259057,100,78,0.78,1774.2529678208543,inf,0.4967834629800532,1.0,0.7483917314900266,0.17089036306128202,0.3904272259076532,0.36859479405367196
1560,17342.968315731505,54,435,0.12413793103448276,191123.24678983836,3539.3193849970066,38.22464935796768,0.08787275714475329,100,76,0.76,1745.6698046913884,inf,0.5053418103130909,1.0,0.7526709051565454,0.16760092599410392,0.38041900231498527,0.36860236881873365
1561,17354.085603113384,54,435,0.12413793103448276,191125.60090623712,3539.3629797451317,38.225120181247405,0.08787383949712047,100,76,0.76,1746.35930218609,inf,0.5054466139322855,1.0,0.7527233069661428,0.1675752662654888,0.38041893816566374,0.36860993384392376
1562,17365.202890495264,55,435,0.12643678160919541,196113.85382066175,3565.706433102941,39.22277076413234,0.09016728911294791,100,75,0.75,1735.5501149861918,inf,0.5103325172479288,1.0,0.7551662586239645,0.16750051524449172,0.37541875128811125,0.36861429009308827
1563,17376.320177877144,54,435,0.12413793103448276,191095.8140830376,3538.811371908104,38.219162816607515,0.08786014440599428,100,75,0.75,1737.7894078719826,inf,0.5106684111807974,1.0,0.7553342055903987,0.16626296940779783,0.3754156574235195,0.36861863879342743
1564,17387.437465259023,55,435,0.12643678160919541,196001.09555983302,3563.656282906055,39.200219111966604,0.09011544623440598,100,76,0.76,1751.940603496624,inf,0.5062949717314867,1.0,0.7531474858657434,0.1684839801843313,0.38042120995046086,0.3686261803724415
1565,17398.554752640903,55,435,0.12643678160919541,195938.3761847812,3562.5159306323853,39.187675236956245,0.0900866097401293,100,76,0.76,1751.6525305970986,inf,0.5062511846507589,1.0,0.7531255923253795,0.16848050870737497,0.3804212012717684,0.36863371231426745
1566,17409.672040022782,53,435,0.12183908045977011,185845.6797765803,3506.5222599354775,37.169135955316065,0.08544628955245072,100,78,0.78,1781.5901075751701,inf,0.49792805678172664,1.0,0.7489640283908633,0.16824113058079376,0.390420602826452,0.3686476158819204
1567,17420.789327404662,53,435,0.12183908045977011,185780.5863812439,3505.294082664979,37.15611727624877,0.08541636155459488,100,79,0.79,1797.7171519014703,inf,0.4940393100004324,1.0,0.7470196550002162,0.16919835327718935,0.395422995883193,0.3686646920171253
1568,17431.90661478654,53,435,0.12183908045977011,185750.7162175296,3504.73049467037,37.15014324350592,0.08540262814599063,100,78,0.78,1780.9827507090347,inf,0.49783330911060936,1.0,0.7489166545553047,0.16824298679534294,0.39042060746698837,0.3686785581200252
1569,17443.02390216842,54,435,0.12413793103448276,190746.28851818858,3532.3386762627515,38.149257703637716,0.08769944299686831,100,79,0.79,1796.540639467989,inf,0.4938534210359423,1.0,0.7469267105179711,0.17038636623944858,0.39542596591559864,0.36869559468550006
1570,17454.1411895503,54,435,0.12413793103448276,190746.8527061794,3532.3491241885076,38.14937054123588,0.0876997023936457,100,80,0.8,1810.542078194654,inf,0.4896867325111447,1.0,0.7448433662555723,0.17142816806903666,0.4004285704201726,0.3687157939062096
1571,17465.25847693218,54,435,0.12413793103448276,190783.6445111051,3533.030453909354,38.15672890222101,0.08771661816602531,100,81,0.81,1828.3111270160923,inf,0.48618640257660695,1.0,0.7430932012883035,0.17231170843886096,0.40543077927109716,0.36873914949486414
1572,17476.37576431406,55,435,0.12643678160919541,195799.7684691046,3559.9957903473564,39.15995369382091,0.09002288205476071,100,81,0.81,1832.3013822705468,inf,0.4868328239278286,1.0,0.7434164119639143,0.17330323504542317,0.4054332580876136,0.36876247696377246
1573,17487.49305169594,55,435,0.12643678160919541,195837.2621458862,3560.677493561567,39.16745242917723,0.09004012052684421,100,79,0.79,1805.5134644561824,inf,0.49527112738407697,1.0,0.7476355636920384,0.17120227841740288,0.3954280056960435,0.3687794182145554
1574,17498.61033907782,55,435,0.12643678160919541,195888.4631273058,3561.608420496469,39.17769262546115,0.09006366120795667,100,78,0.78,1789.6426018167194,inf,0.49918424588340826,1.0,0.7495921229417042,0.1702357691331262,0.39042558942283284,0.36879316181532257
1575,17509.7276264597,56,435,0.12873563218390804,200865.45630875946,3586.8831483707045,40.17309126175189,0.09235193393506182,100,77,0.77,1772.1161724747312,inf,0.5029058905611087,1.0,0.7514529452805543,0.17044949432725376,0.38542612373581814,0.36880371572517057
1576,17520.844913841578,55,435,0.12643678160919541,195746.8357518034,3559.0333773055163,39.14936715036066,0.08999854517324289,100,78,0.78,1785.418491842349,inf,0.49852528472740654,1.0,0.7492626423637032,0.1703679514047698,0.39042591987851194,0.3688174266980009
1577,17531.962201223458,54,435,0.12413793103448276,190620.39626785272,3530.007338293569,38.12407925357054,0.08764156150246101,100,76,0.76,1752.496964202103,inf,0.5063795385587198,1.0,0.7531897692793599,0.1672258961115506,0.3804180647402789,0.36882477817965
1578,17543.079488605337,54,435,0.12413793103448276,190495.36158435256,3527.691881191714,38.09907231687051,0.08758407429165635,100,77,0.77,1763.0833986417388,inf,0.5015148433908277,1.0,0.7507574216954138,0.16841332629812122,0.3854210333157453,0.3688352887908825
1579,17554.196775987217,53,435,0.12183908045977011,185388.84336223226,3497.9027049477786,37.07776867244643,0.08523624982171593,100,77,0.77,1759.3950997445277,inf,0.5009468453606573,1.0,0.7504734226803287,0.16738141357069358,0.38541845353392673,0.3688457844647705
1580,17565.314063369096,54,435,0.12413793103448276,190205.80754570916,3522.3297693649843,38.04116150914182,0.08745094599802718,100,76,0.76,1744.442297844654,inf,0.5051552292723874,1.0,0.7525776146361938,0.16743666568091675,0.3804185916642023,0.36885310439342295
1581,17576.431350750976,54,435,0.12413793103448276,189995.72854194703,3518.4394174434633,37.99914570838941,0.0873543579503205,100,76,0.76,1744.1536848302069,inf,0.5051113600941914,1.0,0.7525556800470957,0.16739933895161235,0.380418498347379,0.3688604150090702
1582,17587.548638132856,55,435,0.12643678160919541,194806.11643295095,3541.929389690017,38.96122328659019,0.0895660305438855,100,76,0.76,1745.309662154879,inf,0.5052870686475417,1.0,0.7526435343237708,0.1684612481100573,0.38042115312027514,0.3688677180653628
1583,17598.665925514735,55,435,0.12643678160919541,194686.50747236563,3539.7546813157387,38.93730149447312,0.08951103791832901,100,77,0.77,1760.4628292685481,inf,0.5011112757073565,1.0,0.7505556378536782,0.16947770003232543,0.38542369425008083,0.3688781700705299
1584,17609.783212896615,53,435,0.12183908045977011,184573.3137604425,3482.5153539706134,36.914662752088496,0.08486129368296207,100,78,0.78,1772.5486686644324,inf,0.4965175923116516,1.0,0.7482587961558258,0.1683012487635681,0.39042075312190894,0.36889176160557813
1585,17620.900500278494,53,435,0.12183908045977011,184517.3604914287,3481.459631913749,36.90347209828574,0.08483556804203618,100,77,0.77,1757.7344406394589,inf,0.5006911038584767,1.0,0.7503455519292384,0.16724500805639886,0.385418112520141,0.36890218175117373
1586,17632.017787660374,52,435,0.11954022988505747,179372.85854008447,3449.478048847778,35.874571708016894,0.08247027978854458,100,76,0.76,1741.2472944574206,inf,0.504669588757528,1.0,0.7523347943787639,0.16506774270489033,0.3804126693567622,0.36890943473643245
1587,17643.135075042253,52,435,0.11954022988505747,179187.58444697983,3445.9150855188427,35.83751688939597,0.082385096297462,100,75,0.75,1725.2302316829175,inf,0.5087845347524376,1.0,0.7543922673762188,0.16399641446062158,0.3754099910361516,0.3689135282857396
1588,17654.252362424133,52,435,0.11954022988505747,178987.845185855,3442.073945881827,35.797569037170994,0.08229326215441608,100,75,0.75,1723.6573387269123,inf,0.5085486008090369,1.0,0.7542743004045185,0.16400948087494882,0.37541002370218735,0.36891761670324524
1589,17665.369649806013,52,435,0.11954022988505747,178809.33952645445,3438.6411447395085,35.76186790529089,0.08221119058687561,100,75,0.75,1723.2480345266658,inf,0.5084872051789998,1.0,0.7542436025894999,0.1639837939986879,0.3754099594849967,0.36892169993769913
1590,17676.486937187892,52,435,0.11954022988505747,178652.1189690025,3435.6176724808174,35.7304237938005,0.08213890527310459,100,75,0.75,1724.9024672438343,inf,0.5087353700865751,1.0,0.7543676850432876,0.1638856101149085,0.3754097140252873,0.3689257778849572
1591,17687.60422456977,52,435,0.11954022988505747,178537.4500936865,3433.4125018016634,35.707490018737296,0.08208618395112022,100,74,0.74,1713.7359608865904,inf,0.5136329222112154,1.0,0.7568164611056076,0.1626348614227563,0.3704065871535569,0.36892670804153294
1592,17698.72151195165,52,435,0.11954022988505747,178465.1721744684,3432.0225418167,35.69303443489368,0.08205295272389353,100,73,0.73,1701.41915464579,inf,0.5184071965782853,1.0,0.7592035982891426,0.16142467721737547,0.36540356169304344,0.3689244963991296
1593,17709.83879933353,51,435,0.11724137931034483,173424.1101435924,3400.4727479135768,34.684822028718486,0.07973522305452525,100,73,0.73,1704.2996286428463,inf,0.5188277457818555,1.0,0.7594138728909278,0.1601606750817987,0.3654004016877045,0.3689222855492479
1594,17720.95608671541,50,435,0.11494252873563218,168382.39138661145,3367.647827732229,33.67647827732229,0.0774171914421202,100,73,0.73,1708.8444923511147,inf,0.5194912958832627,1.0,0.7597456479416314,0.15883577175024444,0.3653970894293756,0.36892007539494076
1595,17732.07337409729,48,435,0.1103448275862069,158207.66270233574,3295.992972965328,31.641532540467146,0.07273915526544171,100,71,0.71,1681.6594630419934,inf,0.5287956437519631,1.0,0.7643978218759815,0.15417066669473012,0.3553854266667368,0.3689115950385948
1596,17743.19066147917,48,435,0.1103448275862069,158022.7385095253,3292.1403856151105,31.60454770190507,0.07265413264805763,100,73,0.73,1718.3217425643768,inf,0.5208749744143989,1.0,0.7604374872071995,0.15610832272042907,0.3653902708068011,0.36890939007664625
1597,17754.30794886105,48,435,0.1103448275862069,157841.60480235776,3288.3667667157865,31.568320960471556,0.07257085278269323,100,76,0.76,1771.4940903943414,inf,0.50926710173994,1.0,0.75463355086997,0.1589686509563616,0.38039742162739093,0.368916579082623
1598,17765.42523624293,48,435,0.1103448275862069,157647.85548300578,3284.3303225626205,31.52957109660116,0.07248177263586474,100,74,0.74,1740.0350077689666,inf,0.5175251811498072,1.0,0.7587625905749036,0.15685959103048053,0.3703921489775762,0.36891750189056227
1599,17776.54252362481,48,435,0.1103448275862069,157494.79003529344,3281.141459068613,31.49895800705869,0.0724113977173763,100,74,0.74,1738.0732327598475,inf,0.5172348384484574,1.0,0.7586174192242288,0.1568969892465738,0.3703922424731164,0.36891842360342636
1600,17787.659811006688,48,435,0.1103448275862069,157381.60666507122,3278.7834721889835,31.476321333014248,0.07235935938623965,100,74,0.74,1735.3222525869933,inf,0.516827693382875,1.0,0.7584138466914375,0.1569727563474011,0.3703924318908685,0.3689193442831812
1601,17798.777098388568,49,435,0.11264367816091954,162249.95294690214,3311.223529528615,32.449990589380434,0.07459767951581708,100,74,0.74,1736.0050332538717,inf,0.516928744921573,1.0,0.7584643724607865,0.15806665352751537,0.3703951666338188,0.36892026552060353
1602,17809.894385770447,49,435,0.11264367816091954,162144.52389020057,3309.071916126542,32.42890477804011,0.07454920638629911,100,75,0.75,1752.1064621129633,inf,0.5128159693169444,1.0,0.7564079846584721,0.1590706108639135,0.3753976765271598,0.36892430632597256
1603,17821.011673152327,49,435,0.11264367816091954,162018.00839762136,3306.489967298395,32.40360167952428,0.07449103834373397,100,74,0.74,1743.1766092742114,inf,0.5179901381725833,1.0,0.7589950690862917,0.1577479846287212,0.3703943699615718,0.3689252228244985
1604,17832.128960534206,48,435,0.1103448275862069,156874.9966880994,3268.2290976687377,31.374999337619876,0.07212643525889627,100,75,0.75,1764.5744627614297,inf,0.5146861694142144,1.0,0.7573430847071072,0.15739167527589448,0.3753934791881897,0.3689292528907687
1605,17843.246247916086,49,435,0.11264367816091954,161664.12981149548,3299.2679553366424,32.3328259622991,0.07432833554551517,100,78,0.78,1813.5008661186655,inf,0.5029061351145119,1.0,0.7514530675572559,0.16143763399412958,0.3904035940849853,0.36894262421156215
1606,17854.363535297965,50,435,0.11494252873563218,166365.22228135515,3327.304445627103,33.27304445627103,0.076489757370738,100,77,0.77,1801.5816637684343,inf,0.5074435762203389,1.0,0.7537217881101694,0.16138398463028425,0.3854034599615757,0.3689528674198696
1607,17865.480822679845,52,435,0.11954022988505747,176030.89831499595,3385.2095829806913,35.20617966299919,0.08093374635172228,100,77,0.77,1802.9857375309427,inf,0.5076598035797653,1.0,0.7538299017898826,0.16355192228091986,0.3854088798057023,0.36896310125841797
1608,17876.598110061725,52,435,0.11954022988505747,175679.5371215469,3378.452636952825,35.13590742430938,0.08077220097542387,100,77,0.77,1809.498121909832,inf,0.5086627107741141,1.0,0.754331355387057,0.16322042279418347,0.38540805105698545,0.3689733218611517
1609,17887.715397443604,52,435,0.11954022988505747,175361.2019529296,3372.330806787108,35.072240390585925,0.08062583997835845,100,76,0.76,1800.390446105254,inf,0.5136593478079985,1.0,0.7568296739039992,0.16189808303717956,0.38040474520759293,0.3689804221240998
1610,17898.832684825484,52,435,0.11954022988505747,175075.59569927366,3366.8383788321858,35.01511913985473,0.08049452675828674,100,75,0.75,1789.9023381116335,inf,0.518485350716745,1.0,0.7592426753583725,0.16062592569995715,0.3754015648142499,0.36898440793582554
1611,17909.949972207363,50,435,0.11494252873563218,164813.8895108119,3296.277790216238,32.96277790216237,0.0757765009245112,100,74,0.74,1783.5262558478237,inf,0.523961885865478,1.0,0.761980942932739,0.15689777899588614,0.3703922444474897,0.3689852812835375
1612,17921.067259589243,51,435,0.11724137931034483,169512.48566397245,3323.774228705342,33.90249713279449,0.07793677501791836,100,74,0.74,1789.964007297899,inf,0.5249146730800891,1.0,0.7624573365400446,0.15773971923893687,0.37039434929809734,0.36898615485329234
1613,17932.184546971122,51,435,0.11724137931034483,169213.3237907161,3317.908309621884,33.842664758143215,0.07779922932906486,100,72,0.72,1770.537712952472,inf,0.534957430665156,1.0,0.7674787153325779,0.15516025699824343,0.3603879006424956,0.3689808275582423
1614,17943.301834353002,49,435,0.11264367816091954,158785.47791867767,3240.519957524034,31.757095583735534,0.0730048174338748,100,71,0.71,1761.344862187987,inf,0.5401109704306941,1.0,0.7700554852153471,0.1514746661092639,0.35537868666527317,0.3689724051799804
1615,17954.41912173488,49,435,0.11264367816091954,158344.27572850877,3231.515831194057,31.66885514570175,0.07280196585218794,100,70,0.7,1752.6240398146615,inf,0.5453673655740526,1.0,0.7726836827870263,0.15005914153258082,0.35037514785383145,0.3689608969761895
1616,17965.53640911676,49,435,0.11264367816091954,157943.6198822695,3223.339181270806,31.588723976453903,0.07261775626771012,100,70,0.7,1754.2082673508014,inf,0.5455891574291123,1.0,0.7727945787145561,0.149911588776577,0.3503747789719414,0.3689494027782895
1617,17976.65369649864,50,435,0.11494252873563218,162593.62673395305,3251.872534679061,32.51872534679061,0.0747556904523922,100,71,0.71,1765.624969012063,inf,0.5407187455997129,1.0,0.7703593727998564,0.15219815882626792,0.3553804953970657,0.36894101655617506
1618,17987.77098388052,50,435,0.11494252873563218,162311.3499012825,3246.2269980256497,32.462269980256494,0.07462590800058964,100,71,0.71,1764.1114216648896,inf,0.5405038218764143,1.0,0.7702519109382071,0.15218699853119122,0.35538046749632796,0.36893264067658277
1619,17998.8882712624,50,435,0.11494252873563218,162095.69718559002,3241.9139437118006,32.41913943711801,0.07452675732670808,100,72,0.72,1772.5671621253061,inf,0.5352496713460441,1.0,0.767624835673022,0.15345096082684306,0.3603836274020671,0.3689273635078948
1620,18010.00555864428,50,435,0.11494252873563218,161929.65878121703,3238.593175624341,32.38593175624341,0.07445041783044462,100,72,0.72,1764.6723518041051,inf,0.5341128186597911,1.0,0.7670564093298955,0.15369700425027455,0.3603842425106257,0.3689220932296731
1621,18021.12284602616,50,435,0.11494252873563218,161807.59030024108,3236.1518060048215,32.36151806004822,0.07439429439091545,100,72,0.72,1757.3446350903446,inf,0.5330576274530097,1.0,0.7665288137265048,0.15393274033220533,0.3603848318508305,0.36891682981328666
1622,18032.24013340804,50,435,0.11494252873563218,161862.06269951677,3237.2412539903353,32.37241253990336,0.07441933917219162,100,72,0.72,1751.649269655235,inf,0.5322374948303539,1.0,0.7661187474151769,0.15415029587850737,0.36038537573969626,0.3689115732180473
1623,18043.35742078992,50,435,0.11494252873563218,161987.21606451576,3239.744321290315,32.397443212903156,0.07447688094920266,100,72,0.72,1746.8289380062952,inf,0.5315433670729065,1.0,0.7657716835364532,0.15435259870637474,0.3603858814967659,0.36890632340787405
1624,18054.474708171798,51,435,0.11724137931034483,167130.83121008592,3277.0751217663906,33.426166242017175,0.07684176147590155,100,72,0.72,1743.9327039010875,inf,0.5311263093617566,1.0,0.7655631546808783,0.15563930339751164,0.36038909825849375,0.3689010820385513
1625,18065.591995553677,51,435,0.11724137931034483,167265.61422680566,3279.7179260157973,33.45312284536113,0.0769037306789911,100,72,0.72,1743.0034084490185,inf,0.5309924908166587,1.0,0.7654962454083294,0.15570374263533082,0.36038925935658833,0.3688958472152537
1626,18076.709282935557,51,435,0.11724137931034483,167436.63855322503,3283.071344180883,33.487327710645005,0.07698236255320691,100,73,0.73,1758.1289520372545,inf,0.5266868269974392,1.0,0.7633434134987196,0.15681947452724365,0.3653920486863181,0.368893693682046
1627,18087.826570317437,50,435,0.11494252873563218,162630.4294465577,3252.6085889311544,32.52608588931154,0.07477261123979664,100,73,0.73,1759.6249329768166,inf,0.5269052402146152,1.0,0.7634526201073075,0.15565999556624455,0.3653891499889156,0.3688915410139298
1628,18098.943857699316,50,435,0.11494252873563218,162780.5710470753,3255.611420941506,32.55611420941505,0.07484164186072426,100,71,0.71,1727.2994001400805,inf,0.5352765148198914,1.0,0.7676382574099456,0.15360169222538933,0.35538400423056343,0.3688832490944802
1629,18110.061145081196,50,435,0.11494252873563218,162962.08182608208,3259.241636521642,32.592416365216415,0.07492509509245153,100,72,0.72,1741.5214690596497,inf,0.5307790915445896,1.0,0.7653895457722948,0.1547677746600784,0.3603869194366502,0.36887803662229757
1630,18121.178432463075,49,435,0.11264367816091954,158159.02403424995,3227.7351843724477,31.631804806849992,0.07271679265942527,100,72,0.72,1740.3798253261523,inf,0.530614694846966,1.0,0.765307347423483,0.15370472261797108,0.3603842618065449,0.36887282891241663
1631,18132.295719844955,51,435,0.11724137931034483,168348.6590691223,3300.954099394555,33.66973181382446,0.07740168233063095,100,73,0.73,1752.601454665884,inf,0.5258798123812192,1.0,0.7629399061906096,0.15723088807001068,0.365393077220175,0.3688706967116248
1632,18143.413007226834,50,435,0.11494252873563218,163472.133639855,3269.4426727971,32.694426727971,0.07515960167349654,100,73,0.73,1751.7407279405072,inf,0.525754146279314,1.0,0.762877073139657,0.15614126426691977,0.3653903531606673,0.3688685654540921
1633,18154.530294608714,49,435,0.11264367816091954,158533.0388129341,3235.3681390394713,31.70660776258682,0.07288875347721108,100,74,0.74,1768.4329763393932,inf,0.5217280804982302,1.0,0.7608640402491151,0.156012356614048,0.3703900308915351,0.3688694965834907
1634,18165.647581990594,49,435,0.11264367816091954,158606.48178073688,3236.866975117079,31.721296356147377,0.07292252035895949,100,76,0.76,1795.435116257764,inf,0.5129061376711802,1.0,0.7564530688355902,0.15823472576168462,0.3803955868144042,0.36887654617996224
1635,18176.764869372473,49,435,0.11264367816091954,158704.76613767017,3238.8727783197996,31.74095322753404,0.07296770856904376,100,74,0.74,1762.7825525730943,inf,0.520891817780818,1.0,0.760445908890409,0.15626089983931735,0.3703906522495983,0.3688774716726699
1636,18187.882156754353,50,435,0.11494252873563218,163822.9580983916,3276.4591619678317,32.76459161967832,0.07532090027512257,100,74,0.74,1758.446650486576,inf,0.5202501042720131,1.0,0.7601250521360066,0.15759792406955797,0.3703939948101739,0.3688783980765413
1637,18198.999444136232,50,435,0.11494252873563218,163908.4668569271,3278.169337138542,32.781693371385416,0.07536021464686303,100,75,0.75,1773.5658703631411,inf,0.5160348805544711,1.0,0.7580174402772355,0.15867138718481377,0.37539667846796204,0.3688823774906997
1638,18210.116731518112,50,435,0.11494252873563218,164023.49154678368,3280.4698309356736,32.80469830935673,0.07541309956173961,100,75,0.75,1772.5821518166308,inf,0.5158873227724947,1.0,0.7579436613862474,0.15873471908774617,0.37539683679771935,0.36888635214555443
1639,18221.23401889999,50,435,0.11494252873563218,164169.7749471593,3283.3954989431863,32.83395498943186,0.0754803562975445,100,74,0.74,1756.0725078278483,inf,0.5198987311585215,1.0,0.7599493655792607,0.15776549535914192,0.3703944137383979,0.36888727169530616
1640,18232.35130628187,50,435,0.11494252873563218,164349.64169641823,3286.9928339283647,32.869928339283646,0.07556305365352563,100,74,0.74,1760.9194407642142,inf,0.5206160772331038,1.0,0.7603080386165519,0.15762750751848686,0.3703940687687962,0.36888818991412
1641,18243.46859366375,50,435,0.11494252873563218,164495.4482336475,3289.90896467295,32.89908964672951,0.07563009114190691,100,76,0.76,1790.6097025573147,inf,0.5121726747887119,1.0,0.7560863373943559,0.15977187687377553,0.38039942969218443,0.36889520041337576
1642,18254.58588104563,52,435,0.11954022988505747,174584.39530846637,3357.392217470507,34.91687906169328,0.08026868749814547,100,76,0.76,1793.1841784937783,inf,0.5125639951310543,1.0,0.7562819975655272,0.16199334496630918,0.3804049833624158,0.3689022057590538
1643,18265.70316842751,52,435,0.11954022988505747,174545.20653924986,3356.6385872932665,34.909041307849975,0.08025066967321834,100,76,0.76,1795.5158389578455,inf,0.5129184075215925,1.0,0.7564592037607962,0.16189573295621107,0.38040473933239055,0.36890920243397674
1644,18276.82045580939,53,435,0.12183908045977011,179518.80254647546,3387.1472178580275,35.90376050929509,0.08253738048113814,100,73,0.73,1759.0428448083628,inf,0.526820255342021,1.0,0.7634101276710106,0.15956362640506383,0.36539890906601263,0.3689070685170357
1645,18287.93774319127,52,435,0.11954022988505747,174470.0448873782,3355.193170911119,34.89400897747564,0.08021611259189804,100,74,0.74,1779.690613700357,inf,0.5233942108276528,1.0,0.7616971054138264,0.15925950358903584,0.3703981487589726,0.3689079743981062
1646,18299.05503057315,51,435,0.11724137931034483,169373.1427854864,3321.042015401694,33.874628557097274,0.0778727093266604,100,75,0.75,1795.3898304266047,inf,0.5193084745639908,1.0,0.7596542372819954,0.1591092360223325,0.37539777309005584,0.368911914773754
1647,18310.172317955028,51,435,0.11724137931034483,169274.8404867432,3319.114519347906,33.85496809734863,0.07782751286746811,100,75,0.75,1800.2284074045567,inf,0.5200342611106835,1.0,0.7600171305553418,0.15890519115606316,0.37539726297789017,0.3689158500578585
1648,18321.289605336908,51,435,0.11724137931034483,169232.49296182423,3318.2841757220435,33.84649859236484,0.07780804274106859,100,74,0.74,1791.5015077145267,inf,0.52514222314175,1.0,0.762571111570875,0.1576184655850968,0.37039404616396276,0.36891674647757106
1649,18332.406892718787,53,435,0.12183908045977011,179234.2814221253,3381.778894757081,35.84685628442506,0.08240656617109209,100,74,0.74,1791.7344266639973,inf,0.5251766951462716,1.0,0.7625883475731359,0.15990910929897806,0.3703997727732474,0.3689176452813866
1650,18343.524180100667,53,435,0.12183908045977011,179165.24687999222,3380.4763562262683,35.83304937599844,0.08237482615172055,100,73,0.73,1781.3305731883138,inf,0.5300742636854939,1.0,0.7650371318427469,0.15866884715448681,0.36539667211788623,0.3689155126507606
1651,18354.641467482546,54,435,0.12413793103448276,184121.66453463322,3409.66045434506,36.82433290692664,0.08465363886649803,100,72,0.72,1763.6746159440295,inf,0.5339691446959403,1.0,0.7669845723479701,0.15883453325926394,0.36039708633314815,0.368910356218365
1652,18365.758754864426,53,435,0.12183908045977011,179078.3528265992,3378.8368457848906,35.81567056531983,0.0823348748628042,100,73,0.73,1775.5789543076355,inf,0.5292345273289148,1.0,0.7646172636644575,0.15885880559917331,0.36539714701399795,0.36890823086494434
1653,18376.876042246306,55,435,0.12643678160919541,189029.13053623613,3436.8932824770204,37.80582610724724,0.08690994507413159,100,72,0.72,1750.6305394610886,inf,0.5320907976823968,1.0,0.7660453988411984,0.16043227311646657,0.36040108068279114,0.36890308748514855
1654,18387.993329628185,55,435,0.12643678160919541,188981.40943780725,3436.02562614195,37.796281887561456,0.08688800433922174,100,72,0.72,1744.3728706166744,inf,0.5311896933688012,1.0,0.7655948466844006,0.16064657882741057,0.36040161644706853,0.3688979506446422
1655,18399.110617010065,55,435,0.12643678160919541,188976.6324655094,3435.938772100171,37.79532649310188,0.08688580803011926,100,71,0.71,1722.9536136399245,inf,0.5346594131368693,1.0,0.7673297065684346,0.1597780507308424,0.3553994451268271,0.36888979937319427
1656,18410.227904391944,55,435,0.12643678160919541,189012.50391867405,3436.590980339528,37.802500783734814,0.08690230065226394,100,71,0.71,1716.539912703136,inf,0.5337486676038453,1.0,0.7668743338019226,0.1600139834251707,0.3554000349585629,0.3688816582962995
1657,18421.345191773824,54,435,0.12413793103448276,184036.79319283005,3408.088762830186,36.807358638566015,0.08461461755992188,100,72,0.72,1730.3026986933137,inf,0.5291635886118372,1.0,0.7645817943059185,0.16001641162700164,0.3604000410290675,0.3688765427249682
1658,18432.462479155703,55,435,0.12643678160919541,189027.59669921437,3436.8653945311703,37.80551933984287,0.08690923986170775,100,73,0.73,1740.3842840159095,inf,0.5240961054663228,1.0,0.7620480527331615,0.16243059356427314,0.36540607648391066,0.3688744508224721
1659,18443.579766537583,55,435,0.12643678160919541,189049.23876887345,3437.25888670679,37.8098477537747,0.08691919023856252,100,74,0.74,1753.2620301515599,inf,0.5194827804624309,1.0,0.7597413902312155,0.1635889000036735,0.3704089722500092,0.36887537523297065
1660,18454.697053919463,55,435,0.12643678160919541,189073.71341569273,3437.7038802853226,37.814742683138554,0.08693044294974381,100,74,0.74,1749.5955301898518,inf,0.5189401384680982,1.0,0.759470069234049,0.16373018685784735,0.3704093254671446,0.3688762987430454
1661,18465.814341301342,55,435,0.12643678160919541,189115.46111953893,3438.4629294461624,37.82309222390779,0.08694963729633975,100,75,0.75,1759.6775909159035,inf,0.5139516386373855,1.0,0.7569758193186927,0.16498690898882357,0.3754124672724721,0.36888023145575866
1662,18476.93162868322,55,435,0.12643678160919541,189190.88100013553,3439.834200002464,37.83817620002712,0.08698431310351062,100,75,0.75,1757.8436723636553,inf,0.5136765508545483,1.0,0.7568382754272742,0.1650730188381182,0.3754126825470953,0.3688841595682609
1663,18488.0489160651,55,435,0.12643678160919541,189301.14087468723,3441.8389249943134,37.86022817493744,0.08703500729870677,100,75,0.75,1755.6655828965336,inf,0.51334983743448,1.0,0.75667491871724,0.16518004429073335,0.37541295011072684,0.3688880831202696
1664,18499.16620344698,56,435,0.12873563218390804,194439.99740075634,3472.142810727792,38.887999480151265,0.08939769995437072,100,74,0.74,1737.5025320141663,inf,0.5171503747380967,1.0,0.7585751873690483,0.16541125629266118,0.37041352814073164,0.3688889993034651
1665,18510.28349082886,56,435,0.12873563218390804,194611.12552799995,3475.1986701428564,38.92222510559999,0.08947637955310343,100,77,0.77,1779.3465124759782,inf,0.5040193629213007,1.0,0.7520096814606503,0.1687333490462266,0.3854218333726156,0.3688989229733745
1666,18521.40077821074,55,435,0.12643678160919541,189794.67138273572,3450.812206958831,37.95893427654714,0.08726191787711986,100,77,0.77,1777.5904503229567,inf,0.5037489293497353,1.0,0.7518744646748676,0.16769372660112614,0.3854192343165028,0.3689088331781394
1667,18532.51806559262,56,435,0.12873563218390804,194965.45526125864,3481.52598680819,38.99309105225173,0.08963928977529133,100,78,0.78,1794.663568936888,inf,0.49996751675415446,1.0,0.7499837583770772,0.16982776569910707,0.3904245694142478,0.3689217323005831
1668,18543.6353529745,55,435,0.12643678160919541,190055.98076389707,3455.5632866163105,38.01119615277941,0.08738206012133198,100,78,0.78,1791.9786457890352,inf,0.4995486687430894,1.0,0.7497743343715447,0.16880386287489363,0.39042200965718726,0.3689346144320131
1669,18554.75264035638,55,435,0.12643678160919541,190177.23146695623,3457.7678448537495,38.03544629339125,0.08743780757101438,100,78,0.78,1789.6581620412871,inf,0.4991866732784407,1.0,0.7495933366392203,0.16892223546589707,0.39042230558866475,0.3689474813129452
1670,18565.86992773826,55,435,0.12643678160919541,190328.03224681615,3460.509677214839,38.06560644936322,0.08750714126290396,100,78,0.78,1786.3379231830959,inf,0.49866871601656293,1.0,0.7493343580082814,0.16908639162731132,0.3904227159790683,0.36896033303925646
1671,18576.987215120138,56,435,0.12873563218390804,195504.69927859344,3491.1553442605973,39.10093985571869,0.08988721805912343,100,78,0.78,1783.1165632415841,inf,0.4981661838656871,1.0,0.7490830919328435,0.17040206306313999,0.39042600515765785,0.36897317135990143
1672,18588.104502502018,56,435,0.12873563218390804,195684.72186581753,3494.37003331817,39.13694437316351,0.0899699870647437,100,77,0.77,1765.896945976448,inf,0.501948129680373,1.0,0.7509740648401865,0.1694979611122786,0.3854237449027807,0.36898300433870773
1673,18599.221789883897,56,435,0.12873563218390804,195889.4172048255,3498.0253072290266,39.177883440965104,0.0900640998642876,100,76,0.76,1746.4570711475715,inf,0.5054614748144308,1.0,0.7527307374072154,0.16866668122853612,0.38042166670307137,0.3689898374703472
1674,18610.339077265777,56,435,0.12873563218390804,196118.04280330963,3502.1079072019575,39.22360856066192,0.09016921508198143,100,76,0.76,1743.3052786392454,inf,0.5049824023531653,1.0,0.7524912011765826,0.16883900695269943,0.38042209751738176,0.36899666270022596
1675,18621.456364647656,57,435,0.1310344827586207,201368.4969108373,3532.7806475585494,40.273699382167464,0.09258321697049991,100,77,0.77,1758.8505838646092,inf,0.5008629899151499,1.0,0.750431494957575,0.17107586100646244,0.38542768965251617,0.3690064664155913
1676,18632.573652029536,57,435,0.1310344827586207,201600.7145251794,3536.8546407926215,40.32014290503589,0.09268998368973767,100,77,0.77,1757.681114823456,inf,0.5006828916828122,1.0,0.7503414458414062,0.17117426892416576,0.38542793567231043,0.3690162585856907
1677,18643.690939411415,56,435,0.12873563218390804,196822.6640397425,3514.690429281116,39.36453280794849,0.09049317886884711,100,77,0.77,1758.587828612274,inf,0.5008225256062901,1.0,0.7504112628031451,0.17004095803285108,0.38542510239508215,0.36902603739606576
1678,18654.808226793295,55,435,0.12643678160919541,191998.0987076412,3490.874521957113,38.39961974152823,0.08827498791155915,100,77,0.77,1761.4609295426035,inf,0.501264983149561,1.0,0.7506324915747805,0.16882124816838934,0.385422053120421,0.3690358027419409
1679,18665.925514175175,54,435,0.12413793103448276,187076.61189644088,3464.3817017859424,37.415322379288185,0.08601223535468548,100,75,0.75,1738.7295419757384,inf,0.5108094312963607,1.0,0.7554047156481803,0.16530375985325257,0.37541325939963316,0.36903959884709425
1680,18677.042801557054,54,435,0.12413793103448276,187174.15498254864,3466.1880552323823,37.434830996509724,0.08605708275059706,100,76,0.76,1758.989210689789,inf,0.5073663600248479,1.0,0.753683180012424,0.16618695136908657,0.38041546737842274,0.3690463661692426
1681,18688.160088938934,55,435,0.12643678160919541,192287.25430815172,3496.1318965118494,38.45745086163034,0.08840793301524216,100,78,0.78,1793.4357040504967,inf,0.4997759698318776,1.0,0.7498879849159388,0.16925997404965165,0.39042314993512417,0.36905907531535787
1682,18699.277376320813,53,435,0.12183908045977011,182316.8063447143,3439.9397423531,36.463361268942876,0.08382381900906408,100,79,0.79,1807.1717587229714,inf,0.4955331378782295,1.0,0.7477665689391148,0.16802862503497468,0.39542007156258746,0.3690747384147324
1683,18710.394663702693,53,435,0.12183908045977011,182343.744840262,3440.448015854,36.468748968052395,0.08383620452425838,100,78,0.78,1798.6718813144362,inf,0.5005928134850521,1.0,0.7502964067425261,0.1667698988908662,0.39041692474722717,0.3690874119220557
1684,18721.511951084573,55,435,0.12643678160919541,192389.13326392887,3497.984241162343,38.47782665278576,0.08845477391445002,100,79,0.79,1813.4965363973633,inf,0.4965324527507834,1.0,0.7482662263753916,0.17009427376952924,0.39542523568442384,0.36910304267799776
1685,18732.629238466452,55,435,0.12643678160919541,192383.0178216242,3497.8730513022583,38.47660356432482,0.08845196221683867,100,79,0.79,1820.0722800062556,inf,0.49757142024098827,1.0,0.7487857101204941,0.1698331260481723,0.39542458281512044,0.3691186545048881
1686,18743.74652584833,55,435,0.12643678160919541,192416.04194218662,3498.4734898579386,38.48320838843732,0.08846714572054556,100,78,0.78,1808.7849473594938,inf,0.502170451788081,1.0,0.7510852258940405,0.1686909599132525,0.39042172739978315,0.369131282289651
1687,18754.86381323021,55,435,0.12643678160919541,192490.77627768856,3499.832295957974,38.498155255537704,0.08850150633456944,100,78,0.78,1811.3065539388858,inf,0.5025638224144662,1.0,0.7512819112072331,0.16860979756366812,0.3904215244939092,0.36914389499237865
1688,18765.98110061209,56,435,0.12873563218390804,197589.88117847286,3528.3907353298723,39.517976235694576,0.09084592238090707,100,78,0.78,1815.8669180932857,inf,0.5032752392225525,1.0,0.7516376196112762,0.16960415138481544,0.390424010378462,0.369156494231802
1689,18777.09838799397,57,435,0.1310344827586207,202597.12311242876,3554.3354932005045,40.51942462248575,0.09314810258042701,100,77,0.77,1799.345822064788,inf,0.5070992565979773,1.0,0.7535496282989886,0.1697992371407192,0.3854244980928518,0.3691661202695896
1690,18788.21567537585,58,435,0.13333333333333333,207599.3082699928,3579.2984184481516,41.519861653998554,0.09544795782528404,100,77,0.77,1800.2067924915389,inf,0.5072318460436969,1.0,0.7536159230218484,0.1709160174017178,0.3854272900435043,0.36917573657341807
1691,18799.33296275773,58,435,0.13333333333333333,207623.46983245708,3579.714997111329,41.52469396649141,0.09545906658963543,100,76,0.76,1789.809514373925,inf,0.5120510461848367,1.0,0.7560255230924183,0.1697167717486086,0.38042429192937155,0.36918238465577974
1692,18810.45025013961,58,435,0.13333333333333333,207685.84288588265,3580.7903945841836,41.53716857717653,0.09548774385557823,100,76,0.76,1790.5268216350662,inf,0.51216007688853,1.0,0.756080038444265,0.1697038527056567,0.38042425963176413,0.3691890248654525
1693,18821.56753752149,58,435,0.13333333333333333,207785.2305529193,3582.503975050333,41.55704611058386,0.09553343933467555,100,77,0.77,1806.066797618603,inf,0.508134286833265,1.0,0.7540671434166325,0.17073314795902156,0.38542683286989754,0.3691986103483359
1694,18832.68482490337,58,435,0.13333333333333333,207922.10248179096,3584.8638358929475,41.58442049635819,0.09559636895714527,100,77,0.77,1807.7046998407368,inf,0.5083865237754737,1.0,0.7541932618877368,0.17070155353470423,0.3854267538838368,0.3692081844743156
1695,18843.802112285248,59,435,0.135632183908046,213072.87169929701,3611.4046050728307,42.6145743398594,0.09796453871232047,100,77,0.77,1804.4504049074305,inf,0.5078853623557442,1.0,0.7539426811778721,0.17201092876722418,0.38543002732191806,0.36921774924014555
1696,18854.919399667127,60,435,0.13793103448275862,218256.67182410817,3637.6111970684697,43.65133436482163,0.10034789509154397,100,76,0.76,1778.62263614517,inf,0.5103506406940659,1.0,0.7551753203470329,0.1725862873722555,0.3804314657184306,0.36922435720507085
1697,18866.036687049007,60,435,0.13793103448275862,218528.94961067438,3642.149160177906,43.705789922134876,0.10047308028076983,100,76,0.76,1773.6860181602578,inf,0.5096002747603592,1.0,0.7548001373801796,0.17283647145029513,0.38043209117862575,0.36923095775511416
1698,18877.153974430887,60,435,0.13793103448275862,218872.79877930865,3647.8799796551443,43.77455975586172,0.10063117185255568,100,76,0.76,1770.7162038775562,inf,0.5091488629893886,1.0,0.7545744314946943,0.1730283701789307,0.38043257092544736,0.36923755081760407
1699,18888.271261812766,59,435,0.135632183908046,214245.60753808025,3631.2814836962752,42.84912150761605,0.09850372760371505,100,76,0.76,1766.0263807193662,inf,0.5084360098693437,1.0,0.7542180049346718,0.1721428613345216,0.3804303571533363,0.369244134821331
1700,18899.388549194646,60,435,0.13793103448275862,219606.64535834565,3660.1107559724273,43.92132907166912,0.1009685725785497,100,76,0.76,1763.6226106077538,inf,0.5080706368123786,1.0,0.7540353184061893,0.17346662708618016,0.38043366656771543,0.36925071302929474
1701,18910.505836576525,59,435,0.135632183908046,214916.77241476052,3642.657159572212,42.983354482952095,0.09881230915621171,100,76,0.76,1761.8225548724843,inf,0.5077970283406176,1.0,0.7538985141703087,0.17245689749295146,0.38043114224373237,0.3692572820241328
1702,18921.623123958405,57,435,0.1310344827586207,205178.0003557504,3599.6140413289545,41.03560007115008,0.09433471280724155,100,76,0.76,1759.336746513073,inf,0.507419185469987,1.0,0.7537095927349935,0.17031256003612405,0.3804257814000903,0.3692638401564734
1703,18932.740411340284,57,435,0.1310344827586207,205345.7333511562,3602.556725458881,41.069146670231234,0.09441183142581892,100,76,0.76,1757.7321571382934,inf,0.5071752878850205,1.0,0.7535876439425102,0.17041209374165434,0.3804260302343541,0.369270390737505
1704,18943.857698722164,57,435,0.1310344827586207,205427.4845694523,3603.990957358812,41.08549691389045,0.09444941819285162,100,76,0.76,1755.6041043324396,inf,0.506851823858531,1.0,0.7534259119292654,0.17051175313179312,0.38042627938282947,0.36927693378069876
1705,18954.974986104044,58,435,0.13333333333333333,210395.51973645535,3627.508960973368,42.07910394729107,0.09673357229262314,100,78,0.78,1780.555430948005,inf,0.4977666472278889,1.0,0.7488833236139445,0.17392512433933927,0.39043481281084835,0.36928933581998963
1706,18966.092273485923,58,435,0.13333333333333333,210360.69114203253,3626.908467966078,42.0721382284065,0.09671755914576208,100,78,0.78,1777.3850973468077,inf,0.4972720751861022,1.0,0.7486360375930511,0.1740407607763555,0.3904351019019409,0.36930172349783497
1707,18977.209560867803,57,435,0.1310344827586207,205323.90265706746,3602.1737308257448,41.06478053141349,0.09440179432508848,100,78,0.78,1774.2251248043544,inf,0.49677911946947945,1.0,0.7483895597347398,0.1730061172951744,0.39043251529323797,0.3693140951557948
1708,18988.326848249682,57,435,0.1310344827586207,205282.97433780375,3601.455690136908,41.05659486756075,0.0943829767070362,100,78,0.78,1772.7377159215253,inf,0.49654708368375805,1.0,0.748273541841879,0.17305471743257855,0.3904326367935815,0.36932645240660683
1709,18999.444135631562,58,435,0.13333333333333333,210228.80206944898,3624.6345184387756,42.045760413889795,0.09665692049170067,100,79,0.79,1784.9203527600337,inf,0.49201741573608543,1.0,0.7460087078680427,0.175324106311829,0.3954383102657796,0.36934172249892216
1710,19010.56142301344,58,435,0.13333333333333333,210178.72183828917,3623.7710661773995,42.03574436765784,0.096633895098064,100,78,0.78,1766.4814688254264,inf,0.4955711091367666,1.0,0.7477855545683834,0.17442417026484036,0.3904360604256621,0.36935405115931186
1711,19021.67871039532,59,435,0.135632183908046,215087.41469599414,3645.5494016270195,43.01748293919883,0.09889076537746858,100,78,0.78,1765.6287748593843,inf,0.495438088878064,1.0,0.747719044439032,0.1755858604692183,0.39043896465117306,0.3693663671134543
1712,19032.7959977772,59,435,0.135632183908046,215008.7816097132,3644.216637452766,43.001756321942636,0.0988546122343509,100,78,0.78,1766.8882720921492,inf,0.4956345704463753,1.0,0.7478172852231877,0.17551866350558165,0.39043879665876396,0.36937866859012985
1713,19043.91328515908,59,435,0.135632183908046,214949.2650871396,3643.2078828328745,42.98985301742791,0.09882724831592624,100,78,0.78,1768.0619723490927,inf,0.4958176676864584,1.0,0.7479088338432291,0.17545920723634856,0.39043864801809086,0.3693909556259688
1714,19055.03057254096,59,435,0.135632183908046,214909.11052335604,3642.5272970060346,42.9818221046712,0.09880878644752,100,78,0.78,1772.4911694819673,inf,0.496508622439187,1.0,0.7482543112195935,0.17527723761396324,0.39043819309403494,0.36940322806764114
1715,19066.14785992284,57,435,0.1310344827586207,204867.40918028384,3594.165073338313,40.97348183605677,0.09419191226679717,100,78,0.78,1774.121832128071,inf,0.496763005811979,1.0,0.7483815029059895,0.17290520468040382,0.39043226301170103,0.36941548275000946
1716,19077.26514730472,57,435,0.1310344827586207,204751.90203157713,3592.1386321329323,40.950380406315425,0.0941388055317596,100,78,0.78,1777.275219318071,inf,0.49725493421361916,1.0,0.7486274671068096,0.17275566921247498,0.3904318891730312,0.3694277229401219
1717,19088.3824346866,57,435,0.1310344827586207,204656.656384612,3590.467655870386,40.93133127692239,0.09409501442970665,100,77,0.77,1766.5033383702594,inf,0.50204151410902,1.0,0.75102075705451,0.1715371286875983,0.385428842821719,0.369437036746805
1718,19099.499722068478,56,435,0.12873563218390804,199545.98899527438,3563.321232058471,39.90919779905488,0.09174528229667789,100,75,0.75,1736.3935231740684,inf,0.5104590284761102,1.0,0.7552295142380552,0.1682578840293114,0.3754206447100733,0.36944051761240315
1719,19110.617009450358,56,435,0.12873563218390804,199359.34451317607,3559.988294878144,39.871868902635214,0.09165946874169015,100,75,0.75,1738.9513841684893,inf,0.5108427076252733,1.0,0.7554213538126366,0.1681190574645267,0.3754202976436613,0.36944399422870045
1720,19121.734296832237,56,435,0.12873563218390804,199164.25988395308,3556.5046407848763,39.83285197679062,0.09156977465928878,100,76,0.76,1753.774686991931,inf,0.5065737524227736,1.0,0.7532868762113868,0.16914144922395097,0.3804228536230599,0.36945037357756405
1721,19132.851584214117,56,435,0.12873563218390804,198992.98525284202,3553.4461652293217,39.798597050568404,0.0914910277024561,100,76,0.76,1753.5557736040691,inf,0.5065404775878186,1.0,0.7532702387939093,0.1691103944542734,0.38042277598613566,0.3694567454721103
1722,19143.968871595996,55,435,0.12643678160919541,193824.93136188915,3524.0896611252574,38.76498627237783,0.08911491097098352,100,74,0.74,1723.192670504582,inf,0.5150325152346781,1.0,0.7575162576173391,0.16579932667682218,0.37041449831669204,0.3694573013356301
1723,19155.086158977876,55,435,0.12643678160919541,193659.89209274945,3521.088947140899,38.7319784185499,0.08903903084724114,100,76,0.76,1752.640889324103,inf,0.5064014151772638,1.0,0.7532007075886319,0.1679191616293046,0.38041979790407326,0.36946366009234033
1724,19166.203446359756,55,435,0.12643678160919541,193461.80476324874,3517.4873593317952,38.69236095264976,0.08894795621298794,100,77,0.77,1763.9554509085908,inf,0.501649139439923,1.0,0.7508245697199615,0.16906169324651327,0.3854226542331163,0.36947291168314655
1725,19177.320733741635,55,435,0.12643678160919541,193196.7214257962,3512.6676622872033,38.63934428515925,0.08882607881645804,100,76,0.76,1751.7696098403892,inf,0.5062689806957392,1.0,0.7531344903478696,0.16784579423429424,0.38041961448558576,0.36947925392115494
1726,19188.438021123515,54,435,0.12413793103448276,187803.98564750035,3477.8515860648213,37.560797129500074,0.08634666006781626,100,77,0.77,1767.6778914047006,inf,0.5022223952763238,1.0,0.7511111976381619,0.16761773121482715,0.3854190443280371,0.36948848367819426
1727,19199.555308505394,55,435,0.12643678160919541,192347.2376060948,3497.2225019289963,38.469447521218946,0.08843551154303206,100,77,0.77,1769.5494711366084,inf,0.5025106185550378,1.0,0.7512553092775189,0.16859010113275652,0.3854214752528319,0.3694977041594296
1728,19210.672595887274,56,435,0.12873563218390804,196895.909105398,3515.998376882107,39.3791818210796,0.09052685476110252,100,77,0.77,1772.9596698835421,inf,0.5030357891620656,1.0,0.7515178945810328,0.16950448009003483,0.3854237612002251,0.369506915297105
1729,19221.789883269154,56,435,0.12873563218390804,196459.9634832369,3508.2136336292306,39.291992696647384,0.09032641999229284,100,76,0.76,1765.3621980401906,inf,0.508335054102109,1.0,0.7541675270510545,0.16807944647061918,0.38042019861617654,0.3695132235533588
1730,19232.907170651033,54,435,0.12413793103448276,186019.26558065205,3444.8012144565196,37.20385311613041,0.08552609911754118,100,75,0.75,1750.363115634531,inf,0.5125544673451796,1.0,0.7562772336725898,0.16462443272247573,0.3754115610818062,0.36951663102737875
1731,19244.024458032913,54,435,0.12413793103448276,185561.69133913584,3436.3276173914046,37.11233826782717,0.08531572015592452,100,75,0.75,1750.749740975676,inf,0.5126124611463514,1.0,0.7563062305731757,0.1645047447913744,0.37541126186197843,0.3695200343939114
1732,19255.141745414792,54,435,0.12413793103448276,185145.95566382748,3428.628808589398,37.029191132765476,0.08512457731670224,100,74,0.74,1734.1261800991722,inf,0.5166506746546774,1.0,0.7583253373273386,0.16339961999468178,0.3704084990499867,0.3695205470682657
1733,19266.25903279667,54,435,0.12413793103448276,184770.71762404506,3421.6799560008344,36.95414352480902,0.08495205408002074,100,74,0.74,1735.5449209403218,inf,0.5168606482991676,1.0,0.7584303241495838,0.16326086496521852,0.370408152162413,0.36952105895124965
1734,19277.37632017855,54,435,0.12413793103448276,184434.87791256447,3415.460702084527,36.886975582512896,0.08479764501727102,100,75,0.75,1755.4556152025168,inf,0.5133183422803775,1.0,0.7566591711401888,0.16406923693854109,0.37541017309234637,0.36952445325334826
1735,19288.49360756043,54,435,0.12413793103448276,184138.00922333682,3409.963133765497,36.827601844667356,0.08466115366590196,100,76,0.76,1773.3322570316286,inf,0.5095465030688076,1.0,0.7547732515344038,0.16494395106574905,0.38041235987766436,0.36953072508896134
1736,19299.61089494231,54,435,0.12413793103448276,183880.5847881106,3405.196014594641,36.776116957622115,0.084542797603729,100,78,0.78,1803.7144701419763,inf,0.5013794573421483,1.0,0.7506897286710741,0.16692653446632744,0.39041731633616583,0.36954274960896555
1737,19310.72818232419,54,435,0.12413793103448276,183664.07644640023,3401.1866008592633,36.73281528928005,0.08444325353857482,100,78,0.78,1808.3685759099928,inf,0.5021054978419588,1.0,0.7510527489209794,0.16669525230879773,0.390416738130772,0.36955475995909315
1738,19321.84546970607,53,435,0.12183908045977011,178457.25459974274,3367.1180113159007,35.69145091994855,0.08204931245965184,100,78,0.78,1811.6093477802974,inf,0.5026110582537264,1.0,0.7513055291268632,0.16537189166639427,0.390413429729166,0.36956675459380856
1739,19332.96275708795,53,435,0.12183908045977011,178289.35592499448,3363.9501117923487,35.657871184998896,0.08197211766666412,100,78,0.78,1814.0251695378154,inf,0.5029879264478992,1.0,0.7514939632239497,0.16523907722135722,0.3904130976930534,0.36957873525076207
1740,19344.08004446983,52,435,0.11954022988505747,173162.85806140315,3330.0549627192913,34.63257161228063,0.07961510715466812,100,80,0.8,1844.1870545414974,inf,0.4950699287266396,1.0,0.7475349643633198,0.16604007139567412,0.4004151001784892,0.36959644712033574
1741,19355.19733185171,52,435,0.11954022988505747,173073.9493650516,3328.345180097146,34.61478987301032,0.07957422959312717,100,80,0.8,1846.2142420769837,inf,0.4953942787323174,1.0,0.7476971393661587,0.16593854511348427,0.40041484636278374,0.3696141385091087
1742,19366.314619233588,51,435,0.11724137931034483,167994.73407078526,3294.014393544809,33.598946814157046,0.07723895819346448,100,81,0.81,1859.9195361241805,inf,0.49130696485211717,1.0,0.7456534824260586,0.16579273788370297,0.4054144818447093,0.36963467800614574
1743,19377.431906615468,52,435,0.11954022988505747,172941.81034283093,3325.804045054441,34.588362068566184,0.07951347601969237,100,80,0.8,1844.4668521933538,inf,0.4951146963509365,1.0,0.7475573481754683,0.165978063922112,0.4004149451598053,0.36965232724189895
1744,19388.549193997347,53,435,0.12183908045977011,177808.61225843077,3354.8794765741654,35.56172245168615,0.08175108609583023,100,80,0.8,1842.7201061074848,inf,0.49483521697719757,1.0,0.7474176084885988,0.16716673880361566,0.40041791684700906,0.36966995795227436
1745,19399.666481379227,53,435,0.12183908045977011,177730.83343733186,3353.411951647771,35.54616668746636,0.08171532571831347,100,80,0.8,1841.1178957023924,inf,0.4945788633123829,1.0,0.7472894316561914,0.167212947031061,0.40041803236757767,0.3696875685332683
1746,19410.783768761106,53,435,0.12183908045977011,177709.60629012086,3353.0114394362427,35.54192125802417,0.08170556611040039,100,79,0.79,1830.2129711104617,inf,0.49917364943545295,1.0,0.7495868247177264,0.16605937069633703,0.39541514842674086,0.3697022952532989
1747,19421.901056142986,52,435,0.11954022988505747,172666.53459686463,3320.510280708935,34.53330691937291,0.07938691245832853,100,78,0.78,1814.7193492778435,inf,0.5030962184873435,1.0,0.7515481092436718,0.16391940160732843,0.39040979850401836,0.3697141416510396
1748,19433.018343524865,54,435,0.12413793103448276,182627.6861583129,3381.994188116905,36.52553723166258,0.08396675225669559,100,78,0.78,1814.925101712832,inf,0.5031283158672017,1.0,0.7515641579336009,0.16620129716154736,0.39041550324290386,0.36972597776401384
1749,19444.135630906745,53,435,0.12183908045977011,177470.68970135882,3348.503579270921,35.494137940271756,0.08159571940292358,100,78,0.78,1817.2280777092878,inf,0.503487580122649,1.0,0.7517437900613245,0.1649259646707995,0.390412314911677,0.3697377985280982
1750,19455.252918288625,53,435,0.12183908045977011,177329.58783029506,3345.841279816888,35.46591756605902,0.08153084497944602,100,77,0.77,1803.5857397611926,inf,0.5077522039232237,1.0,0.7538761019616118,0.16382737150891713,0.3854095684287723,0.3697467487107942
1751,19466.370205670504,52,435,0.11954022988505747,172208.02779888967,3311.69284228634,34.44160555977793,0.07917610473512168,100,75,0.75,1773.636118620404,inf,0.5160454177930606,1.0,0.7580227088965303,0.16057669791929563,0.3754014417447982,0.36974997627531137
1752,19477.487493052384,51,435,0.11724137931034483,167088.60477564044,3276.247152463538,33.4177209551281,0.07682234702328299,100,75,0.75,1775.5678755352317,inf,0.5163351813302848,1.0,0.7581675906651424,0.15932737817907028,0.3753983184454477,0.3697531983758077
1753,19488.604780434263,51,435,0.11724137931034483,167003.52093604812,3274.5788418832967,33.40070418720962,0.07678322801657383,100,75,0.75,1779.1769835407954,inf,0.5168765475311193,1.0,0.7584382737655597,0.15917247712550708,0.3753979311928138,0.36975641658151864
1754,19499.722067816143,51,435,0.11724137931034483,166962.76895451554,3273.7797834218736,33.392553790903115,0.0767644914733405,100,73,0.73,1746.4914833944244,inf,0.5249877565755858,1.0,0.7624938782877929,0.1571353065927738,0.36539283826648195,0.3697539302121084
1755,19510.839355198023,51,435,0.11724137931034483,166966.13530613043,3273.845790316283,33.393227061226085,0.07676603922120939,100,75,0.75,1780.2160392767105,inf,0.5170324058915066,1.0,0.7585162029457533,0.1591249181377281,0.3753978122953443,0.36975714426796447
1756,19521.956642579902,51,435,0.11724137931034483,167013.58197902405,3274.7761172357655,33.40271639580481,0.07678785378345933,100,76,0.76,1797.2596965496223,inf,0.5131834738755424,1.0,0.7565917369377713,0.16009805842284408,0.38040024514605714,0.3697632018097277
1757,19533.07392996178,51,435,0.11724137931034483,167105.1952480396,3276.572455843914,33.42103904960792,0.07682997482668487,100,75,0.75,1780.589692719902,inf,0.5170884539079853,1.0,0.7585442269539926,0.15914287393634619,0.37539785718484087,0.3697664069606805
1758,19544.19121734366,50,435,0.11494252873563218,162220.85105961765,3244.417021192353,32.44417021192353,0.07458429933775523,100,75,0.75,1782.691685871145,inf,0.5174037528806718,1.0,0.7587018764403359,0.15794121144870965,0.3753948530286218,0.36976960675946846
1759,19555.30850472554,51,435,0.11724137931034483,167351.888669829,3281.409581761353,33.4703777339658,0.07694339708957655,100,74,0.74,1765.7730492684077,inf,0.5213344112917243,1.0,0.7606672056458621,0.15813809572185722,0.3703953452393046,0.36976996229269565
1760,19566.42579210742,52,435,0.11954022988505747,172344.41020732268,3314.3155809100517,34.46888204146453,0.07923880929072306,100,75,0.75,1780.5146171110057,inf,0.5170771925666507,1.0,0.7585385962833253,0.16035010650369885,0.37540087526625926,0.36977315985826836
1761,19577.5430794893,53,435,0.12183908045977011,177336.49061646886,3345.9715210654504,35.46729812329378,0.08153401867423858,100,75,0.75,1780.2603897498943,inf,0.5170390584624841,1.0,0.7585195292312421,0.16150724472149824,0.37540376811180376,0.3697763554361648
1762,19588.66036687118,53,435,0.12183908045977011,177332.77677224478,3345.9014485329203,35.46655535444895,0.08153231115965276,100,76,0.76,1798.9536384499413,inf,0.5134409530443911,1.0,0.7567204765221955,0.16240591731872867,0.38040601479329683,0.36978238473812575
1763,19599.77765425306,54,435,0.12413793103448276,182296.94762988872,3375.869400553495,36.45938952597774,0.08381468856546608,100,74,0.74,1770.7500395309628,inf,0.5220710058505825,1.0,0.7610355029252913,0.16138959282008736,0.3704034739820502,0.36978273682953383
1764,19610.89494163494,54,435,0.12413793103448276,182216.0151805296,3374.3706514912888,36.44320303610591,0.08377747824392164,100,73,0.73,1751.1665655483098,inf,0.5256703185700533,1.0,0.7628351592850267,0.16047115947944746,0.36540117789869864,0.3697802543598846
1765,19622.01222901682,54,435,0.12413793103448276,182185.12290566135,3373.798572327062,36.43702458113228,0.08376327489915467,100,72,0.72,1730.6198466035978,inf,0.5292092579109181,1.0,0.7646046289554591,0.15957932297184774,0.3603989483074296,0.369774942182052
1766,19633.129516398698,55,435,0.12643678160919541,187116.69023653553,3402.1216406642825,37.42333804730712,0.08603066217771752,100,72,0.72,1733.7407351200263,inf,0.5296586658572838,1.0,0.764829332928642,0.16060066462453781,0.3604015016615613,0.36976963746189323
1767,19644.246803780577,55,435,0.12643678160919541,187086.01699774963,3401.5639454136294,37.41720339954992,0.08601655953919522,100,73,0.73,1746.5463783040589,inf,0.5249957712323927,1.0,0.7624978856161964,0.16175933696149947,0.36540439834240374,0.369767168435242
1768,19655.364091162457,54,435,0.12413793103448276,182102.0553952127,3372.2602850965313,36.420411079042545,0.08372508294032768,100,74,0.74,1759.8112324493686,inf,0.5204520624025065,1.0,0.7602260312012532,0.16174952586953728,0.37040437381467384,0.36976752864178775
1769,19666.481378544337,54,435,0.12413793103448276,182171.83123504967,3373.5524302786976,36.43436624700993,0.08375716378622973,100,76,0.76,1793.4200971081998,inf,0.5125998547604463,1.0,0.7562999273802231,0.16372861820300333,0.3804093215455075,0.3697735409541627
1770,19677.598665926216,54,435,0.12413793103448276,182298.21656181046,3375.8928992927863,36.45964331236209,0.08381527198244158,100,75,0.75,1783.7474090837568,inf,0.5175621113625636,1.0,0.7587810556812817,0.16251710815057996,0.37540629277037646,0.36977672150290136
1771,19688.715953308096,53,435,0.12183908045977011,177264.64161734935,3344.615879572629,35.452928323469855,0.08150098465165484,100,74,0.74,1772.2123502921258,inf,0.5222874278432346,1.0,0.7611437139216173,0.16017863536501875,0.37040044658841254,0.36977707349222727
1772,19699.833240689975,53,435,0.12183908045977011,177256.25185666457,3344.4575822012184,35.451250371332925,0.08149712729042052,100,73,0.73,1757.9647063361163,inf,0.526662847125073,1.0,0.7633314235625366,0.159082851863942,0.36539770712965985,0.3697746034604379
1773,19710.950528071855,53,435,0.12183908045977011,177307.25211998197,3345.4198513204146,35.461450423996396,0.08152057568734804,100,73,0.73,1759.8072663668336,inf,0.5269318608895577,1.0,0.7634659304447788,0.1590273226212846,0.3653975683065532,0.36977213613509746
1774,19722.067815453735,53,435,0.12183908045977011,177418.124675596,3347.5117863319997,35.483624935119195,0.08157155157498666,100,72,0.72,1741.1297762772392,inf,0.5307226877839224,1.0,0.7653613438919612,0.15810510384151272,0.36039526275960376,0.36976685338953386
1775,19733.185102835614,54,435,0.12413793103448276,182548.91719414925,3380.5355035953567,36.50978343882984,0.08393053664098814,100,72,0.72,1741.8387407419004,inf,0.5308247786668336,1.0,0.7654123893334168,0.15925907365378567,0.3603981476841345,0.3697615782174024
1776,19744.302390217494,54,435,0.12413793103448276,182689.24746943422,3383.1342123969303,36.53784949388685,0.08399505630778586,100,71,0.71,1729.0812172544174,inf,0.5355295328501274,1.0,0.7677647664250637,0.15811514494136103,0.35539528786235336,0.36975349364207605
1777,19755.419677599373,54,435,0.12413793103448276,182889.96969722112,3386.85129068928,36.57799393944422,0.08408734238952695,100,72,0.72,1743.3392034775688,inf,0.53104084530077,1.0,0.765520422650385,0.159283459869571,0.3603982086496739,0.3697482319519791
1778,19766.536964981253,55,435,0.12643678160919541,188122.0213274472,3420.4003877717673,37.624404265489446,0.08649288336894126,100,72,0.72,1743.7381671193627,inf,0.5310982960651883,1.0,0.7655491480325942,0.16047186766817356,0.3604011796691704,0.369742977847267
1779,19777.654252363132,54,435,0.12413793103448276,183333.72171760982,3395.068920696478,36.66674434352196,0.08429136630694704,100,70,0.7,1708.2051061665986,inf,0.5391487148633237,1.0,0.7695743574316618,0.15735850443764265,0.35039339626109406,0.3697321072958141
1780,19788.771539745012,55,435,0.12643678160919541,188604.05825223532,3429.1646954951875,37.720811650447075,0.08671450954125764,100,71,0.71,1719.2056595724503,inf,0.5341272036592881,1.0,0.7670636018296441,0.15982545385580677,0.3553995636346395,0.36972405982604367
1781,19799.88882712689,55,435,0.12643678160919541,188939.39234272655,3435.2616789586646,37.7878784685453,0.0868686861345869,100,71,0.71,1721.1595798612043,inf,0.5344046603402911,1.0,0.7672023301701456,0.15983317798222063,0.35539958294495555,0.3697160213990621
1782,19811.00611450877,56,435,0.12873563218390804,194287.30446202157,3469.416151107528,38.85746089240432,0.08932749630437775,100,72,0.72,1736.4202836169118,inf,0.5300445208408354,1.0,0.7650222604204178,0.16215261794198,0.36040538154485496,0.3697107995034625
1783,19822.12340189065,56,435,0.12873563218390804,194563.02037060977,3474.3396494751746,38.91260407412196,0.08945426223936083,100,72,0.72,1736.141166195978,inf,0.5300043279322209,1.0,0.7650021639661104,0.1622260491366252,0.36040556512284155,0.3697055835649083
1784,19833.24068927253,57,435,0.1310344827586207,199769.14507729202,3504.7218434612637,39.9538290154584,0.09184788279415725,100,72,0.72,1738.4944735236586,inf,0.5303432041874068,1.0,0.7651716020937034,0.16333814035022698,0.36040834535087557,0.3697003750280937
1785,19844.35797665441,57,435,0.1310344827586207,199952.07961775386,3507.931221364103,39.99041592355077,0.09193199062885235,100,74,0.74,1774.5908649574262,inf,0.522639448013699,1.0,0.7613197240068494,0.1653061333110014,0.3704132653332775,0.36970077418279984
1786,19855.47526403629,56,435,0.12873563218390804,195145.2419491494,3484.736463377668,39.02904838982988,0.089721950321448,100,76,0.76,1803.6138688480255,inf,0.5141493080649,1.0,0.75707465403245,0.16632364814449896,0.38041580912036127,0.3697067702851711
1787,19866.59255141817,57,435,0.1310344827586207,200395.72525235807,3515.714478111545,40.07914505047161,0.09213596563326806,100,78,0.78,1828.4635166982819,inf,0.505240308604932,1.0,0.752620154302466,0.16975790566540105,0.3904243947641635,0.36971835732347036
1788,19877.70983880005,58,435,0.13333333333333333,205629.18614289444,3545.3307955671453,41.12583722857889,0.09454215454845721,100,77,0.77,1815.473818602994,inf,0.5095829680648611,1.0,0.7547914840324306,0.16987533525801335,0.385424688338145,0.36972713671475865
1789,19888.827126181928,56,435,0.12873563218390804,195831.75903528137,3496.995697058596,39.16635180705627,0.0900375903610489,100,75,0.75,1786.1137025078503,inf,0.5179170553761775,1.0,0.7589585276880888,0.16553953133648003,0.3754138488283412,0.3697303136489003
1790,19899.944413563808,56,435,0.12873563218390804,196053.8762959186,3500.962076712832,39.21077525918371,0.09013971323950279,100,74,0.74,1763.203006266636,inf,0.5209540449274621,1.0,0.7604770224637311,0.16483134538788585,0.37041207836346973,0.3697306943103824
1791,19911.061700945687,57,435,0.1310344827586207,201321.97882397173,3531.964540771434,40.26439576479435,0.09256182934435483,100,75,0.75,1766.730609771867,inf,0.5150095914657801,1.0,0.75750479573289,0.16752851680573244,0.3754188212920143,0.3697338684883856
1792,19922.178988327567,58,435,0.13333333333333333,206617.3738773139,3562.3685151261016,41.32347477546278,0.09499649373669604,100,74,0.74,1740.947344020852,inf,0.5176602069150862,1.0,0.7588301034575431,0.16808319513957648,0.3704202079878489,0.3697342512767288
1793,19933.296275709446,57,435,0.1310344827586207,201887.17921745486,3541.880337148331,40.377435843490964,0.0928216915942321,100,74,0.74,1733.7329859562678,inf,0.5165924819215276,1.0,0.7582962409607639,0.16726272531673414,0.3704181568132918,0.3697346324949767
1794,19944.413563091326,59,435,0.135632183908046,212138.27741875412,3595.56402404668,42.42765548375082,0.09753484019253061,100,75,0.75,1741.1677245692488,inf,0.5111751586853872,1.0,0.7555875793426936,0.17097363042491853,0.37542743407606227,0.3697378039721806
1795,19955.530850473206,58,435,0.13333333333333333,207342.98698566208,3574.879085959691,41.46859739713242,0.0953301089589251,100,74,0.74,1722.8298580897456,inf,0.5149788189972824,1.0,0.7574894094986412,0.16892034973014197,0.37042230087432537,0.36973818509517736
1796,19966.648137855085,57,435,0.1310344827586207,202456.1682506827,3551.86260088917,40.49123365013654,0.09308329574744033,100,74,0.74,1715.0686060838684,inf,0.5138301537004125,1.0,0.7569150768502062,0.16808410944861707,0.37042021027362154,0.36973856463061333
1797,19977.765425236965,57,435,0.1310344827586207,202492.37325134495,3552.497776339385,40.49847465026899,0.0930999417247563,100,75,0.75,1722.7883777919146,inf,0.5084182566687871,1.0,0.7542091283343936,0.16944540669518132,0.375423613516738,0.36974172650429865
1798,19988.882712618844,56,435,0.12873563218390804,197568.93609052265,3528.0167159021903,39.513787218104525,0.0908362924554127,100,74,0.74,1701.339593451671,inf,0.5117982598308474,1.0,0.7558991299154236,0.16746858126999453,0.370418671453175,0.3697421027938756
1799,20000.000000000724,55,435,0.12643678160919541,192575.0142075942,3501.3638946835313,38.515002841518836,0.08854023641728467,100,75,0.75,1713.6169175668656,inf,0.5070425376350298,1.0,0.7535212688175149,0.1675094837998849,0.3754187737094997,0.36974525649993983
