frame,time,active_links,max_possible_links,link_fraction,total_link_distance,mean_link_distance,normalized_distance_sum,link_score,receiver_count,covered_receivers,coverage_fraction,mean_nearest_receiver_distance,max_nearest_receiver_distance,receiver_penalty,worst_receiver_penalty,blended_receiver_penalty,base_score,score,running_score
0,0.0,57,435,0.1310344827586207,196539.32412770807,3448.058318029966,39.307864825541614,0.09036290764492325,100,69,0.69,1674.887913482489,inf,0.5411345320605835,1.0,0.7705672660302918,0.15989782080731574,0.3453997445520183,0.3453997445520183
1,11.117287381878821,58,435,0.13333333333333333,201207.73480063197,3469.098875872965,40.2415469601264,0.09250930335661241,100,71,0.71,1714.0446046073143,inf,0.5333943338542387,1.0,0.7666971669271194,0.1629060682147465,0.35540726517053683,0.3504035048612776
2,22.234574763757642,59,435,0.135632183908046,205872.83753435072,3489.3701277008595,41.17456750687015,0.09465417817671298,100,71,0.71,1716.738679797327,inf,0.5337768925312204,1.0,0.7668884462656103,0.16388286595555135,0.35540970716488884,0.35207223896248135
3,33.35186214563646,59,435,0.135632183908046,205507.36985689172,3483.1757602863004,41.10147397137835,0.09448614706063987,100,69,0.69,1685.1659183695933,inf,0.5425528967350037,1.0,0.7712764483675019,0.16160484934656905,0.3454040121233664,0.3504051822527026
4,44.469149527515285,59,435,0.135632183908046,205163.3447822709,3477.344826818151,41.032668956454174,0.09432797461253833,100,68,0.68,1670.3964778942413,inf,0.5471739209936168,1.0,0.7735869604968084,0.16037050705786493,0.3404009262676447,0.348404331055691
5,55.58643690939411,59,435,0.135632183908046,204842.23600990733,3471.9023052526663,40.96844720198147,0.0941803383953597,100,68,0.68,1672.6007726789492,inf,0.5474737050843372,1.0,0.7737368525421686,0.16022174292659552,0.34040055435731653,0.3470703682726286
6,66.70372429127293,59,435,0.135632183908046,204546.10382143952,3466.883115617619,40.909220764287895,0.09404418566502964,100,67,0.67,1654.5068494405416,inf,0.5517039178250326,1.0,0.7758519589125163,0.15909611337625662,0.33539774028344066,0.3454028499884589
7,77.82101167315176,58,435,0.13333333333333333,199233.09699254157,3435.0533964231304,39.84661939850831,0.0916014239046168,100,68,0.68,1672.7971928404784,inf,0.5475004182263051,1.0,0.7737502091131525,0.15892560739573214,0.3403973140184893,0.3447771579922127
8,88.93829905503058,58,435,0.13333333333333333,198946.34672629653,3430.1094263154573,39.7892693452593,0.09146958470174552,100,68,0.68,1674.9470726806126,inf,0.5477928018845634,1.0,0.7738964009422817,0.15878659187973188,0.34039696647969936,0.3442904700463779
9,100.05558643690941,58,435,0.13333333333333333,198699.91832183365,3425.86066072127,39.73998366436673,0.09135628428590054,100,68,0.68,1679.4594748438992,inf,0.5484064885787703,1.0,0.7742032442893851,0.15857651999825773,0.3403964412999957,0.3439010671717397
10,111.17287381878823,58,435,0.13333333333333333,198501.17352519816,3422.43402629652,39.700234705039634,0.09126490736790721,100,68,0.68,1684.6933408535183,inf,0.5491182943560785,1.0,0.7745591471780393,0.15835288009493398,0.34039588220023737,0.3435824139925122
11,122.29016120066706,58,435,0.13333333333333333,198353.2616870149,3419.883822189912,39.67065233740297,0.0911969019250643,100,69,0.69,1702.2373784591964,inf,0.5449087582273691,1.0,0.7724543791136845,0.15937126140568986,0.3453984281535142,0.343733748505929
12,133.40744858254587,59,435,0.135632183908046,203247.974032238,3444.8809158006443,40.64959480644761,0.09344734438263819,100,70,0.7,1716.2129338160553,inf,0.5402698107342476,1.0,0.7701349053671238,0.16165621950775722,0.3504041405487694,0.3442468555861475
13,144.52473596442468,59,435,0.135632183908046,203137.35033526775,3443.005937885894,40.62747006705356,0.0933964829127668,100,70,0.7,1719.7147543998692,inf,0.5407600656159817,1.0,0.7703800328079908,0.16150822505238793,0.35040377056263095,0.34468663522732484
14,155.6420233463035,60,435,0.13793103448275862,208008.5588559528,3466.8093142658804,41.601711771190566,0.09563611901423119,100,70,0.7,1721.8800703963004,inf,0.5410632098554821,1.0,0.7705316049277411,0.16255225704324505,0.3504063806426081,0.34506795158834375
15,166.7593107281823,59,435,0.135632183908046,202875.2313138309,3438.5632426073034,40.57504626276618,0.09327596842015214,100,71,0.71,1737.0899221955272,inf,0.5366667689517649,1.0,0.7683333844758824,0.16247129197213483,0.3554061782299303,0.34571409075344295
16,177.8765981100611,61,435,0.14022988505747128,212632.1008655488,3485.7721453368654,42.52642017310975,0.0977618854554247,100,70,0.7,1719.4911670187391,inf,0.5407287633826234,1.0,0.7703643816913117,0.16369875188205651,0.3504092468797051,0.34599027640792895
17,188.99388549193992,61,435,0.14022988505747128,212383.89551069925,3481.7032050934304,42.47677910213984,0.09764776805089617,100,72,0.72,1751.6766257880372,inf,0.5322414341134774,1.0,0.7661207170567387,0.1657635254970788,0.3604144088137427,0.3467916170971408
18,200.11117287381873,61,435,0.14022988505747128,212164.09546075962,3478.0999255862234,42.43281909215193,0.0975467105566711,100,72,0.72,1750.4414601643796,inf,0.5320635702636708,1.0,0.7660317851318355,0.16575746271241787,0.360414393656781,0.3475086053371219
19,211.22846025569754,61,435,0.14022988505747128,211972.49075170644,3474.958864782073,42.39449815034129,0.09745861643756619,100,75,0.75,1792.682031740596,inf,0.5189023047610893,1.0,0.7594511523805447,0.1690037320285107,0.37542250933007126,0.34890430053676935
20,222.34574763757635,61,435,0.14022988505747128,211809.01207731362,3472.278886513338,42.36180241546272,0.09738345382864994,100,75,0.75,1793.7012196410774,inf,0.5190551829461616,1.0,0.7595275914730808,0.1689279311777846,0.37542231982794444,0.3501670633601586
21,233.46303501945516,61,435,0.14022988505747128,211673.66941098118,3470.06015427838,42.33473388219623,0.09732122731539364,100,75,0.75,1795.592637124885,inf,0.5193388955687328,1.0,0.7596694477843664,0.1688258897655136,0.3754220647244138,0.35131501796762477
22,244.58032240133397,61,435,0.14022988505747128,211566.52144414687,3468.303630231916,42.31330428882938,0.09727196388236639,100,73,0.73,1768.9229522371024,inf,0.528262751026617,1.0,0.7641313755133086,0.16657029418452896,0.3654164257354613,0.3519281226531829
23,255.69760978321278,61,435,0.14022988505747128,211487.66353845387,3467.0108776795714,42.297532707690785,0.0972357073740018,100,73,0.73,1771.885529415567,inf,0.5286952872946727,1.0,0.7643476436473364,0.16644403186333268,0.3654161100796583,0.35249012212928604
24,266.8148971650916,60,435,0.13793103448275862,206411.69107884623,3440.1948513141037,41.282338215769244,0.09490192693280286,100,72,0.72,1760.0164107366654,inf,0.5334423631460798,1.0,0.7667211815730399,0.16409037267988147,0.3604102259316997,0.3528069262813826
25,277.93218454697046,60,435,0.13793103448275862,206320.34200389308,3438.6723667315514,41.26406840077862,0.09485992735811177,100,72,0.72,1757.896020951868,inf,0.533137027017069,1.0,0.7665685135085345,0.16414570692478858,0.36041036426731193,0.35309936620391835
26,289.0494719288493,59,435,0.135632183908046,201166.01595739694,3409.593490803338,40.23320319147938,0.09249012227926295,100,71,0.71,1743.427120568034,inf,0.5375666511206608,1.0,0.7687833255603305,0.16185339835946622,0.3554046334958986,0.35318474647399173
27,300.16675931072814,59,435,0.135632183908046,201013.66415412404,3407.01125684956,40.20273283082482,0.09242007547316052,100,70,0.7,1728.8551481530903,inf,0.5420397207414327,1.0,0.7710198603707163,0.1607001075512221,0.35040175026887804,0.3530853537523805
28,311.284046692607,60,435,0.13793103448275862,205871.37499813354,3431.189583302226,41.17427499962671,0.0946535057462683,100,71,0.71,1742.966590192563,inf,0.5375012558073439,1.0,0.768750627903672,0.16295143892129815,0.3554073785973032,0.35316542357461916
29,322.4013340744858,60,435,0.13793103448275862,205749.9359869709,3429.1655997828484,41.149987197394175,0.09459767171814754,100,72,0.72,1760.6781109092065,inf,0.5335376479709257,1.0,0.7667688239854629,0.16391442386634236,0.36040978605966584,0.35340690232412075
30,333.51862145636466,60,435,0.13793103448275862,205659.4740168517,3427.6579002808617,41.13189480337035,0.09455608000774793,100,72,0.72,1757.8442947273425,inf,0.5331295784407373,1.0,0.7665647892203686,0.1639956453936896,0.3604099891134842,0.3536328083495841
31,344.6359088382435,61,435,0.14022988505747128,210599.62456959608,3452.452861796657,42.11992491391922,0.0968274135952166,100,74,0.74,1791.8890946113238,inf,0.525199586002476,1.0,0.762599793001238,0.16711381029698924,0.3704177845257425,0.35415733885508904
32,355.75319622012233,60,435,0.13793103448275862,205543.26306118924,3425.7210510198206,41.10865261223785,0.09450264968330539,100,74,0.74,1790.8605794195066,inf,0.525047365754087,1.0,0.7625236828770434,0.16598948340313102,0.37041497370850784,0.3546499944567078
33,366.8704836020012,60,435,0.13793103448275862,205415.87809332547,3423.5979682220914,41.083175618665095,0.09444408188198872,100,74,0.74,1789.116057296686,inf,0.5247891764799095,1.0,0.7623945882399548,0.16602474682101698,0.37041506186705253,0.35511367290995327
34,377.98777098388,60,435,0.13793103448275862,205275.36008736718,3421.2560014561195,41.055072017473435,0.09437947590223779,100,76,0.76,1815.2812355468272,inf,0.5159227478031176,1.0,0.7579613739015588,0.1682090510003395,0.38042052262750087,0.35583672575902603
35,389.10505836575885,60,435,0.13793103448275862,205168.65070906616,3419.4775118177695,41.03373014181324,0.09433041411911089,100,76,0.76,1816.1688662285076,inf,0.5160576676667331,1.0,0.7580288338333665,0.16815079014287215,0.3804203769753572,0.35651960495947965
36,400.2223457476377,60,435,0.13793103448275862,205093.90672451037,3418.231778741839,41.018781344902074,0.0942960490687404,100,76,0.76,1817.7162230406113,inf,0.5162928659021728,1.0,0.7581464329510864,0.16807480805882696,0.38042018702014707,0.35716556663679505
37,411.3396331295165,60,435,0.13793103448275862,205048.74275503543,3417.4790459172573,41.009748551007085,0.09427528402530365,100,74,0.74,1786.9675466037825,inf,0.5244711968973599,1.0,0.7622355984486799,0.16601984278831183,0.37041504960697075,0.35751423724127335
38,422.45692051139537,59,435,0.135632183908046,200007.32505501682,3389.9546619494377,40.001465011003354,0.09195739082989277,100,74,0.74,1785.2436340761278,inf,0.5242160578432669,1.0,0.7621080289216334,0.16492468095412965,0.3704123117023853,0.35784495709925057
39,433.5742078932742,59,435,0.135632183908046,199971.9150144788,3389.354491770827,39.99438300289575,0.09194111035148449,100,73,0.73,1765.8187577202525,inf,0.5278095386271568,1.0,0.7639047693135784,0.164018170518953,0.36541004542629735,0.3580340843074267
40,444.69149527515304,60,435,0.13793103448275862,204940.9963120608,3415.68327186768,40.98819926241217,0.09422574543083256,100,70,0.7,1715.0893906759752,inf,0.5401125146946365,1.0,0.7700562573473182,0.1620847440417572,0.35040521186010437,0.35784801424773593
41,455.8087826570319,61,435,0.14022988505747128,209913.19869929782,3441.1999786770134,41.98263973985958,0.09651181549393006,100,71,0.71,1724.8568213055798,inf,0.5349296686253924,1.0,0.7674648343126962,0.164523490590617,0.3554113087264765,0.35778999744961076
42,466.9260700389107,61,435,0.14022988505747128,209883.30383970976,3440.709899011635,41.976660767941965,0.09649807073090107,100,70,0.7,1704.9107608376125,inf,0.5386875065172658,1.0,0.7693437532586329,0.1635771587361341,0.3504089428968403,0.357618345018151
43,478.04335742078956,59,435,0.135632183908046,199866.21854559978,3387.5630261966066,39.97324370911996,0.091892514273839,100,70,0.7,1703.1556218741134,inf,0.5384417870623759,1.0,0.7692208935311879,0.1613358103713255,0.3504033395259283,0.3574543676206004
44,489.1606448026684,59,435,0.135632183908046,199790.5383369504,3386.2803107957698,39.95810766739009,0.0918577187756094,100,70,0.7,1699.9651433109964,inf,0.5379951200635393,1.0,0.7689975600317697,0.16143007937191983,0.3504035751984298,0.3572976833445522
45,500.27793218454724,60,435,0.13793103448275862,204723.2180750666,3412.0536345844434,40.94464361501332,0.09412561750577775,100,70,0.7,1696.7455589175963,inf,0.5375443782484635,1.0,0.7687721891242317,0.16267671419077295,0.3504066917854769,0.3571478791802245
46,511.3952195664261,60,435,0.13793103448275862,204657.92148001504,3410.9653580002505,40.93158429600302,0.09409559608276556,100,72,0.72,1725.821349771607,inf,0.5285182743671115,1.0,0.7642591371835558,0.16491822944960494,0.360412295573624,0.35721733484816914
47,522.5125069483049,60,435,0.13793103448275862,204601.49348651804,3410.024891441967,40.920298697303615,0.09406965217770946,100,72,0.72,1723.5052608036938,inf,0.5281847575557318,1.0,0.764092378777866,0.1649886366999217,0.3604124715917498,0.3572839001969938
48,533.6297943301837,60,435,0.13793103448275862,204552.2983610378,3409.204972683963,40.910459672207566,0.09404703372921279,100,71,0.71,1705.5904555183713,inf,0.5321938446836088,1.0,0.7660969223418044,0.16397505569370419,0.35540993763923423,0.35724565606316194
49,544.7470817120625,60,435,0.13793103448275862,204521.82744314687,3408.697124052448,40.90436548862938,0.09403302411179168,100,71,0.71,1701.4199166829285,inf,0.5316016281689759,1.0,0.765800814084488,0.16411610501365187,0.3554102902625341,0.35720894874714937
50,555.8643690939413,60,435,0.13793103448275862,204510.09336372744,3408.501556062124,40.90201867274549,0.09402762913274826,100,70,0.7,1686.8653624585447,inf,0.5361611507441962,1.0,0.7680805753720981,0.16297352688032507,0.3504074338172008,0.3570755857093072
51,566.98165647582,59,435,0.135632183908046,199481.24557731306,3381.0380606324247,39.89624911546261,0.09171551520796002,100,69,0.69,1673.7951799026682,inf,0.5409837348265683,1.0,0.7704918674132841,0.16061182389733797,0.3454015295597433,0.35685108462950793
52,578.0989438576988,58,435,0.13333333333333333,194373.80587474312,3351.272515081778,38.874761174948624,0.08936726706884741,100,70,0.7,1691.8352269399306,inf,0.5368569317715903,1.0,0.7684284658857952,0.16046940059152615,0.3504011735014788,0.35672938819313
53,589.2162312395776,58,435,0.13333333333333333,194265.45708443553,3349.404432490268,38.85309141688711,0.08931745153307381,100,70,0.7,1696.4047909606318,inf,0.5374966707344883,1.0,0.7687483353672442,0.16028455808291486,0.3504007113952073,0.3566121904746499
54,600.3335186214564,57,435,0.1310344827586207,189176.23207264688,3318.881264432401,37.83524641452938,0.08697757796443535,100,69,0.69,1685.8473243814988,inf,0.5426469307646468,1.0,0.7713234653823233,0.15782705629105598,0.3453945676407276,0.35640823369585134
55,611.4508060033352,57,435,0.1310344827586207,189084.99987551838,3317.2806995704977,37.81699997510368,0.08693563212667511,100,72,0.72,1738.0049931758194,inf,0.530272719017318,1.0,0.765136359508659,0.1608996363090081,0.3604022490907725,0.35647955539933207
56,622.568093385214,57,435,0.1310344827586207,189034.2774528978,3316.390832506979,37.80685549057956,0.08691231147259669,100,72,0.72,1740.156763852638,inf,0.5305825739947799,1.0,0.76529128699739,0.16081051223760334,0.360402026280594,0.3565483706779507
57,633.6853807670927,58,435,0.13333333333333333,193967.35117707684,3344.264675466842,38.79347023541537,0.08918039134578246,100,73,0.73,1760.6672109871356,inf,0.5270574128041219,1.0,0.7635287064020609,0.16282584247186077,0.36540706460617967,0.35670110678016154
58,644.8026681489715,59,435,0.135632183908046,198811.73383367134,3369.690403960531,39.76234676673427,0.0914076937166305,100,73,0.73,1767.1352265991982,inf,0.5280017430834829,1.0,0.7640008715417415,0.16370341108744457,0.3654092585277186,0.356848702572493
59,655.9199555308503,57,435,0.1310344827586207,188591.2246872037,3308.617976968486,37.718244937440744,0.08670860905158792,100,73,0.73,1769.7484262644193,inf,0.5283832702346052,1.0,0.7641916351173026,0.16125848696714262,0.3654031462174179,0.35699127663324176
60,667.0372429127291,57,435,0.1310344827586207,188378.84457513315,3304.892010090055,37.67576891502663,0.08661096302304973,100,73,0.73,1773.7045875579217,inf,0.5289608697834567,1.0,0.7644804348917283,0.16106526406566074,0.3654026631601641,0.35712916821565033
61,678.1545302946079,57,435,0.1310344827586207,188201.09437787207,3301.7735855767028,37.64021887557441,0.08652923879442394,100,73,0.73,1777.7178164184954,inf,0.5295468011971003,1.0,0.7647734005985501,0.16087791909793686,0.36540219479774483,0.35726260412826477
62,689.2718176764866,57,435,0.1310344827586207,187971.90619012457,3297.752740177624,37.594381238024916,0.0864238649149998,100,73,0.73,1781.6550260666459,inf,0.5301216338057302,1.0,0.7650608169028651,0.16068152400606733,0.36540170381001513,0.35739179618670525
63,700.3891050583654,57,435,0.1310344827586207,187693.98696836256,3292.8769643572377,37.53879739367251,0.08629608596246555,100,74,0.74,1801.7192746785956,inf,0.5266544526524323,1.0,0.7633272263262161,0.16148442981812472,0.3704037110745453,0.35759510735682776
64,711.5063924402442,57,435,0.1310344827586207,187448.91314883868,3288.5774236638363,37.489782629767724,0.08618340834429362,100,75,0.75,1821.0255803116904,inf,0.5231538370467536,1.0,0.7615769185233767,0.16230324491045844,0.37540575811227617,0.35786911736845006
65,722.623679822123,57,435,0.1310344827586207,187235.95290277695,3284.8412789960867,37.447190580555386,0.08608549558748364,100,74,0.74,1806.408671569802,inf,0.5273484833923306,1.0,0.7636742416961653,0.1612056269456592,0.37040301406736414,0.35805902489419117
66,733.7409672040018,58,435,0.13333333333333333,192000.57706540945,3310.354776989818,38.40011541308189,0.08827612738639515,100,74,0.74,1801.473777304903,inf,0.5266181190411257,1.0,0.7633090595205628,0.1624835339329162,0.3704062088348323,0.3582433112216634
67,744.8582545858806,58,435,0.13333333333333333,191750.56351360676,3306.0441985104612,38.35011270272135,0.08816117862694563,100,73,0.73,1789.379903554607,inf,0.5312494659189727,1.0,0.7656247329594863,0.16126822283372966,0.3654031705570843,0.3583486032707137
68,755.9755419677593,58,435,0.13333333333333333,191523.0994301529,3302.122403968154,38.304619886030586,0.08805659743915077,100,72,0.72,1773.583953923316,inf,0.5353960893649575,1.0,0.7676980446824788,0.16017927637833596,0.3604004481909458,0.3583783401536156
69,767.0928293496381,58,435,0.13333333333333333,191332.05955947557,3298.8286130944066,38.26641191189512,0.08796876301585085,100,71,0.71,1756.0027447975087,inf,0.5393523897612463,1.0,0.7696761948806232,0.15914628406761377,0.355397865710169,0.3583357619472807
70,778.2101167315169,59,435,0.135632183908046,196161.70424018873,3324.774648138792,39.23234084803774,0.09018928930583388,100,71,0.71,1752.5432907215113,inf,0.5388611472824546,1.0,0.7694305736412272,0.16037935783230328,0.35540094839458075,0.35829442654513
71,789.3274041133957,58,435,0.13333333333333333,190930.33028620138,3291.9022463138167,38.186066057240275,0.08778405990170178,100,71,0.71,1750.5510781910243,inf,0.5385782531031253,1.0,0.7692891265515627,0.1592474666750695,0.35539811866668763,0.3582542000468183
72,800.4446914952745,57,435,0.1310344827586207,185711.7548478447,3258.1009622428896,37.142350969568945,0.08538471487257229,100,72,0.72,1765.546490387342,inf,0.5342386946157772,1.0,0.7671193473078886,0.1591326837823419,0.36039783170945583,0.3582835648641147
73,811.5619788771533,58,435,0.13333333333333333,190403.05450488115,3282.811284566916,38.080610900976225,0.08754163425511775,100,71,0.71,1746.12148811096,inf,0.5379492513117563,1.0,0.7689746256558782,0.15928350429961985,0.355398208760749,0.3582445735654206
74,822.679266259032,58,435,0.13333333333333333,190104.03050219733,3277.655698313747,38.020806100439465,0.08740415195503325,100,71,0.71,1744.7700273770085,inf,0.5377573438875352,1.0,0.7688786719437676,0.15926274000563284,0.3553981568500141,0.3582066213425485
75,833.7965536409108,58,435,0.13333333333333333,189842.58891956095,3273.1480848200163,37.96851778391218,0.08728394892853375,100,70,0.7,1729.6745692880675,inf,0.5421544397003294,1.0,0.7710772198501648,0.1581033645391845,0.35039525841134794,0.3581038402513485
76,844.9138410227896,57,435,0.1310344827586207,184593.86134454524,3238.4887955183376,36.91877226890905,0.08487074084806678,100,73,0.73,1776.4230614632063,inf,0.529357766973628,1.0,0.764678883486814,0.16009592868062644,0.36540023982170156,0.3581985986873271
77,856.0311284046684,56,435,0.12873563218390804,179286.21386119508,3201.5395332356265,35.85724277223902,0.08243044315457246,100,74,0.74,1791.1305149877244,inf,0.5250873162181832,1.0,0.7625436581090916,0.15994339252274037,0.37039985848130685,0.3583550250949422
78,867.1484157865472,56,435,0.12873563218390804,178952.8062481633,3195.5858258600592,35.79056124963266,0.08227715229800611,100,75,0.75,1801.487459746,inf,0.5202231189618999,1.0,0.76011155948095,0.16108279640852807,0.3754027069910213,0.3585708185366647
79,878.265703168426,56,435,0.12873563218390804,178636.98985494775,3189.9462474097813,35.72739797098956,0.08213194935859669,100,74,0.74,1782.0702363137086,inf,0.5237463949744288,1.0,0.7618731974872144,0.1601293759356911,0.3704003234398392,0.3587186873479544
80,889.3829905503047,56,435,0.12873563218390804,178349.54889454046,3184.813373116794,35.66990977890809,0.08199979259519102,100,74,0.74,1778.4234900204217,inf,0.5232066765230223,1.0,0.7616033382615112,0.1601982271668399,0.3704004955679171,0.35886290720252184
81,900.5002779321835,56,435,0.12873563218390804,178089.04768937736,3180.1615658817386,35.617809537875466,0.0818800219261505,100,74,0.74,1778.5958536017117,inf,0.5232321863330532,1.0,0.7616160931665266,0.16013196437981192,0.3704003299109495,0.3590036074794539
82,911.6175653140623,56,435,0.12873563218390804,177854.47319719667,3175.972735664226,35.57089463943934,0.08177217158491802,100,74,0.74,1777.266532975851,inf,0.523035446880426,1.0,0.7615177234402131,0.16012722407235247,0.37040031806018087,0.3591409172454868
83,922.7348526959411,57,435,0.1310344827586207,182624.34253084133,3203.935833874409,36.52486850616826,0.08396521495670864,100,74,0.74,1778.367873728818,inf,0.5231984453118651,1.0,0.7615992226559325,0.1611829961503881,0.37040295749037594,0.359274989153164
84,933.8521400778199,57,435,0.1310344827586207,182403.0918985285,3200.0542438338334,36.480618379705696,0.08386349052805907,100,74,0.74,1781.1178334700219,inf,0.5236054393535633,1.0,0.7618027196767816,0.16103038542563874,0.3704025759635641,0.3594059019391687
85,944.9694274596986,58,435,0.13333333333333333,187152.24969720005,3226.762925813794,37.43044993944001,0.08604701135503451,100,74,0.74,1785.8425979643825,inf,0.5243047044987287,1.0,0.7621523522493643,0.16194732955283508,0.3704048683238821,0.3595337968971305
86,956.0867148415774,59,435,0.135632183908046,191905.6217496423,3252.6376567735983,38.381124349928456,0.08823246976995047,100,73,0.73,1778.208080190145,inf,0.5296183797077613,1.0,0.7648091898538807,0.16171163995803495,0.3654042790998951,0.35960127370405887
87,967.2040022234562,59,435,0.135632183908046,191641.89504805562,3248.167712678909,38.32837900961112,0.08811121611404855,100,74,0.74,1798.9953884094084,inf,0.5262513174845924,1.0,0.7631256587422962,0.16249277868587614,0.3704062319467147,0.35972405732045265
88,978.321289605335,59,435,0.135632183908046,191406.40381115008,3244.1763357822047,38.28128076223002,0.08800294428098855,100,74,0.74,1797.9093103287419,inf,0.5260905779286539,1.0,0.7630452889643269,0.16247882765833088,0.37040619706914585,0.3598440813625728
89,989.4385769872138,60,435,0.13793103448275862,196153.71695724846,3269.228615954141,39.230743391449685,0.09018561699183836,100,73,0.73,1785.0150753543492,inf,0.530612201001735,1.0,0.7653061005008674,0.1624397582454855,0.3654060993956137,0.3599058815629399
90,1000.5558643690925,61,435,0.14022988505747128,200888.70497742022,3293.257458646233,40.177740995484044,0.09236262297812424,100,72,0.72,1772.0667564049804,inf,0.5351776129223172,1.0,0.7675888064611587,0.1623869082584828,0.3604059672706462,0.3599113770102773
91,1011.6731517509713,60,435,0.13793103448275862,195586.6372512395,3259.7772875206583,39.11732745024789,0.08992489069022504,100,72,0.72,1775.4132005277525,inf,0.5356595008759963,1.0,0.7678297504379982,0.16104757012611343,0.3604026189253153,0.3599167165963103
92,1022.7904391328501,60,435,0.13793103448275862,195301.3584535316,3255.0226408921935,39.060271690706315,0.08979372802461222,100,72,0.72,1779.3421040807266,inf,0.5362252629876246,1.0,0.7681126314938123,0.16084054826539995,0.3604021013706635,0.3599219357874323
93,1033.907726514729,60,435,0.13793103448275862,195053.17670727964,3250.8862784546604,39.01063534145593,0.08967962147461134,100,71,0.71,1770.531950236696,inf,0.5414155369336108,1.0,0.7707077684668053,0.15948592650390303,0.35539871481625973,0.3598738164153986
94,1045.0250138966078,60,435,0.13793103448275862,194843.55607233927,3247.3926012056545,38.96871121446785,0.08958324417119047,100,71,0.71,1775.9722235436939,inf,0.5421880557432046,1.0,0.7710940278716023,0.15924460814979413,0.3553981115203745,0.3598267037322931
95,1056.1423012784867,60,435,0.13793103448275862,194673.30117929127,3244.5550196548547,38.93466023585826,0.08950496605944427,100,71,0.71,1777.4818190382953,inf,0.5424024183034379,1.0,0.771201209151719,0.15915187845386264,0.3553978796961346,0.35978057014858306
96,1067.2595886603656,60,435,0.13793103448275862,194516.35367362897,3241.939227893816,38.90327073472578,0.08943280628672592,100,71,0.71,1782.6489055423972,inf,0.5431361445870204,1.0,0.7715680722935102,0.1589323669966079,0.3553973309174915,0.35973538211527284
97,1078.3768760422445,59,435,0.135632183908046,189292.82816667686,3208.353019774184,37.85856563333537,0.08703118536398935,100,71,0.71,1787.2692978847012,inf,0.5437922402996276,1.0,0.7718961201498138,0.15756753260708778,0.3553939188315177,0.3596910814695202
98,1089.4941634241234,60,435,0.13793103448275862,194086.00811946846,3234.766801991141,38.817201623893695,0.08923494626182459,100,71,0.71,1788.6475454680929,inf,0.543987951456469,1.0,0.7719939757282346,0.15862048526679495,0.355396551213167,0.3596477023760217
99,1100.6114508060023,59,435,0.135632183908046,188850.08600988117,3200.8489154217145,37.77001720197623,0.0868276257516695,100,70,0.7,1770.6030364342062,inf,0.5478844251007888,1.0,0.7739422125503944,0.15644270660063758,0.3503911067665016,0.35955513641992654
100,1111.7287381878812,58,435,0.13333333333333333,183575.5539129859,3165.0957571204463,36.715110782597186,0.08440255352321192,100,70,0.7,1771.9435832750398,inf,0.5480721016585055,1.0,0.7740360508292528,0.15518325134697963,0.3503879581283674,0.3594643722784259
101,1122.84602556976,58,435,0.13333333333333333,183330.0768442897,3160.8633938670637,36.66601536885794,0.0842896905031217,100,69,0.69,1759.4675776957795,inf,0.5528065257220175,1.0,0.7764032628610087,0.15394321382105647,0.3453848580345526,0.3593263378250546
102,1133.963312951639,58,435,0.13333333333333333,183121.76529349407,3157.2718154050704,36.62435305869881,0.08419391507746853,100,68,0.68,1744.2919412313938,inf,0.5572237040074696,1.0,0.7786118520037348,0.1527910315368668,0.3403819775788422,0.3591424119974215
103,1145.0806003335179,58,435,0.13333333333333333,182971.376994559,3154.678913699293,36.594275398911805,0.08412477103198115,100,68,0.68,1747.2721383030816,inf,0.5576290108092191,1.0,0.7788145054046096,0.1526551328136858,0.34038163783203423,0.35896201993813887
104,1156.1978877153967,60,435,0.13793103448275862,192876.26871761755,3214.604478626959,38.57525374352351,0.08867874423798508,100,68,0.68,1749.6693885879756,inf,0.5579550368479648,1.0,0.7789775184239824,0.1548506129070013,0.34038712653226755,0.35878511619141634
105,1167.3151750972756,61,435,0.14022988505747128,197900.3543519394,3244.268104130154,39.58007087038788,0.09098866866755834,100,68,0.68,1748.8900015472607,inf,0.5578490402104275,1.0,0.7789245201052137,0.15603207428117227,0.34039008018570294,0.35861157811589073
106,1178.4324624791545,62,435,0.1425287356321839,202861.9223089843,3271.9664888545854,40.57238446179685,0.09326984933746403,100,68,0.68,1748.5916454660326,inf,0.5578084637833804,1.0,0.7789042318916902,0.15718280872288687,0.3403929570218072,0.3584413106290301
107,1189.5497498610334,62,435,0.1425287356321839,202827.6281161461,3271.413356712034,40.56552562322923,0.09325408189248098,100,68,0.68,1748.8209078587704,inf,0.5578396434687928,1.0,0.7789198217343964,0.15716713007904226,0.34039291782519765,0.3582741958808465
108,1200.6670372429123,62,435,0.1425287356321839,202819.5225638947,3271.2826219983012,40.563904512778926,0.09325035520179063,100,70,0.7,1780.2553690894483,inf,0.5492357516725229,1.0,0.7746178758362614,0.15931623968276465,0.3503982905992069,0.3582019398690884
109,1211.7843246247912,62,435,0.1425287356321839,202835.400491618,3271.538717606742,40.5670800983236,0.09325765539844506,100,69,0.69,1760.7952560119268,inf,0.5529897453296458,1.0,0.7764948726648229,0.15838139136681106,0.345395953478417,0.35808552181099135
110,1222.9016120066701,64,435,0.1471264367816092,212817.62676260812,3325.275418165752,42.56352535252162,0.09784718471844052,100,69,0.69,1755.6462326394549,inf,0.5522791801042448,1.0,0.7761395900521224,0.16085379733315908,0.34540213449333285,0.3579712570603818
111,1234.018899388549,64,435,0.1471264367816092,212729.052913742,3323.8914517772187,42.545810582748395,0.09780646110976643,100,69,0.69,1750.5731898762779,inf,0.5515791002029264,1.0,0.7757895501014632,0.1610084555041516,0.34540252113876035,0.3578590362039388
112,1245.136186770428,64,435,0.1471264367816092,212665.3782279514,3322.896534811741,42.53307564559027,0.09777718539216154,100,67,0.67,1717.4018322843017,inf,0.5601318455260964,1.0,0.7800659227630482,0.1588556313145567,0.3353971390782864,0.3576602583532693
113,1256.2534741523068,64,435,0.1471264367816092,212626.44946578005,3322.2882729028133,42.525289893156014,0.09775928711070347,100,66,0.66,1697.3470963794666,inf,0.5640498167220896,1.0,0.7820249083610449,0.15786718937482935,0.3303946679734371,0.35742108650783216
114,1267.3707615341857,64,435,0.1471264367816092,212612.21632642444,3322.065880100382,42.522443265284885,0.09775274313858594,100,63,0.63,1638.344171504513,inf,0.5764313656095686,1.0,0.7882156828047844,0.15476853016690073,0.31538692132541724,0.3570555720279851
115,1278.4880489160646,64,435,0.1471264367816092,212622.70644313568,3322.229788173995,42.524541288627134,0.09775756618075203,100,63,0.63,1632.490646971209,inf,0.5756938215183722,1.0,0.7878469107591861,0.1549553277107829,0.315387388319277,0.35669636354773765
116,1289.6053362979435,64,435,0.1471264367816092,212658.00981749664,3322.781403398385,42.53160196349933,0.09777379761723984,100,64,0.64,1649.8495174751183,inf,0.5711807382368151,1.0,0.7855903691184076,0.15609171424941615,0.32039022928562355,0.3563860547078905
117,1300.7226236798224,65,435,0.14942528735632185,217685.6882857249,3349.010589011152,43.53713765714499,0.10008537392447124,100,64,0.64,1649.174366454612,inf,0.5710943189061903,1.0,0.7855471594530952,0.157269107235688,0.3203931727680892,0.35608103028467186
118,1311.8399110617013,65,435,0.14942528735632185,217661.73023427287,3348.6420036041977,43.53234604685458,0.10007435872840133,100,63,0.63,1629.4811659647296,inf,0.575314626911556,1.0,0.787657313455778,0.1562085226363117,0.3153905213065908,0.35573909323443587
119,1322.9571984435802,66,435,0.15172413793103448,222613.98751859687,3372.9392048272252,44.52279750371937,0.10235125862923992,100,63,0.63,1629.0759925587972,inf,0.5752635750624083,1.0,0.7876317875312042,0.15735973554901783,0.31539339933887256,0.35540287911863955
120,1334.074485825459,66,435,0.15172413793103448,222543.91889792614,3371.877559059487,44.50878377958522,0.10231904317146027,100,63,0.63,1631.240721329687,inf,0.5755363308875406,1.0,0.7877681654437703,0.15727543886384499,0.3153931885971596,0.3550722205192885
121,1345.191773207338,65,435,0.14942528735632185,217488.65986142328,3345.979382483435,43.497731972284654,0.09999478614318312,100,64,0.64,1651.5799218617922,inf,0.5714022299983094,1.0,0.7857011149991546,0.15714683557201425,0.32039286708893006,0.35478796352395764
122,1356.3090605892169,63,435,0.14482758620689656,207369.9893138215,3291.5871319654207,41.47399786276431,0.09534252382244668,100,64,0.64,1655.9711015346875,inf,0.57196430099644,1.0,0.7859821504982201,0.15468018666211336,0.3203867004666553,0.3545082784584511
123,1367.4263479710958,63,435,0.14482758620689656,207193.91936960688,3288.792370946141,41.43878387392138,0.0952615721239572,100,64,0.64,1661.949086006488,inf,0.5727294830088305,1.0,0.7863647415044153,0.15444841530977094,0.3203861210382744,0.35423309976957873
124,1378.5436353529747,63,435,0.14482758620689656,207044.90540228228,3286.4270698774967,41.408981080456456,0.09519305995507231,100,64,0.64,1667.9049439983844,inf,0.5734918328317932,1.0,0.7867459164158965,0.1542235717695879,0.320385558929424,0.3539623194428575
125,1389.6609227348536,62,435,0.1425287356321839,201824.1711044506,3255.228566200816,40.364834220890124,0.09279272234687384,100,64,0.64,1676.1677717546952,inf,0.5745494747846009,1.0,0.7872747373923005,0.1527589924772867,0.3203818974811932,0.35369580815744744
126,1400.7782101167325,61,435,0.14022988505747128,196547.25497966053,3222.08614720755,39.3094509959321,0.09036655401363702,100,65,0.65,1704.082535098145,inf,0.5715307295627587,1.0,0.7857653647813794,0.15230059461612888,0.32538075148654033,0.35347285495531433
127,1411.8954974986113,60,435,0.13793103448275862,191273.54950642234,3187.8924917737054,38.25470990128448,0.08794186184203329,100,63,0.63,1672.4893270174919,inf,0.580733655204204,1.0,0.790366827602102,0.14878751711996568,0.31537196879279994,0.3531751917821697
128,1423.0127848804902,60,435,0.13793103448275862,191026.604890658,3183.776748177633,38.20532097813159,0.08782832408765882,100,65,0.65,1720.7956697596658,inf,0.5737034370687565,1.0,0.7868517185343782,0.15048830277664027,0.3253762207569416,0.35295969588274934
129,1434.1300722623691,59,435,0.135632183908046,185748.76364243697,3148.28412953283,37.149752728487385,0.08540173041031583,100,66,0.66,1743.0260069167236,inf,0.5700794329130076,1.0,0.7850397164565037,0.15018100697690606,0.33037545251744227,0.3527859709337855
130,1445.247359644248,59,435,0.135632183908046,185395.80525198334,3142.301783931921,37.07916105039667,0.08523945069056706,100,66,0.66,1748.3197092719233,inf,0.5707782016238938,1.0,0.7853891008119469,0.14992517493931012,0.3303748129373483,0.35261489339182794
131,1456.364647026127,60,435,0.13793103448275862,189923.1303272609,3165.3855054543483,37.98462606545218,0.08732097946080962,100,65,0.65,1732.2461110879517,inf,0.5751919944414339,1.0,0.7875959972207169,0.14986249112004635,0.32537465622780015,0.35240852795876715
132,1467.4819344080058,60,435,0.13793103448275862,189401.76037271196,3156.696006211866,37.880352074542394,0.08708126913687907,100,66,0.66,1744.862442408606,inf,0.5703218423979359,1.0,0.785160921198968,0.1509601739689555,0.3303774004349224,0.35224288038339985
133,1478.5992217898847,61,435,0.14022988505747128,193773.97112435588,3176.622477448457,38.75479422487116,0.08909148097671532,100,66,0.66,1743.6001690711166,inf,0.5701552223173875,1.0,0.7850776111586937,0.15200693490901085,0.33038001733727257,0.35207972468902576
134,1489.7165091717636,61,435,0.14022988505747128,193172.31879958147,3166.7593245833027,38.63446375991629,0.08881485921819836,100,66,0.66,1739.7861040884818,inf,0.5696517657396796,1.0,0.7848258828698398,0.15199448817417927,0.33037998622043546,0.3519189858855547
135,1500.8337965536425,62,435,0.1425287356321839,197608.97036254394,3187.2414574603863,39.5217940725088,0.0908546990172616,100,66,0.66,1736.9861657645724,inf,0.5692821738809236,1.0,0.7846410869404619,0.15310680603839988,0.330382767015096,0.35176063133503666
136,1511.9510839355214,63,435,0.14482758620689656,201989.94583338912,3206.1896164030018,40.39798916667782,0.09286894061305245,100,66,0.66,1736.705831435873,inf,0.5692451697495352,1.0,0.7846225848747677,0.15412317786914242,0.33038530794467286,0.3516046070767128
137,1523.0683713174003,63,435,0.14482758620689656,201416.25631112818,3197.083433509971,40.28325126222564,0.09260517531546124,100,66,0.66,1736.4214449264073,inf,0.5692076307302858,1.0,0.7846038153651429,0.1540006799751592,0.3303850016999379,0.35145084182035935
138,1534.1856586992792,62,435,0.1425287356321839,195730.0130350148,3156.935694113142,39.14600260700296,0.0899908105908114,100,66,0.66,1737.293728402862,inf,0.5693227721491778,1.0,0.7846613860745889,0.15266471225811123,0.3303816617806453,0.35129926498554126
139,1545.302946081158,62,435,0.1425287356321839,195023.28800653628,3145.5369033312304,39.00465760130726,0.08966587954323507,100,66,0.66,1735.4827916417821,inf,0.5690837284967152,1.0,0.7845418642483576,0.1525620076474387,0.3303814050191186,0.3511498517000668
140,1556.420233463037,63,435,0.14482758620689656,199394.85323365414,3164.9976703754623,39.87897064673083,0.09167579459018581,100,66,0.66,1735.3281523927385,inf,0.5690633161158414,1.0,0.7845316580579207,0.15357206826613257,0.33038393017066536,0.35100257566085125
141,1567.537520844916,63,435,0.14482758620689656,198801.92394608166,3155.5860943822486,39.76038478921634,0.09140318342348584,100,65,0.65,1720.3253799404017,inf,0.5736422993922522,1.0,0.7868211496961262,0.15229101686367985,0.3253807275421592,0.3508221401107196
142,1578.6548082267948,63,435,0.14482758620689656,198299.30484074447,3147.6080133451505,39.65986096814889,0.09117209417965262,100,64,0.64,1703.5427771954646,inf,0.5780534754810195,1.0,0.7890267377405098,0.15107267821957138,0.3203776816955489,0.350609241800124
143,1589.7720956086737,62,435,0.1425287356321839,192854.5643937025,3110.557490221008,38.5709128787405,0.08866876523848391,100,64,0.64,1706.2531727442229,inf,0.5784004061112605,1.0,0.7892002030556302,0.14973428109142684,0.32037433570272855,0.35039927717444763
144,1600.8893829905526,62,435,0.1425287356321839,192432.08332841133,3103.7432794905053,38.486416665682256,0.08847452107053393,100,64,0.64,1707.8150415434893,inf,0.5786003253175667,1.0,0.7893001626587833,0.14958717920587533,0.3203739679480147,0.35019220607633433
145,1612.0066703724315,61,435,0.14022988505747128,187070.60725577007,3066.7312664880337,37.41412145115401,0.08600947460035405,100,63,0.63,1690.6393972222486,inf,0.5830205640500034,1.0,0.7915102820250017,0.1472495962876762,0.3153681239907192,0.34995368496615886
146,1623.1239577543104,62,435,0.1425287356321839,191761.23549403728,3092.9231531296336,38.352247098807446,0.08816608528461482,100,64,0.64,1710.8113074378343,inf,0.5789838473520428,1.0,0.7894919236760214,0.14933708080429675,0.32037334270201073,0.3497524581480354
147,1634.2412451361893,62,435,0.1425287356321839,191461.0550987245,3088.081533850395,38.29221101974491,0.08802807130975841,100,65,0.65,1727.912231576606,inf,0.5746285901049588,1.0,0.7873142950524794,0.15035688812863945,0.3253758922203216,0.3495877516214968
148,1645.3585325180682,61,435,0.14022988505747128,186185.3964113441,3052.219613300723,37.23707928226883,0.08560248110866397,100,64,0.64,1711.180264523699,inf,0.5790310738590335,1.0,0.7895155369295168,0.14804347208957358,0.3203701086802239,0.34939166005813255
149,1656.475819899947,61,435,0.14022988505747128,185969.6478859577,3048.682752228815,37.19392957719153,0.08550328638434836,100,67,0.67,1768.4022897773093,inf,0.5669659068301593,1.0,0.7834829534150797,0.15101016648463433,0.33537752541621163,0.34929823249385306
150,1667.593107281826,61,435,0.14022988505747128,185813.28157658345,3046.1193701079255,37.16265631531669,0.08543139382831423,100,67,0.67,1769.4944298804185,inf,0.5671122536039761,1.0,0.783556126801988,0.15093763351316308,0.33537734408378295,0.3492060411798791
151,1678.7103946637048,62,435,0.1425287356321839,190660.05298059434,3075.1621448482956,38.13201059611885,0.08765979447383644,100,68,0.68,1783.1849727992824,inf,0.5625131563007024,1.0,0.7812565781503512,0.1532016081617426,0.3403830040204044,0.34914799488277726
152,1689.8276820455837,61,435,0.14022988505747128,185527.92083169703,3041.4413251097876,37.105584166339405,0.08530019348583771,100,69,0.69,1800.950739144799,inf,0.5585312020019821,1.0,0.7792656010009911,0.15301729624242333,0.345382543240606,0.34912338408773036
153,1700.9449694274626,61,435,0.14022988505747128,185425.35924024184,3039.759987544948,37.08507184804837,0.08525303873114569,100,68,0.68,1786.3737969830704,inf,0.5629468363896976,1.0,0.7814734181948488,0.1518898102681484,0.3403797245256704,0.34906660707758713
154,1712.0622568093415,62,435,0.1425287356321839,190353.38158973824,3070.2158320925523,38.070676317947644,0.08751879613321298,100,68,0.68,1788.8125805808747,inf,0.563278510958999,1.0,0.7816392554794995,0.15293977032685668,0.3403823494258172,0.349010579608866
155,1723.1795441912204,63,435,0.14482758620689656,195235.8977609111,3098.982504141446,39.047179552182214,0.08976363115444187,100,67,0.67,1774.1054040070792,inf,0.5677301241369486,1.0,0.7838650620684743,0.1529492845429838,0.3353823732113575,0.3489232193114461
156,1734.2968315730993,62,435,0.1425287356321839,190078.98912042202,3065.790147103581,38.0157978240844,0.0873926386760561,100,66,0.66,1762.5758547503415,inf,0.572660012827045,1.0,0.7863300064135226,0.1505313161312668,0.3303763282903282,0.34880508624761736
157,1745.4141189549782,62,435,0.1425287356321839,189978.99158657287,3064.177283654401,37.99579831731456,0.08734666279842428,100,68,0.68,1803.3019634064337,inf,0.5652490670232749,1.0,0.7826245335116375,0.15236106464339338,0.34038090266160853,0.34875176862998436
158,1756.5314063368571,62,435,0.1425287356321839,189951.17717961306,3063.7286641873075,37.9902354359226,0.08733387456533931,100,69,0.69,1818.5714397083254,inf,0.5609628586797488,1.0,0.7804814293398744,0.15342622261273248,0.3453835655565318,0.34873058496285575
159,1767.648693718736,62,435,0.1425287356321839,189965.43631961776,3063.9586503164155,37.99308726392355,0.08734043049177827,100,66,0.66,1767.1058099162808,inf,0.573257966908949,1.0,0.7866289834544745,0.15035572351865184,0.33037588930879663,0.3486158681150179
160,1778.765981100615,62,435,0.1425287356321839,189965.17651256057,3063.9544598800094,37.99303530251211,0.08734031104025773,100,68,0.68,1801.9431378035383,inf,0.5650642667412812,1.0,0.7825321333706405,0.1524040888348086,0.34038101022208705,0.3485647199293475
161,1789.8832684824938,64,435,0.1471264367816092,199842.88945945865,3122.5451478040413,39.968577891891734,0.09188178825722237,100,68,0.68,1806.5809999550413,inf,0.5656950159938856,1.0,0.7828475079969428,0.15451714013013984,0.3403862928503254,0.34851423581157576
162,1801.0005558643727,64,435,0.1471264367816092,199758.77807537047,3121.2309074276636,39.95175561507409,0.09184311635649216,100,69,0.69,1821.0827945628741,inf,0.5613094256496767,1.0,0.7806547128248383,0.1555942017658269,0.34538898550441455,0.3484950624968079
163,1812.1178432462516,65,435,0.14942528735632185,204700.3270673606,3149.235801036317,40.94006541347212,0.09411509290453361,100,69,0.69,1819.5164661244557,inf,0.5610932723251749,1.0,0.7805466361625875,0.15678422837097306,0.3453919605709274,0.3484761411436013
164,1823.2351306281305,65,435,0.14942528735632185,204678.93455484122,3148.9066854590956,40.93578691096824,0.09410525726659365,100,68,0.68,1802.9512150839869,inf,0.5652013652514222,1.0,0.782600682625711,0.15575228732044133,0.3403893807183011,0.348427130474357
165,1834.3524180100094,64,435,0.1471264367816092,199696.5851222655,3120.2591425353985,39.93931702445309,0.09181452189529446,100,68,0.68,1802.1304873630488,inf,0.5650897462813746,1.0,0.7825448731406873,0.15463482437730353,0.34038658706094327,0.3483786934658425
166,1845.4697053918883,64,435,0.1471264367816092,199747.14088716405,3121.049076361938,39.94942817743281,0.09183776592513289,100,68,0.68,1795.3927839620333,inf,0.5641734186188365,1.0,0.7820867093094183,0.15487552830785728,0.3403871888207697,0.3483308401446145
167,1856.5869927737672,64,435,0.1471264367816092,199845.07445559502,3122.579288368672,39.96901489111901,0.09188279285314714,100,67,0.67,1774.7003742055435,inf,0.5678098501435429,1.0,0.7839049250717715,0.15398893389068785,0.33538497233472675,0.3482537814076509
168,1867.704280155646,65,435,0.14942528735632185,204966.2492369152,3153.326911337157,40.99324984738304,0.0942373559709955,100,67,0.67,1773.7605602399053,inf,0.5676839150721472,1.0,0.7838419575360736,0.15519769921746096,0.33538799424804366,0.34817765248954674
169,1878.821567537525,65,435,0.14942528735632185,205129.9911395989,3155.8460175322907,41.02599822791977,0.09431263960441327,100,66,0.66,1758.3815377520793,inf,0.5721063629832744,1.0,0.7860531814916372,0.1541297290563881,0.330385324322641,0.3480729917356238
170,1889.9388549194039,65,435,0.14942528735632185,205357.6399721814,3159.3483072643294,41.07152799443628,0.09441730573433628,100,66,0.66,1757.3811290346687,inf,0.5719743090325763,1.0,0.7859871545162882,0.15421507560902403,0.33038553768902257,0.3479695563318425
171,1901.0561423012828,65,435,0.14942528735632185,205648.575824973,3163.824243461123,41.12971516499461,0.09455106934481519,100,67,0.67,1772.0715834286093,inf,0.5674575921794337,1.0,0.7837287960897168,0.15541113662754924,0.3353885278415689,0.34789641081736417
172,1912.1734296831617,67,435,0.15402298850574714,215912.86075026434,3222.580011197975,43.18257215005287,0.09927028080471924,100,67,0.67,1770.691850428752,inf,0.5672727079574528,1.0,0.7836363539787263,0.15781696341299645,0.3353945424085325,0.34782414568205294
173,1923.2907170650406,67,435,0.15402298850574714,216187.89233088534,3226.6849601624676,43.23757846617708,0.0993967321061542,100,67,0.67,1768.202130145932,inf,0.566939085439555,1.0,0.7834695427197775,0.15796359469318833,0.33539490898673296,0.34775271328725227
174,1934.4080044469194,67,435,0.15402298850574714,216516.86023741888,3231.5949289166997,43.30337204748377,0.0995479817183535,100,67,0.67,1768.6980029217523,inf,0.567005532391515,1.0,0.7835027661957574,0.15802260776129806,0.33539505651940327,0.3476820981057217
175,1945.5252918287983,67,435,0.15402298850574714,216897.7912675915,3237.28046668047,43.3795582535183,0.09972312242188114,100,66,0.66,1750.979606635903,inf,0.5711293080759393,1.0,0.7855646540379697,0.15707923419195569,0.3303926980854799,0.347583862878334
176,1956.6425792106772,67,435,0.15402298850574714,217328.66365942225,3243.7113979018245,43.46573273188445,0.09992122467099873,100,67,0.67,1762.5194275468837,inf,0.5661776032912823,1.0,0.7830888016456412,0.15841621151267882,0.3353960405287817,0.3475150051249467
177,1967.7598665925561,67,435,0.15402298850574714,217807.2460866681,3250.8544192040017,43.56144921733362,0.10014126256858302,100,67,0.67,1761.6257212656167,inf,0.5660578466495925,1.0,0.7830289233247962,0.15855616962189345,0.3353963904240548,0.3474469230198855
178,1978.877153974435,66,435,0.15172413793103448,213304.1580690709,3231.8811828647104,42.66083161381418,0.09807087727313606,100,67,0.67,1757.702917501866,inf,0.5655321909452499,1.0,0.782766095472625,0.1576523909002555,0.3353941309772507,0.34737958898612775
179,1989.994441356314,65,435,0.14942528735632185,208802.45911096744,3212.3455247841143,41.76049182219349,0.09600113062573215,100,68,0.68,1777.3786130599644,inf,0.5617234913761552,1.0,0.7808617456880775,0.15756969246882735,0.3403939242311721,0.3473407797374891
180,2001.1117287381928,66,435,0.15172413793103448,214323.49995247312,3247.3257568556533,42.864699990494614,0.0985395402080336,100,68,0.68,1775.6118875465322,inf,0.5614832167063284,1.0,0.7807416083531642,0.1588989659274347,0.34039724741481864,0.3473024176804578
181,2012.2290161200717,65,435,0.14942528735632185,209792.31332125101,3227.5740510961696,41.958462664250206,0.09645623600977059,100,68,0.68,1775.9773665488835,inf,0.5615329218506482,1.0,0.7807664609253241,0.1578448875422232,0.3403946122188556,0.3472644627053941
182,2023.3463035019506,65,435,0.14942528735632185,210279.04936236085,3235.0622978824745,42.055809872472175,0.09668002269533833,100,68,0.68,1776.848694249296,inf,0.5616514224179041,1.0,0.7808257112089521,0.15792715574319316,0.340394817889358,0.3472269236626835
183,2034.4635908838295,65,435,0.14942528735632185,210807.7643770288,3243.1963750312125,42.16155287540576,0.09692311005840405,100,68,0.68,1779.8595562093817,inf,0.562060899644476,1.0,0.781030449822238,0.157946330118083,0.3403948658252952,0.3471897929135673
184,2045.5808782657084,63,435,0.14482758620689656,201351.27654067095,3196.0520085820785,40.270255308134196,0.09257529955892918,100,69,0.69,1798.341549625082,inf,0.5581711338482613,1.0,0.7790855669241307,0.1567448663173993,0.3453918621657935,0.34718007436898474
185,2056.6981656475873,64,435,0.1471264367816092,206757.98503887444,3230.593516232413,41.35159700777489,0.09506114254660894,100,68,0.68,1788.3296716279235,inf,0.5632128353413975,1.0,0.7816064176706987,0.15672736243795515,0.3403918184060949,0.3471435783691842
186,2067.815453029466,65,435,0.14942528735632185,212202.21175939718,3264.6494116830336,42.44044235187943,0.09756423529167686,100,69,0.69,1807.8407644501974,inf,0.5594820254941273,1.0,0.7797410127470636,0.15891161127230657,0.34539727902818074,0.34713423987003444
187,2078.9327404113446,65,435,0.14942528735632185,212653.74635276585,3271.596097734859,42.53074927055317,0.09777183740357051,100,67,0.67,1774.8425663006817,inf,0.5678289038842913,1.0,0.7839144519421457,0.15692869273071242,0.3353923217318268,0.347071782858661
188,2090.0500277932233,65,435,0.14942528735632185,213144.85376078717,3279.1515963198026,42.62897075215743,0.09799763391300559,100,68,0.68,1796.569390842568,inf,0.5643334371545893,1.0,0.7821667185772947,0.15791545766785542,0.34039478864416967,0.3470364548469442
189,2101.167315175102,65,435,0.14942528735632185,213673.8876438838,3287.290579136674,42.73477752877676,0.09824086788224543,100,70,0.7,1828.6250887231254,inf,0.5560075124212375,1.0,0.7780037562106188,0.16011855583581336,0.3504002963895895,0.347054159276116
190,2112.2846025569806,65,435,0.14942528735632185,214232.68654493272,3295.8874853066573,42.846537308986555,0.09849778691721048,100,70,0.7,1834.1863251110808,inf,0.5567860855155513,1.0,0.7783930427577757,0.16005237207971745,0.3504001309301993,0.3470716774523154
191,2123.4018899388593,65,435,0.14942528735632185,214657.61589738037,3302.424859959698,42.93152317947607,0.09869315673442776,100,70,0.7,1835.266215354249,inf,0.5569372701495948,1.0,0.7784686350747974,0.16011226082981522,0.3504002806520745,0.3470890139273141
192,2134.519177320738,66,435,0.15172413793103448,220110.17971551765,3335.0027229623884,44.02203594310354,0.10120008262782423,100,70,0.7,1833.1976495326744,inf,0.5566476709345745,1.0,0.7783238354672872,0.16143812358026854,0.35040359530895065,0.34710618792411013
193,2145.6364647026166,66,435,0.15172413793103448,220558.07722514847,3341.789048865886,44.11161544502969,0.10140601251730963,100,69,0.69,1819.7073220479274,inf,0.5611196104426138,1.0,0.780559805221307,0.16042310364800139,0.34540105775912,0.34709739859336275
194,2156.7537520844953,65,435,0.14942528735632185,215996.49923003337,3323.0230650774365,43.19929984600667,0.09930873527817624,100,68,0.68,1805.9038652675117,inf,0.5656029256763816,1.0,0.7828014628381907,0.15825363621999278,0.34039563409055,0.34706303057027144
195,2167.871039466374,66,435,0.15172413793103448,221390.90076380048,3354.4075873303104,44.2781801527601,0.10178891989140253,100,69,0.69,1822.676087217415,inf,0.5615293000360033,1.0,0.7807646500180017,0.16051213493670047,0.34540128033734174,0.3470545522527565
196,2178.9883268482527,65,435,0.14942528735632185,216790.7668296856,3335.242566610548,43.35815336593712,0.0996739157837635,100,71,0.71,1847.8269270311018,inf,0.5523914236384164,1.0,0.7761957118192082,0.1617391019822777,0.35540434775495566,0.34709693700149863
197,2190.1056142301313,65,435,0.14942528735632185,217159.9373460702,3340.9221130164647,43.431987469214036,0.09984364935451502,100,71,0.71,1844.3521883201422,inf,0.5518980107414603,1.0,0.7759490053707301,0.16194732199189243,0.3554048683049797,0.34713889625050603
198,2201.22290161201,65,435,0.14942528735632185,217458.86630592082,3345.5210200910897,43.491773261184164,0.09998108795674521,100,71,0.71,1843.4349453762434,inf,0.5517677622434265,1.0,0.7758838811217132,0.16204860341751592,0.35540512150854375,0.3471804350708982
199,2212.3401889938887,63,435,0.14482758620689656,207740.52159748613,3297.4685967854944,41.54810431949724,0.09551288349309711,100,70,0.7,1825.3167779159767,inf,0.5555443489082367,1.0,0.7777721744541184,0.1588703545194894,0.3503971758862987,0.3471965187749752
200,2223.4574763757673,62,435,0.1425287356321839,202968.5890825407,3273.6869206861406,40.59371781650815,0.09331889153220266,100,69,0.69,1806.9695636541132,inf,0.5593617997842677,1.0,0.7796808998921338,0.15681899582003445,0.34539204748955005,0.34718754130589347
201,2234.574763757646,60,435,0.13793103448275862,193128.368841879,3218.8061473646503,38.62567376837579,0.08879465234109377,100,67,0.67,1773.082079433982,inf,0.5675929986441536,1.0,0.7837964993220767,0.15249907650950856,0.3353812476912738,0.3471290943078013
202,2245.6920511395247,59,435,0.135632183908046,188180.03413989756,3189.49210406606,37.636006827979514,0.08651955592638969,100,68,0.68,1791.6311857314377,inf,0.5636618412594756,1.0,0.7818309206297378,0.1523443176483259,0.34038086079412083,0.3470958517781773
203,2256.8093385214033,58,435,0.13333333333333333,183210.01050404046,3158.793284552422,36.642002100808085,0.08423448758806457,100,68,0.68,1793.7349637552338,inf,0.5639479550707118,1.0,0.7819739775353559,0.1511302550263543,0.3403778256375659,0.34706292027748803
204,2267.926625903282,59,435,0.135632183908046,188281.30644079603,3191.2085837423056,37.6562612881592,0.08656611790381426,100,68,0.68,1794.963349176584,inf,0.5641150154880155,1.0,0.7820575077440077,0.15225430507990323,0.3403806357626998,0.34703032376765974
205,2279.0439132851607,59,435,0.135632183908046,188381.947746617,3192.914368586729,37.6763895493234,0.08661238976855955,100,68,0.68,1800.4094391487201,inf,0.5648556837242259,1.0,0.7824278418621129,0.15209227395322333,0.3403802306848831,0.34699804176240356
206,2290.1612006670393,60,435,0.13793103448275862,193527.14296384927,3225.4523827308212,38.70542859276985,0.08897799676498816,100,67,0.67,1792.0485422858285,inf,0.570134504666301,1.0,0.7850672523331506,0.15195537221591882,0.33537988843053984,0.34694191541780517
207,2301.278488048918,60,435,0.13793103448275862,193634.8483432553,3227.247472387588,38.72696966865105,0.08902751647965759,100,66,0.66,1767.4912057894535,inf,0.5733088391642078,1.0,0.7866544195821039,0.15118654844877688,0.33037796637112193,0.3468622810473884
208,2312.3957754307967,59,435,0.135632183908046,188785.4291124724,3199.753035804617,37.75708582249448,0.08679789844251605,100,65,0.65,1743.529586556998,inf,0.5766588462524098,1.0,0.7883294231262049,0.14923423765815552,0.3253730855941454,0.3467594619303873
209,2323.5130628126753,58,435,0.13333333333333333,183973.1522047141,3171.9509000812777,36.79463044094283,0.08458535733550077,100,65,0.65,1740.8606280593126,inf,0.5763118816477105,1.0,0.7881559408238552,0.14821470825582284,0.3253705367706396,0.34665760990581707
210,2334.630350194554,58,435,0.13333333333333333,184182.42760569448,3175.559096649905,36.83648552113889,0.08468157591066411,100,66,0.66,1758.7418176020126,inf,0.5721539199234656,1.0,0.7860769599617328,0.14930230797446564,0.3303732557699362,0.34658043287199775
211,2345.7476375764327,57,435,0.1310344827586207,179358.74323071731,3146.6446180827597,35.871748646143466,0.0824637899911344,100,66,0.66,1758.3327369381964,inf,0.572099921275842,1.0,0.786049960637921,0.14820691467660674,0.33037051728669153,0.3465039710060293
212,2356.8649249583113,57,435,0.1310344827586207,179541.74232672033,3149.855128538953,35.90834846534406,0.08254792750653807,100,66,0.66,1758.8140070657976,inf,0.5721634489326851,1.0,0.7860817244663425,0.14823310152009783,0.33037058275380027,0.34642822739921136
213,2367.98221234019,57,435,0.1310344827586207,179625.547321056,3151.3253915974733,35.9251094642112,0.08258645853841655,100,68,0.68,1789.050925767279,inf,0.5633109259043498,1.0,0.7816554629521749,0.15046549779312085,0.3403761637444828,0.34639994672792757
214,2379.0994997220687,56,435,0.12873563218390804,174820.77432359202,3121.7995414927145,34.9641548647184,0.08037736750509977,100,67,0.67,1775.522100774176,inf,0.5679199615037396,1.0,0.7839599807518698,0.14820869337661502,0.33537052173344156,0.3463486470767904
215,2390.2167871039474,57,435,0.1310344827586207,180123.02451192614,3160.0530616127394,36.02460490238523,0.0828151836836442,100,66,0.66,1755.859858112718,inf,0.5717735012708788,1.0,0.7858867506354394,0.14846421652410235,0.33037116054131027,0.3462746772317187
216,2401.334074485826,57,435,0.1310344827586207,180444.7888825882,3165.698050571723,36.088957776517645,0.08296312132532792,100,68,0.68,1787.9233116398802,inf,0.5631575703830236,1.0,0.7815787851915118,0.15069216806690805,0.3403767304201673,0.3462474977533244
217,2412.4513618677047,56,435,0.12873563218390804,175801.43449771006,3139.311330316251,35.160286899542015,0.0808282457460736,100,68,0.68,1784.0581418446095,inf,0.5626319072908668,1.0,0.7813159536454334,0.14975614605032012,0.34037439036512585,0.34622055689374553
218,2423.5686492495834,55,435,0.12643678160919541,171051.9798573111,3110.035997405656,34.21039597146222,0.07864458844014303,100,70,0.7,1814.5143625223484,inf,0.5540320107531287,1.0,0.7770160053765643,0.15081429153178932,0.35037703572882944,0.3462395362491569
219,2434.685936631462,54,435,0.12413793103448276,166294.62844690628,3079.5301564241904,33.258925689381265,0.07645730043535923,100,71,0.71,1829.9001749106308,inf,0.5498458248373097,1.0,0.7749229124186549,0.1507671940083522,0.35537691798502086,0.34628106980250173
220,2445.8032240133407,54,435,0.12413793103448276,166554.7376598341,3084.346993700631,33.31094753196682,0.07657689087808464,100,71,0.71,1828.8657357376542,inf,0.5496989344747469,1.0,0.7748494672373735,0.15086371182035557,0.3553771592795509,0.346322228578416
221,2456.9205113952194,55,435,0.12643678160919541,171846.34684143114,3124.479033480566,34.369269368286226,0.07900981463973845,100,71,0.71,1830.7531909529735,inf,0.5499669531153222,1.0,0.7749834765576611,0.15201316904103868,0.35538003292260256,0.34636302949888526
222,2468.037798777098,56,435,0.12873563218390804,177130.30099954573,3163.041089277602,35.426060199909145,0.08143921885036585,100,71,0.71,1829.8228855548032,inf,0.549834849748782,1.0,0.7749174248743911,0.1532608969879874,0.35538315224246997,0.3464034784797982
223,2479.1550861589767,57,435,0.1310344827586207,182407.47685486006,3200.1311728922815,36.481495370972006,0.08386550659993565,100,71,0.71,1832.560770517859,inf,0.550223629413536,1.0,0.7751118147067679,0.15437684594658385,0.35538594211486646,0.3464435787638833
224,2490.2723735408554,56,435,0.12873563218390804,177653.90222252958,3172.3911111165994,35.53078044450592,0.0816799550448412,100,71,0.71,1833.077756237704,inf,0.550297041385754,1.0,0.775148520692877,0.15326571717598214,0.3553831642929399,0.3464833102551236
225,2501.389660922734,56,435,0.12873563218390804,177818.45015116112,3175.3294669850197,35.56369003023222,0.08175560926490166,100,71,0.71,1832.9339149549355,inf,0.5502766159236008,1.0,0.7751383079618004,0.15330865065155064,0.35538327162662886,0.34652269061517454
226,2512.5069483046127,55,435,0.12643678160919541,172939.91875125273,3144.362159113686,34.58798375025055,0.07951260632241507,100,70,0.7,1812.2359054648157,inf,0.5537130267650742,1.0,0.7768565133825371,0.15132804646993891,0.3503783201161748,0.3465396757671613
227,2523.6242356864914,55,435,0.12643678160919541,173095.15126757827,3147.184568501423,34.61903025351565,0.07958397759428885,100,73,0.73,1846.1600510713445,inf,0.5395393674564164,1.0,0.7697696837282082,0.1549071469330403,0.3653872678673326,0.3466223406447937
228,2534.74152306837,55,435,0.12643678160919541,173289.47435628023,3150.7177155687314,34.657894871256055,0.07967332154311736,100,73,0.73,1840.9601293316025,inf,0.5387801788824139,1.0,0.7693900894412069,0.15514161605095522,0.36538785404012736,0.3467042861181357
229,2545.8588104502487,56,435,0.12873563218390804,178516.44348337303,3187.793633631661,35.70328869667461,0.08207652573948186,100,73,0.73,1837.1215499449531,inf,0.5382197462919632,1.0,0.7691098731459816,0.1564833262967501,0.36539120831574184,0.3467855336059514
230,2556.9760978321274,56,435,0.12873563218390804,178749.8535640778,3191.9616707871037,35.74997071281556,0.08218384071911623,100,75,0.75,1859.184541817352,inf,0.5288776812726029,1.0,0.7644388406363014,0.1588725000414074,0.3753971812501035,0.3469093935524629
231,2568.093385214006,55,435,0.12643678160919541,173999.42126110167,3163.6258411109393,34.79988425222033,0.07999973391315018,100,74,0.74,1838.451537322225,inf,0.5320908275236893,1.0,0.7660454137618447,0.15697716007565277,0.37039244290018913,0.3470106135927548
232,2579.2106725958847,54,435,0.12413793103448276,169213.01020641706,3133.5742630817977,33.84260204128343,0.0777990851523757,100,74,0.74,1831.829551341656,inf,0.5311107735985651,1.0,0.7655553867992826,0.1561218491765466,0.37039030462294137,0.3471109556143436
233,2590.3279599777634,54,435,0.12413793103448276,169437.44995207217,3137.730554668003,33.88748999041443,0.07790227584003317,100,71,0.71,1780.6994022034664,inf,0.5428593151128922,1.0,0.7714296575564461,0.15323630914179354,0.35538309077285446,0.3471463066192945
234,2601.445247359642,54,435,0.12413793103448276,169699.3916965688,3142.5813277142374,33.939878339313765,0.07802270882600866,100,70,0.7,1759.6914959472779,inf,0.546356809432619,1.0,0.7731784047163095,0.15242215205484955,0.3503810553801371,0.34716007150763856
235,2612.5625347415207,54,435,0.12413793103448276,169998.22815682483,3148.1153362374966,33.99964563136496,0.07816010489968957,100,70,0.7,1756.7536172149835,inf,0.5459455064100976,1.0,0.7729727532050488,0.15259367584732042,0.3503814841896183,0.3471737215613757
236,2623.6798221233994,55,435,0.12643678160919541,175312.57209794477,3187.501310871723,35.06251441958896,0.08060348142434243,100,69,0.69,1741.4118883212145,inf,0.5503148405883276,1.0,0.7751574202941638,0.1527230305650893,0.3453818075764127,0.34716616074287376
237,2634.797109505278,56,435,0.12873563218390804,180633.81235527204,3225.603792058429,36.126762471054406,0.08305002866909059,100,69,0.69,1740.8183256551238,inf,0.5502329289404071,1.0,0.7751164644702035,0.15396678209944348,0.3453849169552486,0.3471586765252787
238,2645.9143968871567,56,435,0.12873563218390804,180973.4261653116,3231.668324380564,36.194685233062316,0.08320617294956854,100,69,0.69,1738.8030459587626,inf,0.5499548203423092,1.0,0.7749774101711546,0.15411438138920697,0.345385285953473,0.3471512564810452
239,2657.0316842690354,55,435,0.12643678160919541,176332.81534734726,3206.0511881335865,35.26656306946946,0.08107255878038958,100,69,0.69,1737.2164411774113,inf,0.5497358688824826,1.0,0.7748679344412412,0.15310231216957415,0.34538275578042393,0.34714388772812593
240,2668.148971650914,55,435,0.12643678160919541,176712.50675049104,3212.9546681907464,35.342501350098196,0.08124712954045563,100,70,0.7,1754.5315059351726,inf,0.5456344108309241,1.0,0.7728172054154621,0.15421496206249674,0.3503855374051562,0.34715733855666137
241,2679.2662590327927,55,435,0.12643678160919541,177124.93849762855,3220.45342722961,35.424987699525715,0.08143675333224303,100,71,0.71,1770.8073644637454,inf,0.5414546457538519,1.0,0.770727322876926,0.15535471522765854,0.3553883867880691,0.34719135115265887
242,2690.3835464146714,55,435,0.12643678160919541,177571.44302258064,3228.571691319648,35.51428860451613,0.0816420427690026,100,72,0.72,1786.0227744938884,inf,0.53718727952712,1.0,0.76859363976356,0.15652420150272128,0.3603913105037568,0.3472456719730338
243,2701.50083379655,55,435,0.12643678160919541,178056.86792939718,3237.3975987163126,35.61137358587945,0.08186522663420563,100,72,0.72,1787.5008202526487,inf,0.5374001181163816,1.0,0.7687000590581907,0.1565825837880075,0.36039145645947,0.3472995481389618
244,2712.6181211784287,55,435,0.12643678160919541,178542.96988567073,3246.2358161031043,35.708593977134136,0.08208872178651526,100,72,0.72,1791.1431290811986,inf,0.5379246105876926,1.0,0.7689623052938463,0.1565632082463344,0.3603914080206158,0.34735298430174405
245,2723.7354085603074,55,435,0.12643678160919541,179076.18320842402,3255.9306037895276,35.815236641684805,0.08233387733720644,100,71,0.71,1780.1008731744585,inf,0.5427743239907731,1.0,0.7713871619953865,0.15547335767090997,0.3553886833941773,0.34738564974520925
246,2734.852695942186,54,435,0.12413793103448276,174679.7298428782,3234.809811905152,34.93594596857563,0.08031251946798995,100,70,0.7,1761.6790835289032,inf,0.5466350716940465,1.0,0.7733175358470232,0.15349749181048333,0.3503837437295262,0.34739778777753444
247,2745.9699833240647,54,435,0.12413793103448276,175324.3144097465,3246.746563143454,35.0648628819493,0.0806088801883892,100,68,0.68,1727.0035677316291,inf,0.5548724852115015,1.0,0.7774362426057507,0.15158631879131929,0.34037896579697835,0.3473694860759999
248,2757.0872707059434,54,435,0.12413793103448276,176003.12352168545,3259.3171022534343,35.2006247043371,0.08092097633180943,100,71,0.71,1781.805786601115,inf,0.5430164216973583,1.0,0.7715082108486792,0.15470638274156517,0.3553867659568539,0.347401683987168
249,2768.204558087822,55,435,0.12643678160919541,181679.70362192424,3303.267338580441,36.33594072438486,0.08353089821697669,100,72,0.72,1794.1724548166096,inf,0.5383608334935918,1.0,0.7691804167467959,0.15717524073509037,0.3603929381018377,0.34745364900362663
250,2779.3218454697007,53,435,0.12183908045977011,172285.02932805227,3250.6609307179674,34.457005865610455,0.07921150773703553,100,73,0.73,1800.0269428319145,inf,0.5328039336534595,1.0,0.7664019668267297,0.15640477045515289,0.3653910119261379,0.3475251126009275
251,2790.4391328515794,53,435,0.12183908045977011,172830.45044652032,3260.9518952173644,34.56609008930406,0.07946227606736565,100,73,0.73,1797.7597025333057,inf,0.5324729165698626,1.0,0.7662364582849313,0.15661290889121715,0.36539153227222804,0.3475960110916866
252,2801.556420233458,53,435,0.12183908045977011,173397.2814720155,3271.6468202267074,34.6794562944031,0.07972288803311058,100,73,0.73,1797.5719537894722,inf,0.5324455052532628,1.0,0.7662227526266314,0.15675006770323963,0.3653918751692581,0.3476663504753924
253,2812.6737076153368,52,435,0.11954022988505747,168956.04934994955,3249.1547951913376,33.79120986998992,0.07768094222986188,100,73,0.73,1797.3327282430587,inf,0.5324105783234865,1.0,0.7662052891617432,0.15573782653405932,0.36538934456633515,0.34773612604267956
254,2823.7909949972154,52,435,0.11954022988505747,169453.67555334265,3258.724529871974,33.89073511066853,0.07790973588659432,100,72,0.72,1782.4566160166103,inf,0.536673752706392,1.0,0.7683368763531959,0.1547864297666992,0.3603869660744167,0.34778573718005895
255,2834.908282379094,53,435,0.12183908045977011,174868.00847741525,3299.3963863663253,34.973601695483055,0.08039908435743232,100,71,0.71,1770.5621408093075,inf,0.5414198239949216,1.0,0.7707099119974608,0.15484458617998575,0.35538711146544993,0.34781543004836124
256,2846.0255697609728,53,435,0.12183908045977011,175212.75929348223,3305.901118744948,35.042551858696456,0.08055759047976196,100,69,0.69,1740.8826157633414,inf,0.550241800975341,1.0,0.7751209004876705,0.15271834499604575,0.34538179586249007,0.3478059606546419
257,2857.1428571428514,54,435,0.12413793103448276,180499.05180472482,3342.57503342083,36.099810360944964,0.08298806979527577,100,69,0.69,1743.0233044778822,inf,0.5505372160179477,1.0,0.7752686080089739,0.15385973089315097,0.34538464932723284,0.3477965757270163
258,2868.26014452473,55,435,0.12643678160919541,185795.14985522936,3378.093633731443,37.159029971045875,0.08542305740470316,100,70,0.7,1758.955339665241,inf,0.5462537475531337,1.0,0.7731268737765669,0.1561480918140682,0.3503903702295352,0.34780659037760514
259,2879.3774319066088,56,435,0.12873563218390804,191043.27372885993,3411.487030872499,38.20865474577198,0.0878359879213149,100,70,0.7,1759.5279971779603,inf,0.5463339196049144,1.0,0.7731669598024572,0.15733451405942883,0.35039333628514857,0.3478165394003265
260,2890.4947192884874,56,435,0.12873563218390804,191173.4349586318,3413.8113385469965,38.234686991726356,0.08789583216488818,100,72,0.72,1798.5835631884345,inf,0.5389960330991346,1.0,0.7694980165495673,0.15919890780766044,0.36039799726951915,0.34786474421974867
261,2901.612006670366,56,435,0.12873563218390804,191196.46839863254,3414.222649975581,38.23929367972651,0.08790642225224485,100,73,0.73,1813.2505318892195,inf,0.5347345776558261,1.0,0.767367288827913,0.16026956671216586,0.3654006739167804,0.34793167524912666
262,2912.7292940522448,56,435,0.12873563218390804,191237.69168486784,3414.958780086926,38.24753833697356,0.08792537548729555,100,74,0.74,1828.7513416115594,inf,0.5306551985585108,1.0,0.7653275992792554,0.16129888810402004,0.37040324722026,0.34801711848856065
263,2923.8465814341234,57,435,0.1310344827586207,196152.929985253,3441.2794734254912,39.2305859970506,0.09018525516563357,100,75,0.75,1843.5314268555119,inf,0.5265297140283269,1.0,0.7632648570141635,0.163460199075735,0.37540865049768934,0.3481208742916255
264,2934.963868816002,57,435,0.1310344827586207,196006.06668734932,3438.702924339462,39.201213337469866,0.09011773181027556,100,74,0.74,1823.5121563446494,inf,0.5298797991390081,1.0,0.764939899569504,0.16258891612038573,0.37040647229030094,0.3482049708878469
265,2946.081156197881,57,435,0.1310344827586207,195878.2266017042,3436.460115819372,39.17564532034084,0.09005895475940423,100,74,0.74,1816.5772211664655,inf,0.5288534287326369,1.0,0.7644267143663184,0.1628161201965429,0.3704070403004914,0.3482884373142103
266,2957.1984435797594,58,435,0.13333333333333333,200761.14313854696,3461.39901963012,40.15222862770939,0.0923039738568032,100,74,0.74,1813.853782761114,inf,0.5284503598486449,1.0,0.7642251799243225,0.16403939696624037,0.3704100984924156,0.34837128997779904
267,2968.315730961638,56,435,0.12873563218390804,190499.50975962856,3401.776959993367,38.099901951925716,0.08758598149867981,100,75,0.75,1828.2251789267373,inf,0.5242337768390106,1.0,0.7621168884195053,0.1627345465395873,0.375406836366349,0.3484721688822339
268,2979.433018343517,56,435,0.12873563218390804,190058.28672799075,3393.897977285549,38.01165734559815,0.0873831203347084,100,76,0.76,1838.7518366749182,inf,0.5194902791745876,1.0,0.7597451395872938,0.16381899037370729,0.38040954747593425,0.34859089519670866
269,2990.5503057253954,56,435,0.12873563218390804,189639.26983780396,3386.415532817928,37.9278539675608,0.08719046889094437,100,75,0.75,1823.0911190694128,inf,0.5234636678604118,1.0,0.7617318339302059,0.16272931748036923,0.3754068232937009,0.34869021344891976
270,3001.667593107274,53,435,0.12183908045977011,174165.01820862555,3286.132419030671,34.83300364172511,0.08007587044074738,100,75,0.75,1825.3143095840712,inf,0.5237971464376107,1.0,0.7618985732188053,0.15908864861097105,0.3753977216215274,0.34878876513959356
271,3012.784880489153,53,435,0.12183908045977011,173699.69090540684,3277.352658592582,34.73993818108138,0.07986192685306064,100,73,0.73,1788.8241765072648,inf,0.5311683297700608,1.0,0.7655841648850303,0.15713888098401518,0.36539284720246,0.34884980955894235
272,3023.9021678710315,54,435,0.12413793103448276,178243.69037812582,3300.809081076404,35.64873807562516,0.08195112201293141,100,72,0.72,1776.4454867485786,inf,0.5358081500917953,1.0,0.7679040750458976,0.1570235234835169,0.3603925588087088,0.3488920906917254
273,3035.01945525291,54,435,0.12413793103448276,177803.91923280468,3292.6651709778644,35.56078384656093,0.0817489283828987,100,72,0.72,1776.236484663324,inf,0.5357780537915187,1.0,0.7678890268957593,0.1569299507435697,0.3603923248768589,0.3489340623493353
274,3046.136742634789,54,435,0.12413793103448276,177386.71594439243,3284.939184155415,35.47734318887849,0.08155711077903102,100,73,0.73,1797.4212229236962,inf,0.5324234985468597,1.0,0.7662117492734298,0.15767268075280055,0.365394181701882,0.34899391732879914
275,3057.2540300166675,55,435,0.12643678160919541,181990.10414710708,3308.910984492856,36.398020829421405,0.08367361110211817,100,72,0.72,1784.9994628730244,inf,0.5370399226537155,1.0,0.7685199613268577,0.1575768248876302,0.3603939420622191,0.3490352217662391
276,3068.371317398546,55,435,0.12643678160919541,181598.40879805232,3301.7892508736786,36.319681759610454,0.08349352128646081,100,69,0.69,1737.1391399722845,inf,0.5497252013161752,1.0,0.7748626006580877,0.15431546031418664,0.34538578865078545,0.3490220469174468
277,3079.488604780425,54,435,0.12413793103448276,176214.43901908636,3263.230352205303,35.24288780381727,0.08101813288233854,100,68,0.68,1717.3640137690722,inf,0.5535615058725938,1.0,0.7767807529362969,0.1521186899730208,0.3403802967249326,0.34899096148509967
278,3090.6058921623035,54,435,0.12413793103448276,175817.71614736196,3255.8836323585547,35.1635432294724,0.08083573156200552,100,69,0.69,1728.6441503609303,inf,0.5485528927498085,1.0,0.7742764463749042,0.1532796425935507,0.34538319910648385,0.3489780304371476
279,3101.723179544182,54,435,0.12413793103448276,175445.57657053394,3248.9921587135914,35.08911531410679,0.08066463290599263,100,68,0.68,1707.298164271801,inf,0.5521925503409649,1.0,0.7760962751704825,0.15228417886775503,0.3403807104471694,0.34894732572289766
280,3112.840466926061,53,435,0.12183908045977011,170091.92056526014,3209.2815200992477,34.01838411305202,0.0782031818690851,100,69,0.69,1722.4941294584817,inf,0.5477041898652705,1.0,0.7738520949326353,0.15217554346822493,0.34538043885867054,0.34893463217533816
281,3123.9577543079395,52,435,0.11954022988505747,164746.98099360245,3168.2111729538933,32.949396198720486,0.07574573838786318,100,68,0.68,1708.406744318616,inf,0.5523433172273318,1.0,0.7761716586136659,0.14978703988709868,0.3403744675997178,0.34890427698180754
282,3135.075041689818,51,435,0.11724137931034483,159369.23239605996,3124.886909726666,31.87384647921198,0.07327321029703904,100,69,0.69,1728.9732534908296,inf,0.5485983089817345,1.0,0.7742991544908673,0.14948702790308588,0.3453737175697577,0.34889180150685334
283,3146.192329071697,51,435,0.11724137931034483,158998.3402296682,3117.6145143072195,31.799668045933643,0.07310268516306585,100,69,0.69,1732.1791698075708,inf,0.5490407254334447,1.0,0.7745203627167223,0.14929116122317176,0.3453732279030579,0.34887941216317797
284,3157.3096164535755,51,435,0.11724137931034483,158651.21153770096,3110.8080693666857,31.730242307540188,0.07294308576446021,100,68,0.68,1716.889019465473,inf,0.5534969066473043,1.0,0.7767484533236522,0.148097316220404,0.34037024329055104,0.34884955543029156
285,3168.426903835454,51,435,0.11724137931034483,158328.1240612312,3104.473020808455,31.665624812246236,0.07279453979826721,100,67,0.67,1706.2482321022667,inf,0.5586372631017037,1.0,0.7793186315508518,0.14673795412370771,0.33536684488530927,0.3488024130857287
286,3179.544191217333,51,435,0.11724137931034483,158029.37395963434,3098.6151756791046,31.60587479192687,0.07265718342971694,100,66,0.66,1696.699853429769,inf,0.5639643806527296,1.0,0.7819821903263648,0.14533749655167605,0.3303633437413792,0.3487381654573512
287,3190.6614785992115,52,435,0.11954022988505747,162685.28184776494,3128.563112457018,32.53705636955298,0.07479783073460455,100,65,0.65,1686.048097804106,inf,0.5691862527145338,1.0,0.784593126357267,0.14510235218866874,0.3253627558804717,0.3486570008407648
288,3201.77876598109,52,435,0.11954022988505747,162362.56907501759,3122.357097596492,32.472513815003516,0.0746494570459851,100,65,0.65,1692.841140172252,inf,0.5700693482223929,1.0,0.7850346741111964,0.1448073914673943,0.3253620184786685,0.3485763953654635
289,3212.896053362969,53,435,0.12183908045977011,167000.62426759713,3150.955174860323,33.40012485351942,0.07678189621498718,100,66,0.66,1716.89529500638,inf,0.5666301789408421,1.0,0.783315089470421,0.14673340337228302,0.3303668335084307,0.348513603772853
290,3224.0133407448475,53,435,0.12183908045977011,166601.98668194958,3143.433710980181,33.320397336389924,0.07659861456641362,100,67,0.67,1741.1845536287892,inf,0.5633187301862577,1.0,0.7816593650931288,0.14746962473664244,0.3353686740618416,0.3484684321930901
291,3235.130628126726,53,435,0.12183908045977011,166228.14871655026,3136.3801644632126,33.24562974331005,0.07642673504209206,100,66,0.66,1727.2353431274503,inf,0.5679950652928235,1.0,0.7839975326464117,0.14621460119784013,0.3303655365029946,0.34840643597497334
292,3246.247915508605,55,435,0.12643678160919541,175864.7936912304,3197.5417034769166,35.17295873824608,0.08085737640976111,100,67,0.67,1751.2217140987475,inf,0.5646637096892321,1.0,0.7823318548446161,0.1492627607825725,0.33537315690195646,0.3483619537938367
293,3257.3652028904835,55,435,0.12643678160919541,175517.52333751798,3191.2276970457815,35.103504667503586,0.08069771187931858,100,69,0.69,1787.818054507327,inf,0.5567188915220112,1.0,0.7783594457610056,0.15116913305915652,0.34537792283264784,0.3483518040286626
294,3268.482490272362,56,435,0.12873563218390804,180158.4255381485,3217.1147417526518,36.0316851076297,0.08283146001753953,100,68,0.68,1776.6685525753398,inf,0.5616269231502461,1.0,0.780813461575123,0.15100899922120825,0.34037752249805303,0.34832477256584704
295,3279.599777654241,56,435,0.12873563218390804,179801.94179455077,3210.748960616978,35.96038835891016,0.08266755944577048,100,68,0.68,1782.8076937395003,inf,0.562461846348572,1.0,0.781230923174286,0.1507183181357422,0.34037679579533936,0.34829792129297366
296,3290.7170650361195,55,435,0.12643678160919541,174434.38778606028,3171.5343233829144,34.88687755721205,0.08019971852232656,100,68,0.68,1782.9404106006382,inf,0.5624798958416867,1.0,0.7812399479208434,0.14947988530074163,0.3403736997132519,0.3482712404122339
297,3301.834352417998,55,435,0.12643678160919541,174091.68659702266,3165.3033926731396,34.81833731940452,0.08004215475725177,100,67,0.67,1767.8424275548905,inf,0.5668908852923552,1.0,0.7834454426461777,0.1482983560555371,0.3353707458901389,0.34822795016215974
298,3312.951639799877,55,435,0.12643678160919541,173778.61689572065,3159.61121628583,34.755723379144136,0.07989821466469917,100,68,0.68,1782.1355793785574,inf,0.5623704387954838,1.0,0.7811852193977419,0.14935649763347864,0.3403733912440837,0.3482016807343401
299,3324.0689271817555,56,435,0.12873563218390804,178489.48136590474,3187.312167248299,35.69789627318095,0.08206412936363437,100,68,0.68,1783.868487841889,inf,0.562606114346497,1.0,0.7813030571732484,0.15038053609519297,0.340375951340238,0.3481755949696931
300,3335.186214563634,56,435,0.12873563218390804,178110.89752331853,3180.551741487831,35.622179504663706,0.08189006782681311,100,68,0.68,1786.1831856435658,inf,0.5629209132475249,1.0,0.7814604566237624,0.15021480560152534,0.34037553701400386,0.3481496811558868
301,3346.303501945513,56,435,0.12873563218390804,177755.03905525198,3174.1971259866427,35.5510078110504,0.08172645473804689,100,68,0.68,1788.8119432024257,inf,0.56327842427553,1.0,0.781639212137765,0.15004362130014098,0.34037510905325036,0.34812393753965293
302,3357.4207893273915,56,435,0.12873563218390804,177429.51928344747,3168.384272918705,35.4859038566895,0.08157679047514826,100,67,0.67,1775.4017674537424,inf,0.5679038368388015,1.0,0.7839519184194008,0.14881243602787375,0.3353720310900697,0.34808185203981934
303,3368.53807670927,57,435,0.1310344827586207,182131.87421615433,3195.2960388799006,36.426374843230874,0.08373879274305948,100,69,0.69,1812.8421507727214,inf,0.5601722168066356,1.0,0.7800861084033178,0.15182634216987084,0.3453795658554247,0.34807296294052853
304,3379.655364091149,57,435,0.1310344827586207,181857.6460374582,3190.4850182010214,36.37152920749164,0.08361271082181987,100,70,0.7,1832.0007188332133,inf,0.5564801006366499,1.0,0.7782400503183249,0.1526863302517475,0.3503817158256293,0.3480805326221191
305,3390.7726514730275,57,435,0.1310344827586207,181612.5502821036,3186.1850926684842,36.32251005642072,0.08350002311820855,100,68,0.68,1801.5397198678938,inf,0.5650094019020336,1.0,0.7825047009510169,0.15049766108359586,0.340376244152709,0.3480553552088203
306,3401.889938854906,57,435,0.1310344827586207,181395.9278941741,3182.384699897791,36.27918557883481,0.08340042661801106,100,69,0.69,1816.4019449626167,inf,0.5606634684048412,1.0,0.7803317342024205,0.15153434620779527,0.3453788358655195,0.3480466369047705
307,3413.007226236785,57,435,0.1310344827586207,181207.01435132753,3179.0704272162725,36.2414028702655,0.08331356981670231,100,68,0.68,1801.713174344286,inf,0.565032991710823,1.0,0.7825164958554115,0.15039853698064537,0.34037599634245164,0.34802173222762006
308,3424.1245136186635,57,435,0.1310344827586207,181044.93637811654,3176.2269540020447,36.20898727562331,0.08323905120832945,100,68,0.68,1795.7605235461915,inf,0.564223431202282,1.0,0.782111715601141,0.1505636678035942,0.340376409169509,0.34799699008180096
309,3435.241801000542,57,435,0.1310344827586207,180908.71858541653,3173.8371681652025,36.1817437170833,0.08317642233812253,100,71,0.71,1835.4428898571928,inf,0.5506328903597215,1.0,0.7753164451798608,0.15392998857913093,0.3553848249714478,0.3480208218072514
310,3446.359088382421,58,435,0.13333333333333333,185782.7637886207,3203.151099803805,37.156552757724135,0.08541736266143479,100,70,0.7,1818.7590246245823,inf,0.5546262634474415,1.0,0.7773131317237207,0.154052115468857,0.35038513028867213,0.34802842408532675
311,3457.4763757642995,58,435,0.13333333333333333,185680.06564183356,3201.3804421005784,37.13601312836672,0.08537014512268211,100,70,0.7,1815.263835739253,inf,0.5541369370034954,1.0,0.7770684685017477,0.15415083831046716,0.35038537709577616,0.3480359784218987
312,3468.593663146178,58,435,0.13333333333333333,185599.54692203642,3199.992188310973,37.11990938440727,0.08533312502162592,100,70,0.7,1814.7075488613964,inf,0.5540590568405955,1.0,0.7770295284202977,0.15415179830066406,0.35038537949575166,0.34804348449561706
313,3479.710950528057,57,435,0.1310344827586207,180505.44800050146,3166.762245622833,36.10108960010029,0.0829910105749432,100,69,0.69,1799.4293754832472,inf,0.5583212538166881,1.0,0.779160626908344,0.1519151918332996,0.34537978797958324,0.3480350013856934
314,3490.8282379099355,57,435,0.1310344827586207,180430.0140621483,3165.438843195584,36.086002812429655,0.08295632830443599,100,70,0.7,1819.2190781590064,inf,0.5546906709422609,1.0,0.7773453354711304,0.15280549641665275,0.3503820137410416,0.3480424522185675
315,3501.945525291814,56,435,0.12873563218390804,175333.30659054453,3130.9519034025807,35.066661318108906,0.0806130145243883,100,70,0.7,1816.8006090376136,inf,0.554352085265266,1.0,0.7771760426326331,0.15171848594587767,0.3503792962148647,0.34804984729450517
316,3513.062812673693,56,435,0.12873563218390804,175208.5943930008,3128.724899875014,35.04171887860016,0.08055567558298887,100,70,0.7,1818.2756482225657,inf,0.5545585907511592,1.0,0.7772792953755796,0.1516381901037046,0.35037909547525925,0.3480571950805643
317,3524.1801000555715,56,435,0.12873563218390804,175101.04665283358,3126.8044045148854,35.020209330566715,0.08050622834613037,100,67,0.67,1772.6321645329865,inf,0.5675327100474202,1.0,0.7837663550237102,0.14836993666121012,0.33537092484165304,0.34801730114899543
318,3535.29738743745,56,435,0.12873563218390804,175012.43649698846,3125.2220803033656,35.00248729939769,0.0804654880445924,100,65,0.65,1740.1712252765792,inf,0.5762222592859554,1.0,0.7881111296429777,0.1461771792008073,0.325365442948002,0.3479462921891177
319,3546.414674819329,57,435,0.1310344827586207,179931.65924670006,3156.695776257896,35.98633184934001,0.0827271996536552,100,65,0.65,1740.5504969182168,inf,0.5762715645993682,1.0,0.7881357822996842,0.1472957086769855,0.32536823927169245,0.34787573577375075
320,3557.5319622012075,57,435,0.1310344827586207,179777.35419552337,3153.9886700969014,35.95547083910468,0.08265625480253949,100,65,0.65,1742.942579613483,inf,0.5765825353497529,1.0,0.7882912676748765,0.14718249356383156,0.32536795623390957,0.3478056180804802
321,3568.649249583086,57,435,0.1310344827586207,179683.24920019254,3152.337705266536,35.936649840038505,0.08261298813801955,100,65,0.65,1746.4663684889858,inf,0.577040627903568,1.0,0.788520313951784,0.14704633709311776,0.3253676158427328,0.347735934843717
322,3579.766536964965,57,435,0.1310344827586207,179735.48693314224,3153.2541567217936,35.94709738662845,0.08263700548650219,100,65,0.65,1749.4019702651506,inf,0.5774222561344696,1.0,0.7887111280672348,0.14696293870963373,0.3253674073467741,0.34766668243660576
323,3590.8838243468435,58,435,0.13333333333333333,184837.37561792086,3186.851303757256,36.96747512358417,0.08498270143352683,100,65,0.65,1751.76789881815,inf,0.5777298268463594,1.0,0.7888649134231798,0.14805889400517358,0.32537014723501295,0.34759786596993414
324,3602.001111728722,57,435,0.1310344827586207,179852.29847799728,3155.3034820701278,35.97045969559945,0.08269071194390679,100,66,0.66,1777.5705251472575,inf,0.574639309319438,1.0,0.787319654659719,0.14768552864209394,0.3303692138216052,0.3475448547325547
325,3613.118399110601,55,435,0.12643678160919541,169833.01122385683,3087.872931342851,33.96660224477137,0.07808414309142844,100,66,0.66,1778.9478357137318,inf,0.5748211143142127,1.0,0.7874105571571064,0.14533679296716107,0.3303633419824179,0.34749215070571376
326,3624.2356864924795,55,435,0.12643678160919541,169829.93490545577,3087.816998281014,33.965986981091156,0.07808272869216358,100,66,0.66,1779.5567654059741,inf,0.5749014930335887,1.0,0.7874507465167944,0.14531599108768456,0.33036328997771924,0.34743976886862515
327,3635.352973874358,55,435,0.12643678160919541,169851.63794638508,3088.211599025183,33.97032758927703,0.07809270710178627,100,67,0.67,1789.0683318689296,inf,0.5697351564704366,1.0,0.7848675782352184,0.14661256443328397,0.33536653141108325,0.34740296021783995
328,3646.470261256237,52,435,0.11954022988505747,154820.34085053045,2977.3142471255856,30.96406817010609,0.07118176590828985,100,67,0.67,1786.1953124148467,inf,0.5693501718635894,1.0,0.7846750859317947,0.14325333998824757,0.33535813334997067,0.3473663498018282
329,3657.5875486381155,52,435,0.11954022988505747,154771.164476266,2976.3685476205,30.95423289525321,0.07115915608104185,100,67,0.67,1785.1121703734786,inf,0.5692050308300461,1.0,0.7846025154150231,0.14327832033300936,0.33535819580083254,0.34732996145637063
330,3668.704836019994,52,435,0.11954022988505747,154754.3392852856,2976.044986255492,30.950867857057112,0.07115142036105084,100,67,0.67,1786.0098510163107,inf,0.5693253200361856,1.0,0.7846626600180928,0.143244380171479,0.3353581109504287,0.3472937927237243
331,3679.822123401873,53,435,0.12183908045977011,159768.5181258534,3014.500341997234,31.953703625170682,0.07345678994292111,100,67,0.67,1783.4106876930473,inf,0.5689770321508684,1.0,0.7844885160754342,0.1444841369337434,0.3353612103423344,0.34725785121052727
332,3690.9394107837516,52,435,0.11954022988505747,154794.357629458,2976.8145697972695,30.958871525891603,0.07116981959975081,100,66,0.66,1764.9231249428162,inf,0.5729698524924518,1.0,0.7864849262462259,0.14234244667676244,0.33035585611669194,0.3472070944685038
333,3702.05669816563,53,435,0.12183908045977011,159699.37527713858,3013.195759946011,31.939875055427713,0.07342500012742002,100,64,0.64,1727.4265595967886,inf,0.5811105996283888,1.0,0.7905552998141945,0.14143485015661272,0.3203535871253915,0.3471266947459196
334,3713.173985547509,53,435,0.12183908045977011,159626.29525943572,3011.8168916874665,31.925259051887146,0.07339140011928079,100,64,0.64,1723.6566126425803,inf,0.5806280464182502,1.0,0.790314023209125,0.1415386884550779,0.3203538467211377,0.3470467757965919
335,3724.2912729293876,55,435,0.12643678160919541,169453.86891346303,3080.9794347902366,33.8907737826926,0.07790982478779908,100,66,0.66,1753.1916506045611,inf,0.5714212978798021,1.0,0.7857106489399011,0.14609958792394906,0.3303652489698099,0.3469971283953217
336,3735.4085603112662,55,435,0.12643678160919541,169252.9690191328,3077.3267094387784,33.85059380382656,0.07781745702029094,100,69,0.69,1795.993412598291,inf,0.5578470909385641,1.0,0.778923545469282,0.1494469557755045,0.3453736173894387,0.3469923108552449
337,3746.525847693145,55,435,0.12643678160919541,169073.85818549222,3074.070148827131,33.81477163709845,0.07773510721172058,100,70,0.7,1803.8973788799753,inf,0.5525456330431966,1.0,0.7762728165215983,0.1507311453450611,0.3503768278633626,0.34700232421917426
338,3757.6431350750236,56,435,0.12873563218390804,173913.90805592778,3105.6055009987103,34.782781611185555,0.07996041749697828,100,70,0.7,1799.4196809800244,inf,0.5519187553372035,1.0,0.7759593776686018,0.15200051991418828,0.35038000129978547,0.34701228786837957
339,3768.7604224569022,56,435,0.12873563218390804,173615.70465840292,3100.2804403286236,34.72314093168058,0.07982331248662203,100,70,0.7,1790.1587075152586,inf,0.5506222190521362,1.0,0.7753111095260681,0.15225610148027702,0.3503806402537007,0.34702219478715995
340,3779.877709838781,56,435,0.12873563218390804,173336.6914907141,3095.29806233418,34.66733829814281,0.07969503057044323,100,70,0.7,1785.437355207403,inf,0.5499612297290365,1.0,0.7749806148645182,0.15235720785296247,0.3503808930196324,0.3470320443420939
341,3790.9949972206596,56,435,0.12873563218390804,173082.21477002802,3090.7538351790718,34.616442954005606,0.07957802977932324,100,70,0.7,1784.2784176494806,inf,0.5497989784709272,1.0,0.7748994892354636,0.15233927027192978,0.3503808481756798,0.3470418361661687
342,3802.1122846025382,56,435,0.12873563218390804,172853.77892858663,3086.674623724761,34.570755785717324,0.07947300180624672,100,70,0.7,1781.2497241912497,inf,0.549374961386775,1.0,0.7746874806933874,0.1523927605564297,0.35038098190139105,0.3470515712849303
343,3813.229571984417,56,435,0.12873563218390804,172582.55052023256,3081.831259289867,34.5165101040465,0.07934829908976207,100,69,0.69,1761.8212283617183,inf,0.5531313295139172,1.0,0.7765656647569585,0.15139131716640175,0.34537847829291596,0.3470467076425116
344,3824.3468593662956,56,435,0.12873563218390804,172254.28483972512,3075.9693721379485,34.45085696794502,0.0791973723401035,100,69,0.69,1759.958603944664,inf,0.5528742873443636,1.0,0.7764371436721818,0.15138011433396092,0.34537845028583486,0.34704187211394155
345,3835.4641467481742,56,435,0.12873563218390804,171953.49462242282,3070.59811825755,34.39069892448457,0.07905907798732084,100,69,0.69,1760.219818108003,inf,0.5529103348989043,1.0,0.7764551674494522,0.1513019552689343,0.3453782548881723,0.34703706397167056
346,3846.581434130053,56,435,0.12873563218390804,171673.8563426979,3065.6045775481766,34.33477126853958,0.07893050866330939,100,69,0.69,1758.6246264126498,inf,0.5526901984449456,1.0,0.7763450992224727,0.15129270472041834,0.34537823176180105,0.3470322834753885
347,3857.6987215119316,56,435,0.12873563218390804,171366.93963043083,3060.123921971979,34.27338792608617,0.07878939753123258,100,68,0.68,1741.2581051459717,inf,0.5568111022998522,1.0,0.7784055511499262,0.15019192319065322,0.34037547980797667,0.3470131547292178
348,3868.8160088938102,56,435,0.12873563218390804,171084.46227797645,3055.0796835352935,34.21689245559529,0.07865952288642596,100,68,0.68,1737.8500234036524,inf,0.5563476031828967,1.0,0.7781738015914483,0.15024286064748882,0.34037560715161874,0.3469941359682504
349,3879.933296275689,56,435,0.12873563218390804,170824.41078020213,3050.435906789324,34.16488215604042,0.07853995897940326,100,70,0.7,1768.597798213251,inf,0.5476036917498551,1.0,0.7738018458749276,0.15236905655223787,0.3503809226413806,0.3470038125016022
350,3891.0505836575676,57,435,0.1310344827586207,175573.48660938325,3080.2366071821625,35.11469732187665,0.08072344211925667,100,70,0.7,1761.0172881108365,inf,0.5465424203355171,1.0,0.7732712101677586,0.15372611597574903,0.35038431528993935,0.34701344356367725
351,3902.1678710394463,57,435,0.1310344827586207,175308.26657834582,3075.5836241815055,35.061653315669155,0.08060150187510151,100,70,0.7,1758.557494673275,inf,0.5461980492542585,1.0,0.7730990246271292,0.1537512386239862,0.3503843780965599,0.3470230200822366
352,3913.285158421325,57,435,0.1310344827586207,175060.52784523755,3071.2373306182026,35.012105569047506,0.0804875990093046,100,69,0.69,1739.7903329252947,inf,0.5500910659436906,1.0,0.7750455329718453,0.15272103301872963,0.3453818025825468,0.3470183707408777
353,3924.4024458032036,57,435,0.1310344827586207,174829.34398832696,3067.18147347942,34.96586879766538,0.08038130758083996,100,69,0.69,1738.395028086856,inf,0.5498985138759861,1.0,0.774949256937993,0.15271602532142348,0.34538179006330355,0.347013747631619
354,3935.5197331850823,57,435,0.1310344827586207,174614.01774377012,3063.4038200661425,34.922803548754025,0.08028230700862994,100,68,0.68,1724.0010526813949,inf,0.5544641431646696,1.0,0.7772320715823349,0.15152511771314758,0.3403788127942829,0.34699505767433075
355,3946.637020566961,56,435,0.12873563218390804,169413.6625001924,3025.2439732177218,33.88273250003848,0.07789133908054822,100,68,0.68,1726.0853365993723,inf,0.5547476057775146,1.0,0.7773738028887573,0.15025876809589545,0.34037564692023975,0.3469764638238979
356,3957.7543079488396,58,435,0.13333333333333333,179163.17886773468,3089.0203253057703,35.83263577354694,0.08237387534148721,100,66,0.66,1693.2367682540737,inf,0.5635072534095377,1.0,0.7817536267047689,0.15031012431835922,0.3303757753107959,0.34692996329585
357,3968.8715953307183,58,435,0.13333333333333333,178921.65181356572,3084.856065751133,35.78433036271314,0.08226282842003022,100,66,0.66,1697.482986184921,inf,0.5640677541764095,1.0,0.7820338770882047,0.15011447566591274,0.3303752861891648,0.3468837211810269
358,3979.988882712597,57,435,0.1310344827586207,173694.13594752815,3047.26554293909,34.73882718950563,0.07985937284943823,100,65,0.65,1681.3721013692482,inf,0.5685783731780023,1.0,0.7842891865890012,0.1477850931302186,0.3253694627328256,0.34682379288451376
359,3991.1061700944756,57,435,0.1310344827586207,173471.11744014607,3043.3529375464223,34.694223488029216,0.07975683560466486,100,65,0.65,1688.8344272172114,inf,0.5695484755382374,1.0,0.7847742377691187,0.14749129891777313,0.32536872824729446,0.34676419548274373
360,4002.2234574763543,55,435,0.12643678160919541,163242.93590190864,2968.0533800347025,32.648587180381725,0.07505422340317638,100,65,0.65,1695.947738703677,inf,0.570473206031478,1.0,0.7852366030157389,0.1449088101937187,0.3253622720254843,0.3467049103762139
361,4013.340744858233,55,435,0.12643678160919541,162928.8707506942,2962.343104558076,32.58577415013884,0.07490982563250308,100,65,0.65,1701.3679468661733,inf,0.5711778330926025,1.0,0.7855889165463013,0.14466045454310095,0.3253616511363578,0.34664595109654583
362,4024.4580322401116,55,435,0.12643678160919541,162630.94683752142,2956.9263061367533,32.52618936750428,0.0747728491206995,100,65,0.65,1709.9105841462406,inf,0.5722883759390114,1.0,0.7861441879695057,0.14431433057559695,0.325360785826439,0.3465873142776199
363,4035.5753196219903,56,435,0.12873563218390804,167342.09248217999,2988.2516514675,33.468418496436,0.07693889309525517,100,66,0.66,1733.8474949897757,inf,0.5688678693386504,1.0,0.7844339346693252,0.14625247921296503,0.3303656311980324,0.34654274921421446
364,4046.692607003869,55,435,0.12643678160919541,162064.08396575204,2946.619708468219,32.412816793150405,0.07451222251298943,100,66,0.66,1743.0256972962416,inf,0.570079392043104,1.0,0.785039696021552,0.14473626324571875,0.3303618406581143,0.3464984179578964
365,4057.8098943857476,55,435,0.12643678160919541,161796.3395643255,2941.751628442282,32.35926791286511,0.07438912163877036,100,68,0.68,1786.9661176957975,inf,0.5630273920066284,1.0,0.7815136960033142,0.1464377128177281,0.34036609428204434,0.34648166297517546
366,4068.9271817676263,56,435,0.12873563218390804,166502.62539871616,2973.2611678342173,33.30052507974324,0.07655293121780055,100,69,0.69,1806.5315182763934,inf,0.5593013495221423,1.0,0.7796506747610712,0.1484511282283647,0.3453711278205709,0.34647863699382775
367,4080.044469149505,56,435,0.12873563218390804,166232.0402360547,2968.429289929548,33.246408047210934,0.07642852424646192,100,67,0.67,1785.6423358667187,inf,0.5692760730061402,1.0,0.7846380365030701,0.14589524387169595,0.33536473810967926,0.34644843618164256
368,4091.1617565313836,56,435,0.12873563218390804,166002.81440795655,2964.335971570653,33.2005628815913,0.07632313306112944,100,67,0.67,1791.2679631153742,inf,0.5700299070574602,1.0,0.7850149535287301,0.14565408976619965,0.3353641352244155,0.3464183974256609
369,4102.279043913262,56,435,0.12873563218390804,165828.96948158403,2961.231597885429,33.16579389631681,0.07624320435934899,100,67,0.67,1797.0791179690657,inf,0.5708086018078548,1.0,0.7854043009039273,0.14541945172771087,0.3353635486293193,0.34638851945594107
370,4113.396331295141,57,435,0.1310344827586207,170721.81915831077,2995.1196343563292,34.144363831662154,0.07849279041761414,100,68,0.68,1820.5965900694716,inf,0.5676011362494482,1.0,0.7838005681247241,0.14734611114644508,0.3403683652778661,0.3463722926252724
371,4124.51361867702,56,435,0.12873563218390804,165671.61487906115,2958.421694268949,33.134322975812225,0.07617085741566029,100,66,0.66,1793.7888454719584,inf,0.5767801276022986,1.0,0.7883900638011493,0.14389039680725552,0.3303597259920181,0.3463292480913121
372,4135.630906058898,56,435,0.12873563218390804,165817.39392158177,2961.0248914568174,33.163478784316354,0.07623788226279622,100,68,0.68,1833.9964944291096,inf,0.569423523242359,1.0,0.7847117616211795,0.14576306032080838,0.34036440765080206,0.346313256561981
373,4146.748193440777,57,435,0.1310344827586207,171188.18582636912,3003.301505725774,34.237637165273824,0.0787072118741927,100,67,0.67,1820.2296427396273,inf,0.57391077212711,1.0,0.786955386063555,0.14587591290531887,0.3353646897822633,0.3462839823192545
374,4157.865480822656,56,435,0.12873563218390804,166551.72451033443,2974.1379376845434,33.31034490206689,0.07657550552199284,100,66,0.66,1805.577654003319,inf,0.578336250328438,1.0,0.7891681251642191,0.14370369017888684,0.33035925922544723,0.3462415163910043
375,4168.982768204534,56,435,0.12873563218390804,166946.78828715842,2981.1926479849717,33.38935765743169,0.07675714404007285,100,66,0.66,1802.334680293048,inf,0.5779081777986823,1.0,0.7889540888993412,0.1439015275703659,0.3303597538189259,0.3461992776607594
376,4180.100055586413,57,435,0.1310344827586207,172311.27643578954,3023.0048497506937,34.462255287157916,0.07922357537277681,100,67,0.67,1815.7476502233535,inf,0.5733101851299295,1.0,0.7866550925649647,0.14628424140390606,0.3353657106035098,0.34617054140861814
377,4191.217342968292,57,435,0.1310344827586207,172692.4755909184,3029.6925542266385,34.538495118183675,0.07939883935214638,100,68,0.68,1827.607670739931,inf,0.5685546432206305,1.0,0.7842773216103153,0.14756075887091552,0.34036890189717733,0.34615519315594234
378,4202.33463035017,58,435,0.13333333333333333,178082.20960978346,3070.382924306611,35.61644192195669,0.08187687798150964,100,68,0.68,1825.4984440941737,inf,0.5682677883968076,1.0,0.7841338941984037,0.1488714918915529,0.3403721787297289,0.34613993454268055
379,4213.451917732049,58,435,0.13333333333333333,178482.76414152418,3077.2890369228307,35.69655282830483,0.08206104098460881,100,70,0.7,1850.7633097581652,inf,0.5591068633661431,1.0,0.7795534316830716,0.1512538046507686,0.3503781345116269,0.3461510877004936
380,4224.569205113928,58,435,0.13333333333333333,178901.06746471266,3084.501163184701,35.78021349294253,0.08225336435159201,100,70,0.7,1844.522362068402,inf,0.5582331306895763,1.0,0.7791165653447881,0.1515683995034019,0.3503789209987585,0.34616218437581714
381,4235.686492495806,60,435,0.13793103448275862,189318.43802562996,3155.307300427166,37.863687605125996,0.0870429600117839,100,70,0.7,1840.2374821331757,inf,0.5576332474986446,1.0,0.7788166237493224,0.15411316813123077,0.35038528292032806,0.346173239607609
382,4246.803779877685,61,435,0.14022988505747128,194655.63019975982,3191.075904914095,38.931126039951955,0.08949684147115392,100,69,0.69,1823.0779136014419,inf,0.561584752076999,1.0,0.7807923760384995,0.1543522327163272,0.3453858805817908,0.34617118383991763
383,4257.921067259564,60,435,0.13793103448275862,189917.68846312194,3165.294807718699,37.98353769262438,0.08731847745430892,100,67,0.67,1787.5321894225233,inf,0.5695293133826183,1.0,0.7847646566913091,0.15127691038149993,0.3353781922759538,0.34614307709105313
384,4269.038354641442,61,435,0.14022988505747128,195116.7040185304,3198.634492107056,39.02334080370609,0.0897088294338071,100,68,0.68,1799.2048475503236,inf,0.5646918592668438,1.0,0.7823459296334219,0.1536814499001926,0.3403842036247505,0.34612811897815365
385,4280.155642023321,62,435,0.1425287356321839,200237.56354510813,3229.6381216952923,40.047512709021625,0.09206324760694626,100,68,0.68,1796.6291153169236,inf,0.5643415596831014,1.0,0.7821707798415507,0.1549462338826978,0.3403873655847068,0.3461132465600359
386,4291.2729294052,62,435,0.1425287356321839,200363.1794271735,3231.6641843092502,40.0726358854347,0.09212100203548207,100,69,0.69,1808.0085775177008,inf,0.5595051836974426,1.0,0.7797525918487214,0.15618420509338038,0.3453904605127334,0.346111378895831
387,4302.390216787078,61,435,0.14022988505747128,195500.2524299901,3204.922170983444,39.10005048599801,0.08988517353102991,100,70,0.7,1820.9488831966598,inf,0.5549328436475324,1.0,0.7774664218237661,0.15620937585363193,0.35039052343963406,0.3461224076188821
388,4313.507504168957,62,435,0.1425287356321839,200497.30785984162,3233.8275461264775,40.09946157196833,0.09218267028038696,100,69,0.69,1793.4405607366803,inf,0.5574947973816619,1.0,0.7787473986908309,0.15671763579477804,0.3453917940894869,0.3461205294350019
389,4324.624791550836,63,435,0.14482758620689656,205379.59494754116,3259.9935705958915,41.07591898950822,0.09442739997588095,100,68,0.68,1764.771643752887,inf,0.5600089435503928,1.0,0.7800044717751964,0.15721146410034226,0.3403930286602509,0.34610584353557944
390,4335.742078932714,64,435,0.1471264367816092,210181.47998582787,3284.0856247785605,42.03629599716557,0.09663516321187486,100,69,0.69,1774.605344818426,inf,0.5548955375849427,1.0,0.7774477687924713,0.1595936972097018,0.34539898424302423,0.3461040357113018
391,4346.859366314593,65,435,0.14942528735632185,214961.70772039887,3307.1031956984443,42.99234154407978,0.09883296906685006,100,69,0.69,1766.4989851026714,inf,0.5537768599441687,1.0,0.7768884299720844,0.16097226954738286,0.34540243067386844,0.3461022459025328
392,4357.976653696472,65,435,0.14942528735632185,214662.68459138155,3302.5028398674085,42.93253691827631,0.09869548716845129,100,69,0.69,1760.3320289121423,inf,0.5529258199898758,1.0,0.7764629099949378,0.16111628858675675,0.34540279072146685,0.3461004661183571
393,4369.09394107835,64,435,0.1471264367816092,209373.74504000918,3271.4647662501434,41.874749008001835,0.09626379082299273,100,69,0.69,1756.4857352671575,inf,0.5523950314668677,1.0,0.7761975157334339,0.16003313754477938,0.3454000828438619,0.346098688495833
394,4380.211228460229,63,435,0.14482758620689656,204024.34823728973,3238.4817180522177,40.80486964745794,0.0938042980401332,100,70,0.7,1769.7747346053793,inf,0.5477684628447532,1.0,0.7738842314223766,0.1599600333088783,0.35039990008327215,0.3461095776390923
395,4391.328515842108,63,435,0.14482758620689656,203687.55507868435,3233.1357948997515,40.73751101573687,0.09364945061088936,100,69,0.69,1754.455525810692,inf,0.5521148625618755,1.0,0.7760574312809377,0.1587960096649758,0.3453969900241624,0.34610777817541827
396,4402.445803223986,64,435,0.1471264367816092,208351.6434616195,3255.4944290878047,41.670328692323906,0.09579385906281358,100,69,0.69,1753.7724699963978,inf,0.5520206008595029,1.0,0.7760103004297514,0.1598917793165311,0.3453997294482913,0.3461059946773651
397,4413.563090605865,62,435,0.1425287356321839,197942.05358566635,3192.6137675107475,39.58841071713326,0.09100784072904197,100,69,0.69,1753.849162245392,inf,0.5520311843898642,1.0,0.7760155921949321,0.15749612426705495,0.3453937403106676,0.3461042050935291
398,4424.680377987744,61,435,0.14022988505747128,192499.28825216126,3155.7260369206765,38.49985765043226,0.08850541988605118,100,70,0.7,1774.611153122428,inf,0.5484455614371399,1.0,0.77422278071857,0.15714131958374056,0.3503928532989593,0.34611495358527206
399,4435.797665369622,61,435,0.14022988505747128,192074.85014026155,3148.7680350862547,38.41497002805231,0.08831027592655703,100,72,0.72,1802.7066764148665,inf,0.5395897614037408,1.0,0.7697948807018704,0.15925769761234332,0.3603981442440308,0.346150661561919
400,4446.914952751501,61,435,0.14022988505747128,191670.60579437582,3142.141078596325,38.334121158875156,0.08812441645718427,100,72,0.72,1802.541616660468,inf,0.5395659927991074,1.0,0.7697829963995537,0.15917071002881533,0.36039792677507204,0.3461861909016027
401,4458.03224013338,60,435,0.13793103448275862,186267.07101169787,3104.451183528298,37.253414202339584,0.08564003264905652,100,71,0.71,1786.5812638293746,inf,0.5436945394637712,1.0,0.7718472697318857,0.15689638145858542,0.35539224095364647,0.3462090915236227
402,4469.149527515258,59,435,0.135632183908046,180793.1891787337,3064.2913420124355,36.15863783574674,0.08312330536953273,100,71,0.71,1789.484757943475,inf,0.5441068356279735,1.0,0.7720534178139867,0.15553494377777305,0.35538883735944443,0.3462318700492699
403,4480.266814897137,59,435,0.135632183908046,180336.72438868607,3056.554650655696,36.06734487773722,0.08291343650054533,100,70,0.7,1780.078682943632,inf,0.5492110156121086,1.0,0.7746055078060543,0.1541539643472455,0.35038538491086807,0.3462421510266501
404,4491.384102279016,59,435,0.135632183908046,179875.16276516372,3048.7315722909107,35.975032553032754,0.08270122425984541,100,70,0.7,1785.9390053700986,inf,0.5500314607518139,1.0,0.7750157303759069,0.1538427469419693,0.3503846068673549,0.34625237931267655
405,4502.501389660894,60,435,0.13793103448275862,184383.3946661284,3073.056577768807,36.87667893322569,0.08477397455913951,100,68,0.68,1755.3315829238945,inf,0.5587250952776496,1.0,0.7793625476388248,0.15270571346015738,0.3403817642836504,0.34623791966974793
406,4513.618677042773,57,435,0.1310344827586207,168715.2704874801,2959.917026096142,33.743054097496014,0.07757023930458853,100,68,0.68,1761.819822494557,inf,0.5596074958592596,1.0,0.7798037479296298,0.14888324568747935,0.3403722081142187,0.3462235076020439
407,4524.735964424652,57,435,0.1310344827586207,167987.12559156417,2947.142554237968,33.59742511831283,0.07723546004209846,100,67,0.67,1751.1411144879007,inf,0.5646529093413787,1.0,0.7823264546706894,0.14745450268570448,0.33536863625671426,0.34619690252521707
408,4535.85325180653,58,435,0.13333333333333333,172256.4350388637,2969.9385351528226,34.45128700777274,0.0791983609374086,100,64,0.64,1707.1516173663135,inf,0.5785154070228882,1.0,0.7892577035114441,0.1449703287129822,0.3203624258217825,0.3461337375455021
409,4546.970539188409,56,435,0.12873563218390804,161508.90317945802,2884.0875567760363,32.3017806358916,0.07425696697906116,100,67,0.67,1766.921563264416,inf,0.5667674894774316,1.0,0.7833837447387157,0.1454366111201727,0.33536359152780043,0.34610746889667837
410,4558.087826570288,56,435,0.12873563218390804,160665.69584250377,2869.0302829018533,32.133139168500755,0.07386928544482932,100,67,0.67,1770.8924485423308,inf,0.5672995881046723,1.0,0.7836497940523361,0.14510974569624657,0.3353627743642406,0.346081326087597
411,4569.205113952166,58,435,0.13333333333333333,169809.55143839584,2927.7508868688938,33.96191028767917,0.0780733569831705,100,67,0.67,1772.1227088578603,inf,0.5674644429869533,1.0,0.7837322214934767,0.14717056774484688,0.33536792641936214,0.346055322690344
412,4580.322401334045,58,435,0.13333333333333333,168918.301449386,2912.3845077480346,33.7836602898772,0.07766358687328091,100,67,0.67,1774.8167518967393,inf,0.5678254447541631,1.0,0.7839127223770815,0.14687543224809968,0.33536718858062026,0.34602944343099845
413,4591.439688715924,58,435,0.13333333333333333,168064.17867097474,2897.6582529478405,33.61283573419494,0.07727088674527571,100,67,0.67,1778.8769312308427,inf,0.568369508784933,1.0,0.7841847543924665,0.14654306617640467,0.33536635766544104,0.34600368718518787
414,4602.556976097802,58,435,0.13333333333333333,167249.06525063782,2883.6045732868592,33.44981305012757,0.07689612195431625,100,67,0.67,1783.6572368040008,inf,0.5690100697317361,1.0,0.784505034865868,0.14619554354422415,0.3353654888588606,0.34597805297235334
415,4613.674263479681,58,435,0.13333333333333333,166474.72390196292,2870.253860378671,33.29494478039258,0.07654010294343122,100,67,0.67,1787.70446699678,inf,0.5695523985775686,1.0,0.7847761992887843,0.14588195182732344,0.3353647048795683,0.34595254011636106
416,4624.79155086156,58,435,0.13333333333333333,165742.85109384256,2857.6353636869408,33.14857021876851,0.07620360969831842,100,66,0.66,1774.2783254933581,inf,0.5742047389651234,1.0,0.7871023694825616,0.14455062010787845,0.3303613765502697,0.34591515123490757
417,4635.908838243438,58,435,0.13333333333333333,165055.18731477973,2845.7790916341332,33.01103746295595,0.0758874424435769,100,67,0.67,1791.6858165462297,inf,0.5700858994171947,1.0,0.7850429497085973,0.1454222463674898,0.33536355561591874,0.3458899081831875
418,4647.026125625317,58,435,0.13333333333333333,164413.66819792287,2834.7184172055668,32.88273363958458,0.07559249112548179,100,68,0.68,1813.167838624313,inf,0.5665908260529067,1.0,0.7832954130264533,0.1461485390495142,0.3403653713476238,0.345876723131074
419,4658.143413007196,58,435,0.13333333333333333,163820.59689388002,2824.493049894483,32.764119378776016,0.07531981466385292,100,69,0.69,1832.2547245078874,inf,0.5628511519820885,1.0,0.7814255759910442,0.14694711933640436,0.345367367798341,0.34587551038028175
420,4669.260700389074,58,435,0.13333333333333333,163278.82581792455,2815.152169274561,32.65576516358491,0.0750707245139883,100,69,0.69,1838.2985719714309,inf,0.5636852029320575,1.0,0.7818426014660287,0.14661406152397982,0.34536653515380994,0.3458743014129979
421,4680.377987770953,58,435,0.13333333333333333,162791.94811751277,2806.7577261640135,32.55838962350255,0.07484687269770701,100,67,0.67,1808.31875644943,inf,0.5723147133642236,1.0,0.7861573566821118,0.14434475800779756,0.3353608618950195,0.3458493880492113
422,4691.495275152832,58,435,0.13333333333333333,162364.512027233,2799.388138400569,32.472902405446604,0.07465035035734852,100,69,0.69,1845.8298265348021,inf,0.5647245160618026,1.0,0.7823622580309013,0.14614404616322363,0.345365360115408,0.34584824377513607
423,4702.61256253471,59,435,0.135632183908046,166985.16471558774,2830.2570290777585,33.39703294311755,0.07677478837498287,100,69,0.69,1852.4315327256031,inf,0.5656355515161333,1.0,0.7828177757580667,0.14697850630845816,0.3453674462657711,0.3458471098187461
424,4713.729849916589,59,435,0.135632183908046,166627.73943905265,2824.1989735432653,33.32554788781054,0.07661045491450698,100,70,0.7,1871.7467638616545,inf,0.5620445469406316,1.0,0.7810222734703158,0.1477940907220956,0.3503694852268052,0.34585775070205915
425,4724.847137298468,59,435,0.135632183908046,166351.61918355562,2819.5189692128074,33.27032383671113,0.07648350307289914,100,71,0.71,1889.795907111816,inf,0.5583510188098779,1.0,0.779175509404939,0.14865399683398012,0.3553716349920849,0.3458800837637728
426,4735.964424680346,59,435,0.135632183908046,166167.95637816688,2816.4060403079134,33.23359127563338,0.0763990604037549,100,69,0.69,1859.5369310941103,inf,0.5666160964909873,1.0,0.7833080482454937,0.14654550607913064,0.3453663637651978,0.34587888067244127
427,4747.081712062225,58,435,0.13333333333333333,161080.30776641174,2777.246685627789,32.21606155328235,0.07405991161674104,100,69,0.69,1859.3272404042534,inf,0.566587159175787,1.0,0.7832935795878935,0.1453831660144238,0.34536345791503603,0.3458776764136623
428,4758.198999444104,57,435,0.1310344827586207,156051.4246648834,2737.7442923663757,31.21028493297668,0.0717477814551188,100,69,0.69,1858.8174147673524,inf,0.5665168032378946,1.0,0.7832584016189472,0.1442446899180858,0.3453606117247952,0.34587647113466724
429,4769.316286825982,58,435,0.13333333333333333,161058.93289486936,2776.8781533598167,32.21178657897387,0.07405008408959511,100,69,0.69,1856.441269052874,inf,0.5661888951292967,1.0,0.7830944475646484,0.1454778182624733,0.34536369454565613,0.3458752786309719
430,4780.433574207861,59,435,0.135632183908046,166081.00910916828,2814.9323577825135,33.21620182183366,0.07635908464789347,100,68,0.68,1832.993033315997,inf,0.5692870525309757,1.0,0.7846435262654878,0.1458577791912028,0.34036464444797804,0.3458624929368118
431,4791.55086158974,59,435,0.135632183908046,166139.7199123985,2815.927456142347,33.2279439824797,0.07638607812064299,100,67,0.67,1814.2462015751526,inf,0.5731089910110704,1.0,0.7865544955055352,0.14491579130755383,0.3353622894782689,0.3458381869102874
432,4802.668148971618,59,435,0.135632183908046,166294.47228550067,2818.5503777203503,33.25889445710013,0.0764572286370118,100,66,0.66,1795.7592852061007,inf,0.5770402256472054,1.0,0.7885201128236027,0.14396855790670454,0.3303599213947668,0.34580244033865803
433,4813.785436353497,59,435,0.135632183908046,166536.81082962552,2822.6578106716192,33.307362165925106,0.0765686486572991,100,66,0.66,1791.086486843879,inf,0.576423416263392,1.0,0.7882117081316959,0.14417847026280162,0.330360446175657,0.3457668597069461
434,4824.902723735376,60,435,0.13793103448275862,171851.0738974256,2864.1845649570937,34.37021477948511,0.07901198799881634,100,66,0.66,1787.7968319833708,inf,0.575989181821805,1.0,0.7879945909109025,0.14550869854395687,0.3303637717463599,0.34573145030933555
435,4836.020011117254,60,435,0.13793103448275862,172164.5042746548,2869.4084045775803,34.432900854930956,0.07915609391938151,100,66,0.66,1785.8131762240341,inf,0.5757273392615725,1.0,0.7878636696307862,0.14564621214429768,0.33036411553036077,0.3456962041286498
436,4847.137298499133,60,435,0.13793103448275862,172544.1357464518,2875.7355957741966,34.50882714929036,0.07933063712480543,100,68,0.68,1812.5428458728318,inf,0.5665058270387051,1.0,0.7832529135193526,0.14803886180272646,0.34037009715450683,0.3456840162408371
437,4858.254585881012,61,435,0.14022988505747128,177950.9327764584,2917.228406171449,35.590186555291666,0.08181652081676245,100,70,0.7,1839.365114918169,inf,0.5575111160885438,1.0,0.7787555580442719,0.1515304813862453,0.3503788262034656,0.34569473498504405
438,4869.37187326289,60,435,0.13793103448275862,173356.0344694796,2889.2672411579933,34.67120689389592,0.07970392389401361,100,70,0.7,1834.342290626225,inf,0.5568079206876715,1.0,0.7784039603438357,0.15064998177508893,0.3503766249544377,0.3457053998824686
439,4880.489160644769,60,435,0.13793103448275862,173801.63591784972,2896.693931964162,34.76032718356995,0.07990879812314931,100,70,0.7,1831.7457826909542,inf,0.5564444095767336,1.0,0.7782222047883668,0.1508432966673912,0.35037710824166846,0.34571601740146685
440,4891.606448026648,60,435,0.13793103448275862,174291.0326657401,2904.8505444290013,34.858206533148014,0.08013380812217934,100,70,0.7,1823.5347319061225,inf,0.5552948624668571,1.0,0.7776474312334285,0.15124318844437545,0.3503781079711109,0.34572658903541165
441,4902.723735408526,59,435,0.135632183908046,169813.85638172232,2878.200955622412,33.96277127634446,0.07807533626745854,100,70,0.7,1818.123996602829,inf,0.5545373595243961,1.0,0.777268679762198,0.1504033282526302,0.35037600832063154,0.3457371080835682
442,4913.841022790405,59,435,0.135632183908046,170365.90032791396,2887.5576326765076,34.073180065582804,0.07832914957605243,100,70,0.7,1812.0151792937654,inf,0.5536821251011271,1.0,0.7768410625505635,0.1507440435127445,0.35037686010878183,0.3457475815644378
443,4924.958310172284,59,435,0.135632183908046,170953.7948906928,2897.521947299878,34.19075897813856,0.07859944592675532,100,70,0.7,1806.8292883018498,inf,0.5529561003622591,1.0,0.7764780501811295,0.15106069787281295,0.350377651744682,0.34575800965042935
444,4936.075597554162,59,435,0.135632183908046,171575.70211443354,2908.0627477022636,34.3151404228867,0.07888538028249815,100,69,0.69,1787.4826085979746,inf,0.5566725999865204,1.0,0.7783362999932602,0.15027454014461905,0.34537568635036153,0.34575715049694605
445,4947.192884936041,60,435,0.13793103448275862,177214.26053527088,2953.571008921181,35.442852107054165,0.0814778209357567,100,70,0.7,1798.2003198891207,inf,0.5517480447844769,1.0,0.7758740223922385,0.15280189927175913,0.3503820047481794,0.34576752012531203
446,4958.31017231792,59,435,0.135632183908046,172820.94287006737,2929.168523221481,34.56418857401348,0.07945790476784707,100,70,0.7,1795.5131510555,inf,0.5513718411477699,1.0,0.775685920573885,0.151885992096981,0.35037971498024245,0.3457778382346072
447,4969.427459699798,60,435,0.13793103448275862,178392.24330606664,2973.2040551011105,35.678448661213324,0.0820194222096858,100,70,0.7,1795.3017783336286,inf,0.551342248966708,1.0,0.7756711244833541,0.15317414886316583,0.35038293537215787,0.3457881174692892
448,4980.544747081677,60,435,0.13793103448275862,178923.8499687065,2982.064166145108,35.7847699937413,0.08226383906607196,100,69,0.69,1779.4578230517338,inf,0.5555651795811393,1.0,0.7777825897905697,0.15224062463775112,0.34538060156159434,0.345787209861477
449,4991.662034463556,60,435,0.13793103448275862,179486.36813162826,2991.439468860471,35.89727362632565,0.08252246810649574,100,69,0.69,1779.525347342515,inf,0.5555744979332672,1.0,0.7777872489666335,0.15236760956993112,0.3453809190239248,0.34578630699294916
450,5002.779321845434,60,435,0.13793103448275862,180079.38730165834,3001.3231216943054,36.01587746033166,0.08279512059846358,100,69,0.69,1776.8959585385483,inf,0.5552116422783197,1.0,0.7776058211391599,0.15259464972965187,0.3453814866243241,0.3457854093868103
451,5013.896609227313,60,435,0.13793103448275862,180702.5356889211,3011.708928148685,36.140507137784226,0.08308162560410166,100,69,0.69,1774.8499333923382,inf,0.5549292908081427,1.0,0.7774646454040713,0.15280849010001513,0.34538202122525,0.3457845169351254
452,5025.013896609192,62,435,0.1425287356321839,191317.69533122084,3085.76927953582,38.263539066244164,0.08796215877297509,100,70,0.7,1792.4986928485541,inf,0.5509498169987976,1.0,0.7754749084993988,0.15624362513678813,0.350390609062842,0.3457946849089173
453,5036.13118399107,63,435,0.14482758620689656,196879.93079227424,3125.0782665440356,39.37598615845484,0.09051950841024102,100,69,0.69,1772.3131766195847,inf,0.5545792183735027,1.0,0.7772896091867514,0.15661494961174482,0.34539153737402933,0.3457937969187524
454,5047.248471372949,61,435,0.14022988505747128,187375.6668544153,3071.732243515005,37.47513337088305,0.08614973188708747,100,69,0.69,1768.9212983987886,inf,0.5541111391790329,1.0,0.7770555695895165,0.15454708114878546,0.34538636770287195,0.34579290146992625
455,5058.365758754828,61,435,0.14022988505747128,187777.19081578843,3078.3146035375153,37.55543816315769,0.0863343406049602,100,69,0.69,1767.1200532808366,inf,0.5538625673527555,1.0,0.7769312836763778,0.1547015284642912,0.3453867538211607,0.34579201079525795
456,5069.483046136706,60,435,0.13793103448275862,183157.8460757101,3052.630767928502,36.63156921514202,0.08421050394285523,100,70,0.7,1781.2006649254533,inf,0.5493680930895635,1.0,0.7746840465447817,0.1547632286990367,0.35038690807174755,0.34580206527507523
457,5080.600333518585,59,435,0.135632183908046,178530.3369702837,3025.9379147505715,35.70606739405674,0.08208291354955571,100,70,0.7,1782.4640122192106,inf,0.5495449617106895,1.0,0.7747724808553447,0.15365521634710555,0.35038413804086777,0.3458120698007648
458,5091.717620900464,58,435,0.13333333333333333,173865.1463590508,2997.6749372250138,34.77302927181016,0.07993799832600036,100,71,0.71,1802.8659782986908,inf,0.5460069689184142,1.0,0.7730034844592071,0.1534672569333967,0.35538366814233346,0.345832922956193
459,5102.834908282342,58,435,0.13333333333333333,174228.5940328663,3003.9412764287295,34.84571880657326,0.08010510070476612,100,71,0.71,1806.1384441940443,inf,0.5464716590755543,1.0,0.7732358295377771,0.15343463558349452,0.35538358658895874,0.3458536852684382
460,5113.952195664221,58,435,0.13333333333333333,174521.68778555465,3008.9946169923214,34.904337557110935,0.08023985645312859,100,71,0.71,1809.8232738781571,inf,0.5469949048906984,1.0,0.7734974524453492,0.1533712020038897,0.3553834280050097,0.3458743571615761
461,5125.0694830461,58,435,0.13333333333333333,174805.44833570078,3013.887040270703,34.96108966714016,0.08037032107388542,100,71,0.71,1813.2210214948147,inf,0.5474773850522637,1.0,0.7737386925261318,0.15331581427387686,0.35538328953568465,0.345894939266282
462,5136.186770427978,58,435,0.13333333333333333,175119.02557725422,3019.2935444354175,35.023805115450855,0.08051449451827783,100,73,0.73,1848.7708647981822,inf,0.5399205462605347,1.0,0.7699602731302673,0.1552771106940053,0.365388192776735,0.34593704132569986
463,5147.304057809857,57,435,0.1310344827586207,170434.87144543914,2990.0854639550726,34.08697428908783,0.07836086043468465,100,72,0.72,1836.0421795480102,inf,0.5443900738549134,1.0,0.7721950369274567,0.15308291175361394,0.36038270727938404,0.3459681742264621
464,5158.421345191736,57,435,0.1310344827586207,170770.3272981728,2995.9706543539087,34.154065459634566,0.07851509301065418,100,71,0.71,1825.1870664888281,inf,0.5491765634414135,1.0,0.7745882817207068,0.15196340564497368,0.35537990851411244,0.34598841451525275
465,5169.538632573614,58,435,0.13333333333333333,176090.8818878604,3036.049687721731,35.218176377572085,0.08096132500591284,100,71,0.71,1835.656874592806,inf,0.5506632761921785,1.0,0.7753316380960893,0.1528148434549118,0.35538203710863725,0.3460085725036505
466,5180.655919955493,58,435,0.13333333333333333,176409.57893548466,3041.544464404908,35.28191578709693,0.08110785238413087,100,70,0.7,1827.9870708850895,inf,0.5559181899239126,1.0,0.7779590949619564,0.15157437871108725,0.3503789359467777,0.3460179308836144
467,5191.773207337372,57,435,0.1310344827586207,171685.43068669032,3012.025099766497,34.33708613733806,0.07893583020077716,100,70,0.7,1834.8514756622862,inf,0.55687920659272,1.0,0.7784396032963601,0.15024811345220856,0.3503756202836305,0.3460272421857512
468,5202.8904947192505,57,435,0.1310344827586207,171960.43288555523,3016.849699746583,34.39208657711104,0.0790622679933587,100,69,0.69,1826.4130505278747,inf,0.5620450009728467,1.0,0.7810225004864233,0.14901988375346775,0.34537254970938364,0.3460258462529658
469,5214.007782101129,58,435,0.13333333333333333,177264.28248608162,3056.2807325186486,35.45285649721633,0.08150081953383065,100,70,0.7,1845.9518537848876,inf,0.5584332595298842,1.0,0.7792166297649421,0.1511420948844443,0.3503778552372111,0.3460351058465493
470,5225.125069483008,59,435,0.135632183908046,182556.5752981165,3094.179242340958,36.5113150596233,0.08393405760832942,100,69,0.69,1831.5008950045049,inf,0.5627471235106216,1.0,0.7813735617553108,0.1512802479265093,0.3453782006198162,0.34603371114330783
471,5236.2423568648865,58,435,0.13333333333333333,177763.4999924463,3064.887930904247,35.55269999848927,0.08173034482411326,100,68,0.68,1816.013883226078,inf,0.5669778881187466,1.0,0.7834889440593733,0.14912070038237002,0.34037280175095597,0.3460217176912054
472,5247.359644246765,58,435,0.13333333333333333,177988.4629427984,3068.766602462041,35.59769258855968,0.08183377606565444,100,68,0.68,1817.8395637251367,inf,0.5672261806666186,1.0,0.7836130903333093,0.14911034286617258,0.34037277585716547,0.34600977489663026
473,5258.476931628644,58,435,0.13333333333333333,178246.69582690226,3073.2188935672802,35.649339165380454,0.08195250382846081,100,69,0.69,1832.899405352836,inf,0.5629401179386914,1.0,0.7814700589693457,0.1502412224295575,0.34537560305607384,0.3460084369813548
474,5269.5942190105225,58,435,0.13333333333333333,178538.54008471867,3078.250691115839,35.70770801694373,0.08208668509642236,100,67,0.67,1797.7788831813643,inf,0.5709023703463029,1.0,0.7854511851731514,0.1483177499616355,0.33537079437490414,0.3459860419442886
475,5280.711506392401,58,435,0.13333333333333333,178864.70900445676,3083.874293180289,35.772941800891346,0.08223664781814102,100,68,0.68,1810.8264837918668,inf,0.5662724017956939,1.0,0.783136200897847,0.14955022346014707,0.3403738755586504,0.34597425167877255
476,5291.82879377428,57,435,0.1310344827586207,174147.77437244926,3055.2241117973554,34.82955487448986,0.08006794224020657,100,69,0.69,1824.0116675610834,inf,0.5617136101234295,1.0,0.7808568050617147,0.14960556858924595,0.3453740139214731,0.3459729933186944
477,5302.9460811561585,55,435,0.12643678160919541,164329.27935580607,2987.805079196474,32.8658558711612,0.07555369165784184,100,68,0.68,1805.6583499943977,inf,0.5655695355992381,1.0,0.782784767799619,0.14638446192911142,0.3403659611548228,0.34596126312588293
478,5314.063368538037,56,435,0.12873563218390804,169478.32712732954,3026.398698702313,33.895665425465914,0.0779210699435998,100,69,0.69,1819.760568977714,inf,0.5611269585189246,1.0,0.7805634792594622,0.14867879534206874,0.3453716969883551,0.3459600322988735
479,5325.180655919916,56,435,0.12873563218390804,169664.66435232694,3029.7261491486956,33.932932870465386,0.07800674223095491,100,68,0.68,1797.2631793426872,inf,0.5644277923906055,1.0,0.7822138961953027,0.14789642301782613,0.3403697410575446,0.3459483858587874
480,5336.2979433017945,56,435,0.12873563218390804,169900.072158889,3033.929859980161,33.9800144317778,0.07811497570523633,100,67,0.67,1782.0171055971293,inf,0.5687902921500153,1.0,0.7843951460750076,0.1468599148151144,0.3353671497870378,0.3459263874469958
481,5347.415230683673,56,435,0.12873563218390804,170185.18777745139,3039.021210311632,34.03703755549027,0.07824606334595464,100,65,0.65,1745.6446139969091,inf,0.5769337998195981,1.0,0.788466899909799,0.14488958171807786,0.3253622239542952,0.3458837232073844
482,5358.532518065552,56,435,0.12873563218390804,170518.01726705988,3044.9645940546407,34.10360345341198,0.07839908839864823,100,65,0.65,1746.0077322647273,inf,0.5769810051944145,1.0,0.7884905025972073,0.14495429290072048,0.3253623857322518,0.34584123596623506
483,5369.6498054474305,55,435,0.12643678160919541,165873.46716727165,3015.881221223121,33.17469343345433,0.07626366306541225,100,64,0.64,1730.0236621539784,inf,0.5814430287557093,1.0,0.7907215143778547,0.14277107434377884,0.32035692768585944,0.34578858243673016
484,5380.767092829309,56,435,0.12873563218390804,171277.0300784558,3058.5183942581393,34.255406015691165,0.07874805980618658,100,64,0.64,1728.5208923314813,inf,0.5812506742184297,1.0,0.7906253371092149,0.1440613613484858,0.3203601534033712,0.34573615268614594
485,5391.884380211188,56,435,0.12873563218390804,171706.11592572142,3066.1806415307396,34.34122318514429,0.07894534065550411,100,65,0.65,1748.8244304462678,inf,0.5773471759580149,1.0,0.7886735879790074,0.14513587633824832,0.3253628396908456,0.3456942322890363
486,5403.0016675930665,57,435,0.1310344827586207,177116.9910828622,3107.31563303267,35.42339821657244,0.08143309934844238,100,64,0.64,1732.2986941689478,inf,0.5817342328536252,1.0,0.7908671164268126,0.14528299146081491,0.32036320747865205,0.3456422178643743
487,5414.118954974945,57,435,0.1310344827586207,177437.96122083114,3112.9466880847567,35.48759224416623,0.0815806718256695,100,65,0.65,1747.0169591334336,inf,0.5771122046873463,1.0,0.7885561023436731,0.1465122847409982,0.32536628071185253,0.34560066881283225
488,5425.236242356824,58,435,0.13333333333333333,182666.35564092934,3149.4199248436094,36.533271128185866,0.0839845313291629,100,64,0.64,1722.5552359968997,inf,0.5804870702076032,1.0,0.7902435351038015,0.14687049811268071,0.3203671762452817,0.3455490665785428
489,5436.3535297387025,58,435,0.13333333333333333,182810.52267839698,3151.9055634206375,36.562104535679396,0.08405081502455033,100,64,0.64,1718.2381556813607,inf,0.5799344839272141,1.0,0.789967241963607,0.14704178653047162,0.3203676044663262,0.3454976758395382
490,5447.470817120581,58,435,0.13333333333333333,182883.5116725686,3153.163994354631,36.576702334513726,0.08408437318279018,100,65,0.65,1735.5863601440772,inf,0.57562622681873,1.0,0.787813113409365,0.14813562988671264,0.3253703390747168,0.3454566833003023
491,5458.58810450246,58,435,0.13333333333333333,182977.75967086898,3154.7889598425686,36.59555193417379,0.08412770559580182,100,67,0.67,1766.5463054930335,inf,0.5667172049360666,1.0,0.7833586024680332,0.1503845515638843,0.33537596137890974,0.3454361940281044
492,5469.7053918843385,57,435,0.1310344827586207,178073.07011629778,3124.088949408733,35.61461402325956,0.08187267591553922,100,66,0.66,1748.9611671178618,inf,0.5708628740595577,1.0,0.7854314370297788,0.14822061944288023,0.3303705515486072,0.3454056349155699
493,5480.822679266217,57,435,0.1310344827586207,178156.3743120521,3125.55042652723,35.63127486241042,0.08191097669519637,100,66,0.66,1745.5875888554697,inf,0.570417561728922,1.0,0.785208780864461,0.1483510979153677,0.33037087774478846,0.345375200184455
494,5491.939966648096,57,435,0.1310344827586207,178259.84518704072,3127.365705035802,35.651969037408136,0.08195854951128308,100,66,0.66,1743.6440648932205,inf,0.5701610165659051,1.0,0.7850805082829526,0.14843902061416525,0.33037109755153543,0.3453448888660046
495,5503.0572540299745,59,435,0.135632183908046,188345.82430443392,3192.3021068548123,37.66916486088679,0.08659578128939492,100,67,0.67,1763.0182962977924,inf,0.5662444517039041,1.0,0.7831222258519521,0.1517367777187214,0.3353793419442968,0.34532479703753344
496,5514.174541411853,59,435,0.135632183908046,188444.39633653156,3193.972819263247,37.688879267306305,0.08664110176392253,100,67,0.67,1761.604404644285,inf,0.5660549902223342,1.0,0.7830274951111671,0.15180680332637775,0.335379517008316,0.3453047864137322
497,5525.291828793732,59,435,0.135632183908046,188557.70600866765,3195.8933221808074,37.711541201733525,0.08669319816490466,100,66,0.66,1741.2916544645097,inf,0.5698504983893153,1.0,0.7849252491946577,0.15088397448512347,0.33037720993621283,0.3452748113605645
498,5536.4091161756105,58,435,0.13333333333333333,183558.87740918994,3164.80823119293,36.71177548183799,0.0843948861651448,100,67,0.67,1759.8131332231317,inf,0.5658149598518997,1.0,0.7829074799259499,0.1507437031195975,0.33537685925779903,0.34525497578520825
499,5547.526403557489,58,435,0.13333333333333333,183475.63120621958,3163.372951831372,36.69512624124392,0.0843566120488366,100,69,0.69,1790.7449718408707,inf,0.5571228061140401,1.0,0.77856140305702,0.15289760449590828,0.34538224401123974,0.3452552303216603
500,5558.643690939368,56,435,0.12873563218390804,173344.10332897655,3095.430416588867,34.66882066579531,0.07969843831217312,100,69,0.69,1791.1449401589032,inf,0.5571780017419287,1.0,0.7785890008709644,0.15055471872060433,0.3453763867968015,0.345255472150952
501,5569.7609783212465,56,435,0.12873563218390804,173219.7077980886,3093.209067823011,34.64394155961772,0.07964124496463844,100,69,0.69,1789.9835981908939,inf,0.5570177365503433,1.0,0.7785088682751716,0.1505661883447334,0.3453764154708618,0.3452557130739
502,5580.878265703125,57,435,0.1310344827586207,178057.30084208783,3123.8122954752253,35.611460168417565,0.08186542567452314,100,70,0.7,1798.6367263713034,inf,0.5518091416919825,1.0,0.7759045708459913,0.15298042741426587,0.35038245106853566,0.3452659053959569
503,5591.995553085004,58,435,0.13333333333333333,182860.32231689716,3152.7641778775373,36.57206446337943,0.08407371141006764,100,70,0.7,1799.7987289537564,inf,0.551971822053526,1.0,0.7759859110267631,0.15404390019165226,0.3503851097504791,0.345276062547454
504,5603.1128404668825,58,435,0.13333333333333333,182670.14094383732,3149.4851886868505,36.534028188767465,0.08398627169831602,100,69,0.69,1786.3730532845277,inf,0.5565194813532648,1.0,0.7782597406766324,0.15286326551084178,0.3453821581637771,0.3452762726377833
505,5614.230127848761,59,435,0.135632183908046,187452.5510565388,3177.1618823142167,37.49051021130776,0.08618508094553508,100,69,0.69,1788.7191506183635,inf,0.5568432427853341,1.0,0.7784216213926671,0.153881729776434,0.34538470432444107,0.3452764869296542
506,5625.34741523064,57,435,0.1310344827586207,177135.86172808797,3107.6466969839994,35.42717234561759,0.08144177550716687,100,69,0.69,1793.7393870352482,inf,0.5575360354108643,1.0,0.7787680177054321,0.15133687890086733,0.34537834219725216,0.3452766878276179
507,5636.4647026125185,57,435,0.1310344827586207,176792.7323856004,3101.6268839579016,35.35854647712008,0.08128401488993121,100,70,0.7,1813.1853501954774,inf,0.5538459490273668,1.0,0.7769229745136834,0.1521805201881239,0.3503804513004703,0.34528673460610776
508,5647.581989994397,57,435,0.1310344827586207,176476.889288084,3096.08577698393,35.2953778576168,0.0811387996726823,100,68,0.68,1779.8963524108428,inf,0.5620659039278746,1.0,0.7810329519639373,0.15005292385437247,0.34037513230963595,0.3452770850927552
509,5658.699277376276,57,435,0.1310344827586207,176189.38862544534,3091.0419057095673,35.23787772508908,0.0810066154599749,100,69,0.69,1804.266445010101,inf,0.558988769411394,1.0,0.779494384705697,0.15075611537713896,0.3453768902884428,0.3452772807892173
510,5669.8165647581545,57,435,0.1310344827586207,175896.29448907854,3085.8999033171676,35.17925889781571,0.08087185953520852,100,70,0.7,1817.5694671244246,inf,0.5544597253974195,1.0,0.7772298626987098,0.15182099841824936,0.3503795524960456,0.3452872656653559
511,5680.933852140033,57,435,0.1310344827586207,175610.07841279582,3080.878568645541,35.12201568255916,0.0807402659369176,100,70,0.7,1815.3529892977676,inf,0.5541494185016875,1.0,0.7770747092508438,0.15183277834303693,0.35037958194585755,0.34529721159559124
512,5692.051139521912,57,435,0.1310344827586207,175356.20024879737,3076.424565768375,35.07124004975947,0.08062354034427464,100,69,0.69,1803.7867757598308,inf,0.5589225750548567,1.0,0.7794612875274283,0.15058112640842314,0.34537645281602103,0.34529736606190786
513,5703.1684269037905,57,435,0.1310344827586207,175136.09444876714,3072.5630605046867,35.02721888975342,0.08052234227529521,100,69,0.69,1806.0788757931884,inf,0.55923888485946,1.0,0.77961944242973,0.1504514499227826,0.34537612862480693,0.34529751929646607
514,5714.285714285669,55,435,0.12643678160919541,164902.94889246393,2998.235434408435,32.980589778492785,0.07581744776665009,100,67,0.67,1774.6813675292487,inf,0.5678073032489194,1.0,0.7839036516244597,0.14595689807109513,0.33536489224517774,0.34527823264199753
515,5725.403001667548,54,435,0.12413793103448276,159651.79364846394,2956.5146971937766,31.93035872969279,0.07340312351653515,100,66,0.66,1757.0870486107697,inf,0.5719354904166215,1.0,0.7859677452083107,0.1437176891541122,0.3303592942228853,0.3452493199706427
516,5736.5202890494265,54,435,0.12413793103448276,159439.3120472051,2952.5798527260204,31.88786240944102,0.0733054308263012,100,67,0.67,1780.4936432788163,inf,0.5685861481993614,1.0,0.7842930740996807,0.14450617836331026,0.3353612654459083,0.34523019413984046
517,5747.637576431305,54,435,0.12413793103448276,159274.8498566903,2949.534256605376,31.854969971338054,0.07322981602606449,100,68,0.68,1797.4439834525256,inf,0.5644523817495434,1.0,0.7822261908747716,0.14550181257564643,0.34036375453143913,0.34522079946878176
518,5758.754863813184,54,435,0.12413793103448276,159167.96086390468,2947.5548308130496,31.833592172780936,0.07318067166156537,100,68,0.68,1800.285203130502,inf,0.5648387876257484,1.0,0.7824193938128742,0.14538063892434555,0.3403634515973109,0.3452114404170063
519,5769.8721511950625,55,435,0.12643678160919541,164121.21607847387,2984.0221105177066,32.82424321569478,0.07545803038090754,100,67,0.67,1785.9172445374438,inf,0.5693129107680174,1.0,0.7846564553840087,0.14540078749844942,0.33536350196874615,0.34519250207383656
520,5780.989438576941,56,435,0.12873563218390804,169126.55321721232,3020.1170217359345,33.825310643442464,0.0777593348125114,100,68,0.68,1802.6603796219783,inf,0.565161811628589,1.0,0.7825809058142945,0.14758921449910845,0.3403689730362478,0.3451832438607126
521,5792.10672595882,56,435,0.12873563218390804,169189.4247600091,3021.2397278573053,33.83788495200183,0.07778824126896972,100,65,0.65,1748.7565975984544,inf,0.577338357687799,1.0,0.7886691788438995,0.14455953121253506,0.32536139882803133,0.3451452709775082
522,5803.224013340699,56,435,0.12873563218390804,169318.9585075577,3023.5528304921017,33.863791701511545,0.07784779701496906,100,67,0.67,1778.5384898635436,inf,0.5683241576417148,1.0,0.7841620788208574,0.14684285909705586,0.33536710714774265,0.3451265746795545
523,5814.341300722577,56,435,0.12873563218390804,169503.42476353428,3026.8468707773977,33.90068495270686,0.07793260908668244,100,68,0.68,1786.445195203409,inf,0.5629565465476637,1.0,0.7814782732738319,0.14822716790642532,0.3403705679197661,0.34511749833077626
524,5825.458588104456,56,435,0.12873563218390804,169735.64982995347,3030.9937469634547,33.94712996599069,0.0780393792321625,100,68,0.68,1781.1323969066634,inf,0.5622340059793062,1.0,0.781117002989653,0.14846118812125475,0.3403711529703032,0.3451084576729468
525,5836.575875486335,55,435,0.12643678160919541,165003.33083033012,3000.0605605514565,33.00066616606602,0.07586360038176096,100,68,0.68,1778.5654544586373,inf,0.5618849018063746,1.0,0.7809424509031873,0.14746057473928686,0.34036865143684825,0.3450994466344751
526,5847.693162868213,54,435,0.12413793103448276,160296.80372056612,2968.4593281586317,32.05936074411323,0.07369967987152466,100,69,0.69,1785.3175698912746,inf,0.556373824644996,1.0,0.778186912322498,0.14775638377451328,0.34536939095943625,0.34509995886279576
527,5858.810450250092,54,435,0.12413793103448276,160597.55582963992,2974.0288116599986,32.11951116592799,0.07383795670328273,100,69,0.69,1778.5531250793827,inf,0.5554403312609549,1.0,0.7777201656304775,0.1480588955364026,0.34537014723884096,0.3451004705832049
528,5869.927737631971,54,435,0.12413793103448276,160935.87427658343,2980.2939680848785,32.187174855316684,0.07399350541452111,100,68,0.68,1755.9090951443695,inf,0.5588036369396342,1.0,0.779401818469817,0.14729584347235203,0.3403682396086809,0.345091524966996
529,5881.045025013849,55,435,0.12643678160919541,166190.36083989314,3021.6429243616935,33.23807216797862,0.07640936130569798,100,68,0.68,1748.1143134600638,inf,0.5577435466305686,1.0,0.7788717733152843,0.14876879399520682,0.34037192198498806,0.3450826200557092
530,5892.162312395728,54,435,0.12413793103448276,161374.9523209919,2988.4250429813314,32.274990464198375,0.07419538037746753,100,67,0.67,1722.80968683828,inf,0.5608564980363295,1.0,0.7804282490181648,0.14688356567965138,0.33536720891419913,0.34506432361288153
531,5903.279599777607,53,435,0.12183908045977011,156505.65948280675,2952.9369713737124,31.301131896561355,0.07195662504956633,100,69,0.69,1751.7043623424913,inf,0.5517352020032638,1.0,0.7758676010016319,0.14804451202396718,0.3453701112800599,0.3450648984017296
532,5914.396887159485,54,435,0.12413793103448276,161578.3123283284,2992.1909690431185,32.31566246566569,0.07428887923141538,100,70,0.7,1765.864557557578,inf,0.5472210380580609,1.0,0.7736105190290304,0.15033918010119246,0.35037584795025295,0.34507486265979437
533,5925.514174541364,54,435,0.12413793103448276,161588.4914734293,2992.3794717301726,32.31769829468587,0.07429355929812843,100,71,0.71,1775.0469379359092,inf,0.5420566651868992,1.0,0.7710283325934496,0.1516326133523394,0.3553790815333808,0.3450941589498198
534,5936.631461923243,54,435,0.12413793103448276,161633.74514520902,2993.217502689056,32.3267490290418,0.07431436558400413,100,70,0.7,1756.5474062747285,inf,0.5459166368784619,1.0,0.772958318439231,0.15067802357238658,0.35037669505893093,0.3451040328490892
535,5947.748749305121,54,435,0.12413793103448276,161713.68401964408,2994.697852215631,32.34273680392881,0.07435111908949152,100,71,0.71,1767.4791775798903,inf,0.5409820432163445,1.0,0.7704910216081722,0.15193004874065963,0.3553798251218516,0.3451232041033294
536,5958.866036687,54,435,0.12413793103448276,161827.84272273348,2996.811902272842,32.36556854454669,0.07440360584953262,100,71,0.71,1766.425412619964,inf,0.5408324085920349,1.0,0.7704162042960174,0.15199370077675756,0.3553799842519419,0.34514230425258197
537,5969.983324068879,54,435,0.12413793103448276,161975.6944558951,2999.549897331391,32.395138891179016,0.0744715836578828,100,73,0.73,1796.1301615887041,inf,0.5322350035919509,1.0,0.7661175017959754,0.15417704093095375,0.36538544260232736,0.3451799309037897
538,5981.100611450757,53,435,0.12183908045977011,157147.03200496858,2965.0383397163882,31.42940640099372,0.07225150896780165,100,73,0.73,1795.0166992521274,inf,0.5320724380908105,1.0,0.7660362190454053,0.15310764496119822,0.36538276911240297,0.34521741297838826
539,5992.217898832636,53,435,0.12183908045977011,157322.64735075654,2968.351836806727,31.464529470151312,0.07233225165552026,100,74,0.74,1811.1746365951262,inf,0.5280538462160785,1.0,0.7640269231080392,0.15415266427374053,0.37038538166068435,0.34526402032779996
540,6003.335186214515,53,435,0.12183908045977011,157526.7402848297,2972.2026468835793,31.505348056965925,0.07242608748727798,100,73,0.73,1797.544421462912,inf,0.5324414855335852,1.0,0.7662207427667926,0.15310267236024266,0.3653827566809006,0.3453012083802086
541,6014.452473596393,53,435,0.12183908045977011,157758.8274976999,2976.5816508999983,31.551765499539982,0.07253279425181605,100,72,0.72,1779.7623416955705,inf,0.5362857772041622,1.0,0.7681428886020811,0.1521949528248675,0.36038048738206213,0.34532902992818254
542,6025.569760978272,54,435,0.12413793103448276,162981.5296178771,3018.1764744051316,32.596305923575414,0.07493403660592049,100,72,0.72,1784.0775108263817,inf,0.536907161558999,1.0,0.7684535807794994,0.15324022791321057,0.360383100569783,0.3453567538151836
543,6036.687048360151,54,435,0.12413793103448276,163174.93940964577,3021.7581372156624,32.63498788192915,0.07502296064811298,100,74,0.74,1814.0489480948186,inf,0.5284792443180332,1.0,0.7642396221590166,0.15539166924454817,0.37038847917311135,0.3454027680162092
544,6047.804335742029,56,435,0.12873563218390804,173370.92204292293,3095.9093221950525,34.674184408584594,0.07971076875536688,100,74,0.74,1815.424957985302,inf,0.5286828937818246,1.0,0.7643414468909123,0.15768466093222727,0.37039421165233055,0.345448623876092
545,6058.921623123908,56,435,0.12873563218390804,173586.82374407782,3099.7647097156755,34.71736474881557,0.07981003390532315,100,74,0.74,1813.3326961811188,inf,0.5283732390348057,1.0,0.7641866195174029,0.15781170719396015,0.3703945292679849,0.3454943123475057
546,6070.038910505787,55,435,0.12643678160919541,168802.41314115713,3069.134784384675,33.76048262823142,0.07761030489248603,100,73,0.73,1805.1272086628005,inf,0.5335485724647689,1.0,0.7667742862323845,0.1554180093300508,0.36538854502332513,0.345530682059893
547,6081.156197887665,54,435,0.12413793103448276,163961.3747229929,3036.3217541294985,32.79227494459859,0.07538454010252549,100,72,0.72,1785.9366696251261,inf,0.5371748804260181,1.0,0.7685874402130091,0.1533985499447582,0.3603834963748619,0.3455577857356502
548,6092.273485269544,54,435,0.12413793103448276,164064.57148958187,3038.232805362627,32.81291429791637,0.07543198689176177,100,72,0.72,1788.9342519380386,inf,0.5376065322790776,1.0,0.7688032661395388,0.15331436037611146,0.36038328590094026,0.34558479028968536
549,6103.390772651423,54,435,0.12413793103448276,164070.75718108026,3038.34735520519,32.814151436216044,0.07543483088785298,100,68,0.68,1726.7554790038807,inf,0.5548387451445278,1.0,0.7774193725722639,0.14900772915779453,0.34037251932289453,0.3455753134333821
550,6114.508060033301,54,435,0.12413793103448276,164032.68082218993,3037.6422374479616,32.80653616443798,0.07541732451594937,100,69,0.69,1749.2055382748454,inf,0.5513903642819287,1.0,0.7756951821409643,0.14986107118749248,0.3453746526779687,0.3455749492577825
551,6125.62534741518,54,435,0.12413793103448276,163939.34617702643,3035.9138180930818,32.78786923540528,0.07537441203541444,100,68,0.68,1735.5174293543591,inf,0.5560303703921928,1.0,0.7780151851960964,0.14867961341965907,0.3403716990335492,0.34556552307984
552,6136.742634797059,54,435,0.12413793103448276,163871.5742151016,3034.6587817611407,32.77431484302031,0.07534325251269038,100,66,0.66,1699.2382591395804,inf,0.5642994502064247,1.0,0.7821497251032123,0.14659676370473906,0.3303664919092619,0.34553803839417896
553,6147.859922178937,54,435,0.12413793103448276,163740.27452235259,3032.227305969492,32.748054904470514,0.07528288483786325,100,66,0.66,1703.6591430618666,inf,0.5648830068841665,1.0,0.7824415034420833,0.14642069069789,0.3303660517267447,0.3455106521366565
554,6158.977209560816,54,435,0.12413793103448276,163586.149767477,3029.373143842167,32.71722995349542,0.07521202288159866,100,65,0.65,1690.694104533455,inf,0.5697902335893492,1.0,0.7848951167946746,0.14515845304346203,0.32536289613260866,0.34547434987358616
555,6170.094496942695,54,435,0.12413793103448276,163458.896691276,3027.0166053939997,32.69177933825521,0.07515351572012692,100,65,0.65,1693.659339814525,inf,0.5701757141758882,1.0,0.785087857087944,0.1450328293160914,0.3253625820732902,0.34543817762934104
556,6181.211784324573,54,435,0.12413793103448276,163359.05652427187,3025.167713412442,32.67181130485438,0.07510761219506754,100,67,0.67,1729.8501321856957,inf,0.5617999177128832,1.0,0.7808999588564416,0.147103826669313,0.3353677595666733,0.34542009788416567
557,6192.329071706452,55,435,0.12643678160919541,168264.75237090708,3059.3591340164926,33.652950474181424,0.0773631045383481,100,67,0.67,1733.651935074178,inf,0.56230935929994,1.0,0.78115467964997,0.14810421244418903,0.3353702605311105,0.34540208742295947
558,6203.446359088331,55,435,0.12643678160919541,168160.75062402216,3057.4681931640393,33.63215012480444,0.07731528764322859,100,67,0.67,1739.3794012209414,inf,0.5630768397636061,1.0,0.7815384198818031,0.14788843388071277,0.3353697210847018,0.34538414043487675
559,6214.563646470209,55,435,0.12643678160919541,168085.4164570085,3056.0984810365185,33.617083291401705,0.07728065124460162,100,67,0.67,1745.314652406826,inf,0.5638721634225147,1.0,0.7819360817112573,0.14767228476667216,0.3353691807119167,0.3453662565782286
560,6225.680933852088,55,435,0.12643678160919541,168039.38352233727,3055.2615185879504,33.60787670446745,0.07725948667693666,100,67,0.67,1748.606998654684,inf,0.5643133378197277,1.0,0.7821566689098638,0.14755140888353646,0.33536887852220887,0.3453484359399826
561,6236.798221233967,55,435,0.12643678160919541,168023.28365450184,3054.9687937182152,33.60465673090036,0.0772520844388514,100,70,0.7,1793.31572482706,inf,0.5510642014757885,1.0,0.7755321007378942,0.15085999185047855,0.35037714997962616,0.34535738382973286
562,6247.915508615845,55,435,0.12643678160919541,168037.73175196906,3055.2314863994375,33.60754635039381,0.07725872724228462,100,69,0.69,1774.7127483404738,inf,0.5549103592709854,1.0,0.7774551796354927,0.14990177380339598,0.3453747544345085,0.3453574146833826
563,6259.032795997724,54,435,0.12413793103448276,163083.13090789912,3020.0579797759096,32.61662618157982,0.07498074984271222,100,69,0.69,1775.1096182316794,inf,0.5549651273159717,1.0,0.7774825636579858,0.14874909309236317,0.3453718727327309,0.34535744031822185
564,6270.150083379603,55,435,0.12643678160919541,168101.67877904495,3056.394159618999,33.620335755808995,0.07728812817427355,100,71,0.71,1806.4316328063057,inf,0.5465132918584954,1.0,0.7732566459292477,0.15201574112251298,0.35538003935280627,0.3453751794315574
565,6281.267370761481,55,435,0.12643678160919541,168089.02066023005,3056.1640120041825,33.61780413204601,0.07728230834953106,100,72,0.72,1822.6995327620502,inf,0.5424687327177352,1.0,0.7712343663588677,0.15302397099533172,0.3603825599274883,0.3454016942380873
566,6292.38465814336,55,435,0.12643678160919541,168108.11192845015,3056.511125971821,33.621622385690024,0.077291085944115,100,73,0.73,1837.2044648035023,inf,0.5382318518613114,1.0,0.7691159259306557,0.15408758000672962,0.3653852189500168,0.3454369385497486
567,6303.501945525239,55,435,0.12643678160919541,168159.19904447274,3057.4399826267772,33.63183980889455,0.0773145742733208,100,74,0.74,1849.5916615579772,inf,0.5337395659105807,1.0,0.7668697829552904,0.1552223956590152,0.37038805598914754,0.3454808665734095
568,6314.619232907117,55,435,0.12643678160919541,168242.36084421814,3058.952015349421,33.648472168843625,0.07735280958354857,100,74,0.74,1854.0954699411232,inf,0.5344061295512862,1.0,0.7672030647756432,0.15507487240395268,0.3703876871810099,0.3455246395446004
569,6325.736520288996,56,435,0.12873563218390804,173309.73180632887,3094.81663939873,34.66194636126578,0.07968263531325466,100,74,0.74,1855.1361994431759,inf,0.53456015751759,1.0,0.767280078758795,0.15620127827722985,0.37039050319569305,0.3455682638667953
570,6336.853807670875,56,435,0.12873563218390804,173386.66918533255,3096.1905211666526,34.6773338370665,0.07971800882084253,100,73,0.73,1838.3268942128252,inf,0.5383957265550725,1.0,0.7691978632775363,0.1552600727716531,0.3653881501819291,0.3456029747009724
571,6347.971095052753,57,435,0.1310344827586207,178487.3845184957,3131.3576231315037,35.69747690369915,0.08206316529586011,100,72,0.72,1825.025033312597,inf,0.542803604797014,1.0,0.771401802398507,0.15533068144867657,0.3603883267036217,0.34562882321845956
572,6359.088382434632,58,435,0.13333333333333333,183582.45943901112,3165.214817913985,36.71649188780223,0.08440572847770628,100,71,0.71,1809.1472019406883,inf,0.5468989026755777,1.0,0.7734494513377889,0.15547813856995868,0.35538869534642487,0.3456458561541104
573,6370.205669816511,58,435,0.13333333333333333,183702.23390112037,3167.279894846903,36.740446780224076,0.08446079719591741,100,70,0.7,1793.2274897531986,inf,0.5510518485654479,1.0,0.7755259242827239,0.15446743645659677,0.35038616859114147,0.3456541145381471
574,6381.322957198389,57,435,0.1310344827586207,178797.4802302869,3136.797898776963,35.75949604605738,0.08220573803691351,100,69,0.69,1780.9147496497671,inf,0.5557662354516678,1.0,0.7778831177258339,0.1521613101555398,0.3453804032753888,0.3456536385185597
575,6392.440244580268,57,435,0.1310344827586207,178892.28026035134,3138.461057199146,35.778456052070275,0.08224932425763282,100,70,0.7,1796.053916384755,inf,0.5514475482938658,1.0,0.7757237741469329,0.1532627750553499,0.35038315693763833,0.34566184948803724
576,6403.557531962147,57,435,0.1310344827586207,179012.92537934353,3140.5776382340973,35.80258507586871,0.08230479327785911,100,70,0.7,1793.3535650536282,inf,0.5510694991075079,1.0,0.7755347495537539,0.1533850218620526,0.35038346255465513,0.3456700325262809
577,6414.674819344025,57,435,0.1310344827586207,179155.39739962245,3143.0771473617974,35.8310794799245,0.08237029765499884,100,70,0.7,1791.7231280288065,inf,0.550841237924033,1.0,0.7754206189620165,0.1534748393464912,0.3503836870983662,0.34567818763799735
578,6425.792106725904,57,435,0.1310344827586207,179275.43367699924,3145.183046964899,35.85508673539985,0.08242548674804563,100,69,0.69,1772.3868552499198,inf,0.5545893860244889,1.0,0.7772946930122444,0.1525653968679006,0.3453814134921697,0.3456776750747057
579,6436.909394107783,57,435,0.1310344827586207,179418.24438294678,3147.688497946435,35.88364887658936,0.08249114684273416,100,70,0.7,1778.8718110186808,inf,0.5490420535426154,1.0,0.7745210267713076,0.15398506003571322,0.3503849626500893,0.3456857910877667
580,6448.026681489661,57,435,0.1310344827586207,179582.78598103256,3150.575192649694,35.91655719620651,0.08256679815219888,100,70,0.7,1776.2346104771937,inf,0.5486728454668071,1.0,0.7743364227334035,0.1541151877093977,0.3503852879692735,0.3456938797226746
581,6459.14396887154,58,435,0.13333333333333333,184756.00593816792,3185.4483782442744,36.95120118763359,0.08494529008651401,100,70,0.7,1775.7280917916266,inf,0.5486019328508277,1.0,0.7743009664254139,0.15532216183055003,0.35038830540457633,0.34570194574618307
582,6470.261256253419,58,435,0.13333333333333333,184946.1112283202,3188.726055660693,36.98922224566404,0.08503269481761848,100,70,0.7,1771.38169463149,inf,0.5479934372484085,1.0,0.7739967186242043,0.15551798809670714,0.3503887949702417,0.3457099849386771
583,6481.378543635297,58,435,0.13333333333333333,185154.80890765192,3192.32429151124,37.03096178153039,0.08512864777363308,100,69,0.69,1761.9103461069403,inf,0.5531436277627578,1.0,0.7765718138813789,0.1542784169461271,0.3453856960423653,0.34570942964947116
584,6492.495831017176,58,435,0.13333333333333333,185381.29060392565,3196.2291483435456,37.076258120785134,0.08523277728916123,100,70,0.7,1771.42975938599,inf,0.5480001663140386,1.0,0.7740000831570193,0.15561634706607097,0.35038904086766515,0.34571742898488683
585,6503.613118399055,58,435,0.13333333333333333,185624.81465373925,3200.427838857573,37.12496293074785,0.08534474236953528,100,71,0.71,1782.962573045066,inf,0.5431806853723994,1.0,0.7715903426861996,0.1568771998416678,0.3553921929996042,0.34573393882108944
586,6514.730405780933,59,435,0.135632183908046,190861.91881785804,3234.947776573865,38.1723837635716,0.08775260635303817,100,72,0.72,1796.7632022225391,inf,0.5387339011200456,1.0,0.7693669505600228,0.15919282789650763,0.3603979820697413,0.3457589201554142
587,6525.847693162812,59,435,0.135632183908046,191095.85043116752,3238.912719172331,38.219170086233504,0.08786016111777817,100,72,0.72,1796.3920465347264,inf,0.5386804547010006,1.0,0.7693402273505003,0.15925996688363897,0.3603981499172091,0.345783816804669
588,6536.964980544691,59,435,0.135632183908046,191344.62406373883,3243.129221419302,38.268924812747755,0.08797453979942013,100,71,0.71,1782.3782028005737,inf,0.5430977047976815,1.0,0.7715488523988407,0.15821284370028965,0.35539553210925073,0.34580013550637456
589,6548.082267926569,59,435,0.135632183908046,191607.80037751445,3247.5898369070246,38.32156007550288,0.0880955404034549,100,68,0.68,1722.3144927192209,inf,0.5542347710098141,1.0,0.777117385504907,0.15548907744927393,0.3403887226936232,0.34579096362025125
590,6559.199555308448,59,435,0.135632183908046,191885.0258952886,3252.288574496417,38.37700517905772,0.08822300041162694,100,68,0.68,1719.9865023233808,inf,0.5539181643159798,1.0,0.7769590821579899,0.1556319591268185,0.3403890798978171,0.3457818233770661
591,6570.316842690327,58,435,0.13333333333333333,187174.16186019455,3227.1407217274923,37.43483237203891,0.08605708591273313,100,70,0.7,1750.299243540996,inf,0.5450418940957394,1.0,0.7725209470478698,0.1567680694324317,0.35039192017358106,0.3457896107027359
592,6581.434130072205,58,435,0.13333333333333333,187468.60111876225,3232.217260668315,37.49372022375244,0.08619246028448836,100,70,0.7,1747.648803901956,inf,0.5446708325462738,1.0,0.7723354162731368,0.15692852200567575,0.3503923213050142,0.34579737244068237
593,6592.551417454084,57,435,0.1310344827586207,182766.20724164334,3206.424688449883,36.55324144832866,0.08403044011110038,100,69,0.69,1733.155858017136,inf,0.5491755084063648,1.0,0.7745877542031824,0.15472134295395895,0.34538680335738486,0.34579668124693946
594,6603.668704835963,57,435,0.1310344827586207,183044.68173618018,3211.310205897898,36.60893634723605,0.08415847436146219,100,70,0.7,1748.8960708189884,inf,0.5448454499146582,1.0,0.7724227249573291,0.1558678747020666,0.35038966968675517,0.3458044005552417
595,6614.785992217841,58,435,0.13333333333333333,188304.50504284684,3246.6293972904627,37.660901008569375,0.08657678392774569,100,70,0.7,1744.4494370546677,inf,0.5442229211876535,1.0,0.7721114605938267,0.15723266166695943,0.3503930816541674,0.3458120996846023
596,6625.90327959972,58,435,0.13333333333333333,188393.98123384576,3248.17209023872,37.67879624676916,0.08661792240636589,100,69,0.69,1732.3388022972647,inf,0.5490627547170225,1.0,0.7745313773585112,0.15604327252392736,0.3453901081813098,0.34581139283116297
597,6637.020566981599,57,435,0.1310344827586207,183408.4179735496,3217.691543395607,36.681683594709924,0.08432570941312627,100,68,0.68,1716.1830024661406,inf,0.5534008883353951,1.0,0.7767004441676976,0.15381263262271433,0.3403845315815568,0.3458023178123509
598,6648.137854363477,56,435,0.12873563218390804,178376.26706998635,3185.2904833926136,35.67525341399727,0.08201207681378682,100,69,0.69,1735.9068231749684,inf,0.5495551415981457,1.0,0.7747775707990728,0.153617253007357,0.34538404313251836,0.3458016195240707
599,6659.255141745356,56,435,0.12873563218390804,178345.37705170346,3184.738875923276,35.669075410340696,0.08199787450653033,100,69,0.69,1743.3892298035219,inf,0.550587713712886,1.0,0.7752938568564429,0.15335200882504374,0.3453833800220626,0.345800922458234
600,6670.372429127235,55,435,0.12643678160919541,173295.12301664305,3150.820418484419,34.65902460332861,0.07967591862834163,100,69,0.69,1744.2979967671185,inf,0.5507131235538624,1.0,0.7753565617769311,0.1521596784257052,0.3453803991960642,0.345800222752307
601,6681.489716509113,55,435,0.12643678160919541,173268.72488177381,3150.3404523958875,34.65374497635476,0.07966378155483853,100,70,0.7,1761.7318152882642,inf,0.546642454140357,1.0,0.7733212270701785,0.15317127724232998,0.3503829281931058,0.3458078352198166
602,6692.607003890992,55,435,0.12643678160919541,173276.50907093938,3150.481983107989,34.65530181418788,0.07966736049238593,100,70,0.7,1762.554319371514,inf,0.546757604712012,1.0,0.773378802356006,0.15314427906818995,0.35038286069767044,0.34581542232674506
603,6703.724291272871,54,435,0.12413793103448276,168247.7265430453,3115.6986396860243,33.64954530860906,0.07735527657151509,100,69,0.69,1745.4338671508874,inf,0.5508698736668225,1.0,0.7754349368334112,0.15096016986905192,0.3453774004246726,0.3458146971249204
604,6714.841578654749,54,435,0.12413793103448276,168267.9290483064,3116.072760153822,33.65358580966129,0.07736456507968112,100,70,0.7,1767.4576310345983,inf,0.5474440683448438,1.0,0.7737220341724219,0.15182126545362956,0.35037955316363406,0.3458222423415133
605,6725.958866036628,54,435,0.12413793103448276,168317.06678617728,3116.982718262542,33.66341335723547,0.07738715714307004,100,68,0.68,1735.4915726159184,inf,0.5560268538757649,1.0,0.7780134269378824,0.14968686510259377,0.3403742171627565,0.3458132522009543
606,6737.076153418507,54,435,0.12413793103448276,168384.82611811947,3118.2375207059163,33.676965223623895,0.0774183108589055,100,69,0.69,1759.3676048800385,inf,0.5527927294734453,1.0,0.7763963647367227,0.1505109730610914,0.3453762774326527,0.3458125323084201
607,6748.193440800385,54,435,0.12413793103448276,168338.28360970924,3117.375622402023,33.667656721941846,0.07739691200446401,100,68,0.68,1748.5225164212102,inf,0.5577990622332846,1.0,0.7788995311166422,0.14924869044391087,0.3403731217261098,0.345803585909436
608,6759.310728182264,54,435,0.12413793103448276,168161.9025411799,3114.1093063181465,33.632380508235975,0.07731581726031259,100,68,0.68,1751.9324271340836,inf,0.5582628100902354,1.0,0.7791314050451177,0.14909220610759744,0.340372730515269,0.34579466824869026
609,6770.428015564143,56,435,0.12873563218390804,177813.1974484106,3175.2356687216175,35.56263948968211,0.08175319422915428,100,66,0.66,1715.743597670119,inf,0.5664781548924558,1.0,0.7832390774462279,0.1492570583914632,0.33037314264597867,0.3457693870591776
610,6781.545302946021,55,435,0.12643678160919541,172374.21888994798,3134.0767070899633,34.47484377798961,0.07925251443216003,100,66,0.66,1709.865511861149,inf,0.5657022475656717,1.0,0.7828511237828358,0.14820069532466212,0.3303705017383117,0.34574418430087833
611,6792.6625903279,54,435,0.12413793103448276,166891.25087708357,3090.578719945992,33.3782501754167,0.07673160959865909,100,66,0.66,1710.9590619122368,inf,0.5658465961724154,1.0,0.7829232980862078,0.14690415575622562,0.33036726038939057,0.34571905860821245
612,6803.779877709779,54,435,0.12413793103448276,166390.15262935706,3081.2991227658717,33.278030525871415,0.0765012195997044,100,68,0.68,1751.532151757186,inf,0.5582083726389773,1.0,0.7791041863194886,0.14869851664010786,0.3403717462916003,0.34571033542335666
613,6814.897165091657,54,435,0.12413793103448276,165903.84831484503,3072.2934873119452,33.180769662969006,0.07627763140912415,100,69,0.69,1767.372658375002,inf,0.5538974268557504,1.0,0.7769487134278752,0.14966445899062453,0.34537416114747654,0.34570978790824936
614,6826.014452473536,54,435,0.12413793103448276,165432.80869106724,3063.57053131606,33.08656173821345,0.07606106146715735,100,68,0.68,1754.8738996149784,inf,0.5586628503476371,1.0,0.7793314251738186,0.14836481814666935,0.3403709120453667,0.3457011068092853
615,6837.131739855415,54,435,0.12413793103448276,164977.56529070696,3055.1400979760547,32.995513058141384,0.07585175415664686,100,68,0.68,1758.3373453159822,inf,0.5591338789629736,1.0,0.7795669394814868,0.14814240733758,0.340370356018344,0.3456924529930663
616,6848.249027237293,53,435,0.12183908045977011,159523.23845491355,3009.8724236776143,31.90464769098272,0.07334401768042005,100,69,0.69,1772.2686851448377,inf,0.5545730785499877,1.0,0.7772865392749939,0.1480287392027131,0.3453700718480068,0.34569193049526226
617,6859.366314619172,54,435,0.12413793103448276,164046.10506770576,3037.8908345871437,32.80922101354115,0.07542349658285322,100,69,0.69,1771.2758167304075,inf,0.5544360627087961,1.0,0.777218031354398,0.14910273261422763,0.34537275683153557,0.3456914140330232
618,6870.483602001051,54,435,0.12413793103448276,163514.64140230493,3028.048914857499,32.702928280461,0.07517914547232414,100,70,0.7,1782.7820842371855,inf,0.549589491793206,1.0,0.774794745896603,0.15019219978786053,0.35037548049946965,0.3456989811840191
619,6881.600889382929,54,435,0.12413793103448276,163001.14946329637,3018.539804875859,32.60022989265927,0.07494305722450408,100,70,0.7,1782.6564370768388,inf,0.5495719011907574,1.0,0.7747859505953787,0.15007855331456266,0.3503751963832864,0.3457065234665986
620,6892.718176764808,54,435,0.12413793103448276,162506.44201740593,3009.3785558778877,32.50128840348118,0.0747156055252441,100,70,0.7,1784.1853628369147,inf,0.5497859507971681,1.0,0.774892975398584,0.14991131506333,0.3503747782876583,0.345714040785151
621,6903.835464146687,54,435,0.12413793103448276,162031.31796528012,3000.5799623200023,32.406263593056025,0.07449715768518626,100,70,0.7,1783.3638978110164,inf,0.5496709456935424,1.0,0.7748354728467712,0.14983084241920752,0.350374577106048,0.345721533608818
622,6914.952751528565,55,435,0.12643678160919541,166546.6136298556,3028.1202478155565,33.30932272597112,0.07657315569188763,100,70,0.7,1783.0869974203706,inf,0.5496321796388519,1.0,0.774816089819426,0.15087853293623082,0.35037719633234055,0.34572900658269207
623,6926.070038910444,55,435,0.12643678160919541,166074.90732453938,3019.5437695370797,33.21498146490787,0.07635627922967327,100,70,0.7,1783.365991907798,inf,0.5496712388670917,1.0,0.7748356194335458,0.1507603298980637,0.35037690082474515,0.3457364551311569
624,6937.187326292323,55,435,0.12643678160919541,165626.1452622452,3011.384459313549,33.125229052449036,0.07614995184471043,100,70,0.7,1785.826818117401,inf,0.5500157545364361,1.0,0.7750078772682181,0.15057103728824617,0.3503764275932206,0.34574387908709625
625,6948.304613674201,56,435,0.12873563218390804,170183.19100145035,3038.985553597328,34.03663820029007,0.07824514528802315,100,70,0.7,1785.6953757567162,inf,0.5499973526059402,1.0,0.7749986763029701,0.15162323449252646,0.3503790580862313,0.34575128352639195
626,6959.42190105608,57,435,0.1310344827586207,174687.42602240382,3064.6916846035756,34.93748520448076,0.08031605794133508,100,70,0.7,1785.015805357959,inf,0.5499022127501143,1.0,0.7749511063750572,0.15268247578313898,0.3503817061894578,0.3457586685705117
627,6970.539188437959,57,435,0.1310344827586207,174207.9160131537,3056.279228300942,34.84158320263073,0.08009559356926604,100,70,0.7,1786.5469047087645,inf,0.5501165666592269,1.0,0.7750582833296135,0.15251865511982626,0.35038129663779954,0.3457660294432303
628,6981.656475819837,58,435,0.13333333333333333,178714.9815989164,3081.292786188214,35.74299631978329,0.08216780763168571,100,71,0.71,1802.361070317717,inf,0.5459352719851158,1.0,0.7729676359925579,0.15460008581956386,0.3553865002145489,0.3457813243093214
629,6992.773763201716,58,435,0.13333333333333333,178246.72896387536,3073.219464894403,35.64934579277507,0.08195251906385075,100,70,0.7,1790.4891291167828,inf,0.5506684780763496,1.0,0.7753342390381748,0.15330914001283802,0.35038327285003207,0.34578862898954477
630,7003.891050583595,58,435,0.13333333333333333,177819.8816249554,3065.8600280164724,35.563976324991074,0.08175626741377258,100,70,0.7,1793.6234829682012,inf,0.5511072876155481,1.0,0.775553643807774,0.1531013118029993,0.35038275327950746,0.3457959096936493
631,7015.008337965473,58,435,0.13333333333333333,177440.63945924476,3059.3213699869784,35.48812789184894,0.08158190319965274,100,71,0.71,1807.302643721719,inf,0.5466369754084842,1.0,0.773318487704242,0.15413170774770535,0.3553853292693692,0.3458110828258894
632,7026.125625347352,58,435,0.13333333333333333,177108.9917593908,3053.603306196393,35.42179835187817,0.08142942149857049,100,72,0.72,1824.9196022294846,inf,0.5427884227210459,1.0,0.771394211360523,0.15501760506902373,0.36038754401267253,0.3458341104107026
633,7037.242912729231,57,435,0.1310344827586207,171814.56129320932,3014.2905490036724,34.36291225864186,0.078995200594579,100,70,0.7,1799.6362004282996,inf,0.551949068059962,1.0,0.7759745340299811,0.15151033328229901,0.3503787758332057,0.345841278652694
634,7048.360200111109,58,435,0.13333333333333333,176496.13801767756,3043.036862373751,35.29922760353551,0.08114764966330003,100,69,0.69,1787.8530162163456,inf,0.5567237162378558,1.0,0.7783618581189279,0.15139289577218612,0.34537848223943046,0.34584054983944473
635,7059.477487492988,58,435,0.13333333333333333,176163.49046054922,3037.301559664642,35.23269809210984,0.08099470825772377,100,67,0.67,1761.5159660587838,inf,0.566043139451877,1.0,0.7830215697259385,0.14898656926589265,0.33537246642316476,0.3458240905887902
636,7070.594774874867,58,435,0.13333333333333333,175858.6739097042,3032.0461018914516,35.17173478194084,0.08085456271710538,100,66,0.66,1749.378167157036,inf,0.5709179180647288,1.0,0.7854589590323644,0.14769780184237047,0.3303692445046059,0.3457998286640112
637,7081.712062256745,58,435,0.13333333333333333,175583.3902264701,3027.2998314908637,35.116678045294016,0.08072799550642303,100,63,0.63,1683.2279949624342,inf,0.5820867273652667,1.0,0.7910433636826333,0.1448423159118949,0.31536210578977975,0.3457521206344278
638,7092.829349638624,58,435,0.13333333333333333,175344.5002309512,3023.181038464676,35.068900046190244,0.0806181610257247,100,63,0.63,1678.8087631193805,inf,0.5815299041530418,1.0,0.790764952076521,0.14492660447460182,0.3153623165111865,0.3457045622555182
639,7103.946637020503,59,435,0.135632183908046,180126.00203538506,3052.9830853455096,36.025200407077016,0.08281655265994717,100,63,0.63,1679.643915107876,inf,0.5816351333035923,1.0,0.7908175666517961,0.1459994930040755,0.31536499873251017,0.3456571566875135
640,7115.063924402381,59,435,0.135632183908046,179981.775659097,3050.5385704931696,35.996355131819406,0.08275024168234346,100,63,0.63,1680.8736075647764,inf,0.5817900745531618,1.0,0.7908950372765808,0.14592760220288126,0.3153648190055072,0.3456098987504121
641,7126.18121178426,59,435,0.135632183908046,179946.2889326135,3049.9371005527714,35.9892577865227,0.0827339259460292,100,64,0.64,1700.0583442794864,inf,0.5776074680677744,1.0,0.7888037340338871,0.146965095956071,0.32036741273989017,0.34557058023637705
642,7137.298499166139,59,435,0.135632183908046,180000.0678823194,3050.8486081749047,36.00001357646388,0.08275865189991696,100,63,0.63,1686.5599542775926,inf,0.5825065542389766,1.0,0.7912532771194882,0.1457526873902144,0.31536438171847553,0.3455236032557893
643,7148.415786548017,59,435,0.135632183908046,180130.0932545243,3053.052428042785,36.02601865090486,0.08281843368024105,100,65,0.65,1723.149079263408,inf,0.574009380304243,1.0,0.7870046901521215,0.1479068717640598,0.3253697671794102,0.3454923084792732
644,7159.533073929896,58,435,0.13333333333333333,175317.98312000284,3022.7238468966007,35.06359662400057,0.08060596925057602,100,66,0.66,1741.6437135874678,inf,0.5698969701935458,1.0,0.784948485096773,0.14782874207690155,0.3303695718551923,0.34546886237598
645,7170.650361311775,58,435,0.13333333333333333,175593.0199352668,3027.465860952876,35.11860398705337,0.08073242295874337,100,65,0.65,1725.0206504491061,inf,0.5742526845583837,1.0,0.7871263422791919,0.14680304033977576,0.32536700760084947,0.3454377449537275
646,7181.767648693653,59,435,0.135632183908046,180944.15914201568,3066.850154949418,36.18883182840313,0.08319271684690376,100,66,0.66,1740.4926215974676,inf,0.5697450260508657,1.0,0.7848725130254328,0.14916010191073548,0.33037290025477684,0.3454144608042701
647,7192.884936075532,60,435,0.13793103448275862,186306.16153391372,3105.102692231895,37.26123230678275,0.08565800530294886,100,65,0.65,1720.5928495584292,inf,0.5736770704425957,1.0,0.7868385352212979,0.14940973504082544,0.3253735243376021,0.34538353343317957
648,7204.002223457411,60,435,0.13793103448275862,186696.22997930448,3111.603832988408,37.33924599586089,0.08583734711692159,100,67,0.67,1752.0851713041484,inf,0.5647794129547559,1.0,0.7823897064773779,0.15172382031977183,0.3353793095507995,0.34536811860439315
649,7215.119510839289,60,435,0.13793103448275862,187138.6273563933,3118.977122606555,37.42772547127865,0.08604074820983597,100,67,0.67,1749.46092959342,inf,0.5644277645655184,1.0,0.7822138822827591,0.15191343296353843,0.3353797835824089,0.34535275193512854
650,7226.236798221168,60,435,0.13793103448275862,187620.73508421905,3127.0122514036507,37.52414701684381,0.08626240693527314,100,67,0.67,1747.150586724048,inf,0.5641181786210224,1.0,0.7820590893105113,0.1521016588123809,0.335380254147031,0.3453374331981269
651,7237.354085603047,60,435,0.13793103448275862,188132.90118173254,3135.5483530288757,37.6265802363465,0.08649788560079655,100,68,0.68,1759.4398788219353,inf,0.5592838235197832,1.0,0.7796419117598916,0.15342798692045245,0.3403835699673012,0.34532983524838634
652,7248.471372984925,61,435,0.14022988505747128,193564.50797303798,3173.1886552957044,38.71290159460761,0.08899517607955772,100,67,0.67,1735.8179067366848,inf,0.5625995995027158,1.0,0.7812997997513579,0.15384768816409994,0.3353846192204103,0.34531460520852725
653,7259.588660366804,61,435,0.14022988505747128,194013.11759230614,3180.542911349281,38.80262351846124,0.08920143337577296,100,67,0.67,1731.0963595216622,inf,0.5619669121759027,1.0,0.7809834560879514,0.15410898864391076,0.3353852724716098,0.34529942274256864
654,7270.705947748683,62,435,0.1425287356321839,199449.24182100984,3216.923255177578,39.88984836420197,0.0917008008372459,100,67,0.67,1726.8684309155094,inf,0.5614003697426783,1.0,0.7807001848713391,0.15550030798295345,0.3353887507699574,0.3452842919456639
655,7281.823235130561,62,435,0.1425287356321839,199837.6662600525,3223.188165484718,39.96753325201051,0.09187938678623106,100,67,0.67,1724.1608691319657,inf,0.5610375564636834,1.0,0.7805187782318417,0.1556803042771947,0.335389200760693,0.345269207965199
656,7292.94052251244,62,435,0.1425287356321839,200239.26175219915,3229.665512132244,40.04785235043984,0.09206402839181572,100,67,0.67,1723.45504254476,inf,0.5609429757009979,1.0,0.780471487850499,0.15579627027065834,0.3353894906756767,0.3452541703437538
657,7304.057809894319,61,435,0.14022988505747128,195618.15218046267,3206.8549537780764,39.123630436092526,0.08993938031285638,100,67,0.67,1724.203989348996,inf,0.5610433345727653,1.0,0.7805216672863826,0.15470885651323685,0.3353867721412831,0.3452391742978534
658,7315.175097276197,61,435,0.14022988505747128,195962.7641670879,3212.5043306079983,39.19255283341758,0.09009782260555765,100,67,0.67,1725.7487158847562,inf,0.5612503279285573,1.0,0.7806251639642787,0.1547363293206394,0.3353868408233016,0.3452242238676947
659,7326.292384658076,62,435,0.1425287356321839,201301.87315780544,3246.8044057710554,40.26037463156108,0.09255258535991052,100,66,0.66,1712.547712957588,inf,0.5660562981104017,1.0,0.7830281490552009,0.1547622181523548,0.3303869055453809,0.34520174308235785
660,7337.409672039955,63,435,0.14482758620689656,206507.9919821215,3277.904634636849,41.301598396424296,0.09494620321017079,100,66,0.66,1715.4481527493715,inf,0.5664391561629172,1.0,0.7832195780814586,0.15586331256435615,0.3303896582814109,0.34517933448205385
661,7348.526959421833,62,435,0.1425287356321839,201714.52862805084,3253.4601391621104,40.34290572561017,0.09274231201289695,100,66,0.66,1719.6581506525597,inf,0.5669948758861378,1.0,0.7834974379430689,0.15462243703491402,0.3303865560925873,0.3451569888953628
662,7359.644246803712,61,435,0.14022988505747128,196869.7997553364,3227.3737664809246,39.37395995106728,0.09051485046222363,100,69,0.69,1771.132986026441,inf,0.5544163520716489,1.0,0.7772081760358245,0.15665333721319952,0.34539163334303297,0.34515734280855687
663,7370.761534185591,60,435,0.13793103448275862,191955.02373423753,3199.2503955706256,38.39100474684751,0.08825518332608623,100,70,0.7,1784.4696832533841,inf,0.5498257556554739,1.0,0.774912877827737,0.15667115274917465,0.3503916778818729,0.34516522584330583
664,7381.8788215674695,60,435,0.13793103448275862,191932.26477307908,3198.871079551318,38.38645295461583,0.08824471943589846,100,70,0.7,1786.0215862050197,inf,0.5500430220687027,1.0,0.7750215110343514,0.15661160420077352,0.3503915290105019,0.3451730849458129
665,7392.996108949348,60,435,0.13793103448275862,191896.23454894827,3198.2705758158045,38.379246909789664,0.08822815381560842,100,70,0.7,1788.4584448315686,inf,0.5503841822764195,1.0,0.7751920911382097,0.15651803133869935,0.3503912950783467,0.345180920096162
666,7404.113396331227,60,435,0.13793103448275862,191872.75606037825,3197.879267672971,38.374551212075644,0.08821735910821987,100,70,0.7,1791.400871815457,inf,0.5507961220541641,1.0,0.7753980610270821,0.15640964904056887,0.3503910241226014,0.3451887313465765
667,7415.2306837131055,58,435,0.13333333333333333,181821.90153930214,3134.8603713672783,36.364380307860436,0.08359627656979411,100,70,0.7,1796.7513048699802,inf,0.5515451826817972,1.0,0.7757725913408986,0.1539118426144478,0.3503847796065361,0.34519650986193573
668,7426.347971094984,58,435,0.13333333333333333,181715.9928191767,3133.0343589513222,36.34319856383533,0.08354758290536857,100,69,0.69,1780.7555937913214,inf,0.5557442719432024,1.0,0.7778721359716012,0.15283772346688373,0.3453820943086672,0.3451967872676857
669,7437.465258476863,57,435,0.1310344827586207,176581.5754860817,3097.922376948802,35.31631509721634,0.0811869312579686,100,66,0.66,1735.9818655777508,inf,0.5691496062562631,1.0,0.7845748031281315,0.14830606406491847,0.33037076516016234,0.3451746588764804
670,7448.5825458587415,57,435,0.1310344827586207,176450.8537380835,3095.6290129488334,35.2901707476167,0.08112682930486598,100,66,0.66,1739.643669853244,inf,0.5696329644206282,1.0,0.7848164822103141,0.14815517354727592,0.3303703879338682,0.3451525958795466
671,7459.69983324062,57,435,0.1310344827586207,176356.35208025863,3093.9710891273444,35.27127041605172,0.08108338026678556,100,66,0.66,1742.8871891629271,inf,0.5700611089695063,1.0,0.7850305544847531,0.14802641289101626,0.33037006603222757,0.3451305980672738
672,7470.817120622499,57,435,0.1310344827586207,176329.6768028076,3093.503101803642,35.26593536056152,0.0810711157714058,100,66,0.66,1745.8749877232876,inf,0.5704554983794741,1.0,0.785227749189737,0.14792168329083444,0.3303698042082271,0.3451086652383599
673,7481.9344080043775,57,435,0.1310344827586207,176378.37533971007,3094.3574621001767,35.27567506794202,0.08109350590331499,100,67,0.67,1767.4551558605183,inf,0.5668389908853094,1.0,0.7834194954426548,0.14883700523033006,0.33537209251307587,0.3450942192847615
674,7493.051695386256,56,435,0.12873563218390804,171394.73923641752,3060.620343507456,34.278947847283504,0.07880217895927243,100,65,0.65,1729.432363107734,inf,0.5748262072040053,1.0,0.7874131036020027,0.14569453767863483,0.3253642363441966,0.34506498968040517
675,7504.168982768135,56,435,0.12873563218390804,171382.69266549504,3060.405226169554,34.276538533099014,0.07879664030597475,100,64,0.64,1709.6072441504584,inf,0.5788297272512587,1.0,0.7894148636256293,0.14469088834017274,0.32036172722085043,0.3450284463927431
676,7515.2862701500135,58,435,0.13333333333333333,181300.0095462496,3125.8622335560276,36.260001909249915,0.08335632622816072,100,63,0.63,1692.531822183547,inf,0.5832590095951269,1.0,0.7916295047975634,0.14586341071529862,0.31536465852678824,0.3449846298670918
677,7526.403557531892,57,435,0.1310344827586207,176169.2933973746,3090.689357848677,35.23385867947493,0.080997376274655,100,63,0.63,1695.1256766415136,inf,0.5835858352568306,1.0,0.7917929176284153,0.14460222932311984,0.3153615055733078,0.3449409379433546
678,7537.520844913771,57,435,0.1310344827586207,176018.60522011737,3088.0457056160944,35.203721044023474,0.08092809435407695,100,63,0.63,1691.0295191272683,inf,0.5830697194100357,1.0,0.7915348597050178,0.14469661732452954,0.3153617415433113,0.34489737506205853
679,7548.6381322956495,58,435,0.13333333333333333,180715.0283181845,3115.7763503135257,36.14300566363689,0.083087369341694,100,63,0.63,1690.2668184376219,inf,0.5829736191231404,1.0,0.7914868095615701,0.14580027989006195,0.31536450069972516,0.34485394436446687
680,7559.755419677528,57,435,0.1310344827586207,175392.20722446946,3077.0562670959553,35.0784414448939,0.08064009527561815,100,63,0.63,1690.902366358193,inf,0.5830536981611322,1.0,0.791526849080566,0.14455662309752604,0.31536139155774384,0.34481063665109435
681,7570.872707059407,56,435,0.12873563218390804,170005.96910478547,3035.8208768711693,34.00119382095709,0.07816366395622319,100,62,0.62,1673.8367139243521,inf,0.5875557525266197,1.0,0.7937778762633099,0.14219289384645661,0.3103554822346161,0.344760115896818
682,7581.9899944412855,56,435,0.12873563218390804,169594.24707822592,3028.4686978254626,33.918849415645184,0.07797436647274755,100,61,0.61,1651.5061713586083,inf,0.5914837529057503,1.0,0.7957418764528752,0.14111624500993614,0.30535279061252485,0.3447024184952304
683,7593.107281823164,56,435,0.12873563218390804,169208.82189522494,3021.586105271874,33.84176437904499,0.07779715949205744,100,62,0.62,1667.17456354339,inf,0.5867296458793804,1.0,0.7933648229396901,0.14221616827618366,0.31035554042069047,0.3446522037612033
684,7604.224569205043,57,435,0.1310344827586207,173839.26183998046,3049.8116112277276,34.76785236799609,0.07992609739769216,100,63,0.63,1686.8657565752303,inf,0.5825450853284789,1.0,0.7912725426642395,0.14432677736672628,0.31536081694341683,0.3446094426125642
685,7615.3418565869215,57,435,0.1310344827586207,173461.65711971602,3043.1869670125616,34.6923314239432,0.07975248603205334,100,63,0.63,1685.728999173148,inf,0.5824018538958166,1.0,0.7912009269479083,0.1442757795420725,0.3153606894488552,0.3445668059461448
686,7626.4591439688,57,435,0.1310344827586207,172994.8921990781,3034.998108755756,34.598978439815625,0.07953788147084051,100,62,0.62,1667.280559064585,inf,0.5867427893240085,1.0,0.7933713946620042,0.14308324340441814,0.31035770810851104,0.34451701104390664
687,7637.576431350679,57,435,0.1310344827586207,172563.45834241528,3027.4290937265837,34.51269166848306,0.07933952107697255,100,63,0.63,1685.873698739096,inf,0.5824200860411262,1.0,0.7912100430205631,0.1440647390282047,0.31536016184757054,0.3444746319026329
688,7648.6937187325575,60,435,0.13793103448275862,187104.74644587422,3118.4124407645704,37.42094928917484,0.08602517077971228,100,64,0.64,1706.8071685607788,inf,0.5784713175757797,1.0,0.7892356587878899,0.14839475599591123,0.3203709868899898,0.34443964838302094
689,7659.811006114436,60,435,0.13793103448275862,186531.4758531788,3108.857930886313,37.306295170635764,0.08576159809341555,100,64,0.64,1708.0772816259293,inf,0.5786338920481189,1.0,0.7893169460240594,0.148222326034678,0.3203705558150867,0.3444047656401688
690,7670.928293496315,59,435,0.135632183908046,180968.2969255184,3067.259269924041,36.19365938510367,0.08320381467839924,100,64,0.64,1710.5798775632886,inf,0.578954224328101,1.0,0.7894771121640505,0.14686335125717442,0.32036715837814295,0.34436997894369703
691,7682.0455808781935,59,435,0.135632183908046,180420.1865326899,3057.9692632659303,36.08403730653798,0.08295180990008731,100,65,0.65,1730.73210112541,inf,0.5749951731463033,1.0,0.7874975865731517,0.14772711166346775,0.3253693177791587,0.3443425213408581
692,7693.162868260072,59,435,0.135632183908046,179918.77601541998,3049.4707799223725,35.98375520308399,0.0827212763289287,100,65,0.65,1734.320143624479,inf,0.5754616186711823,1.0,0.7877308093355911,0.14749523349666877,0.32536873808374167,0.34431514214423886
693,7704.280155641951,58,435,0.13333333333333333,174447.69778866484,3007.718927390773,34.889539557732974,0.08020583806375396,100,65,0.65,1739.3747142412885,inf,0.5761187128513675,1.0,0.7880593564256837,0.14607324081903517,0.3253651831020476,0.34428783672775154
694,7715.3974430238295,58,435,0.13333333333333333,173976.11884528308,2999.5882559531565,34.79522376905661,0.07998902015875083,100,66,0.66,1761.5564831198024,inf,0.5725254557718138,1.0,0.7862627278859069,0.14686314613642193,0.33036715786534104,0.3442678069739927
695,7726.514730405708,59,435,0.135632183908046,178555.71955099842,3026.368127983024,35.71114391019969,0.08209458370160848,100,66,0.66,1765.3785186901207,inf,0.573029964467096,1.0,0.786514982233548,0.14778980073403025,0.33036947450183507,0.34424783810549814
696,7737.632017787587,59,435,0.135632183908046,178184.4070599805,3020.074695931873,35.6368814119961,0.08192386531493356,100,66,0.66,1764.945916730871,inf,0.5729728610084749,1.0,0.7864864305042374,0.14771871740534814,0.3303692967935134,0.34422792628152116
697,7748.7493051694655,59,435,0.135632183908046,177867.08139655992,3014.696294856948,35.573416279311985,0.08177796845818847,100,67,0.67,1784.6098754279835,inf,0.5691377233073499,1.0,0.784568861653675,0.14860455340225676,0.3353715113835057,0.3442152380080283
698,7759.866592551344,59,435,0.135632183908046,177604.3854526336,3010.243821231078,35.52087709052673,0.08165718871385455,100,67,0.67,1785.4233717840482,inf,0.5692467318190624,1.0,0.7846233659095312,0.14851691140216172,0.33537129227850543,0.3442025857251534
699,7770.983879933223,59,435,0.135632183908046,177396.97232831025,3006.7283445476314,35.47939446566206,0.08156182635784381,100,67,0.67,1785.3488890861859,inf,0.5692367511375489,1.0,0.7846183755687745,0.14847172539453463,0.33537117931348637,0.3441899694302796
700,7782.1011673151015,61,435,0.14022988505747128,187178.99040704983,3068.508039459833,37.43579808140998,0.08605930593427581,100,69,0.69,1817.3961604057056,inf,0.5608006701359873,1.0,0.7804003350679937,0.15282948543314107,0.3453820737135828,0.3441916700070033
701,7793.21845469698,61,435,0.14022988505747128,187012.50170955324,3065.778716550053,37.40250034191063,0.0859827594066911,100,67,0.67,1775.5151677220667,inf,0.5679190324747568,1.0,0.7839595162373785,0.1510116215846563,0.3353775290539617,0.34417911425065995
702,7804.335742078859,60,435,0.13793103448275862,181906.58348076974,3031.776391346162,36.38131669615395,0.08363521079575621,100,68,0.68,1787.0886302426948,inf,0.5630440537130065,1.0,0.7815220268565033,0.1510565919696265,0.3403776414799241,0.3441737067502748
703,7815.4530294607375,60,435,0.13793103448275862,181819.79730733274,3030.3299551222126,36.36395946146656,0.08359530910681967,100,67,0.67,1759.7812329804365,inf,0.5658106852193785,1.0,0.7829053426096892,0.15034498324856516,0.33537586245812145,0.3441612098123598
704,7826.570316842616,60,435,0.13793103448275862,181805.7052367595,3030.095087279325,36.36114104735191,0.08358882999391243,100,67,0.67,1756.9067537168876,inf,0.5654255049980629,1.0,0.7827127524990314,0.15043803874744055,0.3353760950968686,0.344148748656735
705,7837.687604224495,61,435,0.14022988505747128,186835.77587236319,3062.881571678085,37.367155174472636,0.08590150614821296,100,66,0.66,1732.598223218815,inf,0.5687029654648836,1.0,0.7843514827324418,0.15077501170788554,0.3303769375292697,0.3441292418421069
706,7848.8048916063735,62,435,0.1425287356321839,191854.7554933163,3094.431540214779,38.370951098663255,0.08820908298543277,100,66,0.66,1722.972288134712,inf,0.567432342033782,1.0,0.783716171016891,0.1522464559842709,0.33038061613996067,0.34410979541254233
707,7859.922178988252,62,435,0.1425287356321839,191945.51058041857,3095.895331942235,38.38910211608373,0.08825080946226144,100,65,0.65,1694.734896014213,inf,0.5703155364818477,1.0,0.7851577682409239,0.15154652061066876,0.3253788663015267,0.34408333929797874
708,7871.039466370131,61,435,0.14022988505747128,187092.03481247294,3067.082537909392,37.418406962494586,0.08601932635056227,100,65,0.65,1688.1109940540866,inf,0.5694544292270313,1.0,0.7847272146135156,0.1506460558685233,0.3253766151396713,0.34405695463767083
709,7882.1567537520095,62,435,0.1425287356321839,192206.50074146496,3100.10485066879,38.44130014829298,0.08837080493860455,100,65,0.65,1683.0787938683634,inf,0.5688002432028872,1.0,0.7844001216014436,0.15198534166858046,0.32537996335417146,0.3440306490161448
710,7893.274041133888,62,435,0.1425287356321839,192350.3965093908,3102.4257501514644,38.470079301878144,0.08843696391236355,100,67,0.67,1713.3287813001214,inf,0.5595860566942163,1.0,0.7797930283471082,0.15432196778262763,0.3353858049194566,0.3440184903043351
711,7904.391328515767,61,435,0.14022988505747128,187528.64236008027,3074.2400386898403,37.50572847201605,0.08622006545291047,100,67,0.67,1708.2643091155305,inf,0.5589074174214812,1.0,0.7794537087107406,0.1533831783710849,0.3353834579459277,0.3440063624498992
712,7915.5086158976455,61,435,0.14022988505747128,187727.79454842678,3077.5048286627343,37.545558909685354,0.08631162967743759,100,68,0.68,1724.0277527752717,inf,0.554467774377437,1.0,0.7772338871887186,0.1545388712443595,0.34038634717811095,0.3440012852896302
713,7926.625903279524,61,435,0.14022988505747128,187971.0332064478,3081.4923476466856,37.59420664128957,0.08642346354319441,100,68,0.68,1721.9190604960038,inf,0.5541809922274565,1.0,0.7770904961137283,0.15466648371473307,0.34038666620928687,0.343996222797921
714,7937.743190661403,61,435,0.14022988505747128,188258.91555140173,3086.211730350848,37.651783110280356,0.08655582324202381,100,69,0.69,1738.9847111224324,inf,0.5499798901348956,1.0,0.7749899450674478,0.15578293908728802,0.3453894573477182,0.34399817137771094
715,7948.860478043282,61,435,0.14022988505747128,188592.13604226214,3091.6743613485596,37.71842720845244,0.08670902806540791,100,69,0.69,1738.9193026279434,inf,0.5499708637626562,1.0,0.7749854318813281,0.15586179809203993,0.34538965449523007,0.34400011478988624
716,7959.97776542516,61,435,0.14022988505747128,188971.07808798167,3097.8865260324865,37.79421561759633,0.0868832542933249,100,69,0.69,1738.8310041165316,inf,0.5499586785680814,1.0,0.7749793392840407,0.15595195750464208,0.3453898798937616,0.34400205309547044
717,7971.095052807039,61,435,0.14022988505747128,189395.49822586525,3104.8442332109057,37.879099645173056,0.08707838998890358,100,70,0.7,1753.766184537003,inf,0.5455272658351804,1.0,0.7727636329175902,0.1571573785356567,0.3503928934463391,0.344010953987324
718,7982.212340188918,61,435,0.14022988505747128,189864.43005288934,3112.531640211301,37.97288601057786,0.08729399082891462,100,71,0.71,1773.2346083844766,inf,0.5417993143905957,1.0,0.7708996571952978,0.15819716681680834,0.355395492917042,0.34402678783840845
719,7993.329627570796,61,435,0.14022988505747128,190376.31538699518,3120.923203065495,38.07526307739903,0.08752934040781386,100,71,0.71,1775.9793202481908,inf,0.5421890634752431,1.0,0.7710945317376215,0.15821740433509618,0.35539554351083774,0.3440425777768424
720,8004.446914952675,62,435,0.1425287356321839,195917.0416329899,3159.9522844030625,39.183408326597984,0.09007680075079996,100,68,0.68,1734.9151233002253,inf,0.5559484567688306,1.0,0.7779742283844153,0.1560512861831923,0.340390128215458,0.3440375119660776
721,8015.564202334554,62,435,0.1425287356321839,196492.76319289987,3169.238116014514,39.29855263857998,0.09034150031857466,100,69,0.69,1750.593011053317,inf,0.5515818355253578,1.0,0.7757909177626789,0.15727529127794782,0.34539318822819487,0.34403938963403075
722,8026.681489716432,62,435,0.1425287356321839,197105.72608591444,3179.1246142889427,39.42114521718289,0.09062332233835146,100,69,0.69,1744.846910292325,inf,0.5507888736203409,1.0,0.7753944368101704,0.15761444276409053,0.3453940361069102,0.3440412632806045
723,8037.798777098311,61,435,0.14022988505747128,192744.4473408554,3159.7450383746786,38.54888946817108,0.08861813670843927,100,70,0.7,1757.0340440671262,inf,0.5459847661693975,1.0,0.7729923830846988,0.15781287681187028,0.35039453219202965,0.34405003851390764
724,8048.91606448019,62,435,0.1425287356321839,198377.21430511607,3199.6324887921946,39.675442861023214,0.09120791462304187,100,68,0.68,1724.6398312053616,inf,0.5545510170439292,1.0,0.7772755085219646,0.1569662030505386,0.3403924155076264,0.3440449935166576
725,8060.033351862068,63,435,0.14482758620689656,203981.13081680745,3237.795727250912,40.796226163361496,0.09378442796175057,100,67,0.67,1706.0915509806132,inf,0.5586162678314022,1.0,0.7793081339157011,0.15723814702302474,0.33539309536755757,0.3440330763015762
726,8071.150639243947,63,435,0.14482758620689656,204589.0784353781,3247.445689450446,40.91781568707562,0.0940639441082198,100,69,0.69,1739.5410707742326,inf,0.550056667766844,1.0,0.7750283338834221,0.15951780511239888,0.345398794512781,0.34403495486857927
727,8082.267926625826,62,435,0.1425287356321839,200170.9078749946,3228.563030241848,40.03418157499893,0.09203260132183663,100,69,0.69,1734.8111990315854,inf,0.5494039454663587,1.0,0.7747019727331794,0.15866531429432862,0.3453966632857358,0.3440368253471742
728,8093.385214007704,59,435,0.135632183908046,185688.90536477976,3147.269582453894,37.13778107295595,0.08537420936311713,100,69,0.69,1731.2235409346974,inf,0.5489088486489883,1.0,0.7744544243244942,0.15545989251931147,0.34538864973129824,0.3440386797016106
729,8104.502501389583,58,435,0.13333333333333333,181104.53959324135,3122.4920619524373,36.22090791864827,0.08326645498539832,100,70,0.7,1745.7647548388284,inf,0.5444070656774359,1.0,0.772203532838718,0.15553146107334015,0.35038882865268334,0.34404737853579015
730,8115.619788771462,58,435,0.13333333333333333,181537.8260825119,3129.9625186639983,36.30756521650238,0.0834656671643733,100,71,0.71,1758.050520260795,inf,0.5396431738770329,1.0,0.7698215869385164,0.15682204011292838,0.3553920551002823,0.3440628979291752
731,8126.73707615334,59,435,0.135632183908046,186985.20047228123,3169.240685970868,37.39704009445625,0.08597020711369253,100,71,0.71,1754.06630598654,inf,0.5390774154500886,1.0,0.7695387077250443,0.15821574969432411,0.3553955393742358,0.3440783796797832
732,8137.854363535219,58,435,0.13333333333333333,182382.31306611266,3144.522639070908,36.47646261322253,0.08385393704189087,100,73,0.73,1786.9584818196465,inf,0.5308959383456684,1.0,0.7654479691728342,0.15920298393452836,0.3653980074598363,0.344107465120138
733,8148.971650917098,57,435,0.1310344827586207,177740.42892266397,3118.2531389941046,35.548085784532795,0.08171973743570757,100,73,0.73,1783.7175736229503,inf,0.5304227657489508,1.0,0.7652113828744753,0.15825417728061608,0.3653956354432015,0.34413646807698145
734,8160.088938298976,58,435,0.13333333333333333,183057.0968448458,3156.156842152514,36.611419368969166,0.08416418245740039,100,73,0.73,1780.055552067121,inf,0.5298881106017997,1.0,0.7649440553008999,0.15961006357825025,0.3653990251589456,0.34416539672607255
735,8171.206225680855,59,435,0.135632183908046,188347.4671910456,3192.3299523906035,37.66949343820912,0.0865965366395612,100,73,0.73,1776.7094825379802,inf,0.529399584450545,1.0,0.7646997922252725,0.1609483722071443,0.36540237093051786,0.34419425131058945
736,8182.323513062734,59,435,0.135632183908046,188647.6693199999,3197.418124067795,37.72953386399998,0.08673456060689651,100,73,0.73,1775.5652390192195,inf,0.5292325248968061,1.0,0.764616262448403,0.1610591490792468,0.3654026478726981,0.3442230279680686
737,8193.440800444612,58,435,0.13333333333333333,183973.66997047505,3171.959827077156,36.79473399409501,0.08458559538872416,100,72,0.72,1755.3554066483075,inf,0.5327711785573562,1.0,0.7663855892786782,0.15910000305502303,0.3603977500076375,0.34424494493560187
738,8204.558087826492,58,435,0.13333333333333333,184266.18160072435,3177.0031310469717,36.853236320144866,0.0847200834945859,100,73,0.73,1767.744653424666,inf,0.5280907194000013,1.0,0.7640453597000006,0.16033736189729259,0.3654008434047432,0.34427357267371983
739,8215.675375208371,59,435,0.135632183908046,189587.25470409126,3213.3433000693435,37.917450940818256,0.08716655388693852,100,73,0.73,1768.5822705239589,inf,0.528213011496498,1.0,0.764106505748249,0.1615300240693448,0.3654038250601733,0.34430212706883667
740,8226.792662590251,59,435,0.135632183908046,189861.85702487445,3217.9975766927873,37.97237140497488,0.08729280782752846,100,74,0.74,1785.263125729206,inf,0.5242189426079223,1.0,0.7621094713039611,0.16259166826178373,0.37040647917065445,0.34433735561418327
741,8237.90994997213,59,435,0.135632183908046,190166.01116994536,3223.152731693989,38.03320223398908,0.087432648813768,100,75,0.75,1799.3836596302208,inf,0.5199075489445331,1.0,0.7599537744722665,0.16373943717075073,0.37540934859292685,0.3443792316155023
742,8249.02723735401,60,435,0.13793103448275862,195493.23453726314,3258.2205756210524,39.09864690745264,0.08988194691368423,100,75,0.75,1803.139436472276,inf,0.5204709154708415,1.0,0.7602354577354207,0.16482324458913178,0.3754120581114728,0.34442099854214564
743,8260.14452473589,60,435,0.13793103448275862,195818.42400047567,3263.640400007928,39.16368480009513,0.09003145931056353,100,74,0.74,1790.1191077563772,inf,0.5249376279479439,1.0,0.7624688139739719,0.16378132266829581,0.37040945330667074,0.3444559292609152
744,8271.26181211777,61,435,0.14022988505747128,201171.79569202787,3297.898290033244,40.23435913840558,0.09249277962851857,100,74,0.74,1794.739949612605,inf,0.5256215125426655,1.0,0.7628107562713328,0.16484101167859294,0.3704121025291965,0.3444907697619464
745,8282.379099499649,61,435,0.14022988505747128,201552.80725860133,3304.1443812885464,40.31056145172026,0.09266795736027646,100,76,0.76,1832.6516753840713,inf,0.5185630546583787,1.0,0.7592815273291893,0.16669321501554357,0.38041673303753887,0.3445389278896617
746,8293.496386881528,61,435,0.14022988505747128,201961.89346076074,3310.8507124714874,40.39237869215215,0.09285604297046471,100,75,0.75,1824.7400676956509,inf,0.5237110101543476,1.0,0.7618555050771738,0.1655002689466455,0.3754137506723666,0.3445802596470682
747,8304.613674263408,61,435,0.14022988505747128,202398.3010287505,3318.004934897549,40.47966020575009,0.09305669012816113,100,76,0.76,1837.8765249352348,inf,0.5193572317901558,1.0,0.7596786158950779,0.1666890371165416,0.38041672259279136,0.34462816935688867
748,8315.730961645288,62,435,0.1425287356321839,207846.97012049594,3352.3704858144506,41.56939402409918,0.09556182534275674,100,75,0.75,1824.5381221975358,inf,0.5236807183296306,1.0,0.7618403591648153,0.16686073308897076,0.37541715183272245,0.3446692761425707
749,8326.848249027167,61,435,0.14022988505747128,203167.8726293978,3330.6208627770134,40.63357452587956,0.09341051615144727,100,76,0.76,1844.2994179443772,inf,0.5203335115275454,1.0,0.7601667557637727,0.16662188019383734,0.3804165547004846,0.34471693918064794
750,8337.965536409047,62,435,0.1425287356321839,208395.00600360238,3361.209774251651,41.67900120072047,0.09581379586372522,100,76,0.76,1847.7944286709542,inf,0.520864753157985,1.0,0.7604323765789924,0.16769070964236643,0.38041922677410595,0.34476447884455397
751,8349.082823790926,62,435,0.1425287356321839,208617.3477732832,3364.7959318271483,41.72346955465664,0.0959160219647279,100,77,0.77,1864.5181660498095,inf,0.5171357975716706,1.0,0.7585678987858353,0.1686740615894463,0.3854216851539736,0.3448185442784761
752,8360.200111172806,61,435,0.14022988505747128,203828.45346125314,3341.450056741855,40.76569069225063,0.09371423147643823,100,77,0.77,1866.4698065406292,inf,0.5174363502072569,1.0,0.7587181751036285,0.1674980281864049,0.38541874507046603,0.3448724622078147
753,8371.317398554685,62,435,0.1425287356321839,208964.0514629519,3370.3879268218047,41.792810292590374,0.09607542595997787,100,78,0.78,1882.6874690188888,inf,0.5136992451669468,1.0,0.7568496225834733,0.16961290168825227,0.3904240322542206,0.3449328754306879
754,8382.434685936565,62,435,0.1425287356321839,209135.35724723522,3373.1509233425036,41.82707144944705,0.09615418724010816,100,77,0.77,1872.2661062201146,inf,0.5183289803578977,1.0,0.7591644901789488,0.16849484853057967,0.3854212371213265,0.34498650239981454
755,8393.551973318445,65,435,0.14942528735632185,224280.42399282093,3450.468061428014,44.85608479856419,0.10311743631853837,100,78,0.78,1884.9768809069246,inf,0.5140563934214804,1.0,0.7570281967107402,0.17304461980389907,0.39043261154950976,0.3450466163008062
756,8404.669260700324,66,435,0.15172413793103448,229428.07514065175,3476.182956676542,45.885615028130346,0.10548417247846056,100,77,0.77,1873.692255314065,inf,0.518548607318366,1.0,0.759274303659183,0.17310493440963876,0.3854327623360241,0.34509996655976954
757,8415.786548082204,65,435,0.14942528735632185,224458.60226369626,3453.209265595327,44.89172045273925,0.10319935736261897,100,77,0.77,1874.2083085957772,inf,0.5186280795237498,1.0,0.759314039761875,0.17194265880037196,0.3854298566470009,0.34515317221951525
758,8426.903835464083,65,435,0.14942528735632185,224464.1880638792,3453.295200982757,44.89283761277585,0.10320192554661115,100,76,0.76,1863.587715179379,inf,0.5232653327072655,1.0,0.7616326663536328,0.1707846295964892,0.38042696157399125,0.3451996462502854
759,8438.021122845963,66,435,0.15172413793103448,229452.69459219035,3476.5559786695508,45.89053891843806,0.10549549176652427,100,77,0.77,1877.2017174397101,inf,0.5190890644857153,1.0,0.7595445322428577,0.1729754797618333,0.3854324386994046,0.34525258413508686
760,8449.138410227843,64,435,0.1471264367816092,219384.37636137227,3427.8808806464417,43.87687527227446,0.10086637993626313,100,77,0.77,1876.6947567309971,inf,0.5190109925365735,1.0,0.7595054962682868,0.17068044183398823,0.385426701104585,0.3453053753531808
761,8460.255697609722,64,435,0.1471264367816092,219240.5084032198,3425.6329438003095,43.848101680643964,0.10080023374860682,100,77,0.77,1872.2909324571892,inf,0.5183328035984069,1.0,0.7591664017992035,0.17081691597470172,0.38542704228993674,0.345358028459397
762,8471.372984991602,64,435,0.1471264367816092,219122.44105409345,3423.78814147021,43.824488210818686,0.10074594990992801,100,77,0.77,1859.220571694673,inf,0.5163199680409797,1.0,0.7581599840204898,0.17129298294471906,0.3854282324573618,0.34541054510945984
763,8482.490272373481,64,435,0.1471264367816092,219029.1447344776,3422.3303864762124,43.805828946895524,0.10070305505033454,100,77,0.77,1853.3435521584036,inf,0.515414907032394,1.0,0.757707453516197,0.17149780076706878,0.38542874450191766,0.34546292495159653
764,8493.60755975536,64,435,0.1471264367816092,218959.6953642535,3421.245240066461,43.791939072850695,0.1006711243054039,100,76,0.76,1835.6810362820986,inf,0.519023517514879,1.0,0.7595117587574395,0.17057968277398222,0.38042644920693497,0.3455086289048715
765,8504.72484713724,64,435,0.1471264367816092,218913.20677118047,3420.518855799695,43.7826413542361,0.10064975023962322,100,76,0.76,1832.8970872058696,inf,0.5186003572552922,1.0,0.7593001786276461,0.1706747858059886,0.380426686964515,0.34555421383706425
766,8515.84213451912,64,435,0.1471264367816092,218888.81873177685,3420.137792684013,43.777763746355376,0.1006385373479434,100,75,0.75,1818.675918170159,inf,0.5228013877255239,1.0,0.761400693862762,0.16961892174259074,0.37542404730435647,0.34559315755736064
767,8526.959421901,64,435,0.1471264367816092,218885.70473003187,3420.089136406748,43.77714094600637,0.10063710562300315,100,73,0.73,1787.7960549182003,inf,0.5310182240180573,1.0,0.7655091120090287,0.1675639968069872,0.3654189099920175,0.34561897233917654
768,8538.07670928288,64,435,0.1471264367816092,218801.5656444057,3418.774463193839,43.76031312888114,0.10059842098593365,100,71,0.71,1754.624025369598,inf,0.539156611602483,1.0,0.7695783058012415,0.16551005759234605,0.35541377514398087,0.3456317094039422
769,8549.193996664759,62,435,0.1425287356321839,208618.50896368801,3364.8146607046456,41.72370179273761,0.09591655584537381,100,72,0.72,1767.770213746129,inf,0.5345589107794426,1.0,0.7672794553897213,0.16431855022782627,0.36041079637556955,0.3456509030233859
770,8560.311284046638,63,435,0.14482758620689656,213394.5820537404,3387.2155881546096,42.67891641074808,0.0981124515189611,100,71,0.71,1748.8315670856532,inf,0.5383340825261629,1.0,0.7691670412630814,0.16447270512793982,0.35541118176281983,0.34566356226948114
771,8571.428571428518,63,435,0.14482758620689656,213189.08086015136,3383.953664446847,42.63781617203027,0.09801796821156383,100,71,0.71,1747.3630654507983,inf,0.5381255552940133,1.0,0.7690627776470067,0.16447759528227857,0.3554111939882057,0.34567618873543804
772,8582.545858810397,63,435,0.14482758620689656,213003.15002111933,3381.0023812876084,42.600630004223866,0.09793248276833073,100,70,0.7,1729.569667567275,inf,0.5421397534594184,1.0,0.7710698767297093,0.16343130301931075,0.35040857825754823,0.34568231084348733
773,8593.663146192277,62,435,0.1425287356321839,207828.8852259811,3352.078793967437,41.565777045196214,0.09555351044872692,100,70,0.7,1731.495152116381,inf,0.5424093212962934,1.0,0.7712046606481466,0.1621744249002901,0.3504054360622507,0.3456884130724522
774,8604.780433574157,61,435,0.14022988505747128,202601.10201573547,3321.329541241565,40.52022040314709,0.09314993196125769,100,72,0.72,1761.6046490634888,inf,0.5336710694651424,1.0,0.7668355347325713,0.1631571986143432,0.36040789299653586,0.34570740594977356
775,8615.897720956036,61,435,0.14022988505747128,202358.88216280617,3317.358723980429,40.47177643256123,0.093038566511635,100,70,0.7,1733.3731562176222,inf,0.542672241870467,1.0,0.7713361209352335,0.1608512227882007,0.35040212805697046,0.3457134558493963
776,8627.015008337916,61,435,0.14022988505747128,202135.1703654671,3313.6913174666734,40.42703407309342,0.09293571051285843,100,70,0.7,1729.3240373412918,inf,0.5421053652277809,1.0,0.7710526826138904,0.16094151394948408,0.35040235378487367,0.34571949046707384
777,8638.132295719795,60,435,0.13793103448275862,196918.3009223251,3281.971682038752,39.38366018446503,0.0905371498493449,100,70,0.7,1731.2766592541702,inf,0.5423787322955839,1.0,0.771189366147792,0.1596738918507764,0.35039918472962694,0.34572550549825964
778,8649.249583101675,60,435,0.13793103448275862,196678.2825241732,3277.9713754028867,39.335656504834645,0.09042679656283827,100,70,0.7,1735.6197958125686,inf,0.5429867714137595,1.0,0.7714933857068798,0.15946670542797925,0.3503986667635699,0.3457315044215784
779,8660.366870483555,59,435,0.135632183908046,191448.51436897423,3244.8900740504105,38.28970287379485,0.08802230545699966,100,69,0.69,1717.1078396853868,inf,0.5469608818765834,1.0,0.7734804409382917,0.157270932259354,0.34539317733064834,0.34573107066889774
780,8671.484157865434,59,435,0.135632183908046,191179.1000898851,3240.3237303370356,38.23582001797702,0.08789843682293567,100,69,0.69,1718.8694042261566,inf,0.5472039777832096,1.0,0.7736019888916048,0.1571482239656654,0.34539287055991413,0.34573063763418715
781,8682.601445247314,60,435,0.13793103448275862,195880.08425798125,3264.668070966354,39.176016851596245,0.09005980885424424,100,70,0.7,1740.718052741666,inf,0.5437005273838332,1.0,0.7718502636919167,0.15910477258116373,0.3503977619314529,0.3457366058238256
782,8693.718732629193,60,435,0.13793103448275862,195538.902743694,3258.9817123949,39.1077805487388,0.08990294379020414,100,71,0.71,1756.393713646669,inf,0.539407907337827,1.0,0.7697039536689134,0.16009949506064536,0.3554002487376516,0.3457489476410846
783,8704.836020011073,60,435,0.13793103448275862,195218.2460343262,3253.637433905437,39.04364920686524,0.08975551541808101,100,71,0.71,1758.7093970325177,inf,0.5397367343786175,1.0,0.7698683671893087,0.1599435741143861,0.355399858935286,0.34576125747691905
784,8715.953307392952,59,435,0.135632183908046,189897.95746462338,3218.609448552939,37.979591492924676,0.08730940573086132,100,72,0.72,1777.9813613762672,inf,0.5360293160381825,1.0,0.7680146580190912,0.159647373855885,0.3603991184346397,0.3457799044335531
785,8727.070594774832,59,435,0.135632183908046,189599.5256774522,3213.551282668682,37.919905135490446,0.08717219571377113,100,71,0.71,1763.810865970981,inf,0.5404611429678793,1.0,0.7702305714839397,0.15847081211491576,0.35539617703028725,0.3457921388770604
786,8738.187882156712,59,435,0.135632183908046,189285.95636839618,3208.236548616884,37.857191273679234,0.08702802591650399,100,72,0.72,1778.2832736381554,inf,0.5360727914038944,1.0,0.7680363957019471,0.1594958151072784,0.3603987395377682,0.34581069872542214
787,8749.305169538591,59,435,0.135632183908046,188934.1360995001,3202.273493211866,37.78682721990002,0.08686626947103453,100,72,0.72,1773.985503700986,inf,0.535453912532942,1.0,0.767726956266471,0.15956965660228173,0.3603989241415057,0.3458292117018385
788,8760.42245692047,59,435,0.135632183908046,188608.25546991758,3196.7500927104675,37.721651093983525,0.08671643929651385,100,72,0.72,1770.9920937830293,inf,0.5350228615047562,1.0,0.767511430752378,0.1596025042720679,0.36039900626068017,0.34584767785463805
789,8771.53974430235,59,435,0.135632183908046,188228.16365520898,3190.307858562864,37.6456327310418,0.08654168443917655,100,72,0.72,1767.8485090533368,inf,0.5345701853036806,1.0,0.7672850926518403,0.15962829589366817,0.36039907073973415,0.34586609733930274
790,8782.65703168423,59,435,0.135632183908046,187843.33424662444,3183.7853262139733,37.56866684932489,0.08636475137775837,100,71,0.71,1753.50173927315,inf,0.5389972469767873,1.0,0.7694986234883936,0.15843306394468237,0.35539608265986167,0.3458781453611998
791,8793.77431906611,60,435,0.13793103448275862,192492.2034967209,3208.203391612015,38.49844069934418,0.08850216252722799,100,71,0.71,1749.1130954177968,inf,0.5383740595493272,1.0,0.7691870297746636,0.1596575663762822,0.3553991439159407,0.3458901668240214
792,8804.891606447989,60,435,0.13793103448275862,192098.583864427,3201.6430644071165,38.419716772885394,0.08832118798364458,100,71,0.71,1746.955858105788,inf,0.5380677318510219,1.0,0.7690338659255109,0.1596436610290668,0.35539910915257267,0.34590215792405743
793,8816.008893829869,60,435,0.13793103448275862,191751.22586406022,3195.853764401004,38.350245172812045,0.08816148315588976,100,71,0.71,1746.9087345465066,inf,0.538061040305604,1.0,0.769030520152802,0.15956548150154382,0.3553989137037538,0.34591411857365406
794,8827.126181211748,60,435,0.13793103448275862,191453.23732126388,3190.887288687731,38.29064746425278,0.08802447692931673,100,71,0.71,1747.972749038457,inf,0.5382121303634609,1.0,0.7691060651817305,0.15945920587379314,0.35539864801468446,0.345926048799366
795,8838.243468593628,62,435,0.1425287356321839,201086.00317551213,3243.322631863099,40.21720063510242,0.0924533347933389,100,72,0.72,1764.4272690892187,inf,0.5340775267488475,1.0,0.7670387633744238,0.16270728570945758,0.36040676821427364,0.34594424065792745
796,8849.360755975507,62,435,0.1425287356321839,200738.3290714207,3237.714985022915,40.147665814284146,0.09229348463053827,100,73,0.73,1786.9617613900705,inf,0.5308964171629503,1.0,0.7654482085814751,0.1634226380245316,0.36540855659506133,0.3459686626352639
797,8860.478043357387,62,435,0.1425287356321839,200434.3620130293,3232.812290532731,40.08687240260587,0.09215372966116292,100,72,0.72,1777.9674349031775,inf,0.5360273106260575,1.0,0.7680136553130288,0.1620700371740671,0.3604051750929352,0.3459867535030053
798,8871.595330739267,62,435,0.1425287356321839,200171.2097344871,3228.5678989433404,40.03424194689742,0.09203274010781015,100,75,0.75,1829.5134449331838,inf,0.5244270167399777,1.0,0.7622135083699888,0.16490961586891073,0.37541227403967226,0.34602358143859563
799,8882.712618121146,61,435,0.14022988505747128,194945.05400610738,3195.82055747717,38.98901080122148,0.08962990988786548,100,75,0.75,1831.5585020781125,inf,0.5247337753117169,1.0,0.7623668876558585,0.1636315111160035,0.37540907877779,0.3460603133102696
800,8893.829905503026,60,435,0.13793103448275862,189716.41733944335,3161.9402889907224,37.94328346788867,0.08722593900664062,100,75,0.75,1835.3964694969652,inf,0.5253094704245447,1.0,0.7626547352122723,0.1622856018971841,0.375405714004743,0.3460969492661928
801,8904.947192884905,60,435,0.13793103448275862,189501.52732887634,3158.3587888146058,37.90030546577526,0.0871271390017822,100,75,0.75,1839.868745409973,inf,0.525980311811496,1.0,0.7629901559057479,0.16206849154801717,0.37540517122887,0.346133493183852
802,8916.064480266785,60,435,0.13793103448275862,189323.73171194803,3155.3955285324673,37.86474634238961,0.08704539389055083,100,74,0.74,1831.5097109905612,inf,0.5310634372266031,1.0,0.7655317186133015,0.1607568376386247,0.3704018920940966,0.34616371534936907
803,8927.181767648664,60,435,0.13793103448275862,189182.98867531377,3153.0498112552295,37.83659773506275,0.08698068444842012,100,74,0.74,1838.7003432186941,inf,0.5321276507963667,1.0,0.7660638253981833,0.16045842952511846,0.3704011460738128,0.34619386140748404
804,8938.299055030544,60,435,0.13793103448275862,189079.37793810046,3151.3229656350077,37.81587558762009,0.08693304732786228,100,75,0.75,1858.9957420317403,inf,0.528849361304761,1.0,0.7644246806523805,0.1612541833377409,0.37540313545834436,0.34623014621996956
805,8949.416342412424,59,435,0.135632183908046,183910.71365545425,3117.1307399229536,36.78214273109085,0.08455664995653069,100,75,0.75,1856.0220187958842,inf,0.5284033028193826,1.0,0.7642016514096913,0.16017749927341968,0.37540044374818354,0.34626633765610876
806,8960.533629794303,57,435,0.1310344827586207,173598.23409584348,3045.5830543130437,34.719646819168695,0.07981528004406596,100,74,0.74,1842.8316602421012,inf,0.5327390857158308,1.0,0.7663695428579154,0.15672286859307527,0.3703918071714827,0.3462962329095355
807,8971.650917176183,56,435,0.12873563218390804,168284.7648174701,3005.0850860262517,33.65695296349402,0.07737230566320465,100,73,0.73,1832.4599146684823,inf,0.5375391475415985,1.0,0.7687695737707992,0.15430136594620275,0.3653857534148655,0.3463198585537252
808,8982.768204558062,55,435,0.12643678160919541,162972.28374953137,2963.1324318096613,32.59445674990627,0.07492978563196843,100,71,0.71,1805.7503213423886,inf,0.5464165456306191,1.0,0.7732082728153096,0.1508607564083294,0.3553771518910208,0.3463310542191607
809,8993.885491939942,55,435,0.12643678160919541,162692.47388712346,2958.044979765881,32.5384947774247,0.07480113741936713,100,70,0.7,1791.2351325607874,inf,0.5507729185585102,1.0,0.7753864592792551,0.149707339070056,0.3503742683476751,0.3463360458415416
810,9005.002779321821,55,435,0.12643678160919541,162450.43631198435,2953.6442965815336,32.49008726239686,0.07468985577562497,100,72,0.72,1824.6215980608317,inf,0.5427455101207598,1.0,0.7713727550603799,0.15165855035762255,0.360379146375894,0.34635336162518443
811,9016.120066703701,54,435,0.12413793103448276,157240.70463539605,2911.8649006554824,31.448140927079216,0.07229457684386027,100,73,0.73,1843.8459357935783,inf,0.5392015066258625,1.0,0.7696007533129312,0.15134691176546455,0.36537836727941364,0.3463767914351034
812,9027.23735408558,55,435,0.12643678160919541,162027.92872627501,2945.9623404777276,32.405585745255,0.07449559941437932,100,74,0.74,1855.9042054856404,inf,0.5346738224118748,1.0,0.7673369112059374,0.15357934410422092,0.37038394836026056,0.34640632053341236
813,9038.35464146746,54,435,0.12413793103448276,156804.64575577294,2903.7897362180174,31.360929151154586,0.07209409000265422,100,73,0.73,1843.810380810986,inf,0.539196315598404,1.0,0.7695981577992019,0.1512479661017262,0.3653781199152543,0.3464296274122598
814,9049.47192884934,54,435,0.12413793103448276,156590.3127858776,2899.8206071458817,31.318062557175526,0.07199554610844949,100,74,0.74,1852.4718393087278,inf,0.5341658322176918,1.0,0.7670829161088459,0.15245631499980172,0.3703811407874995,0.34645901577222943
815,9060.58921623122,54,435,0.12413793103448276,156413.51819519314,2896.5466332443175,31.282703639038626,0.07191426123916926,100,74,0.74,1846.149322071547,inf,0.533230099666589,1.0,0.7666150498332944,0.1526496057029374,0.37038162401425734,0.3464883326940947
816,9071.706503613099,54,435,0.12413793103448276,156274.66340580175,2893.975248255588,31.25493268116035,0.07185041995669046,100,73,0.73,1833.4182399857625,inf,0.5376790630379213,1.0,0.7688395315189607,0.15150544421886492,0.36537876361054716,0.3465114543965628
817,9082.823790994978,53,435,0.12183908045977011,151138.7344726965,2851.674235333896,30.2277468945393,0.06948907332078,100,73,0.73,1835.1061738438977,inf,0.537925501381209,1.0,0.7689627506906045,0.15026316131508777,0.3653756579032877,0.3465345157700429
818,9093.941078376858,55,435,0.12643678160919541,160973.50528715554,2926.79100522101,32.1947010574311,0.07401080702857724,100,73,0.73,1834.618334553077,inf,0.5378542768447493,1.0,0.7689271384223746,0.1525418343031013,0.36538135458575777,0.3465575277832489
819,9105.058365758738,55,435,0.12643678160919541,160767.05855430968,2923.037428260176,32.15341171086194,0.07391588899048722,100,73,0.73,1834.2488420550817,inf,0.5378003309400419,1.0,0.7689001654700209,0.15250786176023312,0.3653812696544006,0.34658048356601856
820,9116.175653140617,54,435,0.12413793103448276,155579.24004380932,2881.0970378483207,31.11584800876185,0.07153068507761345,100,74,0.74,1849.6476302350336,inf,0.533747849274785,1.0,0.7668739246373926,0.15232838022011042,0.37038082095055025,0.34660947301472084
821,9127.292940522497,54,435,0.12413793103448276,155433.99911018417,2878.4073909293365,31.086799822036838,0.07146390763686629,100,73,0.73,1832.650608322582,inf,0.537566988815097,1.0,0.7687834944075485,0.15134020661465897,0.36537835051653667,0.3466323061990296
822,9138.410227904376,53,435,0.12183908045977011,150318.50941734342,2836.198290893272,30.063701883468685,0.06911195835280158,100,74,0.74,1849.371628849814,inf,0.5337070010697723,1.0,0.7668535005348862,0.15112922890895764,0.3703778230722724,0.34666115858891206
823,9149.527515286256,53,435,0.12183908045977011,150260.39795714393,2835.1018482479985,30.05207959142879,0.06908524044006618,100,74,0.74,1847.2532785878175,inf,0.5333934852309969,1.0,0.7666967426154985,0.15119424891228384,0.3703779856222807,0.3466899411459914
824,9160.644802668136,53,435,0.12183908045977011,150253.98318912333,2834.9808148891193,30.050796637824668,0.06908229112143602,100,74,0.74,1845.9270706779262,inf,0.5331972064603331,1.0,0.7665986032301666,0.15124184394563467,0.3703781046098641,0.3467186540714021
825,9171.762090050015,53,435,0.12183908045977011,150294.63501048856,2835.747830386577,30.058927002097708,0.06910098161401772,100,73,0.73,1828.0232581380897,inf,0.5368913956881611,1.0,0.7684456978440806,0.1503276418849686,0.3653758191047124,0.34674124143827056
826,9182.879377431895,52,435,0.11954022988505747,145373.36708492547,2795.6416747101052,29.07467341698509,0.0668383296942186,100,72,0.72,1807.9142455284007,inf,0.5403396513560899,1.0,0.7701698256780449,0.1483342520080868,0.3603708356300202,0.3467577222051288
827,9193.996664813774,52,435,0.11954022988505747,145488.5880321232,2797.857462156215,29.097717606424645,0.0668913048423555,100,71,0.71,1792.13660476828,inf,0.5444833978770958,1.0,0.7722416989385479,0.14732480295190375,0.3553683120073797,0.346768121468175
828,9205.113952195654,51,435,0.11724137931034483,140653.0715094486,2757.903362930365,28.13061430188973,0.06466807885491892,100,72,0.72,1803.9415142412533,inf,0.5397675780507405,1.0,0.7698837890253702,0.14739214491477437,0.3603684803622869,0.3467845272086986
829,9216.231239577533,51,435,0.11724137931034483,140824.41805078206,2761.263099034942,28.16488361015641,0.06474685887392277,100,72,0.72,1801.820780480118,inf,0.539462192389137,1.0,0.7697310961945685,0.14750788133967718,0.3603687697033492,0.34680089376592116
830,9227.348526959413,51,435,0.11724137931034483,141085.1974053031,2766.3764197118253,28.217039481060617,0.06486675742772556,100,71,0.71,1786.2916859202373,inf,0.5436534194006737,1.0,0.7718267097003368,0.14652002386369434,0.3553663000596592,0.34681120111404834
831,9238.465814341293,51,435,0.11724137931034483,141418.9994808505,2772.921558448049,28.283799896170102,0.06502022964636806,100,72,0.72,1794.7060083498818,inf,0.538437665202383,1.0,0.7692188326011915,0.14790069852258825,0.3603697517463065,0.3468274974489429
832,9249.583101723172,50,435,0.11494252873563218,136785.25742735044,2735.705148547009,27.357051485470095,0.06288977352981631,100,72,0.72,1792.2292302334417,inf,0.5380810091536157,1.0,0.7690405045768078,0.14692463447650428,0.36036731158619123,0.34684375172761905
833,9260.700389105052,50,435,0.11494252873563218,137130.75728426344,2742.615145685269,27.426151456852693,0.06304862403874183,100,74,0.74,1820.123327218035,inf,0.5293782524282692,1.0,0.7646891262141347,0.14917974891230357,0.37037294937228077,0.34687196419481886
834,9271.817676486931,50,435,0.11494252873563218,137515.34786297896,2750.306957259579,27.50306957259579,0.06322544729332366,100,77,0.77,1855.6152912785412,inf,0.5157647548568953,1.0,0.7578823774284477,0.15267153493243796,0.3853816788373311,0.3469180836135524
835,9282.93496386881,50,435,0.11494252873563218,137937.07799376166,2758.741559875233,27.587415598752337,0.06341934620402837,100,77,0.77,1853.7311911076185,inf,0.5154746034305733,1.0,0.7577373017152866,0.1528410222443709,0.38538210255561095,0.3469640932055884
836,9294.05225125069,49,435,0.11264367816091954,133293.68908216077,2720.279369023689,26.658737816432154,0.06128445475041874,100,76,0.76,1835.8349811931928,inf,0.5190469171413652,1.0,0.7595234585706826,0.1508804980898681,0.38037720124522467,0.3470040132868783
837,9305.16953863257,49,435,0.11264367816091954,133673.5223601418,2728.0310685743225,26.734704472028355,0.06145909074029507,100,76,0.76,1833.1458188137917,inf,0.5186381644596963,1.0,0.7593190822298481,0.15107000425522343,0.38037767501063807,0.34704383865886373
838,9316.28682601445,49,435,0.11264367816091954,134085.19419647864,2736.432534622013,26.81703883929573,0.06164836514780628,100,77,0.77,1843.5106672489007,inf,0.5139006427563307,1.0,0.7569503213781654,0.15234902188482047,0.38538087255471204,0.3470895323822199
839,9327.40411339633,49,435,0.11264367816091954,134527.4446003052,2745.458053067453,26.905488920061043,0.061851698666806995,100,77,0.77,1842.9989250765825,inf,0.5138218344617937,1.0,0.7569109172308969,0.15247039071795504,0.3853811759767949,0.3471351176722135
840,9338.521400778209,50,435,0.11494252873563218,139986.7671619712,2799.735343239424,27.99735343239424,0.0643617320284925,100,76,0.76,1825.8723044231754,inf,0.5175325902723227,1.0,0.7587662951361613,0.15279771844616563,0.3803819942961154,0.34717465022467947
841,9349.638688160088,50,435,0.11494252873563218,140440.1405642882,2808.8028112857637,28.088028112857636,0.06457017956978767,100,76,0.76,1823.6040429561192,inf,0.5171878145293302,1.0,0.758593907264665,0.15298813615256135,0.3803824703403814,0.34721408944096893
842,9360.755975541968,49,435,0.11264367816091954,135862.44385019282,2772.702935718221,27.172488770038562,0.062465491425376,100,76,0.76,1821.0174863611956,inf,0.5167946579269017,1.0,0.7583973289634509,0.15203408123096251,0.3803800852030774,0.34725343225919203
843,9371.873262923848,49,435,0.11264367816091954,136309.19066051306,2781.820217561491,27.26183813210261,0.06267089225770715,100,74,0.74,1786.2418410276387,inf,0.5243637924720905,1.0,0.7621818962360453,0.1502444980108309,0.37037561124502705,0.34728082820585776
844,9382.990550305727,49,435,0.11264367816091954,136780.9788151161,2791.4485472472675,27.356195763023226,0.06288780635177753,100,75,0.75,1800.9317508311212,inf,0.5201397626246682,1.0,0.7600698813123341,0.1514089625197217,0.3753785224062993,0.3473140799149707
845,9394.107837687607,50,435,0.11494252873563218,142221.58731318967,2844.4317462637932,28.444317462637937,0.06538923554629411,100,75,0.75,1803.025897904917,inf,0.5204538846857375,1.0,0.7602269423428687,0.15258114660171274,0.37538145286650426,0.34734725647874326
846,9405.225125069486,51,435,0.11724137931034483,147596.40955825365,2894.0472462402677,29.51928191165073,0.06786041818770283,100,76,0.76,1823.407006013795,inf,0.5171578649140969,1.0,0.7585789324570484,0.15464074286532714,0.38038660185716333,0.34738626397033523
847,9416.342412451366,51,435,0.11724137931034483,147965.736983576,2901.2889604622746,29.59314739671521,0.06803022390049474,100,76,0.76,1825.4206874414867,inf,0.517463944491106,1.0,0.758731972245553,0.15464912582747092,0.3803866228145687,0.3474251794878402
848,9427.459699833245,50,435,0.11494252873563218,143327.05827107056,2866.5411654214113,28.665411654214115,0.06589749805566462,100,76,0.76,1828.006147496677,inf,0.5178569344194949,1.0,0.7589284672097474,0.1534845154229586,0.3803837112885574,0.34746399990221094
849,9438.576987215125,50,435,0.11494252873563218,143658.71419916584,2873.174283983317,28.731742839833164,0.06604998353984635,100,76,0.76,1828.6479960678485,inf,0.517954495402313,1.0,0.7589772477011565,0.15353636791934488,0.3803838409197984,0.3475027291269375
850,9449.694274597005,50,435,0.11494252873563218,144011.06146418996,2880.2212292837994,28.80221229283799,0.06621198228238619,100,76,0.76,1832.6264355178846,inf,0.5185592181987184,1.0,0.7592796090993592,0.15346618659151345,0.3803836654664788,0.3475413671249863
851,9460.811561978884,51,435,0.11724137931034483,149341.45403750878,2928.263804657035,29.868290807501754,0.06866273748850978,100,75,0.75,1816.5667756270334,inf,0.522485016344055,1.0,0.7612425081720275,0.15371011465824114,0.3753842752866456,0.3475740465946596
852,9471.928849360764,51,435,0.11724137931034483,149680.18642272026,2934.90561613177,29.936037284544046,0.0688184765161932,100,75,0.75,1817.2821086454228,inf,0.5225923162968134,1.0,0.7612961581484067,0.15376115918389327,0.3753844028979597,0.34760664959149823
853,9483.046136742643,51,435,0.11724137931034483,150041.22549176507,2941.984813564021,30.00824509835302,0.06898447149046671,100,74,0.74,1799.343340175089,inf,0.5263028143459132,1.0,0.7631514071729566,0.152916532158755,0.3703822913303969,0.34763331896121585
854,9494.163424124523,51,435,0.11724137931034483,150426.09445611527,2949.5312638453975,30.085218891223054,0.0691614227384438,100,73,0.73,1784.208947345584,inf,0.5304945063124552,1.0,0.7652472531562275,0.15195708479110814,0.36537989271197774,0.34765407518782493
855,9505.280711506402,51,435,0.11724137931034483,150837.15155261778,2957.591206914074,30.167430310523553,0.0693504145069507,100,74,0.74,1795.6863493470753,inf,0.525761579703367,1.0,0.7628807898516835,0.15323481232763364,0.37038308703081907,0.3476806277717536
856,9516.397998888282,52,435,0.11954022988505747,156274.46764852598,3005.278224010115,31.254893529705196,0.07185032995334528,100,74,0.74,1792.5734246984227,inf,0.5253008668553666,1.0,0.7626504334276833,0.15459994826283097,0.3703864998706571,0.3477071223716357
857,9527.515286270162,52,435,0.11954022988505747,156688.4675234828,3013.239760066977,31.337693504696556,0.07204067472344036,100,73,0.73,1773.2297556165859,inf,0.5288915443200215,1.0,0.7644457721600108,0.1537974512817148,0.3653844936282043,0.3477277253684382
858,9538.632573652041,52,435,0.11954022988505747,157135.3829861253,3021.8342881947174,31.427076597225064,0.07224615309706911,100,73,0.73,1766.6995428331275,inf,0.5279381332536367,1.0,0.7639690666268184,0.15413854323512532,0.3653853463580878,0.3477482813882166
859,9549.74986103392,52,435,0.11954022988505747,157613.6265213303,3031.031279256352,31.522725304266064,0.07246603518222083,100,73,0.73,1761.7291046738928,inf,0.5272124492823883,1.0,0.7636062246411941,0.15442990527051337,0.36538607476317625,0.3477687904502806
860,9560.8671484158,52,435,0.11954022988505747,158119.61103611148,3040.7617506944516,31.623922207222293,0.0726986717407409,100,73,0.73,1758.7670570312641,inf,0.5267799903265646,1.0,0.7633899951632823,0.15465433828872932,0.36538663584572184,0.3477892525239106
861,9571.98443579768,52,435,0.11954022988505747,158649.34139787074,3050.948873035976,31.72986827957415,0.07294222593005552,100,71,0.71,1720.643387596996,inf,0.5343313610387734,1.0,0.7671656805193867,0.15288827270533445,0.35538222068176334,0.3477980610716575
862,9583.10172317956,54,435,0.12413793103448276,169197.72013563174,3133.29111362281,33.83954402712634,0.07779205523477319,100,73,0.73,1744.3483437954005,inf,0.5246748581941284,1.0,0.7623374290970641,0.15772731306885457,0.3653943182826721,0.3478184507092137
863,9594.219010561439,55,435,0.12643678160919541,174738.34053628915,3177.0607370234393,34.94766810725783,0.0803394669132364,100,74,0.74,1753.2538267543775,inf,0.5194815663596478,1.0,0.759740783179824,0.16029934186670625,0.37040074835466674,0.3478445876277848
864,9605.336297943319,55,435,0.12643678160919541,175288.98223143455,3187.072404207901,35.05779644628691,0.08059263550870553,100,74,0.74,1750.7999999019237,inf,0.5191183999854848,1.0,0.7595591999927425,0.1605167177579815,0.37040129179439496,0.3478706647424283
865,9616.453585325198,55,435,0.12643678160919541,175854.52919461337,3197.3550762656973,35.17090583892267,0.08085265710097166,100,74,0.74,1750.5472669338758,inf,0.5190809955062137,1.0,0.7595404977531068,0.16065607967393236,0.3704016401991848,0.3478966820351035
866,9627.570872707078,55,435,0.12643678160919541,176433.93944184485,3207.8898080335425,35.28678788836898,0.08111905261694018,100,74,0.74,1752.438345877243,inf,0.519360875189832,1.0,0.759680437594916,0.16071930751101204,0.3704017982687775,0.34792263949327384
867,9638.688160088957,54,435,0.12413793103448276,172022.72057174222,3185.605936513745,34.40454411434843,0.0790909060099964,100,74,0.74,1752.622785968159,inf,0.5193881723232875,1.0,0.7596940861616437,0.1596984099241764,0.37039924602481045,0.34794853420125954
868,9649.805447470837,54,435,0.12413793103448276,172528.16705991453,3194.9660566650837,34.505633411982906,0.0793232951999607,100,74,0.74,1756.2849938559048,inf,0.519930179090674,1.0,0.7599650895453369,0.1596791028273119,0.37039919775706825,0.34797436925713504
869,9660.922734852717,54,435,0.12413793103448276,173044.90439734008,3204.535266617409,34.60898087946801,0.07956087558498393,100,74,0.74,1762.5598934310385,inf,0.5208588642277937,1.0,0.7604294321138969,0.1595657217355435,0.37039891430433886,0.34800014459626977
870,9672.040022234596,54,435,0.12413793103448276,173572.56498108423,3214.3067589089674,34.714512996216854,0.07980347815222265,100,74,0.74,1769.1288672341002,inf,0.5218310723506469,1.0,0.7609155361753235,0.15944397098844953,0.37039860992747115,0.34802586040032396
871,9683.157309616476,55,435,0.12643678160919541,179091.14763114363,3256.202684202611,35.818229526228734,0.08234075753156031,100,73,0.73,1758.2312250915977,inf,0.5267017588633733,1.0,0.7633508794316867,0.15949493904993678,0.36539873734762485,0.34804578342434606
872,9694.274596998355,55,435,0.12643678160919541,179602.55494488345,3265.5009989978807,35.92051098897669,0.0825758873309809,100,70,0.7,1711.5266019514568,inf,0.5396137242732041,1.0,0.7698068621366021,0.15638451259718944,0.35039096128149294,0.34804846976782505
873,9705.391884380235,55,435,0.12643678160919541,180124.90436490942,3274.9982611801715,36.02498087298188,0.08281604798386638,100,70,0.7,1714.5179767434358,inf,0.5400325167440809,1.0,0.7700162583720405,0.156399894805913,0.35039099973701476,0.3480511500080644
874,9716.509171762114,56,435,0.12873563218390804,185657.3841815035,3315.3104318125625,37.13147683630069,0.08535971686505907,100,71,0.71,1729.794551964225,inf,0.5356308263789199,1.0,0.7678154131894599,0.15877215183779958,0.35539693037959447,0.3480595451856318
875,9727.626459143994,57,435,0.1310344827586207,191106.80900754168,3352.7510352200297,38.22136180150835,0.08786519954369736,100,70,0.7,1713.4708350815931,inf,0.5398859169114231,1.0,0.7699429584557116,0.15896112054399292,0.35039740280135995,0.3480622139728644
876,9738.743746525874,56,435,0.12873563218390804,186461.7041970842,3329.6732892336468,37.292340839416845,0.0857295191710732,100,70,0.7,1712.9516092465744,inf,0.5398132252945205,1.0,0.7699066126472602,0.15791145326190648,0.35039477863315477,0.34806487368171307
877,9749.861033907753,55,435,0.12643678160919541,181727.37169239591,3304.1340307708347,36.34547433847918,0.08355281457121651,100,71,0.71,1724.182597665301,inf,0.5348339288684728,1.0,0.7674169644342363,0.1580679250684901,0.3553951698126712,0.3480732225383542
878,9760.978321289633,54,435,0.12413793103448276,176918.43701414255,3276.267352113751,35.38368740282851,0.08134181012144484,100,70,0.7,1703.8146408549617,inf,0.5385340497196947,1.0,0.7692670248598473,0.1560373926307988,0.35039009348157696,0.3480758583414751
879,9772.095608671512,56,435,0.12873563218390804,187040.07849800296,3340.001401750053,37.4080156996006,0.08599543838988644,100,71,0.71,1719.8983266817133,inf,0.5342255623888033,1.0,0.7671127811944016,0.1594413285977424,0.3553986033214943,0.3480841796425887
880,9783.212896053392,56,435,0.12873563218390804,187045.6886073055,3340.1015822733125,37.4091377214611,0.08599801775048528,100,70,0.7,1704.7199346784575,inf,0.538660790854984,1.0,0.7693303954274919,0.1583338111614967,0.35039583452790374,0.34808680354143695
881,9794.330183435271,55,435,0.12643678160919541,182052.290063689,3310.041637521618,36.41045801273779,0.08370220232813286,100,72,0.72,1733.05868365436,inf,0.5295604504462279,1.0,0.764780225223114,0.15946098855250945,0.36039865247138125,0.34810076255382916
882,9805.447470817151,56,435,0.12873563218390804,186960.73250698508,3338.584509053305,37.392146501397015,0.08595895747447589,100,72,0.72,1734.250015477696,inf,0.5297320022287884,1.0,0.7648660011143942,0.16054647818004086,0.3604013661954501,0.34811469302227943
883,9816.56475819903,55,435,0.12643678160919541,181691.2606640228,3303.4774666185963,36.33825213280455,0.08353621179955069,100,72,0.72,1732.9344275276474,inf,0.5295425575639812,1.0,0.7647712787819906,0.15938246650878002,0.3603984561662719,0.3481285886819446
884,9827.68204558091,55,435,0.12643678160919541,181428.4551805091,3298.6991851001653,36.285691036101824,0.0834153816921881,100,73,0.73,1746.3097819496174,inf,0.5249612281646442,1.0,0.7624806140823222,0.16046738380493297,0.3654011684595123,0.3481481057212413
885,9838.79933296279,56,435,0.12873563218390804,186152.51324313524,3324.1520221988435,37.23050264862704,0.08558736241063687,100,73,0.73,1738.4732265919367,inf,0.5238170910824228,1.0,0.7619085455412113,0.16183940843471278,0.36540459852108675,0.3481675825754172
886,9849.91662034467,57,435,0.1310344827586207,190791.19423377595,3347.213933925894,38.15823884675519,0.0877200893028855,100,73,0.73,1734.3913568162773,inf,0.5232211380951766,1.0,0.7616105690475883,0.16305476012764863,0.36540763690031913,0.3481870189388049
887,9861.033907726549,56,435,0.12873563218390804,185314.27139298106,3309.1834177318046,37.062854278596205,0.08520196385884185,100,73,0.73,1731.814448765381,inf,0.5228449095197456,1.0,0.7614224547598728,0.16188975454948457,0.3654047243863737,0.3482064082467414
888,9872.151195108429,56,435,0.12873563218390804,184840.12577515744,3300.71653169924,36.96802515503149,0.08498396587363562,100,73,0.73,1728.7920333648515,inf,0.5224036368712683,1.0,0.7612018184356342,0.1618910737190007,0.3654047276842975,0.34822575393789723
889,9883.268482490308,56,435,0.12873563218390804,184377.15385631254,3292.449176005581,36.87543077126251,0.08477110522129312,100,74,0.74,1743.2768644396936,inf,0.5180049759370746,1.0,0.7590024879685373,0.16288430862637793,0.37040721077156596,0.3482506769231036
890,9894.385769872188,56,435,0.12873563218390804,183925.62882659747,3284.3862290463835,36.78512576531949,0.08456350750648159,100,74,0.74,1744.6243946095562,inf,0.5182044104022144,1.0,0.7591022052011072,0.16273065115268726,0.3704068266278817,0.3482755435333222
891,9905.503057254067,56,435,0.12873563218390804,183485.84421367513,3276.532932387056,36.697168842735024,0.08436130768444833,100,73,0.73,1734.0102067592602,inf,0.523165490186852,1.0,0.761582745093426,0.1613892812955111,0.3654034732032388,0.34829474524819876
892,9916.620344635947,56,435,0.12873563218390804,183058.11009318795,3268.894823092642,36.61162201863758,0.08416464831870708,100,73,0.73,1736.4177879034025,inf,0.5235169970338966,1.0,0.7617584985169483,0.16120307490087937,0.3654030076872522,0.3483139034368203
893,9927.737632017826,56,435,0.12873563218390804,182642.74665801862,3261.4776188931896,36.52854933160373,0.08397367662437638,100,72,0.72,1722.128325365323,inf,0.5279864788526064,1.0,0.7639932394263032,0.15999021859903662,0.36039997554649755,0.34832742253313986
894,9938.854919399706,57,435,0.1310344827586207,187227.9647985187,3284.7011368161175,37.44559295970374,0.08608182289587066,100,72,0.72,1726.9949232826755,inf,0.5286872689527052,1.0,0.7643436344763526,0.16086909420975903,0.3604021727355244,0.3483409138741481
895,9949.972206781586,57,435,0.1310344827586207,186817.58337495624,3277.5014627185305,37.36351667499125,0.08589314178158909,100,72,0.72,1731.8511241413953,inf,0.5293865618763608,1.0,0.7646932809381803,0.1605999304217044,0.36040149982605424,0.34835437434954086
896,9961.089494163465,57,435,0.1310344827586207,186420.3089627488,3270.5317361885755,37.28406179254975,0.08571048687942472,100,73,0.73,1755.1506389004203,inf,0.5262519932794613,1.0,0.7631259966397306,0.16129224511984708,0.3654032306127996,0.3483733808782625
897,9972.206781545345,57,435,0.1310344827586207,186036.44730662246,3263.797321168815,37.2072894613245,0.08553399876166552,100,72,0.72,1746.3214068901111,inf,0.5314702825921759,1.0,0.765735141296088,0.15989942873278873,0.36039974857183193,0.34838677326990336
898,9983.324068927224,56,435,0.12873563218390804,180638.239921834,3225.682855747036,36.127647984366796,0.08305206433187769,100,72,0.72,1751.2271594489612,inf,0.5321767109606504,1.0,0.7660883554803253,0.15848185442577623,0.3603962046360644,0.3484001319254831
899,9994.441356309104,56,435,0.12873563218390804,180237.9876717652,3218.5354941386645,36.04759753435304,0.08286804030885755,100,72,0.72,1755.980736683304,inf,0.5328612260823958,1.0,0.766430613041198,0.15821871363382978,0.3603955467840846,0.34841346016421487
900,10005.558643690983,57,435,0.1310344827586207,184836.60011794028,3242.7473704901804,36.967320023588044,0.0849823448818116,100,72,0.72,1765.8814619772065,inf,0.5342869305247178,1.0,0.7671434652623589,0.1589194398097264,0.3603972985995243,0.34842676076181234
901,10016.675931072863,57,435,0.1310344827586207,184384.05633191136,3234.808005823006,36.876811266382276,0.08477427877329259,100,73,0.73,1786.1252792250693,inf,0.5307742907668601,1.0,0.76538714538343,0.1596935666949313,0.36539923391673734,0.34844557725089764
902,10027.793218454743,56,435,0.12873563218390804,178938.32230628253,3195.327184040759,35.787664461256504,0.08227049301438277,100,71,0.71,1760.5632765755436,inf,0.5399999852737272,1.0,0.7699999926368636,0.15613525018875957,0.3553903381254719,0.34845326801598575
903,10038.910505836622,56,435,0.12873563218390804,178465.15272359567,3186.8777272070656,35.693030544719136,0.08205294378096353,100,71,0.71,1755.567201111581,inf,0.5392905425578445,1.0,0.7696452712789222,0.1562038362510207,0.3553905095906275,0.3484609419557807
904,10050.027793218502,56,435,0.12873563218390804,178012.51026778837,3178.7948262105065,35.60250205355767,0.08184483230702913,100,71,0.71,1755.267415218151,inf,0.5392479729609775,1.0,0.7696239864804888,0.15611042291327015,0.3553902760572832,0.3484685986785448
905,10061.145080600381,56,435,0.12873563218390804,177584.62076679288,3171.1539422641586,35.51692415335859,0.08164810150197377,100,71,0.71,1755.117186751247,inf,0.539226640518677,1.0,0.7696133202593385,0.1560173906213177,0.3553900434765533,0.3484762382423395
906,10072.262367982261,56,435,0.12873563218390804,177188.6802435226,3164.0835757771893,35.43773604870452,0.08146605988207936,100,71,0.71,1755.8000977927722,inf,0.5393236138865737,1.0,0.7696618069432868,0.15590212646939627,0.35538975531617345,0.3484838606426414
907,10083.37965536414,55,435,0.12643678160919541,171830.49976952863,3124.1909049005203,34.366099953905724,0.07900252862966833,100,69,0.69,1720.4327673812888,inf,0.5474197218986179,1.0,0.7737098609493089,0.15264633384017967,0.3453816158346004,0.34848044407346956
908,10094.49694274602,56,435,0.12873563218390804,176486.71396519995,3151.5484636642846,35.29734279303999,0.08114331676560917,100,69,0.69,1716.3262467110078,inf,0.5468530220461191,1.0,0.7734265110230596,0.15385840287127484,0.34538464600717816,0.3484770383550248
909,10105.6142301279,57,435,0.1310344827586207,181154.31130263134,3178.145812326866,36.230862260526266,0.08328933852994544,100,70,0.7,1726.4166036266022,inf,0.5416983245077241,1.0,0.770849162253862,0.15622008813804167,0.3503905502203451,0.34847914111531636
910,10116.73151750978,57,435,0.1310344827586207,180877.1133898602,3173.282691050179,36.175422677972044,0.08316189121372884,100,70,0.7,1722.4272528858999,inf,0.5411398154040259,1.0,0.770569907702013,0.15629599175585795,0.35039073997938963,0.34848123946752724
911,10127.848804891659,57,435,0.1310344827586207,180644.8499554478,3169.207893955225,36.12896999108957,0.08305510342779211,100,71,0.71,1734.8016913324886,inf,0.5363418401692134,1.0,0.7681709200846067,0.15744209167159273,0.35539360522917895,0.34848881881595006
912,10138.966092273538,59,435,0.135632183908046,190432.47627826667,3227.669089462147,38.08649525565333,0.08755516150724904,100,70,0.7,1717.086203096088,inf,0.5403920684334522,1.0,0.7701960342167261,0.15867956364526142,0.3503966989091131,0.3484909084984179
913,10150.083379655418,58,435,0.13333333333333333,185237.27612254367,3193.7461400438565,37.04745522450874,0.08516656373450285,100,69,0.69,1699.7190470246835,inf,0.5445612284894064,1.0,0.7722806142447032,0.15644297474489988,0.34539110743686224,0.3484875170311733
914,10161.200667037298,60,435,0.13793103448275862,194993.12660868771,3249.8854434781288,38.99862532173754,0.0896520122338794,100,70,0.7,1711.8981613225315,inf,0.5396657425851544,1.0,0.7698328712925773,0.15990957047065102,0.3503997739261766,0.3484896069294192
915,10172.317954419177,61,435,0.14022988505747128,199700.00264864456,3273.7705352236812,39.94000052972892,0.09181609317179062,100,70,0.7,1709.9094179692818,inf,0.5393873185156994,1.0,0.7696936592578497,0.16106121695697045,0.35040265304239243,0.3484916954077085
916,10183.435241801057,62,435,0.1425287356321839,204437.7445055005,3297.3829758951697,40.887548901100104,0.09399436528988529,100,71,0.71,1724.8779541712377,inf,0.5349326694923158,1.0,0.7674663347461579,0.16326401527186374,0.35540816003817965,0.3484992378991267
917,10194.552529182936,62,435,0.1425287356321839,204146.62712452302,3292.6875342665003,40.829325424904596,0.09386051821817148,100,71,0.71,1725.6016875766018,inf,0.5350354396358774,1.0,0.7675177198179387,0.16317139920011642,0.3554079284980003,0.34850676370587924
918,10205.669816564816,62,435,0.1425287356321839,203921.1875867722,3289.0514126898743,40.784237517354434,0.0937568678559872,100,71,0.71,1726.0985734301096,inf,0.5351059974270757,1.0,0.7675529987135379,0.16310193457122468,0.35540775483642806,0.348514272945412
919,10216.787103946695,62,435,0.1425287356321839,203775.40979292884,3286.7001579504654,40.75508195858577,0.09368984358295579,100,71,0.71,1726.0086144694624,inf,0.5350932232546637,1.0,0.7675466116273318,0.163071615977812,0.3554076790399445,0.34852176577812344
920,10227.904391328575,63,435,0.14482758620689656,208601.5534935355,3311.135769738659,41.7203106987071,0.09590876022691287,100,70,0.7,1708.527626008735,inf,0.5391938676412229,1.0,0.7695969338206115,0.1631559132031507,0.35040788978300785,0.34852381368692353
921,10239.021678710455,63,435,0.14482758620689656,208486.29707402032,3309.3063027622275,41.697259414804066,0.09585576876966452,100,70,0.7,1707.0109898707553,inf,0.5389815385819059,1.0,0.769490769290953,0.16318249973935584,0.35040795624934834,0.3485258572254945
922,10250.138966092334,64,435,0.1471264367816092,213340.15951506828,3333.439992422942,42.668031903013656,0.09808742966210036,100,70,0.7,1706.3755464159244,inf,0.5388925764982293,1.0,0.7694462882491147,0.16432057070649286,0.3504108014267662,0.348527899418562
923,10261.256253474214,64,435,0.1471264367816092,213236.28614857217,3331.81697107144,42.64725722971443,0.09803967179244696,100,70,0.7,1708.092868564046,inf,0.5391330015989665,1.0,0.7695665007994832,0.1642365854964819,0.3504105914637412,0.3485299369640654
924,10272.373540856093,64,435,0.1471264367816092,213174.6894334891,3330.8545223982674,42.63493788669782,0.09801135146367315,100,71,0.71,1725.9910830118845,inf,0.5350907337876876,1.0,0.7675453668938438,0.16523299228491467,0.3554130824807123,0.3485373782024618
925,10283.490828237973,62,435,0.1425287356321839,203140.14626076314,3276.4539719477925,40.628029252152636,0.09339776839575319,100,71,0.71,1729.0295142083403,inf,0.5355221910175844,1.0,0.7677610955087921,0.16281833644348054,0.35540704584110866,0.3485447968500197
926,10294.608115619852,62,435,0.1425287356321839,203056.50748378417,3275.1049594158735,40.61130149675683,0.09335931378564788,100,69,0.69,1696.9569697895647,inf,0.54418006183096,1.0,0.77209003091548,0.16063464143508394,0.34540158660358766,0.3485414061162048
927,10305.725403001732,63,435,0.14482758620689656,207929.3451842211,3300.4657965749384,41.585869036844215,0.09559969893527406,100,69,0.69,1697.3913654036446,inf,0.5442400084257029,1.0,0.7721200042128514,0.16173984736121133,0.345404349618403,0.3485380256673925
928,10316.842690383612,63,435,0.14482758620689656,207839.52000605172,3299.040000096059,41.56790400121035,0.09555840000278241,100,68,0.68,1680.1947035676967,inf,0.5485064796852067,1.0,0.7742532398426034,0.16065258008008954,0.34040163145020025,0.34852926743895635
929,10327.959977765491,62,435,0.1425287356321839,202752.11595364453,3270.19541860717,40.55042319072891,0.09321936365684806,100,67,0.67,1660.942558047549,inf,0.5525663027783716,1.0,0.7762831513891858,0.15846810613383117,0.3353961702653346,0.3485151458290922
930,10339.07726514737,62,435,0.1425287356321839,202677.43728733517,3268.990923989277,40.535487457467035,0.09318502863785526,100,67,0.67,1659.5002977253414,inf,0.5523730398951957,1.0,0.7761865199475979,0.15849925434512868,0.33539624813586283,0.3485010546393036
931,10350.19455252925,63,435,0.14482758620689656,207599.44407388635,3295.229271014069,41.51988881477726,0.09544802026385577,100,68,0.68,1674.5504464725873,inf,0.5477388607202719,1.0,0.7738694303601359,0.1607892949518599,0.3404019732373797,0.34849236463779937
932,10361.31183991113,63,435,0.14482758620689656,207499.20431649315,3293.6381637538598,41.499840863298616,0.09540193301907728,100,69,0.69,1688.0716226907232,inf,0.5429538839313198,1.0,0.77147694196566,0.1619624955267086,0.34540490623881676,0.34848905546481007
933,10372.42912729301,63,435,0.14482758620689656,207379.71539398513,3291.74151419024,41.475943078797016,0.09534699558344141,100,70,0.7,1704.6735920127574,inf,0.5386543028817861,1.0,0.769327151440893,0.16300992207127418,0.35040752480517817,0.3484911095005064
934,10383.54641467489,64,435,0.1471264367816092,212263.12955249936,3316.6113992578025,42.452625910499876,0.0975922434724135,100,70,0.7,1702.9686918125142,inf,0.5384156168537519,1.0,0.769207808426876,0.16419221752276875,0.3504104805438069,0.34849316230376126
935,10394.663702056769,64,435,0.1471264367816092,212098.63210225248,3314.041126597695,42.4197264204505,0.09751661246080576,100,70,0.7,1702.4236944836387,inf,0.5383393172277094,1.0,0.7691696586138548,0.1641734769234755,0.3504104336923087,0.3484952106706294
936,10405.780989438648,64,435,0.1471264367816092,211959.1503068708,3311.8617235448564,42.391830061374165,0.09745248289971073,100,70,0.7,1702.7418862711052,inf,0.5383838640779546,1.0,0.7691919320389773,0.16413027543036673,0.3504103256885759,0.34849725455005093
937,10416.898276820528,64,435,0.1471264367816092,211845.61318600504,3310.0877060313287,42.369122637201,0.0974002819246,100,70,0.7,1702.9353639521719,inf,0.5384109509533039,1.0,0.769205475476652,0.16409740322397404,0.35041024350805994,0.34849929398390805
938,10428.015564202407,66,435,0.15172413793103448,221735.18667182434,3359.624040482187,44.34703733436488,0.10194721226290776,100,69,0.69,1687.612120168856,inf,0.5428904725833023,1.0,0.7714452362916511,0.16525098798562832,0.34541312746996405,0.3484960073316035
939,10439.132851584287,66,435,0.15172413793103448,221633.79658291652,3358.0878270138865,44.32675931658331,0.10190059613007658,100,69,0.69,1689.0018743258754,inf,0.5430822586569708,1.0,0.7715411293284854,0.16517973340079556,0.345412949333502,0.34849272748266935
940,10450.250138966167,66,435,0.15172413793103448,221564.6925764936,3357.0407966135394,44.31293851529871,0.10186882417310049,100,68,0.68,1670.8664803951397,inf,0.5472378413337391,1.0,0.7736189206668695,0.16412495175311548,0.3404103123793828,0.34848413830615155
941,10461.367426348046,66,435,0.15172413793103448,221529.7058818045,3356.5106951788557,44.3059411763609,0.10185273833646184,100,68,0.68,1674.6169192527934,inf,0.5477479010183799,1.0,0.77387395050919,0.16398939391363593,0.34040997348478413,0.34847556700591653
942,10472.484713729926,65,435,0.14942528735632185,216459.83914870437,3330.151371518529,43.29196782974087,0.09952176512584109,100,68,0.68,1676.795847537705,inf,0.5480442352651278,1.0,0.7740221176325639,0.1627498237466386,0.34040687455936663,0.348467010598232
943,10483.602001111805,65,435,0.14942528735632185,216354.32932699323,3328.5281434922035,43.27086586539865,0.0994732548629854,100,69,0.69,1701.7190061829422,inf,0.5448372228532462,1.0,0.7724186114266232,0.16352732171818107,0.34540881830429543,0.3484637709877511
944,10494.719288493685,65,435,0.14942528735632185,216282.06850361393,3327.4164385171375,43.25641370072279,0.09944003149591446,100,68,0.68,1691.0280341176078,inf,0.5499798126399947,1.0,0.7749899063199974,0.16222506258795855,0.34040556265646993,0.3484552437831678
945,10505.836575875564,65,435,0.14942528735632185,216241.11869661073,3326.786441486319,43.24822373932215,0.09942120399844172,100,69,0.69,1713.380613727331,inf,0.5464465246943717,1.0,0.7732232623471859,0.1630989708256279,0.34540774742706404,0.3484520223282459
946,10516.953863257444,65,435,0.14942528735632185,216229.73128381293,3326.611250520199,43.24594625676258,0.09941596840635075,100,69,0.69,1716.8542866694381,inf,0.5469258915603825,1.0,0.7734629457801913,0.16297651131307972,0.34540744127828266,0.34844880735353634
947,10528.071150639324,65,435,0.14942528735632185,216246.5925070884,3326.8706539552063,43.249318501417676,0.09942372069291419,100,71,0.71,1751.4894913414555,inf,0.5387115077704867,1.0,0.7693557538852434,0.16503398340383546,0.3554125849585096,0.3484561531105036
948,10539.188438021203,65,435,0.14942528735632185,216290.85977721206,3327.5516888801853,43.25817195544242,0.09944407346078718,100,71,0.71,1750.680313725958,inf,0.5385966045490861,1.0,0.769298302274543,0.16507288559312205,0.3554126822139828,0.34846348348890555
949,10550.305725403083,65,435,0.14942528735632185,216312.91891407082,3327.891060216474,43.26258378281417,0.09945421559267625,100,71,0.71,1750.4168932222774,inf,0.5385591988375633,1.0,0.7692795994187817,0.16508730808694733,0.35541271827021736,0.34847079847288587
950,10561.423012784962,66,435,0.15172413793103448,221191.11103083575,3351.380470164178,44.23822220616715,0.101697062542913,100,72,0.72,1765.4542489809019,inf,0.5342254118532499,1.0,0.767112705926625,0.16729217830814402,0.36041823044577037,0.3484833614928363
951,10572.540300166842,66,435,0.15172413793103448,221093.90058065258,3349.907584555342,44.21878011613052,0.10165236808305866,100,71,0.71,1748.8727366706257,inf,0.5383399286072288,1.0,0.7691699643036144,0.1662412018897222,0.3554156030047243,0.3484906432591303
952,10583.657587548721,66,435,0.15172413793103448,221023.55637392256,3348.841763241251,44.204711274784515,0.10162002591904486,100,71,0.71,1748.285153042539,inf,0.5382564917320406,1.0,0.7691282458660202,0.16624589002651236,0.3554156147250663,0.3484979097559466
953,10594.774874930601,66,435,0.15172413793103448,220980.56383715128,3348.1903611689586,44.19611276743026,0.10160025923547186,100,70,0.7,1735.9500284591384,inf,0.5430330039842793,1.0,0.7715165019921397,0.16504187862166608,0.35041260469655416,0.34849991677370407
954,10605.89216231248,68,435,0.15632183908045977,230917.91314495026,3395.8516638963274,46.18358262899007,0.10616915546894268,100,70,0.7,1736.5473212602692,inf,0.5431166249764376,1.0,0.7715583124882188,0.16730542149036187,0.3504182635537259,0.34850192551378784
955,10617.00944969436,67,435,0.15402298850574714,225763.88280600857,3369.6101911344563,45.152776561201726,0.10379948634759018,100,69,0.69,1718.1383769235736,inf,0.5471030960154531,1.0,0.7735515480077266,0.16512396916993177,0.3454128099229248,0.3484986942213288
956,10628.12673707624,67,435,0.15402298850574714,225558.36645303128,3366.542782881064,45.111673290606255,0.10370499607035921,100,70,0.7,1730.6894529234357,inf,0.542296523409281,1.0,0.7711482617046406,0.16627836718285927,0.3504156959179571,0.34850069735789785
957,10639.24402445812,67,435,0.15402298850574714,225384.7046437199,3363.950815577909,45.07694092874398,0.10362515156033099,100,69,0.69,1710.7697655839722,inf,0.5460862276505881,1.0,0.773043113825294,0.1652910188675185,0.34541322754716874,0.3484974745292854
958,10650.361311839999,67,435,0.15402298850574714,225243.54567647612,3361.843965320539,45.04870913529521,0.10356025088573612,100,69,0.69,1711.8048277474927,inf,0.546229066229154,1.0,0.773114533114577,0.16522285888557953,0.34541305714721393,0.3484942582442155
959,10661.478599221879,66,435,0.15172413793103448,220133.82706854583,3335.3610161900883,44.026765413709164,0.10121095497404406,100,69,0.69,1714.4306415094823,inf,0.5465914285283086,1.0,0.7732957142641543,0.16395762035494488,0.34540989405088734,0.3484910453648474
960,10672.595886603758,65,435,0.14942528735632185,215039.83761976246,3308.3051941501917,43.00796752395249,0.09886889085966089,100,69,0.69,1716.588008122765,inf,0.5468891451209416,1.0,0.7734445725604708,0.16271215914959503,0.345406780397874,0.34848783593199933
961,10683.713173985638,66,435,0.15172413793103448,219857.45985823797,3331.173634215727,43.97149197164759,0.10108388958999445,100,68,0.68,1701.6730228459478,inf,0.5514275311070489,1.0,0.7757137655535244,0.16268506201823496,0.34040671265504563,0.3484794355959526
962,10694.830461367517,65,435,0.14942528735632185,214682.51888936013,3302.807982913233,42.93650377787202,0.09870460638591269,100,66,0.66,1671.113695089898,inf,0.5605870077518665,1.0,0.7802935038759333,0.1592055512549897,0.3303980138781375,0.3484606594570972
963,10705.947748749397,66,435,0.15172413793103448,219497.6984544374,3325.7227038551123,43.89953969088748,0.10091848204801719,100,65,0.65,1652.4765353300777,inf,0.5648219495929101,1.0,0.782410974796455,0.15925375362578104,0.32539813438406445,0.34843673567590105
964,10717.065036131276,66,435,0.15172413793103448,219339.29741566937,3323.3226881162027,43.86785948313387,0.1008456539842158,100,65,0.65,1652.1121513172302,inf,0.56477457967124,1.0,0.78238728983562,0.15922918207429787,0.32539807295518575,0.3484128614140143
965,10728.182323513156,66,435,0.15172413793103448,219220.81774067646,3321.527541525401,43.8441635481353,0.10079118057042598,100,65,0.65,1652.0001433978787,inf,0.5647600186417244,1.0,0.7823800093208622,0.15920558562478193,0.325398013964062,0.3483890365201738
966,10739.299610895036,67,435,0.15402298850574714,224113.32168564785,3344.9749505320574,44.82266433712957,0.10304060767156223,100,66,0.66,1671.1318696555497,inf,0.5605894067945324,1.0,0.7802947033972663,0.16137295213714797,0.33040343238034287,0.3483704371363684
967,10750.416898276915,67,435,0.15402298850574714,223893.28890932284,3341.6908792436247,44.778657781864574,0.10293944317670017,100,66,0.66,1673.2063694264696,inf,0.560863240764294,1.0,0.780431620382147,0.16125391139727657,0.3304031347784932,0.348351875873602
968,10761.534185658795,68,435,0.15632183908045977,228643.83192338777,3362.4092929909966,45.72876638467756,0.10512360088431624,100,66,0.66,1676.0531713331316,inf,0.5612390186159734,1.0,0.7806195093079866,0.16225204578816477,0.33040563011447044,0.3483333554961416
969,10772.651473040674,68,435,0.15632183908045977,228431.29059636357,3359.283685240641,45.6862581192727,0.10502588073396023,100,66,0.66,1681.6606175050965,inf,0.5619792015106727,1.0,0.7809896007553363,0.16201813998931192,0.3304050453499733,0.3483148727021764
970,10783.768760422554,68,435,0.15632183908045977,228261.68775798893,3356.7895258527783,45.652337551597796,0.1049479024174662,100,66,0.66,1687.7255530622679,inf,0.5627797730042192,1.0,0.7813898865021096,0.1617790079576783,0.33040444751989423,0.34829642736213284
971,10794.886047804433,68,435,0.15632183908045977,228136.28623964815,3354.9453858771785,45.62725724792963,0.10489024654696466,100,65,0.65,1679.0918200186532,inf,0.568281936602425,1.0,0.7841409683012125,0.16037463912287614,0.3254009365978072,0.3482728723304823
972,10806.003335186313,68,435,0.15632183908045977,228057.03261278613,3353.779891364502,45.61140652255722,0.10485380809783268,100,65,0.65,1687.8336083657534,inf,0.569418369087548,1.0,0.7847091845437739,0.1600723117770294,0.3254001807794426,0.3482493649393713
973,10817.120622568193,68,435,0.15632183908045977,228027.10893614485,3353.339837296248,45.60542178722898,0.10484005008558385,100,65,0.65,1695.0226979726158,inf,0.5703529507364401,1.0,0.78517647536822,0.15983178735868198,0.3253995794683967,0.3482259052006948
974,10828.237909950072,67,435,0.15402298850574714,223019.97607884763,3328.6563593857854,44.60399521576954,0.10253792003625181,100,65,0.65,1701.5716407991665,inf,0.5712043133038915,1.0,0.7856021566519458,0.15846788169215298,0.3253961697042304,0.34820249008736504
975,10839.355197331952,67,435,0.15402298850574714,223013.05234183223,3328.5530200273465,44.60261046836645,0.1025347367088884,100,64,0.64,1685.356727638248,inf,0.5757256611376956,1.0,0.7878628305688478,0.15733595307002035,0.32039333988267504,0.348173997105598
976,10850.472484713831,67,435,0.15402298850574714,223075.81128228654,3329.4897206311425,44.61516225645731,0.10256359139415473,100,64,0.64,1693.6125372947515,inf,0.5767824047737281,1.0,0.788391202386864,0.15708619450364536,0.32039271548625914,0.3481455618122312
977,10861.589772095711,67,435,0.15402298850574714,223209.67059142567,3331.4876207675475,44.641934118285135,0.10262513590410376,100,64,0.64,1696.9249292997065,inf,0.5772063909503624,1.0,0.7886031954751812,0.15701097021446125,0.32039252742553614,0.3481171844764575
978,10872.70705947759,67,435,0.15402298850574714,223408.83493872828,3334.4602229660936,44.681766987745654,0.10271670571895553,100,64,0.64,1698.2132256183932,inf,0.5773712928791543,1.0,0.7886856464395772,0.15701552963968918,0.32039253882409924,0.3480888651244122
979,10883.82434685947,67,435,0.15402298850574714,223609.95057571196,3337.4619488912235,44.7219901151424,0.10280917267848827,100,64,0.64,1698.5535765111395,inf,0.5774148577934258,1.0,0.7887074288967129,0.15705087189088773,0.3203926271797272,0.34806060365712166
980,10894.94163424135,67,435,0.15402298850574714,223757.05135234975,3339.6574828708917,44.75141027046995,0.10287680521947114,100,64,0.64,1697.8646210946545,inf,0.5773266715001157,1.0,0.7886633357500579,0.1571067347347066,0.32039276683683676,0.3480323999498635
981,10906.05892162323,68,435,0.15632183908045977,228832.20882218351,3365.1795415026986,45.76644176443671,0.10521021095272808,100,66,0.66,1734.4612444004683,inf,0.5689488842608618,1.0,0.7844744421304308,0.16036788441114858,0.33040091971102786,0.34801444528566916
982,10917.176209005109,67,435,0.15402298850574714,223895.2673616879,3341.7204083834017,44.77905347233757,0.10294035280997144,100,65,0.65,1711.8659201530031,inf,0.5725425696198905,1.0,0.7862712848099452,0.15833453400001313,0.325395836335,0.34799143551054135
983,10928.293496386988,68,435,0.15632183908045977,228964.83068920593,3367.1298630765577,45.792966137841184,0.10527118652377283,100,67,0.67,1737.4206424989652,inf,0.5628143660948614,1.0,0.7814071830474307,0.16193200173817102,0.33540483000434546,0.34797864424478303
984,10939.410783768868,67,435,0.15402298850574714,224005.93133673185,3343.3721095034607,44.80118626734638,0.10299123279849742,100,67,0.67,1733.8099543443743,inf,0.5623305338821462,1.0,0.7811652669410731,0.16091298292871214,0.3354022824573218,0.34796587636479576
985,10950.528071150748,66,435,0.15172413793103448,219013.16946899236,3318.381355590793,43.80263389379847,0.10069571010068615,100,66,0.66,1710.4300338795222,inf,0.5657767644720968,1.0,0.7828883822360484,0.15890366393231892,0.3303972591598308,0.3479480582946082
986,10961.645358532627,66,435,0.15172413793103448,219046.4123845713,3318.8850361298682,43.809282476914255,0.10071099419980288,100,68,0.68,1740.8557843521735,inf,0.5567563866718956,1.0,0.7783781933359478,0.16116640043192748,0.34040291600107986,0.3479404137735408
987,10972.762645914507,67,435,0.15402298850574714,224063.88623813033,3344.237108031796,44.81277724762606,0.10301787873017484,100,68,0.68,1736.6323823696741,inf,0.5561820040022757,1.0,0.7780910020011378,0.1624634383645185,0.34040615859591133,0.3479327880091909
988,10983.879933296386,67,435,0.15402298850574714,224092.03662079538,3344.657262996946,44.818407324159075,0.10303082143484844,100,68,0.68,1734.4004066024565,inf,0.5558784552979341,1.0,0.7779392276489671,0.16254579689294074,0.3404063644922324,0.347925177874189
989,10994.997220678266,66,435,0.15172413793103448,219107.4289895848,3319.809530145224,43.821485797916964,0.10073904781130337,100,69,0.69,1750.1348331781367,inf,0.5515186069785829,1.0,0.7757593034892915,0.1624898721610059,0.3454062246804025,0.34792263347702357
990,11006.114508060145,66,435,0.15172413793103448,219160.08458435696,3320.6073421872265,43.83201691687138,0.1007632572801641,100,69,0.69,1748.371284002917,inf,0.5512752371924026,1.0,0.7756376185962013,0.16256281934198136,0.3454064070483549,0.3479200943988917
991,11017.231795442025,66,435,0.15172413793103448,219251.15093852318,3321.9871354321695,43.85023018770464,0.10080512686828652,100,69,0.69,1746.732327434748,inf,0.5510490611859952,1.0,0.7755245305929976,0.16264029813764447,0.3454066007453441,0.347917560635128
992,11028.349082823905,65,435,0.14942528735632185,214369.55868443655,3297.993210529793,42.87391173688731,0.09856071663652255,100,69,0.69,1743.6707439677327,inf,0.5506265626675471,1.0,0.7753132813337735,0.1616237176513745,0.34540405929412843,0.3479150294152479
993,11039.466370205784,65,435,0.14942528735632185,214476.6856127287,3299.6413171189033,42.89533712254574,0.09860997039665688,100,71,0.71,1777.406535510164,inf,0.5423917280424432,1.0,0.7711958640212215,0.16370705318771772,0.35540926763296926,0.347922568890316
994,11050.583657587664,65,435,0.14942528735632185,214621.67893305968,3301.8719835855336,42.924335786611934,0.09867663399221134,100,71,0.71,1776.7824379413707,inf,0.5423031061876747,1.0,0.7711515530938373,0.16376254044918703,0.35540940635112295,0.3479300933500756
995,11061.700944969543,65,435,0.14942528735632185,214804.7808310065,3304.6889358616386,42.9609561662013,0.09876081877287655,100,70,0.7,1765.3280747798242,inf,0.5471459304691754,1.0,0.7735729652345877,0.16259392676914441,0.3504064848169228,0.3479325796868897
996,11072.818232351423,65,435,0.14942528735632185,215026.34942644968,3308.097683483841,43.00526988528994,0.09886268939147112,100,70,0.7,1764.635649571602,inf,0.5470489909400242,1.0,0.7735244954700121,0.16266909696072945,0.3504066727424018,0.3479350612245582
997,11083.935519733302,64,435,0.1471264367816092,210103.27851208975,3282.8637267514023,42.020655702417955,0.09659920851130564,100,69,0.69,1747.06953724873,inf,0.5510955961403248,1.0,0.7755477980701624,0.16052570522057164,0.34540131426305143,0.34793252239994743
998,11095.052807115182,64,435,0.1471264367816092,210164.30528250814,3283.8172700391897,42.03286105650163,0.09662726679655548,100,69,0.69,1744.463728356389,inf,0.5507359945131817,1.0,0.7753679972565908,0.16062963476998238,0.34540157408692496,0.3479299889181526
999,11106.170094497062,63,435,0.14482758620689656,205245.64034099347,3257.8673069998963,41.0491280681987,0.09436581165103149,100,69,0.69,1742.816293692223,inf,0.5505086485295267,1.0,0.7752543242647634,0.15955574369313408,0.3453988893592328,0.3479274578185937
1000,11117.287381878941,63,435,0.14482758620689656,205352.16963501732,3259.558248174878,41.070433927003464,0.09441479063678958,100,69,0.69,1743.9140000067387,inf,0.5506601320009298,1.0,0.775330066000465,0.15954236231816232,0.3453988559057954,0.3479249317427567
1001,11128.40466926082,63,435,0.14482758620689656,205498.50216085187,3261.8809866801885,41.09970043217036,0.09448206995901232,100,70,0.7,1758.324452884605,inf,0.5461654234038448,1.0,0.7730827117019223,0.160699679128545,0.35040174919782135,0.34792740361646435
1002,11139.5219566427,63,435,0.14482758620689656,205684.95561261545,3264.8405652796105,41.136991122523085,0.09456779568396112,100,70,0.7,1758.5045389544148,inf,0.546190635453618,1.0,0.773095317726809,0.16073623897857603,0.3504018405974464,0.3479298706523377
1003,11150.63924402458,63,435,0.14482758620689656,205883.98460980412,3267.9997557111765,41.176796921960815,0.09465930326887544,100,71,0.71,1770.2038399937999,inf,0.5413689452791196,1.0,0.7706844726395599,0.16198741531465777,0.3554049685382866,0.34793731596895716
1004,11161.75653140646,62,435,0.1425287356321839,201035.49968575116,3242.5080594475994,40.20709993715023,0.09243011479804651,100,71,0.71,1765.2984996173209,inf,0.5406723869456596,1.0,0.7703361934728298,0.16104696066260832,0.3554026174016565,0.3479447441295867
1005,11172.87381878834,62,435,0.1425287356321839,201211.86854671533,3245.3527184954087,40.24237370934307,0.0925112039295243,100,71,0.71,1764.570857869955,inf,0.5405690618175336,1.0,0.7702845309087668,0.1611133365103788,0.35540278334127595,0.3479521576874512
1006,11183.991106170219,62,435,0.1425287356321839,201427.62941629844,3248.8327325209425,40.28552588325969,0.09261040432933261,100,72,0.72,1779.1904628712737,inf,0.5362034266534635,1.0,0.7681017133267318,0.16225434550130036,0.36040563586375324,0.34796452459725885
1007,11195.108393552098,62,435,0.1425287356321839,201682.28474301196,3252.940076500193,40.33645694860238,0.0927274872381664,100,72,0.72,1777.0287999253487,inf,0.5358921471892503,1.0,0.7679460735946251,0.1623907068217707,0.36040597676705444,0.3479768673077447
1008,11206.225680933978,62,435,0.1425287356321839,201975.1971482588,3257.6644701332066,40.39503942965176,0.09286215960839485,100,71,0.71,1759.077136173388,inf,0.5397889533366211,1.0,0.7698944766683106,0.1614838414700422,0.35540370960367507,0.3479842279046683
1009,11217.342968315857,61,435,0.14022988505747128,197278.5239378914,3234.0741629162526,39.455704787578284,0.09070276962661675,100,73,0.73,1787.193855882052,inf,0.5309303029587796,1.0,0.7654651514793898,0.16261880907361348,0.36540654702268405,0.34800147772557727
1010,11228.460255697737,61,435,0.14022988505747128,197598.737297974,3239.323562261869,39.51974745959479,0.09084999415998803,100,71,0.71,1756.0065294108047,inf,0.5393529271763342,1.0,0.7696764635881671,0.16058676528591048,0.3554014669132148,0.3480087972005403
1011,11239.577543079617,61,435,0.14022988505747128,197953.3676786874,3245.1371750604494,39.59067353573749,0.09101304261089077,100,71,0.71,1750.717355977758,inf,0.5386018645488416,1.0,0.7693009322744209,0.16085605516823498,0.3554021401379206,0.34801610287537965
1012,11250.694830461496,61,435,0.14022988505747128,198341.47691567265,3251.499621568404,39.66829538313453,0.09119148363938971,100,73,0.73,1774.00742281659,inf,0.5290050837312221,1.0,0.7645025418656111,0.1633444708868893,0.3654083611772172,0.3480332719358948
1013,11261.812117843376,61,435,0.14022988505747128,198746.89032649834,3258.1457430573496,39.74937806529968,0.09137788060988432,100,73,0.73,1767.209386644902,inf,0.5280125704501556,1.0,0.7640062852250777,0.16368579769240332,0.365409214494231,0.34805040797392073
1014,11272.929405225255,62,435,0.1425287356321839,204085.91951033656,3291.7083791989767,40.817183902067306,0.0938326066714191,100,74,0.74,1779.20717241677,inf,0.5233226615176819,1.0,0.7616613307588409,0.16608563795628906,0.3704152140948907,0.3480724422656656
1015,11284.046692607135,62,435,0.1425287356321839,204408.8904678018,3296.9175881903516,40.88177809356036,0.09398109906565599,100,74,0.74,1772.8266175414,inf,0.5223783393961271,1.0,0.7611891696980635,0.16639596468379625,0.3704159899117095,0.34809443394641953
1016,11295.163979989014,62,435,0.1425287356321839,204760.03578639563,3302.5812223612197,40.95200715727913,0.09414254518914741,100,74,0.74,1768.377915935591,inf,0.5217199315584675,1.0,0.7608599657792338,0.16664128970495679,0.3704166032242624,0.34811638298209097
1017,11306.281267370894,62,435,0.1425287356321839,205138.3649687637,3308.6833059478017,41.02767299375273,0.09431648964081088,100,73,0.73,1751.094152592162,inf,0.5256597462784556,1.0,0.7628298731392278,0.16574330825079153,0.36541435827062696,0.3481333750992703
1018,11317.398554752774,63,435,0.14482758620689656,210446.73485061486,3340.4243627081723,42.089346970122975,0.09675711947154707,100,73,0.73,1746.2473576887546,inf,0.5249521142225582,1.0,0.7624760571112791,0.167140531180134,0.36541785132795035,0.34815033729380285
1019,11328.515842134653,63,435,0.14482758620689656,210717.4634385009,3344.7216418809667,42.14349268770019,0.09688159238551768,100,73,0.73,1742.3034019795189,inf,0.5243762966890098,1.0,0.7621881483445049,0.16734672202050643,0.36541836680505124,0.34816726673450016
1020,11339.633129516533,64,435,0.1471264367816092,215995.10064903463,3374.923447641166,43.199020129806925,0.09930809225242972,100,73,0.73,1740.0245554721664,inf,0.5240435850989364,1.0,0.7620217925494682,0.1686431498514807,0.3654216078746287,0.34818416618713494
1021,11350.750416898412,63,435,0.14482758620689656,211209.75774446485,3352.535837213728,42.24195154889296,0.09710793459515624,100,73,0.73,1739.748094990298,inf,0.5240032218685835,1.0,0.7620016109342918,0.16755316183043223,0.3654188829045761,0.34820102990212265
1022,11361.867704280292,63,435,0.14482758620689656,211415.08827765196,3355.7950520262216,42.28301765553038,0.09720233943800087,100,73,0.73,1741.5491970555695,inf,0.524266182770113,1.0,0.7621330913850566,0.16753462402647212,0.3654188365600662,0.3482178606026681
1023,11372.984991662172,63,435,0.14482758620689656,211644.7445758054,3359.4403900921493,42.32894891516108,0.09730792854060018,100,72,0.72,1727.3664119045898,inf,0.5287407633142609,1.0,0.7643703816571304,0.16646877344173489,0.3604161719336043,0.34822977301607716
1024,11384.102279044051,64,435,0.1471264367816092,216870.15400544,3388.596156335,43.374030801088004,0.09971041563468507,100,72,0.72,1730.6896749413584,inf,0.5292193131915556,1.0,0.7646096565957778,0.16755037951945362,0.3604188759487986,0.3482416648238164
1025,11395.21956642593,65,435,0.14942528735632185,222086.99281078062,3416.7229663197018,44.41739856215612,0.10210896221185316,100,72,0.72,1736.2010263829063,inf,0.5300129477991385,1.0,0.7650064738995692,0.16855124415614198,0.3604213781103903,0.3482535358893979
1026,11406.33685380781,65,435,0.14942528735632185,222270.55384767434,3419.546982271913,44.454110769534864,0.10219335809088474,100,70,0.7,1708.04677303794,inf,0.5391265482253117,1.0,0.7695632741126559,0.1663150419891144,0.3504157876049728,0.34825564129515796
1027,11417.45414118969,64,435,0.1471264367816092,217460.51489652938,3397.8205452582715,43.492102979305876,0.09998184592943879,100,73,0.73,1765.4560936107682,inf,0.5277565896671722,1.0,0.763878294833586,0.16805177554792639,0.3654201294388698,0.34827233826806037
1028,11428.57142857157,62,435,0.1425287356321839,207630.57625613097,3348.8802621956606,41.52611525122619,0.0954623339108648,100,73,0.73,1768.2892006320174,inf,0.5281702232922746,1.0,0.7640851116461373,0.16568861113236377,0.3654142215278309,0.3482889970467385
1029,11439.688715953449,62,435,0.1425287356321839,207706.5658551347,3350.105900889269,41.54131317102695,0.09549727165753322,100,74,0.74,1785.886011096774,inf,0.5243111296423225,1.0,0.7621555648211613,0.166670853418186,0.3704166771335455,0.3483104802312888
1030,11450.806003335329,62,435,0.1425287356321839,207813.67789750302,3351.8335144758553,41.56273557950059,0.09554651857356457,100,74,0.74,1792.2977502279487,inf,0.5252600670337364,1.0,0.7626300335168682,0.16645824252834823,0.37041614560632086,0.34833192122583295
1031,11461.923290717208,61,435,0.14022988505747128,202967.8087157135,3327.3411264871065,40.593561743142715,0.09331853274285681,100,75,0.75,1812.8738798069198,inf,0.521931081971038,1.0,0.7609655409855189,0.1661764958786689,0.37541544123969667,0.3483581649467766
1032,11473.040578099088,61,435,0.14022988505747128,203190.93557354267,3330.9989438285684,40.63818711470853,0.09342111980392766,100,74,0.74,1798.990089577961,inf,0.5262505332575383,1.0,0.7631252666287691,0.16514792658757926,0.3704128698164689,0.34837951509669884
1033,11484.157865480967,61,435,0.14022988505747128,203453.64299663415,3335.305622895642,40.690728599326825,0.09354190482603868,100,75,0.75,1816.9924635154796,inf,0.5225488695273218,1.0,0.7612744347636609,0.1661337350311889,0.37541533433757796,0.34840566192381767
1034,11495.275152862847,61,435,0.14022988505747128,203738.14093687874,3339.969523555389,40.74762818737575,0.09367270847672587,100,75,0.75,1818.7793245579946,inf,0.5228168986836993,1.0,0.7614084493418496,0.16613212956743817,0.3754153303239186,0.34843175822178873
1035,11506.392440244726,60,435,0.13793103448275862,199013.69586102478,3316.8949310170797,39.80273917220496,0.09150054982116082,100,76,0.76,1831.0026013947067,inf,0.5183123954119955,1.0,0.7591561977059977,0.1661721760575815,0.380415430440144,0.34846263049226983
1036,11517.509727626606,60,435,0.13793103448275862,199290.84225141606,3321.514037523601,39.858168450283216,0.09162797344892694,100,75,0.75,1809.6820535185052,inf,0.5214523080277758,1.0,0.7607261540138879,0.16545090971751952,0.3754136272742938,0.3484886198816449
1037,11528.627015008486,61,435,0.14022988505747128,204573.75901336217,3353.6681805469207,40.914751802672434,0.0940569006957987,100,75,0.75,1806.358660980581,inf,0.5209537991470871,1.0,0.7604768995735436,0.16679000056112758,0.3754169750014028,0.348514562420296
1038,11539.744302390365,61,435,0.14022988505747128,204759.76609194244,3356.7174769170892,40.951953218388496,0.09414242119169769,100,75,0.75,1804.8418412162898,inf,0.5207262761824435,1.0,0.7603631380912217,0.166889641550238,0.37541722410387557,0.34854045526118493
1039,11550.861589772245,60,435,0.13793103448275862,199869.7846601148,3331.1630776685797,39.97395693202296,0.09189415386671944,100,73,0.73,1774.7567474828243,inf,0.5291144851324924,1.0,0.7645572425662461,0.1636684556502367,0.3654091711391256,0.3485566751802983
1040,11561.978877154124,60,435,0.13793103448275862,199971.4527644514,3332.85754607419,39.994290552890284,0.09194089782273629,100,73,0.73,1774.6785542725968,inf,0.5291030689237991,1.0,0.7645515344618996,0.16369468168041834,0.36540923670420106,0.348572864000206
1041,11573.096164536004,60,435,0.13793103448275862,200085.31463226507,3334.7552438710845,40.01706292645302,0.09199324810678855,100,74,0.74,1789.6457191770132,inf,0.524867566438198,1.0,0.762433783219099,0.1647797324438447,0.3704119493311096,0.3485938228153028
1042,11584.213451917884,60,435,0.13793103448275862,200210.79267977428,3336.8465446629048,40.04215853595487,0.09205093916311465,100,72,0.72,1757.5223765405658,inf,0.5330832222218415,1.0,0.7665416111109207,0.16275466402609695,0.3604068866600652,0.3486051488592576
1043,11595.330739299763,60,435,0.13793103448275862,200347.32626586073,3339.1221044310123,40.06946525317215,0.0921137132256831,100,71,0.71,1739.9194605303064,inf,0.5370685633953035,1.0,0.7685342816976517,0.16178971576401568,0.35540447428941,0.34861166162307955
1044,11606.448026681643,60,435,0.13793103448275862,200494.37902816662,3341.572983802777,40.098875805633334,0.09218132369111111,100,69,0.69,1712.4381190569518,inf,0.5463164604298593,1.0,0.7731582302149296,0.15951154673809076,0.3453987788668452,0.34860858709412623
1045,11617.565314063522,60,435,0.13793103448275862,200651.4450172039,3344.1907502867316,40.13028900344079,0.09225353793894434,100,69,0.69,1714.615470988729,inf,0.5466169349964446,1.0,0.7733084674982222,0.1594725352203611,0.34539868133805085,0.3486055183505736
1046,11628.682601445402,61,435,0.14022988505747128,205755.40170202442,3373.039372164335,41.15108034040488,0.09460018469058594,100,69,0.69,1710.050270061768,inf,0.545986937268524,1.0,0.772993468634262,0.16080335802816198,0.3454020083950704,0.34860245864670014
1047,11639.799888827281,60,435,0.13793103448275862,200825.92619125397,3347.0987698542326,40.16518523825079,0.09233375916839262,100,70,0.7,1726.0899857222498,inf,0.541652598001115,1.0,0.7708262990005574,0.16075373008391758,0.35040188432520974,0.3486041756559353
1048,11650.917176209161,61,435,0.14022988505747128,205846.26645894104,3374.528958343296,41.16925329178821,0.09464196159031772,100,70,0.7,1726.7587161330216,inf,0.5417462202586228,1.0,0.7708731101293114,0.1618844257305032,0.35040471106432625,0.3486058920862579
1049,11662.03446359104,63,435,0.14482758620689656,215826.05479384476,3425.810393553091,43.16521095876894,0.09923037002015848,100,70,0.7,1726.754064883668,inf,0.5417455690837135,1.0,0.7708727845418568,0.16417879273915081,0.35041044698184787,0.348607610709968
1050,11673.15175097292,62,435,0.1425287356321839,210709.49451900096,3398.5402341774347,42.14189890380019,0.0968779285144832,100,71,0.71,1742.5883390902577,inf,0.5374475441508166,1.0,0.7687237720754083,0.16407707821953743,0.3554101926955488,0.3486140831952064
1051,11684.2690383548,62,435,0.1425287356321839,210561.238893031,3396.1490144037257,42.11224777860621,0.09680976500829014,100,71,0.71,1743.60478423447,inf,0.5375918793612948,1.0,0.7687959396806474,0.1640069126638214,0.35541001728165955,0.3486205432085966
1052,11695.38632573668,61,435,0.14022988505747128,205388.8710658287,3367.0306732103063,41.07777421316574,0.09443166485785227,100,73,0.73,1769.8396516694718,inf,0.5283965891437429,1.0,0.7641982945718715,0.16511668514299038,0.36541279171285745,0.34863649026320653
1053,11706.503613118559,60,435,0.13793103448275862,200191.3910639548,3336.5231843992465,40.03827821279096,0.09204201887997923,100,73,0.73,1769.297259108185,inf,0.528317399829795,1.0,0.7641586999148975,0.1639416594825409,0.36540985414870636,0.34865240427068805
1054,11717.620900500438,59,435,0.135632183908046,194961.96647678304,3304.4401097759837,38.9923932953566,0.08963768573645195,100,73,0.73,1770.7298497854795,inf,0.52852655806868,1.0,0.76426327903434,0.16268720335105602,0.36540671800837765,0.3486682851367901
1055,11728.738187882318,58,435,0.13333333333333333,189685.89368235844,3270.4464427992834,37.93717873647169,0.08721190514131422,100,73,0.73,1774.294245731877,inf,0.5290469598768541,1.0,0.7645234799384271,0.1613442126014436,0.3654033605315036,0.3486841327460654
1056,11739.855475264198,59,435,0.135632183908046,194328.892225915,3293.710037727373,38.865778445183004,0.08934661711536322,100,72,0.72,1762.338512576737,inf,0.5337767458110502,1.0,0.7668883729055251,0.16122912210491902,0.3604030728052623,0.348695219728146
1057,11750.972762646077,58,435,0.13333333333333333,188932.10074478973,3257.4500128412024,37.786420148957944,0.08686533367576539,100,72,0.72,1762.3967699987395,inf,0.5337851348798185,1.0,0.7668925674399092,0.15998638311792812,0.36039996595779483,0.34870628281531957
1058,11762.090050027957,58,435,0.13333333333333333,188504.86239052494,3250.0838343193955,37.70097247810499,0.08666890224851721,100,72,0.72,1763.0623857786939,inf,0.5338809835521319,1.0,0.7669404917760659,0.15986420523622563,0.3603996605130905,0.3487173247206055
1059,11773.207337409836,57,435,0.1310344827586207,183045.91615118267,3211.33186230145,36.60918323023653,0.08415904190858974,100,72,0.72,1765.6129000431927,inf,0.5342482576062197,1.0,0.7671241288031099,0.15851745655273997,0.3603962936413818,0.34872834261581376
1060,11784.324624791716,59,435,0.135632183908046,192534.86258764012,3263.3027557227138,38.50697251752802,0.08852177590236326,100,72,0.72,1769.7516341061964,inf,0.5348442353112922,1.0,0.7674221176556462,0.16054982912335858,0.3604013745728084,0.3487393445309476
1061,11795.441912173595,59,435,0.135632183908046,191911.751517093,3252.7415511371696,38.3823503034186,0.08823528805383586,100,71,0.71,1758.0185408358577,inf,0.5396386327986918,1.0,0.7698193163993459,0.15920798582724505,0.3553980199645681,0.3487456144701506
1062,11806.559199555475,60,435,0.13793103448275862,196277.5660603382,3271.2927676723034,39.25551321206763,0.09024255910820146,100,73,0.73,1792.4702968837971,inf,0.5317006633450344,1.0,0.7658503316725171,0.16219611371784215,0.3654054902842946,0.34876128697797204
1063,11817.676486937355,60,435,0.13793103448275862,195615.12142707015,3260.2520237845024,39.12302428541404,0.08993798686302078,100,73,0.73,1795.7569996335058,inf,0.5321805219464918,1.0,0.7660902609732458,0.16192386294488748,0.3654048096573622,0.3487769293865053
1064,11828.793774319234,60,435,0.13793103448275862,194973.32837865376,3249.5554729775627,38.99466567573076,0.08964290959938105,100,71,0.71,1769.1590769724241,inf,0.5412205889300842,1.0,0.7706102944650421,0.1595163075671695,0.3553987907689179,0.34878314709672353
1065,11839.911061701114,60,435,0.13793103448275862,194354.84931663412,3239.247488610569,38.87096986332682,0.08935855140994671,100,70,0.7,1759.0181455622912,inf,0.5462625403787207,1.0,0.7731312701893603,0.15811364061029315,0.3503952841015257,0.3487846594203678
1066,11851.028349082993,60,435,0.13793103448275862,193762.58662910073,3229.3764438183453,38.752517325820136,0.0890862467260233,100,72,0.72,1791.071218748143,inf,0.5379142554997326,1.0,0.7689571277498664,0.16006455948807852,0.36040016139872016,0.3487955455515565
1067,11862.145636464873,61,435,0.14022988505747128,198188.1237112651,3248.985634610903,39.63762474225302,0.09112097641897245,100,73,0.73,1810.782653093753,inf,0.5343742673516879,1.0,0.767187133675844,0.1619669213715642,0.3654049173034289,0.3488110973977661
1068,11873.262923846753,60,435,0.13793103448275862,192600.0987697605,3210.0016461626747,38.52001975395209,0.08855176954931515,100,74,0.74,1828.045723504073,inf,0.5305507670786028,1.0,0.7652753835393014,0.16163819300500692,0.3704040954825125,0.34883129664761153
1069,11884.380211228632,60,435,0.13793103448275862,192019.39001786747,3200.323166964458,38.40387800357349,0.08828477701970917,100,71,0.71,1784.394118798645,inf,0.5433839648694075,1.0,0.7716919824347037,0.15829639729250278,0.35539574099323124,0.34883743164232706
1070,11895.497498610512,60,435,0.13793103448275862,191470.96838104882,3191.1828063508137,38.294193676209765,0.08803262914071211,100,71,0.71,1788.94191097263,inf,0.5440297513581134,1.0,0.7720148756790567,0.1580088767308277,0.35539502219182706,0.34884355450932003
1071,11906.614785992391,59,435,0.135632183908046,185932.3368122603,3151.3955391908526,37.18646736245206,0.08548613186770589,100,71,0.71,1788.2519574513315,inf,0.543931777958089,1.0,0.7719658889790445,0.15676012144433066,0.3553919003036108,0.3488496630408446
1072,11917.73207337427,59,435,0.135632183908046,185414.62861766623,3142.6208240282413,37.08292572353324,0.08524810511157067,100,71,0.71,1787.5333543291993,inf,0.5438297363147463,1.0,0.7719148681573731,0.15666661847709884,0.35539166654619275,0.34885575996862217
1073,11928.84936075615,60,435,0.13793103448275862,189868.89141277634,3164.4815235462725,37.973778282555266,0.08729604202886268,100,73,0.73,1813.6920324246537,inf,0.5347990367339994,1.0,0.7673995183669997,0.15994826183093147,0.3653998706545773,0.348871164168516
1074,11939.96664813803,60,435,0.13793103448275862,189306.36183934455,3155.1060306557424,37.86127236786891,0.08703740774222737,100,72,0.72,1793.3746414902903,inf,0.5382459483746018,1.0,0.7691229741873009,0.15895721677746322,0.3603973930419436,0.34888188624188665
1075,11951.08393551991,60,435,0.13793103448275862,188772.69909951228,3146.211651658538,37.75453981990246,0.08679204556299416,100,71,0.71,1775.8594717266374,inf,0.5421720449851825,1.0,0.7710860224925913,0.15785301153520148,0.35539463252883796,0.34888793898007153
1076,11962.20122290179,59,435,0.135632183908046,183264.25766383918,3106.1738587091386,36.652851532767826,0.08425942881096052,100,69,0.69,1733.9811459962782,inf,0.5492893981474863,1.0,0.7746446990737432,0.1548073648686087,0.3453870184121715,0.3488846883574458
1077,11973.318510283669,59,435,0.135632183908046,182785.3712806857,3098.057140350605,36.55707425613714,0.08403925116353365,100,69,0.69,1719.6615449809221,inf,0.5473132932073672,1.0,0.7736566466036836,0.15519130227992506,0.3453879782556998,0.3488814446560527
1078,11984.435797665548,59,435,0.135632183908046,182281.04171200003,3089.5091815593228,36.45620834240001,0.08380737549977015,100,69,0.69,1712.377399935947,inf,0.5463080811911607,1.0,0.7731540405955803,0.1553266674520949,0.34538831666863024,0.34887820728071683
1079,11995.553085047428,59,435,0.135632183908046,181719.09999927555,3079.984745750433,36.3438199998551,0.08354901149391977,100,69,0.69,1706.8935002647474,inf,0.5455513030365352,1.0,0.7727756515182675,0.15538667998782607,0.34538846669996953,0.34887497603943834
1080,12006.670372429307,59,435,0.135632183908046,181144.70535514213,3070.2492433074935,36.22894107102843,0.0832849220023642,100,68,0.68,1687.2356802785296,inf,0.5494640525178799,1.0,0.7747320262589399,0.15427644787171213,0.3403856911196793,0.34886712286189925
1081,12017.787659811187,59,435,0.135632183908046,180492.67327935662,3059.1978521924852,36.09853465587133,0.08298513713993409,100,70,0.7,1719.7951570684706,inf,0.5407713219895859,1.0,0.770385660994793,0.15629973807257058,0.3503907493451814,0.34886853101946236
1082,12028.904947193067,60,435,0.13793103448275862,184777.07404248245,3079.617900708041,36.955414808496485,0.0849549765712563,100,70,0.7,1719.6237219334432,inf,0.5407473210706821,1.0,0.7703736605353411,0.1572906580179576,0.35039322664504485,0.348869938863992
1083,12040.022234574946,60,435,0.13793103448275862,184084.05663767416,3068.067610627903,36.81681132753482,0.0846363478793904,100,69,0.69,1700.9407851337417,inf,0.5447298283484563,1.0,0.7723649141742281,0.1561357168525811,0.3453903392921314,0.34886672890128734
1084,12051.139521956826,60,435,0.13793103448275862,183441.26890213232,3057.3544817022052,36.68825378042645,0.08434081328833666,100,70,0.7,1718.3898850897597,inf,0.5405745839125664,1.0,0.7702872919562832,0.15702676066602678,0.35039256690166504,0.34886813520359183
1085,12062.256809338705,60,435,0.13793103448275862,182850.2610355576,3047.504350592627,36.570052207111516,0.08406908553358969,100,70,0.7,1720.8224779102704,inf,0.5409151469074378,1.0,0.7704575734537189,0.1568057560399354,0.3503920143900998,0.34886953840726265
1086,12073.374096720585,60,435,0.13793103448275862,182311.49398437358,3038.5248997395597,36.4622987968747,0.08382137654453954,100,71,0.71,1739.7334777683095,inf,0.5370421538431,1.0,0.76852107692155,0.15765014981149472,0.35539412537452875,0.3488755407871773
1087,12084.491384102465,61,435,0.14022988505747128,186810.1075394533,3062.4607793353002,37.362021507890674,0.08588970461584063,100,71,0.71,1742.6489438220556,inf,0.5374561500227318,1.0,0.7687280750113659,0.1585808148022374,0.3553964520370056,0.3488815342717819
1088,12095.608671484344,61,435,0.14022988505747128,186324.085844402,3054.4932105639673,37.26481716888039,0.08566624636524228,100,71,0.71,1745.9418918100241,inf,0.5379237486370235,1.0,0.7689618743185118,0.1583521860233652,0.3553958804650584,0.34888751622420916
1089,12106.725958866224,61,435,0.14022988505747128,185888.12555477608,3047.3463205700996,37.17762511095522,0.08546580485277062,100,70,0.7,1731.283286371972,inf,0.542379660092076,1.0,0.771189830046038,0.15713798740336626,0.3503928449685084,0.34888889725975436
1090,12117.843246248103,60,435,0.13793103448275862,180437.40525019824,3007.2900875033038,36.08748105003965,0.08295972655181529,100,70,0.7,1730.2574877247803,inf,0.5422360482814692,1.0,0.7711180241407346,0.1559208512055404,0.35038980212801385,0.34889027297457403
1091,12128.960533629983,60,435,0.13793103448275862,180034.68807713164,3000.5781346188605,36.006937615426324,0.08277456923086511,100,70,0.7,1732.8982162208192,inf,0.5426057502709147,1.0,0.7713028751354574,0.15573584704770382,0.35038933961761926,0.34889164574622517
1092,12140.077821011862,60,435,0.13793103448275862,179681.24737093312,2994.6874561822187,35.93624947418662,0.08261206775675084,100,70,0.7,1736.5317006260875,inf,0.5431144380876521,1.0,0.771557219043826,0.15552742435646238,0.35038881856089116,0.3488930155292212
1093,12151.195108393742,60,435,0.13793103448275862,179377.3401365296,2989.6223356088262,35.87546802730591,0.08247234029265725,100,72,0.72,1771.6816926288093,inf,0.5351221637385486,1.0,0.7675610818692743,0.15745562921169148,0.36039363907302924,0.34890352798218627
1094,12162.312395775622,60,435,0.13793103448275862,179123.50273997398,2985.3917123328997,35.82470054799479,0.08235563344366618,100,72,0.72,1773.7955867801784,inf,0.5354265644963456,1.0,0.7677132822481728,0.15732117559774667,0.36039330293899435,0.3489140209273523
1095,12173.429683157501,61,435,0.14022988505747128,183844.98590514046,3013.8522279531226,36.76899718102809,0.084526430301214,100,72,0.72,1778.6306205894805,inf,0.5361228093648852,1.0,0.7680614046824426,0.15823251280938577,0.3603955812820234,0.34892449680358834
1096,12184.54697053938,61,435,0.14022988505747128,183586.31852203506,3009.611779049755,36.717263704407,0.08440750276875172,100,71,0.71,1762.5980815197356,inf,0.5402889275758025,1.0,0.7701444637879012,0.1571315194904252,0.355392828798726,0.3489303931864462
1097,12195.66425792126,61,435,0.14022988505747128,183380.95164535564,3006.2451089402566,36.67619032907113,0.08431308121625548,100,71,0.71,1771.9408766802499,inf,0.5416156044885955,1.0,0.7708078022442977,0.15675263948597895,0.35539188159871493,0.34893627796642096
1098,12206.78154530314,60,435,0.13793103448275862,178219.76262696725,2970.3293771161207,35.64395252539345,0.08194012074803092,100,71,0.71,1775.2649115694617,inf,0.5420876174428636,1.0,0.7710438087214317,0.15544815601329964,0.3553886203900332,0.34894214906962717
1099,12217.89883268502,60,435,0.13793103448275862,178077.4615029261,2967.957691715435,35.61549230058522,0.08187469494387406,100,71,0.71,1781.7961275929692,inf,0.5430150501182017,1.0,0.7715075250591008,0.1551835849423866,0.355387958962356,0.3489480088968024
1100,12229.016120066899,60,435,0.13793103448275862,177991.0213265777,2966.517022109628,35.59820426531555,0.08183495233405874,100,71,0.71,1782.9698812503925,inf,0.5431817231375556,1.0,0.7715908615687779,0.1551220453826404,0.3553878051134566,0.34895385793968764
1101,12240.133407448779,60,435,0.13793103448275862,177960.74766102672,2966.012461017112,35.59214953220534,0.0818210334073686,100,73,0.73,1811.4550872207244,inf,0.5344724427342258,1.0,0.7672362213671129,0.15729240602012784,0.36539323101505033,0.3489687757010991
1102,12251.250694830658,60,435,0.13793103448275862,177986.53017180422,2966.4421695300703,35.59730603436085,0.0818328874353123,100,72,0.72,1797.0420204348234,inf,0.5387740509426144,1.0,0.7693870254713072,0.15622293098200252,0.360390557327455,0.34897913089749644
1103,12262.367982212538,61,435,0.14022988505747128,183057.83643299915,3000.9481382458875,36.61156728659982,0.08416452249793062,100,72,0.72,1801.3485229254811,inf,0.5393941873012693,1.0,0.7696970936506347,0.15723371442364797,0.3603930842860591,0.3489894696233919
1104,12273.485269594417,61,435,0.14022988505747128,183176.56311630915,3002.8944773165435,36.63531262326183,0.08421910947876284,100,72,0.72,1800.7298916345187,inf,0.5393051043953707,1.0,0.7696525521976854,0.1572832786405387,0.3603932081966013,0.34899978974879753
1105,12284.602556976297,61,435,0.14022988505747128,183349.41605491948,3005.7281320478605,36.669883210983905,0.08429858209421587,100,72,0.72,1801.5445971343547,inf,0.539422421987347,1.0,0.7697112109936735,0.15729368555027123,0.36039323421387565,0.34901009123565563
1106,12295.719844358176,61,435,0.14022988505747128,183574.80507494355,3009.423034015468,36.71496101498871,0.0844022092298591,100,71,0.71,1789.9794128917038,inf,0.544177076630622,1.0,0.772088538315311,0.15615683545727405,0.35539039208864315,0.34901585483172876
1107,12306.837131740056,61,435,0.14022988505747128,183850.95849714722,3013.9501392974953,36.770191699429446,0.08452917632052746,100,71,0.71,1791.780735719415,inf,0.544432864472157,1.0,0.7722164322360785,0.15615637204222443,0.35539039093010555,0.3490216080231533
1108,12317.954419121936,61,435,0.14022988505747128,184176.01203187273,3019.2788857684054,36.835202406374535,0.08467862622155066,100,71,0.71,1793.9976830099383,inf,0.5447476709874112,1.0,0.7723738354937055,0.15615239536392256,0.3553903809884098,0.34902735083015535
1109,12329.071706503815,60,435,0.13793103448275862,179544.85449179396,2992.4142415298993,35.9089708983588,0.08254935838703173,100,74,0.74,1835.755975030549,inf,0.5316918843045213,1.0,0.7658459421522607,0.15835170811738558,0.37039587927029344,0.34904660175667795
1110,12340.188993885695,60,435,0.13793103448275862,179958.14786135763,2999.3024643559606,35.991629572271535,0.082739378327061,100,71,0.71,1787.9601233345,inf,0.5438903375134989,1.0,0.7719451687567495,0.15539710478515573,0.3553884927619629,0.34905231002941
1111,12351.306281267574,60,435,0.13793103448275862,180414.87546034547,3006.9145910057578,36.08297509206909,0.08294936802774504,100,70,0.7,1771.656057028738,inf,0.5480318479840234,1.0,0.7740159239920117,0.1544667220178667,0.35038616680504464,0.34905350954089887
1112,12362.423568649454,60,435,0.13793103448275862,180913.37577023654,3015.2229295039424,36.182675154047296,0.08317856357252251,100,71,0.71,1780.146673445779,inf,0.5427808276293007,1.0,0.7713904138146503,0.15589407487893614,0.3553897351871973,0.34905920246600786
1113,12373.540856031334,60,435,0.13793103448275862,181452.1053088969,3024.2017551482813,36.29042106177936,0.08342625531443532,100,70,0.7,1760.2931290092376,inf,0.5464410380612933,1.0,0.7732205190306467,0.15510286814189433,0.3503877571703547,0.3490603950644858
1114,12384.658143413213,60,435,0.13793103448275862,182029.6453805893,3033.827423009822,36.40592907611787,0.08369179097958131,100,71,0.71,1772.1625669711236,inf,0.5416470845098995,1.0,0.7708235422549498,0.1564341243623158,0.3553910853109058,0.34906607281358565
1115,12395.775430795093,59,435,0.135632183908046,177600.65479270264,3010.1805897068243,35.520130958540534,0.08165547346790927,100,71,0.71,1766.5067337124528,inf,0.5408439561871683,1.0,0.7704219780935841,0.1556167476871626,0.3553890418692179,0.34907173855646706
1116,12406.892718176972,58,435,0.13333333333333333,173175.9696378211,2985.7925799624327,34.63519392756423,0.0796211354656649,100,71,0.71,1761.978412184092,inf,0.540200934530141,1.0,0.7701004672650704,0.15476033410029721,0.3553869008352507,0.34907739223800577
1117,12418.010005558852,57,435,0.1310344827586207,168770.39980458128,2960.884207097917,33.75407996091625,0.07759558611704885,100,70,0.7,1740.0825938926232,inf,0.5436115631449673,1.0,0.7718057815724837,0.15289490227228253,0.3503822372556807,0.34907855936235077
1118,12429.127292940731,57,435,0.1310344827586207,169338.65436008843,2970.853585264709,33.86773087201769,0.077856852579351,100,70,0.7,1736.581712788696,inf,0.5431214397904175,1.0,0.7715607198952088,0.15314806634207112,0.3503828701658552,0.349079724966286
1119,12440.244580322611,57,435,0.1310344827586207,169938.4324541878,2981.376007968207,33.98768649083756,0.07813261262261509,100,72,0.72,1765.3680713883714,inf,0.5342130022799254,1.0,0.7671065011399627,0.15551305574132623,0.3603887826393533,0.3490898223392084
1120,12451.36186770449,57,435,0.1310344827586207,170495.9157049052,2991.15641587553,34.09918314098104,0.07838892676087596,100,74,0.74,1790.2785808043911,inf,0.5249612299590499,1.0,0.7624806149795249,0.15795415589067552,0.3703948853897267,0.3491088277478172
1121,12462.47915508637,57,435,0.1310344827586207,171052.9317799186,3000.9286277178703,34.210586355983715,0.07864502610570968,100,74,0.74,1783.6616690690335,inf,0.5239819270222169,1.0,0.7619909635111084,0.15832703129730064,0.37039581757824325,0.3491278001095199
1122,12473.59644246825,56,435,0.12873563218390804,166629.67132807997,2975.5298451442854,33.325934265616,0.07661134313934713,100,74,0.74,1776.5635312530842,inf,0.5229314026254565,1.0,0.7614657013127282,0.15757282091330949,0.37039393205228327,0.3491467370035028
1123,12484.71372985013,55,435,0.12643678160919541,162147.47631704636,2948.1359330372065,32.42949526340928,0.07455056382392938,100,73,0.73,1759.869362678269,inf,0.5269409269510272,1.0,0.7634704634755136,0.1555400501742079,0.36538885012543554,0.349161187282081
1124,12495.831017232009,55,435,0.12643678160919541,162610.99834398803,2956.5636062543276,32.522199668797604,0.07476367739953473,100,73,0.73,1752.5843125607912,inf,0.5258773096338756,1.0,0.7629386548169378,0.15591251129129852,0.36538978127822824,0.34917561269896646
1125,12506.948304613888,55,435,0.12643678160919541,163103.5878454271,2965.5197790077655,32.62071756908541,0.07499015533123082,100,75,0.75,1780.5872693134868,inf,0.5170880903970231,1.0,0.7585440451985115,0.1582230550663597,0.3753955576376659,0.349198898618095
1126,12518.065591995768,55,435,0.12643678160919541,163625.95273976045,2975.017322541099,32.725190547952096,0.07523032309874045,100,74,0.74,1763.8365103487079,inf,0.5210478035316088,1.0,0.7605239017658044,0.15735321066646807,0.3703933830266662,0.34921770472670954
1127,12529.182879377648,55,435,0.12643678160919541,164179.0796354198,2985.0741751894507,32.83581592708396,0.07548463431513554,100,74,0.74,1761.1253935383756,inf,0.5206465582436796,1.0,0.7603232791218397,0.15758067759664796,0.37039395169399164,0.34923647799529756
1128,12540.300166759527,56,435,0.12873563218390804,169755.96036729883,3031.356435130336,33.951192073459765,0.07804871741025234,100,74,0.74,1759.6305050185947,inf,0.5204253147427519,1.0,0.7602126573713759,0.15891803001943827,0.3703972950750486,0.349255220968796
1129,12551.417454141407,56,435,0.12873563218390804,170336.6221775174,3041.7253960270964,34.06732443550348,0.07831568835747926,100,75,0.75,1775.6275133934396,inf,0.5163441270090159,1.0,0.7581720635045079,0.16007181242648572,0.3754001795310662,0.34927835810026703
1130,12562.534741523286,56,435,0.12873563218390804,170952.30763951613,3052.719779277074,34.190461527903224,0.07859876213311086,100,74,0.74,1760.1901833574757,inf,0.5205081471369063,1.0,0.7602540735684531,0.15917234428232885,0.3703979308607058,0.3492970314625663
1131,12573.652028905166,56,435,0.12873563218390804,171604.20399841748,3064.3607856860262,34.320840799683495,0.07889848459697354,100,75,0.75,1776.8284407541275,inf,0.5165242661131192,1.0,0.7582621330565595,0.16031817577020702,0.3754007954394255,0.3493200913247366
1132,12584.769316287046,56,435,0.12873563218390804,172292.56176611217,3076.6528886805745,34.458512353222446,0.07921497092694815,100,75,0.75,1778.2808391149292,inf,0.5167421258672392,1.0,0.7583710629336196,0.16042195399666426,0.37540105488499165,0.3493431107100502
1133,12595.886603668925,56,435,0.12873563218390804,173016.35145676107,3089.577704585019,34.60327029135222,0.07954774779621199,100,75,0.75,1781.2312005650085,inf,0.5171846800847514,1.0,0.7585923400423757,0.16047770387691807,0.3754011942596923,0.34936608961970594
1134,12607.003891050805,56,435,0.12873563218390804,173773.3888531877,3103.096229521209,34.75467777063754,0.07989581096698285,100,76,0.76,1796.378520494746,inf,0.5130495351152013,1.0,0.7565247675576007,0.16168552170469114,0.38040421380426176,0.34939343598462624
1135,12618.121178432684,55,435,0.12643678160919541,169555.0126684867,3082.818412154304,33.91100253369734,0.07795632766367205,100,76,0.76,1793.7710567527051,inf,0.5126532006264112,1.0,0.7563266003132056,0.16081486367523323,0.3804020371591881,0.3494207322884771
1136,12629.238465814564,55,435,0.12643678160919541,170322.89866758854,3096.779975774337,34.0645797335177,0.07830937869774184,100,77,0.77,1813.4766705335446,inf,0.5092754072621657,1.0,0.7546377036310828,0.16183583753332947,0.38540458959383334,0.34945238035998577
1137,12640.355753196443,55,435,0.12643678160919541,171115.21187931555,3111.18567053301,34.22304237586311,0.07867366063416807,100,78,0.78,1826.3955434384952,inf,0.5049177047764052,1.0,0.7524588523882025,0.16310740412298275,0.39040776851030745,0.3494883692775168
1138,12651.473040578323,53,435,0.12183908045977011,161877.31897482058,3054.289037260766,32.37546379496412,0.07442635355164165,100,78,0.78,1824.2039296806208,inf,0.5045758130301768,1.0,0.7522879065150885,0.16106922351827657,0.3904026730587957,0.3495242905275443
1139,12662.590327960203,52,435,0.11954022988505747,157617.95610540596,3031.114540488576,31.523591221081197,0.07246802579558896,100,78,0.78,1821.5182381571528,inf,0.5041568451525158,1.0,0.7520784225762579,0.16019480160966554,0.3904004870040242,0.34956014684024295
1140,12673.707615342082,52,435,0.11954022988505747,158292.89115287908,3044.09406063229,31.658578230575817,0.07277834075994441,100,78,0.78,1816.2139850083033,inf,0.5033293816612953,1.0,0.7516646908306477,0.1605568249646484,0.39040139206241165,0.3495959410954771
1141,12684.824902723962,52,435,0.11954022988505747,158982.89222730228,3057.3633120635054,31.79657844546047,0.07309558263324245,100,79,0.79,1827.892961123486,inf,0.4988070878575108,1.0,0.7494035439287554,0.16184601935224352,0.39540461504838065,0.3496360537696916
1142,12695.942190105841,52,435,0.11954022988505747,159686.69086668486,3070.897901282401,31.937338173336975,0.07341916821456776,100,77,0.77,1795.1436162695388,inf,0.5064521169055091,1.0,0.7532260584527546,0.16009655488090657,0.3854002413872023,0.34966734352263773
1143,12707.05947748772,52,435,0.11954022988505747,160370.108163472,3084.040541605231,32.074021632694404,0.0737333830636653,100,76,0.76,1775.2527847764438,inf,0.5098384232860195,1.0,0.7549192116430097,0.1594070857103278,0.3803985177142758,0.34969420643714094
1144,12718.1767648696,51,435,0.11724137931034483,155820.39546983122,3055.3018719574748,31.164079093966244,0.07164156113555459,100,76,0.76,1771.830867193613,inf,0.5093182918134291,1.0,0.7546591459067146,0.15849120761441998,0.38039622801903605,0.3497210204297889
1145,12729.29405225148,52,435,0.11954022988505747,161253.7236031216,3101.0331462138765,32.25074472062431,0.07413964303591795,100,76,0.76,1772.519212591361,inf,0.5094229203138869,1.0,0.7547114601569435,0.15971409143948728,0.3803992852285987,0.34974779029436026
1146,12740.41133963336,52,435,0.11954022988505747,161688.48427726768,3109.393928408994,32.33769685545352,0.07433953300104258,100,77,0.77,1782.0344533672217,inf,0.5044333058185522,1.0,0.7522166529092761,0.16106144004588324,0.3854026536001147,0.3497788756154638
1147,12751.52862701524,51,435,0.11724137931034483,157131.60036579554,3081.011771878344,31.426320073159115,0.07224441396128532,100,78,0.78,1797.2106660138263,inf,0.500364863898157,1.0,0.7501824319490785,0.16103099100610335,0.3904025774775153,0.34981426211534367
1148,12762.645914397119,51,435,0.11724137931034483,157524.85704531134,3088.7226871629673,31.504971409062264,0.0724252216300282,100,77,0.77,1779.0715227467774,inf,0.5039770145030037,1.0,0.7519885072515018,0.16021835718926325,0.3854005458929732,0.34984523364169495
1149,12773.763201778998,52,435,0.11954022988505747,162864.67109289372,3132.012905632572,32.57293421857874,0.07488030854845687,100,77,0.77,1773.8805062498716,inf,0.5031775979624803,1.0,0.7515887989812402,0.16164575478360832,0.38540411438695904,0.3498761544075604
1150,12784.880489160878,51,435,0.11724137931034483,158190.01575003835,3101.7650147066342,31.638003150007666,0.07273104172415555,100,77,0.77,1770.301142156984,inf,0.5026263758921755,1.0,0.7513131879460877,0.16070892688903393,0.3854017723172226,0.34990701941008834
1151,12795.997776542757,51,435,0.11724137931034483,158497.9000499259,3107.801961763253,31.699580009985176,0.07287259772410386,100,77,0.77,1768.9530497229127,inf,0.5024187696573287,1.0,0.7512093848286643,0.16083160644771977,0.3854020790161193,0.34993783109377413
1152,12807.115063924637,51,435,0.11724137931034483,158815.39692950388,3114.027390774586,31.763079385900774,0.07301857330092132,100,77,0.77,1773.3232842509399,inf,0.5030917857746448,1.0,0.7515458928873224,0.1607363402067994,0.385401840850517,0.34996858912478607
1153,12818.232351306517,51,435,0.11724137931034483,159142.3041700201,3120.4373366670607,31.828460834004016,0.073168875480469,100,78,0.78,1788.932639627243,inf,0.49907349178184984,1.0,0.7495367458909249,0.161816064794772,0.39040454016198695,0.35000362894370907
1154,12829.349638688396,50,435,0.11494252873563218,154424.9912988411,3088.499825976822,30.88499825976822,0.07099999599946717,100,77,0.77,1777.2188759898602,inf,0.5036917069024386,1.0,0.7518458534512193,0.1595770712741239,0.3853989426781853,0.3500342742369857
1155,12840.466926070276,50,435,0.11494252873563218,154710.50022646866,3094.2100045293732,30.94210004529374,0.07113126447193963,100,77,0.77,1779.4026383656405,inf,0.5040280063083086,1.0,0.7520140031541542,0.15955863065889275,0.3853988965766472,0.3500648664708435
1156,12851.584213452155,48,435,0.1103448275862069,144962.84029094604,3020.0591727280425,28.99256805818921,0.0666495817429637,100,77,0.77,1781.6676671946204,inf,0.5043768207479714,1.0,0.7521884103739858,0.157230585684489,0.3853930764642112,0.35009540079235896
1157,12862.701500834035,49,435,0.11264367816091954,150103.76996244068,3063.3422441314424,30.020753992488142,0.06901322756893825,100,76,0.76,1762.7064431314116,inf,0.5079313793559747,1.0,0.7539656896779874,0.15752376894547548,0.38039380942236367,0.35012156522122767
1158,12873.818788215915,49,435,0.11264367816091954,150171.76856282426,3064.7299706698827,30.03435371256485,0.06904449129325253,100,76,0.76,1763.677610690888,inf,0.5080789968250149,1.0,0.7540394984125074,0.15750249644037262,0.38039375624110094,0.3501476844542043
1159,12884.936075597794,48,435,0.1103448275862069,145165.60355184035,3024.2834073300073,29.03312071036807,0.0667428062307312,100,76,0.76,1766.912821350922,inf,0.5085707488453401,1.0,0.7542853744226701,0.15622871590403054,0.3803905717897601,0.3501737559088039
1160,12896.053362979674,48,435,0.1103448275862069,145144.06094756915,3023.8346030743573,29.02881218951383,0.06673290158508927,100,76,0.76,1769.2553869559604,inf,0.5089268188173058,1.0,0.7544634094086529,0.1561347460882182,0.38039033686522056,0.3501997822489903
1161,12907.170650361553,49,435,0.11264367816091954,150101.58999161332,3063.297754930884,30.020317998322664,0.06901222528350037,100,77,0.77,1787.3116520797023,inf,0.5052459944202742,1.0,0.752622997210137,0.15819461403668167,0.3853954865350917,0.3502300711511298
1162,12918.287937743433,49,435,0.11264367816091954,150045.08117780965,3062.14451383285,30.009016235561926,0.0689862442196826,100,76,0.76,1779.9580163335322,inf,0.5105536184826969,1.0,0.7552768092413484,0.15685471748916713,0.3803921367937229,0.350256005859335
1163,12929.405225125312,49,435,0.11264367816091954,149997.88365221958,3061.1812990248895,29.999576730443916,0.06896454420791705,100,75,0.75,1770.148059480439,inf,0.5155222089220658,1.0,0.7577611044610328,0.15560171987344207,0.3753890042996836,0.3502775977823937
1164,12940.522512507192,50,435,0.11494252873563218,154948.03197990236,3098.9606395980472,30.989606395980477,0.07124047447351833,100,75,0.75,1775.280072165248,inf,0.516292010824787,1.0,0.7581460054123935,0.15654723453056235,0.3753913680863264,0.35029915466677475
1165,12951.639799889072,51,435,0.11724137931034483,159734.3541213881,3132.046159242904,31.94687082427762,0.0734410823546612,100,73,0.73,1748.2408869080405,inf,0.525243169488574,1.0,0.762621584744287,0.1554097488051871,0.36538852437201297,0.35031209580717376
1166,12962.757087270951,51,435,0.11724137931034483,159525.07587522082,3127.942664220016,31.90501517504417,0.0733448624713659,100,73,0.73,1751.6764889195395,inf,0.5257447673822528,1.0,0.7628723836911264,0.15523623939011977,0.36538809059847527,0.35032501439739766
1167,12973.87437465283,50,435,0.11494252873563218,154325.69016585755,3086.513803317151,30.865138033171508,0.0709543403061414,100,74,0.74,1768.6935517516704,inf,0.5217666456592472,1.0,0.7608833228296237,0.1550355087382589,0.37038758877184563,0.3503421912590196
1168,12984.99166203471,50,435,0.11494252873563218,154093.18308047342,3081.863661609468,30.81863661609468,0.07084744049676937,100,74,0.74,1773.8376750418452,inf,0.522527975906193,1.0,0.7612639879530965,0.15479172627183646,0.3703869793156796,0.35035933821201937
1169,12996.10894941659,50,435,0.11494252873563218,153872.83243574493,3077.4566487148986,30.774566487148984,0.0707461298555149,100,73,0.73,1761.9008928284316,inf,0.5272375303529508,1.0,0.7636187651764754,0.15356368233951978,0.3653839092058488,0.3503721797256893
1170,13007.22623679847,52,435,0.11954022988505747,163599.7622771424,3146.149274560431,32.719952455428476,0.07521828150673213,100,74,0.74,1779.6123915538828,inf,0.5233826339499746,1.0,0.7616913169749873,0.15676348226587244,0.3703919087056647,0.35038927599296504
1171,13018.343524180349,52,435,0.11954022988505747,163308.32249114785,3140.544663291305,32.66166449822956,0.07508428620282658,100,74,0.74,1784.5709928274468,inf,0.5241165069384621,1.0,0.7620582534692311,0.1565130163667977,0.37039128254091697,0.3504063425514531
1172,13029.460811562229,52,435,0.11954022988505747,163034.63983913706,3135.2815353680203,32.60692796782742,0.07495845509845384,100,72,0.72,1755.4915675269087,inf,0.5327907857238748,1.0,0.7663953928619374,0.15428153111825826,0.3603857038277956,0.35041485010582335
1173,13040.578098944108,51,435,0.11724137931034483,157767.28095871926,3093.4760972297895,31.55345619174386,0.07253668090056059,100,72,0.72,1760.1350454530038,inf,0.5334594465452325,1.0,0.7667297232726162,0.15290347881397215,0.36038225869703494,0.3504233402323917
1174,13051.695386325988,51,435,0.11724137931034483,157523.06985470394,3088.687644209881,31.504613970940788,0.07242439993319721,100,71,0.71,1751.5459966397916,inf,0.5387195315228503,1.0,0.7693597657614252,0.15153231708588605,0.3553788307927147,0.3504275576711664
1175,13062.812673707867,51,435,0.11724137931034483,157311.683167905,3084.5428072138234,31.462336633580996,0.07232721065191033,100,72,0.72,1770.6144113254074,inf,0.5349684752308587,1.0,0.7674842376154294,0.1524214865182405,0.3603810537162956,0.35043602152834763
1176,13073.929961089747,51,435,0.11724137931034483,157139.6194291568,3081.169008414839,31.427923885831355,0.07224810088696863,100,74,0.74,1797.5308837810262,inf,0.5260345707995919,1.0,0.763017285399796,0.15461540774358634,0.370386538519359,0.35045297184014973
1177,13085.047248471627,51,435,0.11724137931034483,157010.34172311676,3078.634151433662,31.402068344623356,0.07218866286120311,100,75,0.75,1816.608186000371,inf,0.5224912279000556,1.0,0.7612456139500279,0.15547152445558765,0.37538867881113896,0.3504741396728925
1178,13096.164535853506,51,435,0.11724137931034483,156922.386138736,3076.9095321320788,31.3844772277472,0.07214822351206253,100,75,0.75,1818.4057317740742,inf,0.5227608597661111,1.0,0.7613804298830555,0.15538389681450349,0.3753884597420363,0.3504952714117128
1179,13107.281823235386,51,435,0.11724137931034483,156870.4701805166,3075.8915721669923,31.37409403610332,0.07212435410598464,100,73,0.73,1787.5232791510407,inf,0.5309783987560519,1.0,0.765489199378026,0.15331757736397933,0.36538329394340996,0.35050788837996
1180,13118.399110617265,52,435,0.11954022988505747,161815.3664266327,3111.833969742937,32.36307328532655,0.07439786962144035,100,72,0.72,1768.6322706796184,inf,0.534683046977865,1.0,0.7673415234889325,0.153528173066254,0.36038382043266565,0.3505162507271681
1181,13129.516397999145,53,435,0.12183908045977011,166742.15903860235,3146.0784724264595,33.34843180772047,0.07666306162694361,100,73,0.73,1783.3936517670422,inf,0.5303754731579882,1.0,0.7651877365789941,0.1557376625239748,0.3653893441563099,0.3505288337165328
1182,13140.633685381024,53,435,0.12183908045977011,166683.07352780527,3144.963651468024,33.33661470556105,0.07663589587485298,100,73,0.73,1780.7672461851737,inf,0.5299920179430353,1.0,0.7649960089715176,0.15581994345166766,0.36538954985862915,0.3505413956067628
1183,13151.750972762904,56,435,0.12873563218390804,181551.46452613414,3241.990437966681,36.31029290522683,0.08347193771316513,100,73,0.73,1780.262405082731,inf,0.5299183111420789,1.0,0.7649591555710394,0.15925639107106287,0.36539814097767764,0.35055394353359637
1184,13162.868260144784,55,435,0.12643678160919541,176335.22761021458,3206.095047458447,35.26704552204292,0.08107366786676533,100,73,0.73,1781.8148535871348,inf,0.5301449686237217,1.0,0.7650724843118608,0.1580005917774523,0.36539500147944365,0.3505664676331287
1185,13173.985547526663,55,435,0.12643678160919541,176096.0977823502,3201.7472324063674,35.21921955647004,0.08096372311832192,100,73,0.73,1783.8845710521825,inf,0.5304471473736186,1.0,0.7652235736868094,0.15787007471575631,0.36539467518678936,0.35057897033764274
1186,13185.102834908543,55,435,0.12643678160919541,175865.39258637844,3197.552592479608,35.1730785172757,0.08085765176385218,100,73,0.73,1786.8638625358558,inf,0.5308821239302348,1.0,0.7654410619651174,0.15770829489936738,0.3653942707372484,0.35059145163536776
1187,13196.220122290422,55,435,0.12643678160919541,175632.0404380719,3193.309826146762,35.12640808761438,0.08075036341980317,100,73,0.73,1795.4427118390106,inf,0.5321346359284956,1.0,0.7660673179642479,0.15734152272777768,0.3653933538068194,0.3506039111489801
1188,13207.337409672302,57,435,0.1310344827586207,185379.34346958547,3252.269183676938,37.0758686939171,0.08523188205498185,100,74,0.74,1814.8620488012903,inf,0.5285995832225909,1.0,0.7642997916112955,0.16046604522184316,0.3704011651130546,0.3506205614887312
1189,13218.454697054181,57,435,0.1310344827586207,185088.17504136948,3247.160965638061,37.017635008273906,0.08509801151327334,100,72,0.72,1789.0081425276755,inf,0.5376171725239852,1.0,0.7688085862619927,0.15814471262564034,0.36039536178156406,0.35062877560662437
1190,13229.571984436061,57,435,0.1310344827586207,184794.64898370038,3242.011385678954,36.95892979674008,0.08496305700400018,100,72,0.72,1793.1595882996812,inf,0.5382149807151541,1.0,0.769107490357577,0.15792778332321156,0.36039481945830804,0.3506369754755174
1191,13240.68927181794,57,435,0.1310344827586207,184438.6312243715,3235.7654600766928,36.887726244874294,0.08479937067787194,100,73,0.73,1813.1626446528185,inf,0.5347217461193116,1.0,0.7673608730596557,0.15871924880910815,0.36539679812202275,0.3506493578770665
1192,13251.80655919982,57,435,0.1310344827586207,184115.80218808452,3230.1017927734124,36.8231604376169,0.08465094353475149,100,71,0.71,1789.0791090936584,inf,0.5440492334912994,1.0,0.7720246167456497,0.15631316339455092,0.35539078290848636,0.35065333224842565
1193,13262.9238465817,57,435,0.1310344827586207,183827.54633739032,3225.044672585795,36.765509267478066,0.08451841210914499,100,71,0.71,1794.866006152065,inf,0.5448709728735933,1.0,0.7724354864367966,0.15604146283617415,0.3553901036570904,0.3506572993936591
1194,13274.04113396358,58,435,0.13333333333333333,188566.00728834982,3251.1380566956864,37.71320145766995,0.08669701484521829,100,71,0.71,1801.6740176125247,inf,0.5458377105009785,1.0,0.7729188552504893,0.15688907979736444,0.3553922226994934,0.35066126167257605
1195,13285.158421345459,57,435,0.1310344827586207,183279.01516326342,3215.421318653744,36.65580303265268,0.08426621386816707,100,69,0.69,1774.8887392068143,inf,0.5549346460105403,1.0,0.7774673230052702,0.15339944543144846,0.3453834986135786,0.350656848827209
1196,13296.275708727338,58,435,0.13333333333333333,187981.89101538382,3241.067086472135,37.59637820307676,0.08642845563925693,100,67,0.67,1750.2431560459493,inf,0.5645325829101572,1.0,0.7822662914550786,0.15208108209208915,0.3353802027052302,0.35064408638266265
1197,13307.392996109218,58,435,0.13333333333333333,187694.5963238068,3236.113729720807,37.53891926476135,0.08629636612588816,100,66,0.66,1740.8479321683978,inf,0.5697919270462285,1.0,0.7848959635231143,0.15070020130138695,0.3303767505032535,0.3506271687400254
1198,13318.510283491098,59,435,0.135632183908046,192396.43401602027,3260.9565087461065,38.47928680320404,0.08845813058207826,100,66,0.66,1740.0449470679362,inf,0.5696859330129675,1.0,0.7848429665064838,0.1518075820377972,0.3303795189550945,0.35061028162594293
1199,13329.627570872977,60,435,0.13793103448275862,197073.06253273078,3284.5510422121797,39.414612506546156,0.09060830461274978,100,66,0.66,1739.0353350277953,inf,0.569552664223669,1.0,0.7847763321118345,0.1529159862504576,0.3303822899656262,0.350593424966226
1200,13340.744858254857,61,435,0.14022988505747128,201721.160641293,3306.904272808082,40.34423212825861,0.09274536121438762,100,65,0.65,1721.3492292725077,inf,0.5737753998054259,1.0,0.786887699902713,0.1529288306558373,0.3253823220766396,0.3505724332069507
1201,13351.862145636736,61,435,0.14022988505747128,201372.90930576014,3301.1952345206582,40.27458186115203,0.09258524565782075,100,66,0.66,1735.9434824601115,inf,0.5691445396847348,1.0,0.7845722698423674,0.15400648790772664,0.33038501621976935,0.35055563835088815
1202,13362.979433018616,61,435,0.14022988505747128,201050.39308608897,3295.908083378508,40.210078617217796,0.09243696233843171,100,66,0.66,1734.3239646650575,inf,0.5689307633357876,1.0,0.7844653816678938,0.153985790335269,0.3303849644758382,0.3505388713734359
1203,13374.096720400496,61,435,0.14022988505747128,200753.14813595184,3291.035215343473,40.150629627190376,0.0923002979935411,100,66,0.66,1735.244193344768,inf,0.5690522335215094,1.0,0.7845261167607547,0.15388709061639316,0.330384717726541,0.3505221320431644
1204,13385.214007782375,61,435,0.14022988505747128,200480.89350709782,3286.5720247065215,40.09617870141956,0.09217512345153922,100,65,0.65,1716.6414574831042,inf,0.5731633894728035,1.0,0.7865816947364017,0.1527967143575688,0.32538199178589394,0.3505012688562289
1205,13396.331295164255,60,435,0.13793103448275862,195214.92208834577,3253.5820348057628,39.04298441766915,0.08975398716705553,100,65,0.65,1714.794455448062,inf,0.572923279208248,1.0,0.786461639604124,0.15164617378146583,0.3253791154344537,0.35048043788324235
1206,13407.448582546134,60,435,0.13793103448275862,194937.5923625807,3248.9598727096786,38.98751847251613,0.08962647924716352,100,66,0.66,1725.7231828070926,inf,0.5677954601305363,1.0,0.7838977300652681,0.1528643745909477,0.3303821609364774,0.35046378645246623
1207,13418.565869928014,60,435,0.13793103448275862,194685.68275941128,3244.7613793235214,38.93713655188226,0.08951065873995923,100,66,0.66,1714.863387223065,inf,0.5663619671134447,1.0,0.7831809835567223,0.15316483759161847,0.3303829120939791,0.35044716321210323
1208,13429.683157309893,61,435,0.14022988505747128,199445.75976669436,3269.602619126137,39.88915195333887,0.09169919989273304,100,67,0.67,1724.083767052998,inf,0.5610272247851017,1.0,0.7805136123925509,0.15559279375009105,0.3353889819843752,0.3504347081407817
1209,13440.800444691773,62,435,0.1425287356321839,204203.6417424126,3293.607124877623,40.84072834848253,0.09388673183559201,100,67,0.67,1718.5843830998788,inf,0.5602903073353837,1.0,0.7801451536676918,0.15687078908395014,0.3353921769727099,0.3504222762968412
1210,13451.917732073653,61,435,0.14022988505747128,198891.26797665356,3260.512589781206,39.77825359533071,0.0914442611386913,100,67,0.67,1709.3340208724464,inf,0.5590507587969078,1.0,0.7795253793984539,0.15595944087011865,0.33538989860217533,0.3504098631030388
1211,13463.035019455532,62,435,0.1425287356321839,203505.4743024334,3282.346359716668,40.70109486048669,0.09356573531146366,100,66,0.66,1690.0991918158068,inf,0.5630930933196866,1.0,0.7815465466598432,0.15600959432581019,0.3303900239858145,0.3503933450839652
1212,13474.152306837412,62,435,0.1425287356321839,203108.9681660925,3275.9510994531047,40.621793633218495,0.09338343363958275,100,67,0.67,1702.7049410893749,inf,0.5581624621059762,1.0,0.7790812310529881,0.1571511012932973,0.3353928777532333,0.35038097866407175
1213,13485.269594219291,63,435,0.14482758620689656,207683.03099283393,3296.5560475053003,41.53660619856678,0.095486451031188,100,67,0.67,1700.9587090262712,inf,0.5579284670095203,1.0,0.7789642335047602,0.15826110876321386,0.3353956527719081,0.3503686349030403
1214,13496.38688160117,62,435,0.1425287356321839,202259.8347964466,3262.2553999426873,40.45196695928933,0.09299302749261915,100,67,0.67,1700.1262847416829,inf,0.5578169221553855,1.0,0.7789084610776927,0.15704228320746322,0.33539260570801865,0.3503563089530856
1215,13507.50416898305,62,435,0.1425287356321839,201842.7508998446,3255.528240320074,40.36855017996892,0.09280126478153775,100,67,0.67,1699.329758865865,inf,0.5577101876880259,1.0,0.778855093844013,0.15697308546876237,0.3353924327136719,0.35034400313380976
1216,13518.62145636493,62,435,0.1425287356321839,201468.07916923566,3249.4851478908977,40.29361583384713,0.09262900191688994,100,67,0.67,1701.0968210334577,inf,0.5579469740184834,1.0,0.7789734870092417,0.15682775745382405,0.3353920693936346,0.3503317172391999
1217,13529.73874374681,61,435,0.14022988505747128,196132.12054964382,3215.2806647482594,39.226424109928764,0.09017568760903165,100,67,0.67,1705.2253959521208,inf,0.5585002030575843,1.0,0.7792501015287921,0.15546279304011973,0.33538865698260034,0.3503194487168218
1218,13540.85603112869,61,435,0.14022988505747128,195836.34313113525,3210.4318546087748,39.16726862622704,0.09003969799132654,100,69,0.69,1744.2522236529214,inf,0.5507068068641032,1.0,0.7753534034320516,0.15734314727963744,0.3453933578681991,0.3503154076250674
1219,13551.973318510569,61,435,0.14022988505747128,195594.09044527102,3206.4604991028036,39.1188180890542,0.08992831744610161,100,70,0.7,1765.5224399861145,inf,0.5471731415980561,1.0,0.773586570799028,0.1581708733235368,0.3503954271833088,0.3503154732148692
1220,13563.090605892448,63,435,0.14482758620689656,205377.49542088262,3259.960244775915,41.07549908417653,0.09442643467626788,100,71,0.71,1783.8307873258102,inf,0.5433039718002651,1.0,0.7716519859001325,0.16138722438806763,0.3554034680609702,0.3503196402868152
1221,13574.207893274328,60,435,0.13793103448275862,190079.7914656005,3167.9965244266746,38.015958293120086,0.08739300757039101,100,73,0.73,1814.1823340742017,inf,0.5348706207748335,1.0,0.7674353103874167,0.15997884859148714,0.3653999471214787,0.3503319809634393
1222,13585.325180656208,60,435,0.13793103448275862,189795.1225534078,3163.252042556797,37.95902451068156,0.08726212531191163,100,72,0.72,1798.3059795633142,inf,0.5389560610571172,1.0,0.7694780305285587,0.1588920473916765,0.3603972301184792,0.350340210930042
1223,13596.442468038087,60,435,0.13793103448275862,189561.44422467565,3159.357403744594,37.91228884493513,0.08715468699985086,100,72,0.72,1797.734743579109,inf,0.5388738030753918,1.0,0.7694369015376958,0.15885889273107756,0.3603971472318277,0.3503484273812689
1224,13607.559755419967,60,435,0.13793103448275862,189375.7865481149,3156.263109135248,37.87515730962297,0.08706932714855856,100,69,0.69,1752.9962283945672,inf,0.5519134795184503,1.0,0.7759567397592251,0.15555629369466673,0.3453888907342366,0.35034437877992436
1225,13618.677042801846,60,435,0.13793103448275862,189235.8860631496,3153.931434385827,37.84717721262992,0.08700500508650556,100,68,0.68,1735.4605782801573,inf,0.5560226386461014,1.0,0.7780113193230507,0.1544968428817275,0.34038624210720436,0.35033625631934306
1226,13629.794330183726,60,435,0.13793103448275862,189140.37523879777,3152.3395873132963,37.82807504775955,0.08696109206381505,100,68,0.68,1736.2767374783282,inf,0.5561336362970527,1.0,0.7780668181485264,0.15444713695764434,0.34038611784239414,0.35032814699703096
1227,13640.911617565605,60,435,0.13793103448275862,189088.71437746487,3151.478572957748,37.81774287549297,0.086937339943662,100,68,0.68,1736.356445341608,inf,0.5561444765664586,1.0,0.7780722382832292,0.15443255083021634,0.34038608137707554,0.3503200508523893
1228,13652.028904947485,60,435,0.13793103448275862,189081.028784864,3151.3504797477335,37.8162057569728,0.0869338063378685,100,67,0.67,1716.9356191907636,inf,0.5600693729715623,1.0,0.7800346864857812,0.1534495599260436,0.33538362389981513,0.3503078975350967
1229,13663.146192329365,59,435,0.135632183908046,183993.79371783,3118.53887657339,36.798758743566,0.08459484768635861,100,68,0.68,1731.5528616165616,inf,0.5554911891798525,1.0,0.7777455945899263,0.1534246265482161,0.34038356156637056,0.35029982896926853
1230,13674.263479711244,59,435,0.135632183908046,183950.4178917811,3117.803693081036,36.79008357835621,0.08457490477783036,100,69,0.69,1750.9842420836085,inf,0.551635825407538,1.0,0.775817912703769,0.1543784960370307,0.34538594624009256,0.35029583718801005
1231,13685.380767093124,59,435,0.135632183908046,183953.6054930809,3117.8577202217098,36.790721098616174,0.08457637034164638,100,70,0.7,1768.789116918903,inf,0.5476304763686466,1.0,0.7738152381843233,0.15538056607866157,0.35038845141519664,0.3502959123618957
1232,13696.498054475003,60,435,0.13793103448275862,188978.8133933674,3149.646889889457,37.79576267867348,0.08688681075557123,100,70,0.7,1767.6646828537791,inf,0.5474730555995291,1.0,0.7737365277997645,0.1565751414779033,0.35039143785369475,0.35029598983593613
1233,13707.615341856883,60,435,0.13793103448275862,189029.92998823075,3150.498833137179,37.80598599764615,0.086910312638267,100,70,0.7,1768.4487755431003,inf,0.547582828576034,1.0,0.773791414288017,0.15655944917512504,0.3503913986229378,0.3502960671526193
1234,13718.732629238762,59,435,0.135632183908046,184111.30583789462,3120.5306074219425,36.82226116757893,0.08464887624730788,100,68,0.68,1737.7603689997443,inf,0.5563354101839653,1.0,0.7781677050919826,0.15324058557766262,0.3403831014639442,0.350288040459754
1235,13729.849916620642,59,435,0.135632183908046,184142.1629985852,3121.053610145512,36.82843259971704,0.08466306344762538,100,68,0.68,1739.8048384557335,inf,0.5566134580299797,1.0,0.7783067290149899,0.15317816721631772,0.3403829454180408,0.350280026628814
1236,13740.967204002522,59,435,0.135632183908046,184217.01385062386,3122.3222686546414,36.843402770124776,0.08469747763247075,100,68,0.68,1737.2620480006842,inf,0.556267638528093,1.0,0.7781338192640466,0.15328182918421207,0.34038320457296056,0.350272025964258
1237,13752.084491384401,59,435,0.135632183908046,184217.019540318,3122.3223650901355,36.843403908063614,0.08469748024842211,100,68,0.68,1740.0475963144022,inf,0.5566464730987587,1.0,0.7783232365493793,0.15318712184952143,0.34038296780462385,0.3502640380335959
1238,13763.20177876628,60,435,0.13793103448275862,189224.31384638662,3153.738564106444,37.84486276927732,0.0869996845270743,100,69,0.69,1762.5690127809023,inf,0.5532345237637645,1.0,0.7766172618818823,0.15519121132259595,0.34538797802830645,0.35026010255336565
1239,13774.31906614816,63,435,0.14482758620689656,204132.97505577648,3240.2059532662934,40.82659501115528,0.09385424140495466,100,70,0.7,1781.8369628477217,inf,0.549457174798681,1.0,0.7747285873993405,0.15956282700280705,0.350398907067507,0.35026021449249
1240,13785.43635353004,63,435,0.14482758620689656,204066.7207717178,3239.1542979637748,40.813344154343554,0.09382377966515759,100,72,0.72,1809.498548704639,inf,0.5405677910134681,1.0,0.770283895506734,0.16176994207921175,0.360404424855198,0.3502683887151835
1241,13796.55364091192,63,435,0.14482758620689656,204041.34397374853,3238.751491646802,40.80826879474971,0.09381211217183841,100,72,0.72,1807.9852393520187,inf,0.5403498744666908,1.0,0.7701749372333454,0.16181858746924654,0.3604045464686731,0.350276549872795
1242,13807.670928293799,63,435,0.14482758620689656,204056.5181774807,3238.9923520235034,40.81130363549614,0.0938190888172325,100,71,0.71,1791.8597264653122,inf,0.5444440811580743,1.0,0.7722220405790372,0.16079852411909767,0.35540199631029773,0.3502806733212564
1243,13818.788215675679,64,435,0.1471264367816092,209110.70813221554,3267.354814565868,41.822141626443106,0.09614285431366232,100,70,0.7,1776.3990292285087,inf,0.5486958640919911,1.0,0.7743479320459956,0.1608974611338334,0.35040224365283457,0.3502807710466033
1244,13829.905503057558,64,435,0.1471264367816092,209199.21877224353,3268.737793316305,41.83984375444871,0.09618354886080163,100,70,0.7,1775.1880063463432,inf,0.5485263208884881,1.0,0.774263160444244,0.16096019420827878,0.3504024004855207,0.3502808687409318
1245,13841.022790439438,65,435,0.14942528735632185,214276.70801558258,3296.5647387012705,42.85534160311652,0.09851802667383108,100,70,0.7,1773.6155648895638,inf,0.548306179084539,1.0,0.7741530895422695,0.16218246856578078,0.35040545617141444,0.35028096873084386
1246,13852.140077821317,65,435,0.14942528735632185,214370.6624099275,3298.0101909219616,42.874132481985505,0.09856122409651841,100,70,0.7,1773.3528159319237,inf,0.5482693942304693,1.0,0.7741346971152346,0.16221326349064186,0.3504055331587266,0.35028106862212527
1247,13863.257365203197,65,435,0.14942528735632185,214506.85017121088,3300.105387249398,42.90137003424218,0.09862383915917741,100,69,0.69,1757.541445317444,inf,0.5525407194538073,1.0,0.7762703597269036,0.16117673971613689,0.3454029418492903,0.3502771598666983
1248,13874.374652585077,65,435,0.14942528735632185,214686.22050776635,3302.864930888713,42.93724410155326,0.09870630827943279,100,69,0.69,1758.8042356166125,inf,0.5527149845150926,1.0,0.7763574922575462,0.1611744080109433,0.3454029360200273,0.3502732573656201
1249,13885.491939966956,67,435,0.15402298850574714,224883.75997017912,3356.4740294056587,44.97675199403583,0.1033948321701973,100,68,0.68,1742.9062270323225,inf,0.5570352468763958,1.0,0.7785176234381979,0.16243860436599977,0.340406096510915,0.35026536363693633
1250,13896.609227348836,68,435,0.15632183908045977,229993.160576902,3382.2523614250294,45.998632115380396,0.10574398187443769,100,71,0.71,1795.5344192582152,inf,0.5449658875346666,1.0,0.7724829437673333,0.1666305190535522,0.35541657629763385,0.35026948131292407
1251,13907.726514730715,67,435,0.15402298850574714,225105.07527941768,3359.777242976383,45.02101505588353,0.10349658633536443,100,72,0.72,1812.1157716361251,inf,0.540944671115602,1.0,0.7704723355578009,0.1665121253887818,0.36041628031347195,0.3502775857849692
1252,13918.843802112595,67,435,0.15402298850574714,225250.08863336904,3361.941621393568,45.0500177266738,0.10356325914177886,100,71,0.71,1799.176416209582,inf,0.5454830511017607,1.0,0.7727415255508803,0.16541086679544925,0.3554135271669886,0.35028168470067717
1253,13929.961089494474,67,435,0.15402298850574714,225442.11222433933,3364.807645139393,45.088422444867874,0.10365154585027098,100,70,0.7,1786.3021428798515,inf,0.5500823000031793,1.0,0.7750411500015897,0.16430519792434062,0.35041076299481083,0.35028178763392603
1254,13941.078376876354,68,435,0.15632183908045977,230670.11614002546,3392.207590294492,46.13402322800511,0.106055225811506,100,68,0.68,1758.9704478904027,inf,0.5592199809130947,1.0,0.7796099904565473,0.1632226176774793,0.3404080565441937,0.3502739201191135
1255,13952.195664258234,68,435,0.15632183908045977,230897.732307604,3395.554886876529,46.1795464615208,0.10615987692303633,100,68,0.68,1761.338927628925,inf,0.5595420941575338,1.0,0.7797710470787669,0.1631944149221347,0.3404079860373054,0.35026606507605473
1256,13963.312951640113,68,435,0.15632183908045977,231170.85951271973,3399.571463422349,46.23417190254394,0.1062854526495263,100,69,0.69,1777.5179305170993,inf,0.5552974744113597,1.0,0.7776487372056798,0.1643183577219232,0.3454107958943048,0.3502622024911846
1257,13974.430239021993,69,435,0.15862068965517243,236405.38090354198,3426.1649406310435,47.28107618070838,0.10869212915105375,100,68,0.68,1758.9884386323545,inf,0.5592224276540001,1.0,0.779611213827,0.1645404576620269,0.3404113511441551,0.3502543719257259
1258,13985.547526403872,70,435,0.16091954022988506,241588.51133331924,3451.264447618846,48.31770226666385,0.1110751776245146,100,69,0.69,1777.9361886329043,inf,0.5553551940313408,1.0,0.7776775970156704,0.16669879030442214,0.345416746975761,0.35025052949129387
1259,13996.664813785752,69,435,0.15862068965517243,236764.2163153648,3431.365453845867,47.35284326307296,0.10885711094959302,100,68,0.68,1760.3592880671715,inf,0.5594088631771353,1.0,0.7797044315885677,0.16457633968051266,0.34041144084920133,0.35024272069078427
1260,14007.782101167631,68,435,0.15632183908045977,231936.40945363842,3410.8295507888,46.387281890727685,0.10663742963385675,100,68,0.68,1756.1634237240557,inf,0.5588382256264716,1.0,0.7794191128132357,0.16360915841031054,0.3404090228960258,0.35023492235787806
1261,14018.899388549511,67,435,0.15402298850574714,227072.09391466714,3389.135730069659,45.41441878293344,0.10440096271938722,100,67,0.67,1732.4247171020797,inf,0.5621449120916788,1.0,0.7810724560458394,0.16166425333677387,0.33540416063334194,0.35022317056570335
1262,14030.01667593139,66,435,0.15172413793103448,222217.52431940087,3366.9321866575888,44.44350486388017,0.10216897669857511,100,66,0.66,1710.5406457132804,inf,0.565791365234153,1.0,0.7828956826170765,0.1596366470407493,0.3303990916176019,0.35020747454119966
1263,14041.13396331327,64,435,0.1471264367816092,212248.35576921963,3316.380558894057,42.44967115384392,0.09758545092837684,100,64,0.64,1664.8937760269687,inf,0.573106403331452,1.0,0.786553201665726,0.15551612463132547,0.3203887903115783,0.35018388381000537
1264,14052.25125069515,65,435,0.14942528735632185,217219.80860598697,3341.8432093228766,43.4439617211974,0.09987117637056873,100,64,0.64,1660.9947591108473,inf,0.5726073291661885,1.0,0.7863036645830943,0.15678375589373716,0.32039195938973436,0.3501603328816099
1265,14063.36853807703,64,435,0.1471264367816092,212161.41811759735,3315.0221580874586,42.43228362351947,0.09754547959429763,100,64,0.64,1654.357634456443,inf,0.5717577772104246,1.0,0.7858788886052124,0.1558332954945426,0.32038958323873634,0.35013681728157603
1266,14074.485825458909,65,435,0.14942528735632185,217064.0773411773,3339.44734371042,43.41281546823546,0.09979957578904702,100,64,0.64,1648.8528099977298,inf,0.5710531596797095,1.0,0.7855265798398547,0.15713649797459617,0.3203928412449365,0.35011334137310196
1267,14085.603112840789,64,435,0.1471264367816092,211956.83377822244,3311.8255277847256,42.39136675564449,0.0974514178290678,100,64,0.64,1645.7249710994813,inf,0.5706527963007337,1.0,0.7853263981503669,0.15606250983935044,0.3203901562745984,0.35008990037539023
1268,14096.720400222668,64,435,0.1471264367816092,211889.48617850576,3310.7732215391525,42.377897235701155,0.09742045341540495,100,65,0.65,1661.8484166029186,inf,0.5660402941583793,1.0,0.7830201470791897,0.1572001531681076,0.3253930003829203,0.3500704386732685
1269,14107.837687604548,64,435,0.1471264367816092,211861.8520571717,3310.3414383933077,42.37237041143434,0.09740774807226285,100,68,0.68,1715.2007749766274,inf,0.5532673053968213,1.0,0.7766336526984107,0.16038704768692608,0.34040096761921734,0.350062824916533
1270,14118.954974986427,64,435,0.1471264367816092,211873.7021961022,3310.526596814097,42.37474043922044,0.09741319641200101,100,67,0.67,1698.2984419017052,inf,0.5575719912148284,1.0,0.7787859956074141,0.15931360040229348,0.33539828400100574,0.35005128711880246
1271,14130.072262368307,64,435,0.1471264367816092,211924.7919300171,3311.324873906517,42.38495838600342,0.09743668594483544,100,69,0.69,1732.3527475549595,inf,0.5490646791625844,1.0,0.7745323395812922,0.16145217318177163,0.3454036304329544,0.3500476333006532
1272,14141.189549750186,64,435,0.1471264367816092,212014.86803722943,3312.73231308171,42.40297360744589,0.09747810024700204,100,68,0.68,1714.5997261831121,inf,0.5531855627609031,1.0,0.7765927813804516,0.16044265943327518,0.3404011066485832,0.3500400555106673
1273,14152.306837132066,63,435,0.14482758620689656,207117.82015602026,3287.5844469209565,41.423564031204045,0.09522658397977941,100,67,0.67,1697.5314925852206,inf,0.5574692200064196,1.0,0.7787346100032098,0.15824598698828485,0.3353956149674707,0.3500285606593775
1274,14163.424124513946,63,435,0.14482758620689656,207255.66877380974,3289.7725202192023,41.45113375476196,0.0952899626546252,100,67,0.67,1697.193666860453,inf,0.5574239513593008,1.0,0.7787119756796503,0.15828899348748737,0.33539572248371874,0.35001708392355346
1275,14174.541411895825,63,435,0.14482758620689656,207430.46105603618,3292.547000889463,41.48609221120723,0.09537032692231547,100,67,0.67,1699.768722105862,inf,0.5577690087621856,1.0,0.7788845043810928,0.1582429112706113,0.3353956072781765,0.3500056250860571
1276,14185.658699277705,62,435,0.1425287356321839,202553.07262374714,3266.985042318502,40.51061452474942,0.09312784948218258,100,66,0.66,1681.607474599187,inf,0.5619721866470928,1.0,0.7809860933235464,0.15607087807931808,0.3303901771951983,0.3499902645160564
1277,14196.775986659584,62,435,0.1425287356321839,202623.31330726546,3268.1179565687976,40.524662661453085,0.09316014404931744,100,66,0.66,1678.0148030014725,inf,0.5614979539961945,1.0,0.7807489769980973,0.1562055835256101,0.330390513958814,0.34997492824801474
1278,14207.893274041464,62,435,0.1425287356321839,202731.5838124389,3269.8642550393374,40.54631676248778,0.09320992359192593,100,66,0.66,1669.3745170177467,inf,0.5603574362463425,1.0,0.7801787181231712,0.15651560273437737,0.33039128900683595,0.34995961656760727
1279,14219.010561423343,62,435,0.1425287356321839,202794.0611174901,3270.871953507905,40.55881222349802,0.09323864878965063,100,67,0.67,1686.9917396788098,inf,0.5560568931169605,1.0,0.7780284465584802,0.15760510111558518,0.33539401275278896,0.3499482371896269
1280,14230.127848805223,62,435,0.1425287356321839,202844.33754698595,3271.6828636610635,40.56886750939719,0.09326176438941881,100,68,0.68,1701.9326864340528,inf,0.5514628453550312,1.0,0.7757314226775156,0.15876517085595165,0.3403969129271399,0.3499407810426617
1281,14241.245136187103,60,435,0.13793103448275862,192911.66853385326,3215.1944755642207,38.582333706770655,0.08869502001556473,100,69,0.69,1712.7535583238073,inf,0.5463599910486855,1.0,0.7731799955243428,0.15775751224561096,0.345394393780614,0.3499372347187443
1282,14252.362423568982,60,435,0.13793103448275862,192900.5260298615,3215.0087671643582,38.58010520597229,0.08868989702522365,100,69,0.69,1711.0901554295647,inf,0.5461304414492799,1.0,0.77306522072464,0.15781233815029183,0.3453945308453757,0.34993369402983293
1283,14263.479710950862,59,435,0.135632183908046,187925.84783473407,3185.183861605662,37.585169566946824,0.08640268865964787,100,69,0.69,1710.9984231343249,inf,0.5461177823925368,1.0,0.7730588911962684,0.15667189873168974,0.3453916797468292,0.3499301566355315
1284,14274.596998332741,59,435,0.135632183908046,187902.26723300997,3184.7841903899994,37.58045344660201,0.08639184700368277,100,69,0.69,1714.0038764632623,inf,0.5465325349519302,1.0,0.7732662674759652,0.15656278976385885,0.3453914069744096,0.3499266245346279
1285,14285.714285714621,59,435,0.135632183908046,187915.1426306283,3185.0024174682762,37.58302852612566,0.08639776672672565,100,70,0.7,1728.5927894763242,inf,0.5420029905266853,1.0,0.7710014952633426,0.15769813573169156,0.3503942453393292,0.34992698815889284
1286,14296.8315730965,59,435,0.135632183908046,187964.73412832228,3185.8429513274964,37.592946825664455,0.08642056741532059,100,70,0.7,1726.472396493864,inf,0.5417061355091409,1.0,0.7708530677545704,0.15778374983037513,0.3503944593745759,0.34992735138439063
1287,14307.94886047838,59,435,0.135632183908046,188051.4939512933,3187.313456801581,37.610298790258675,0.0864604569891004,100,70,0.7,1729.6195603983729,inf,0.5421467384557721,1.0,0.771073369227886,0.15769354388060713,0.3503942338597015,0.3499277138707845
1288,14319.06614786026,61,435,0.14022988505747128,198134.81784158098,3248.1117678947703,39.62696356831619,0.09109646797314067,100,70,0.7,1729.094372984774,inf,0.5420732122178683,1.0,0.7710366061089342,0.16002993093210327,0.3504000748273302,0.3499280803261426
1289,14330.18343524214,64,435,0.1471264367816092,213109.54201399832,3329.8365939687237,42.62190840279966,0.09798139862712565,100,70,0.7,1730.531938771869,inf,0.5422744714280617,1.0,0.7711372357140309,0.16342208145654735,0.35040855520364134,0.3499284527872879
1290,14341.300722624019,64,435,0.1471264367816092,213032.673805034,3328.635528203656,42.6065347610068,0.09794605692185471,100,69,0.69,1716.1937085050351,inf,0.5468347317736949,1.0,0.7734173658868475,0.16226434551750357,0.3454056608637937,0.3499249494627925
1291,14352.418010005898,64,435,0.1471264367816092,213002.6568576379,3328.166513400592,42.60053137152758,0.09793225602650019,100,68,0.68,1703.2022391168452,inf,0.551635504519891,1.0,0.7758177522599454,0.16105725188327735,0.3404026431297082,0.3499175792566524
1292,14363.535297387778,64,435,0.1471264367816092,213027.67491576573,3328.5574205588396,42.60553498315315,0.09794375858196126,100,70,0.7,1740.0367610609508,inf,0.5436051465485332,1.0,0.7718025732742666,0.16307059265384738,0.3504076764816346,0.34991795829549616
1293,14374.652584769658,64,435,0.1471264367816092,213116.36781278686,3329.9432470747947,42.62327356255737,0.09798453692541925,100,70,0.7,1736.314441411728,inf,0.5430840217976419,1.0,0.7715420108988209,0.1632212630132992,0.3504080531575332,0.3499183370395935
1294,14385.769872151537,64,435,0.1471264367816092,213270.4462746599,3332.3507230415607,42.654089254931975,0.09805537759754478,100,70,0.7,1734.2294538659112,inf,0.5427921235412275,1.0,0.7713960617706137,0.16332965791346554,0.3504083241447836,0.3499187154080145
1295,14396.887159533417,64,435,0.1471264367816092,213411.1984660675,3334.5499760323046,42.682239693213496,0.09812009124876665,100,70,0.7,1731.4548608275036,inf,0.5424036805158505,1.0,0.7712018402579253,0.16345912549542074,0.35040864781373854,0.34991909344227823
1296,14408.004446915296,64,435,0.1471264367816092,213555.13538515102,3336.7989903929847,42.71102707703021,0.09818626914259818,100,70,0.7,1730.7696291572008,inf,0.5423077480820082,1.0,0.7711538740410041,0.163516197550797,0.35040879049387696,0.3499194710036133
1297,14419.121734297176,63,435,0.14482758620689656,208724.77084308473,3313.0916006838847,41.74495416861694,0.09596541188187803,100,70,0.7,1728.7315085183236,inf,0.5420224111925653,1.0,0.7710112055962827,0.16247710314279767,0.35040619275785695,0.34991984598185233
1298,14430.239021679055,63,435,0.14482758620689656,208890.05315077244,3315.7151293773404,41.77801063015448,0.09604140374748157,100,70,0.7,1729.3060604666384,inf,0.5421028484653294,1.0,0.7710514242326647,0.1624949897574084,0.3504062374743935,0.34992022041718146
1299,14441.356309060935,63,435,0.14482758620689656,209089.60261025,3318.8825811150796,41.817920522049995,0.09613315062540229,100,70,0.7,1729.2114292404196,inf,0.5420896000936588,1.0,0.7710448000468294,0.1625441752892865,0.3504063604382232,0.3499205943710438
1300,14452.473596442815,64,435,0.1471264367816092,214289.90014355397,3348.2796897430308,42.85798002871079,0.09852409202002481,100,71,0.71,1744.4879995075057,inf,0.5377172959300658,1.0,0.7688586479650329,0.16483272202749594,0.3554120818050687,0.34992481534524367
1301,14463.590883824694,64,435,0.1471264367816092,214514.30612554814,3351.7860332116898,42.90286122510962,0.09862726718416004,100,71,0.71,1743.5408461590068,inf,0.537582800154579,1.0,0.7687914000772895,0.16491793355343531,0.3554122948338836,0.3499290299992288
1302,14474.708171206574,64,435,0.1471264367816092,214771.81948616795,3355.8096794713742,42.95436389723359,0.09874566413157147,100,72,0.72,1756.815832036142,inf,0.5329814798132044,1.0,0.7664907399066022,0.16612746211248458,0.3604153186552812,0.3499370778032626
1303,14485.825458588453,64,435,0.1471264367816092,215064.277277891,3360.379332467047,43.012855455578205,0.09888012748408782,100,73,0.73,1770.3324336908988,inf,0.5284685353188714,1.0,0.7642342676594357,0.16732292991232606,0.3654183073247808,0.3499489499117914
1304,14496.942745970333,65,435,0.14942528735632185,220390.64697733533,3390.6253381128513,44.07812939546706,0.10132903309302772,100,73,0.73,1767.7708839621273,inf,0.5280945490584705,1.0,0.7640472745292353,0.1686408792818962,0.36542160219820474,0.349960806350325
1305,14508.060033352212,66,435,0.15172413793103448,225643.42236801697,3418.8397328487417,45.12868447360339,0.10374410223816873,100,73,0.73,1767.7839783625795,inf,0.5280964608409366,1.0,0.7640482304204683,0.16984793590885017,0.3654246198397721,0.3499726469425834
1306,14519.177320734092,66,435,0.15172413793103448,225902.54894736325,3422.7658931418673,45.18050978947265,0.10386324089533942,100,73,0.73,1767.413927720869,inf,0.5280424334472469,1.0,0.7640212167236234,0.16992101208585803,0.36542480253021464,0.34998446955588686
1307,14530.294608115972,67,435,0.15402298850574714,231218.70206874196,3451.025404011074,46.24374041374839,0.1063074492270078,100,73,0.73,1764.7949209712294,inf,0.5276600584617995,1.0,0.7638300292308997,0.17123870999805402,0.3654280967749951,0.3499962766103357
1308,14541.411895497851,67,435,0.15402298850574714,231567.80827397882,3456.2359443877435,46.31356165479576,0.1064679578271167,100,72,0.72,1744.54966251047,inf,0.5312151514015077,1.0,0.7656075757007539,0.17043019106318136,0.3604260754776579,0.3500042443711206
1309,14552.52918287973,66,435,0.15172413793103448,226937.09234619967,3438.4407931242376,45.387418469239925,0.10433889303273546,100,72,0.72,1741.987769597398,inf,0.5308462388220253,1.0,0.7654231194110126,0.16945788681086138,0.36042364471702715,0.35001219811184264
1310,14563.64647026161,65,435,0.14942528735632185,222288.38194763445,3419.821260732838,44.45767638952688,0.1022015549184526,100,71,0.71,1727.9069793629976,inf,0.5353627910695458,1.0,0.7676813955347729,0.1672600796918398,0.35541815019922957,0.35001632164509006
1311,14574.76375764349,65,435,0.14942528735632185,222605.80559040335,3424.704701390821,44.52116111808067,0.10234749682317396,100,71,0.71,1729.0771314478502,inf,0.5355289526655946,1.0,0.7677644763327973,0.1672915102451883,0.35541822877561297,0.35002043895235413
1312,14585.88104502537,66,435,0.15172413793103448,227930.81218553998,3453.497154326363,45.586162437108,0.10479577571748966,100,71,0.71,1730.998201575652,inf,0.5358017446237426,1.0,0.7679008723118713,0.16844745170280911,0.355421118629257,0.3500245521889702
1313,14596.99833240725,65,435,0.14942528735632185,223222.8570609925,3434.197800938346,44.6445714121985,0.10263119864873219,100,70,0.7,1717.7155842539096,inf,0.5404801817955475,1.0,0.7702400908977738,0.16619555387547924,0.35041548888468865,0.35002484970548137
1314,14608.115619789129,65,435,0.14942528735632185,223487.0923394062,3438.2629590677875,44.697418467881235,0.10275268613306031,100,71,0.71,1734.780120973388,inf,0.5363387771782211,1.0,0.7681693885891105,0.1672916487719749,0.35541822912192994,0.35002895113469545
1315,14619.232907171008,65,435,0.14942528735632185,223775.56175276832,3442.7009500425897,44.75511235055366,0.10288531574839922,100,70,0.7,1717.3400787691655,inf,0.5404276110276832,1.0,0.7702138055138417,0.16633575511727883,0.3504158393877932,0.3500292451227297
1316,14630.350194552888,64,435,0.1471264367816092,219068.56792076596,3422.946373761968,43.81371358415319,0.10072118065322573,100,71,0.71,1732.8076393564515,inf,0.5360586847886161,1.0,0.7680293423943081,0.16634591912945884,0.3554158647978236,0.3500333351908201
1317,14641.467481934767,64,435,0.1471264367816092,219321.9580724986,3426.9055948827904,43.864391614499716,0.10083768187241314,100,72,0.72,1751.1110743904947,inf,0.5321599947122313,1.0,0.7660799973561156,0.1673788422581487,0.36041844710564536,0.35004121463840343
1318,14652.584769316647,64,435,0.1471264367816092,219596.08177490346,3431.1887777328666,43.91921635498069,0.1009637157585763,100,73,0.73,1762.1500597949075,inf,0.5272739087300565,1.0,0.7636369543650283,0.168663380696774,0.3654216584517419,0.3500528753236296
1319,14663.702056698527,64,435,0.1471264367816092,219890.4786652733,3435.788729144895,43.97809573305466,0.10109907065070037,100,73,0.73,1761.3447050352377,inf,0.5271563269351447,1.0,0.7635781634675723,0.16876045359156405,0.3654219011339789,0.3500645185250011
1320,14674.819344080406,63,435,0.14482758620689656,215157.32379823324,3415.195615844972,43.03146475964665,0.09892290749344058,100,73,0.73,1762.8491971368803,inf,0.5273759827819845,1.0,0.7636879913909922,0.1676174580512242,0.36541904364512806,0.3500761419353873
1321,14685.936631462286,62,435,0.1425287356321839,210430.26517639417,3394.036535103132,42.08605303527884,0.09674954720753756,100,74,0.74,1781.63947600478,inf,0.5236826424487074,1.0,0.7618413212243538,0.16745411299159185,0.370418635282479,0.35009152960055145
1322,14697.053918844165,61,435,0.14022988505747128,205681.32916651445,3371.8250683035158,41.1362658333029,0.09456612835242047,100,74,0.74,1781.4262254407126,inf,0.5236510813652254,1.0,0.7618255406826127,0.16637029383490387,0.37041592573458726,0.350106891955906
1323,14708.171206226045,60,435,0.13793103448275862,200915.32367995536,3348.5887279992558,40.18306473599107,0.09237486146204843,100,74,0.74,1782.213117442685,inf,0.5237675413815174,1.0,0.7618837706907586,0.16524554538564484,0.3704131138634641,0.35012222898151596
1324,14719.288493607924,60,435,0.13793103448275862,201153.33442351405,3352.5555737252344,40.23066688470281,0.09248429168897199,100,74,0.74,1780.1084289108803,inf,0.5234560474788104,1.0,0.7617280237394052,0.16537813397478335,0.370413445334937,0.3501375431070657
1325,14730.405780989804,58,435,0.13333333333333333,191359.33306665628,3299.2988459768326,38.27186661333126,0.08798130255938222,100,74,0.74,1779.4982712306437,inf,0.5233657441421353,1.0,0.7616828720710677,0.16314921524415732,0.3704078730381104,0.3501528299320514
1326,14741.523068371684,60,435,0.13793103448275862,201524.31084121086,3358.738514020181,40.30486216824216,0.09265485555917738,100,74,0.74,1779.0007977966866,inf,0.5232921180739095,1.0,0.7616460590369547,0.1655043982611113,0.37041376099565276,0.35016809815440525
1327,14752.640355753563,61,435,0.14022988505747128,206557.02648177458,3386.1807619963047,41.31140529635492,0.09496874780771246,100,74,0.74,1777.608609524679,inf,0.5230860742096525,1.0,0.7615430371048262,0.1667128553514431,0.3704167821383786,0.3501833456574052
1328,14763.757643135443,62,435,0.1425287356321839,211539.1602312748,3411.9219392141094,42.30783204625495,0.0972593840143792,100,73,0.73,1761.1017960238569,inf,0.5271208622194831,1.0,0.7635604311097415,0.16684947645231885,0.3654171236911308,0.3501948082443381
1329,14774.874930517322,62,435,0.1425287356321839,211524.9428163047,3411.692626069431,42.30498856326095,0.09725284727186426,100,72,0.72,1743.131634532592,inf,0.5310109553726934,1.0,0.7655054776863467,0.16587368479275882,0.36041468421198186,0.350202492361607
1330,14785.992217899202,63,435,0.14482758620689656,216485.88423431033,3436.2838767350845,43.29717684686207,0.09953373987784385,100,73,0.73,1753.1158211938355,inf,0.5259549098943,1.0,0.76297745494715,0.1682781424653469,0.36542069535616334,0.3502139260227599
1331,14797.109505281082,61,435,0.14022988505747128,206293.70981797768,3381.8640953766835,41.25874196359553,0.09484768267493227,100,74,0.74,1768.9500129373016,inf,0.5218046019147206,1.0,0.7609023009573603,0.16697269085878597,0.370417431727147,0.35022909381983525
1332,14808.226792662961,60,435,0.13793103448275862,201080.44043040962,3351.3406738401604,40.21608808608193,0.09245077720938376,100,72,0.72,1734.6425620549503,inf,0.529788528935913,1.0,0.7648942644679565,0.16377825637071358,0.36040944564092675,0.3502367309929944
1333,14819.34408004484,60,435,0.13793103448275862,200832.24626034906,3347.204104339151,40.16644925206981,0.09233666494728691,100,75,0.75,1773.099836139857,inf,0.5159649754209784,1.0,0.7579824877104893,0.16717708861839886,0.375417942721546,0.3502556074635555
1334,14830.46136742672,61,435,0.14022988505747128,205601.66369131103,3370.519076906738,41.12033273826221,0.09452950054772923,100,75,0.75,1770.5794157169728,inf,0.5155869123575458,1.0,0.7577934561787729,0.1683680221844781,0.3754209200554612,0.35027445788497263
1335,14841.5786548086,61,435,0.14022988505747128,205389.1002474722,3367.0344302864296,41.07782004949445,0.09443177022872287,100,76,0.76,1785.9178103617674,inf,0.5114595071749887,1.0,0.7557297535874943,0.16935100832061434,0.3804233775208015,0.3502970244415863
1336,14852.69594219048,60,435,0.13793103448275862,200145.3633907208,3335.7560565120134,40.02907267814416,0.09202085673136588,100,76,0.76,1785.6032972312498,inf,0.5114117011791501,1.0,0.7557058505895751,0.1681575030708954,0.3804203937576772,0.35031955500951156
1337,14863.813229572359,60,435,0.13793103448275862,199911.6270671604,3331.8604511193403,39.98232541343207,0.09191339175501625,100,79,0.79,1824.208099504922,inf,0.49822487972177776,1.0,0.7491124398608888,0.17140047594706376,0.39542850118986766,0.3503532687211561
1338,14874.930516954239,61,435,0.14022988505747128,204693.92691328656,3355.638146119452,40.93878538265733,0.09411215030495938,100,79,0.79,1822.1368416824637,inf,0.4978976209858292,1.0,0.7489488104929146,0.17258166990602236,0.39543145417476505,0.3503869342816143
1339,14886.047804336118,61,435,0.14022988505747128,204497.67638870032,3352.4209244049234,40.899535277740064,0.09402192017871279,100,79,0.79,1822.2198659223254,inf,0.49791073881572745,1.0,0.7489553694078637,0.1725332753854245,0.3954313331884636,0.3504205495046791
1340,14897.165091717998,61,435,0.14022988505747128,204326.69152493935,3349.617893851465,40.86533830498787,0.09394330644824798,100,79,0.79,1820.5345493583193,inf,0.4976444587986146,1.0,0.7488222293993073,0.17256053852447034,0.3954314013463112,0.35045411464400916
1341,14908.282379099877,60,435,0.13793103448275862,199177.06117591643,3319.6176862652737,39.835412235183284,0.09157566031076617,100,77,0.77,1791.9283700243573,inf,0.505956968983751,1.0,0.7529784844918754,0.1692985879094454,0.3854232464697736,0.35048017211928917
1342,14919.399666481757,60,435,0.13793103448275862,199013.4094429244,3316.8901573820735,39.802681888584885,0.0915004181346779,100,75,0.75,1759.170197654459,inf,0.5138755296481687,1.0,0.7569377648240844,0.16728132665529677,0.3754182033166382,0.3504987410181703
1343,14930.516953863636,60,435,0.13793103448275862,198877.37288132135,3314.6228813553557,39.77547457626429,0.0914378725891133,100,75,0.75,1757.0555264122333,inf,0.513558328961835,1.0,0.7567791644809174,0.167329354054098,0.37541832338513526,0.3505172823740981
1344,14941.634241245516,58,435,0.13333333333333333,188645.97878399037,3252.516875586041,37.72919575679806,0.08673378334896106,100,74,0.74,1739.2918177191477,inf,0.5174151890224339,1.0,0.7587075945112169,0.16401309441887202,0.37041003273604717,0.3505320725230661
1345,14952.751528627396,58,435,0.13333333333333333,188412.98608830507,3248.499760143191,37.68259721766101,0.08662666027048509,100,75,0.75,1753.9048759027683,inf,0.5130857313854152,1.0,0.7565428656927076,0.16504189728888874,0.37541260474322224,0.3505505573166918
1346,14963.868816009275,59,435,0.135632183908046,193199.352627215,3274.565298766356,38.63987052544301,0.0888272885642368,100,73,0.73,1724.013414886749,inf,0.5217059585734652,1.0,0.7608529792867327,0.16398715463875202,0.36540996788659685,0.3505615888018959
1347,14974.986103391155,59,435,0.135632183908046,193008.2630871733,3271.3264930029377,38.60165261743466,0.08873943130444749,100,73,0.73,1726.7051454950756,inf,0.522098951242281,1.0,0.7610494756211406,0.16384497784165342,0.3654096124446041,0.3505726036562302
1348,14986.103390773034,58,435,0.13333333333333333,187782.6377149258,3237.6316847401,37.55652754298516,0.08633684492640266,100,73,0.73,1731.0892785208323,inf,0.5227390346640416,1.0,0.7613695173320207,0.16248366379719092,0.36540620915949296,0.3505835996573446
1349,14997.220678154914,57,435,0.1310344827586207,182549.6638805999,3202.6256821157876,36.509932776119975,0.08393087994510338,100,76,0.76,1781.5826207811535,inf,0.5108005583587353,1.0,0.7554002791793677,0.1642653003828678,0.3804106632509572,0.3506056937785251
1350,15008.337965536793,58,435,0.13333333333333333,187273.73761528885,3228.857545091187,37.45474752305776,0.0861028678690983,100,75,0.75,1770.737973341281,inf,0.515610696001192,1.0,0.757805348000596,0.16414875993425115,0.3754103718998356,0.35062405401399604
1351,15019.455252918673,57,435,0.1310344827586207,181906.94643824408,3191.349937513054,36.381389287648815,0.0836353776727559,100,75,0.75,1773.853470616878,inf,0.5160780205925318,1.0,0.758039010296266,0.16279818368824495,0.3754069954592206,0.3506423845919881
1352,15030.572540300553,57,435,0.1310344827586207,181484.21070553342,3183.933521149709,36.296842141106694,0.08344101641633722,100,75,0.75,1777.6032060753578,inf,0.5166404809113039,1.0,0.7583202404556519,0.16256038798034267,0.37540640096995087,0.35066068763439606
1353,15041.689827682432,57,435,0.1310344827586207,181107.4930665494,3177.324439764024,36.221498613309876,0.08326781290416063,100,76,0.76,1799.0554873196688,inf,0.5134564340725896,1.0,0.7567282170362948,0.16326979793393293,0.3804081744948348,0.3506826577133181
1354,15052.807115064312,57,435,0.1310344827586207,180783.4204655404,3171.6389555357964,36.15668409310808,0.08311881400714502,100,76,0.76,1804.379295684308,inf,0.5142656529440148,1.0,0.7571328264720074,0.16299299376756882,0.3804074824844189,0.3507045948533706
1355,15063.924402446191,55,435,0.12643678160919541,170466.60693764352,3099.3928534117003,34.0933213875287,0.07837545146558321,100,76,0.76,1811.4950338446517,inf,0.5153472451443871,1.0,0.7576736225721936,0.1603509144466948,0.38040087728611677,0.35072649476666906
1356,15075.041689828071,57,435,0.1310344827586207,180067.31815367728,3159.0757570820574,36.01346363073546,0.0827895715649091,100,76,0.76,1820.4803235145564,inf,0.5167130091742125,1.0,0.7583565045871062,0.16221653348890147,0.3804055413337223,0.350748365840042
1357,15086.15897720995,57,435,0.1310344827586207,179581.02489707182,3150.5442964398567,35.91620497941436,0.08256598845842382,100,74,0.74,1806.4957931086108,inf,0.5273613773800744,1.0,0.7636806886900371,0.15944264988419332,0.37039860662471047,0.35076283582589224
1358,15097.27626459183,57,435,0.1310344827586207,179097.8590033652,3142.0677018134247,35.819571800673046,0.08234384321993804,100,74,0.74,1817.067444303978,inf,0.5289259817569887,1.0,0.7644629908784943,0.1589404261707219,0.3703973510654268,0.35077728359280874
1359,15108.39355197371,57,435,0.1310344827586207,178635.08971960368,3133.9489424491876,35.727017943920735,0.08213107573315112,100,75,0.75,1837.0031874134538,inf,0.525550478112018,1.0,0.762775239056009,0.15967791833857103,0.37539919479584644,0.35079538793928156
1360,15119.51083935559,57,435,0.1310344827586207,178192.88240432384,3126.1909193741026,35.638576480864764,0.08192776202497647,100,73,0.73,1812.393637521974,inf,0.5346094710782081,1.0,0.767304735539104,0.15731151324293624,0.36539327878310734,0.35080611379588983
1361,15130.628126737469,56,435,0.12873563218390804,172752.68985424546,3084.869461682955,34.55053797084909,0.07942652407091745,100,76,0.76,1854.6765440786346,inf,0.5219108346999524,1.0,0.7609554173499762,0.15923555336047068,0.3803980888834012,0.3508278406498454
1362,15141.745414119348,56,435,0.12873563218390804,172320.54931894623,3077.152666409754,34.46410986378925,0.0792278387673316,100,76,0.76,1854.9121775341184,inf,0.5219466509851859,1.0,0.760973325492593,0.15912725663736926,0.3803978181415934,0.3508495354242341
1363,15152.862701501228,56,435,0.12873563218390804,171911.7513936374,3069.8527034578105,34.38235027872747,0.07903988569822408,100,75,0.75,1839.2252964818244,inf,0.5258837944722736,1.0,0.7629418972361368,0.15804899423104368,0.3753951224855776,0.35086753072266613
1364,15163.979988883108,58,435,0.13333333333333333,181488.9680304537,3129.120138456098,36.297793606090735,0.08344320369216261,100,73,0.73,1811.600884326487,inf,0.5344937291116671,1.0,0.7672468645558336,0.15809816956816453,0.3653952454239204,0.35087817373709934
1365,15175.097276264987,59,435,0.135632183908046,185978.87917286437,3152.184392760413,37.19577583457287,0.0855075306541905,100,73,0.73,1817.061776107026,inf,0.5352910193116258,1.0,0.7676455096558129,0.15893101049918884,0.365397327526248,0.3508888026930211
1366,15186.214563646867,59,435,0.135632183908046,185475.3574798096,3143.6501267764343,37.09507149596194,0.08527602642749871,100,72,0.72,1806.805314143503,inf,0.5401799652366644,1.0,0.7700899826183323,0.15759302190458324,0.36039398255476146,0.35089575600674583
1367,15197.331851028746,59,435,0.135632183908046,185005.2637776393,3135.682436909141,37.00105275552786,0.08505989139201807,100,72,0.72,1809.623028877257,inf,0.540585716158325,1.0,0.7702928580791625,0.15738351665642775,0.36039345879164103,0.35090269877193947
1368,15208.449138410626,60,435,0.13793103448275862,189528.58482524665,3158.809747087444,37.905716965049336,0.08713957922999847,100,71,0.71,1799.7836648013904,inf,0.5455692804017974,1.0,0.7727846402008987,0.15717746951454992,0.3553929436737864,0.3509059787170833
1369,15219.566425792505,60,435,0.13793103448275862,189085.3654550006,3151.4227575833434,37.817073091000125,0.0869358002091957,100,72,0.72,1819.9849825093002,inf,0.5420778374813393,1.0,0.7710389187406697,0.15794844073426306,0.36039487110183566,0.35091290491590427
1370,15230.683713174385,62,435,0.1425287356321839,198591.7978365653,3203.0935134929887,39.71835956731305,0.09130657371796104,100,72,0.72,1823.795698375556,inf,0.5426265805660802,1.0,0.7713132902830401,0.15999664171746047,0.36039999160429365,0.350919824745728
1371,15241.801000556265,62,435,0.1425287356321839,198106.69719088578,3195.2693095304157,39.621339438177166,0.09108353893833832,100,71,0.71,1814.5626648497962,inf,0.5476678984086711,1.0,0.7738339492043356,0.15862479486700132,0.35539656198716746,0.3509230876737466
1372,15252.918287938144,63,435,0.14482758620689656,202575.6376592437,3215.486312051487,40.51512753184875,0.09313822421114655,100,71,0.71,1812.823208436795,inf,0.547420895598025,1.0,0.7737104477990124,0.15971388820606702,0.35539928472051513,0.35092634783182874
1373,15264.035575320024,63,435,0.14482758620689656,202072.54681528689,3207.5007430997916,40.41450936305737,0.09290691807599395,100,72,0.72,1829.8686053088213,inf,0.5435010791644703,1.0,0.7717505395822352,0.16057818924687944,0.3604014454731172,0.35093324382720087
1374,15275.152862701903,63,435,0.14482758620689656,201619.36125306858,3200.307321477279,40.32387225061371,0.09269855689796255,100,72,0.72,1829.2914116660472,inf,0.5434179632799108,1.0,0.7717089816399554,0.1604947876290036,0.3604012369690725,0.35094012964039495
1375,15286.270150083783,63,435,0.14482758620689656,201217.51309801603,3193.928779333588,40.2435026196032,0.0925137991255246,100,72,0.72,1826.768508852067,inf,0.5430546652746976,1.0,0.7715273326373489,0.16049323324408793,0.36040123308311023,0.35094700544231555
1376,15297.387437465663,63,435,0.14482758620689656,200867.97131453396,3188.3804970560946,40.173594262906796,0.09235309025955585,100,72,0.72,1823.8297935941036,inf,0.5426314902775509,1.0,0.7713157451387754,0.16051867256039026,0.360401296681401,0.35095387130378186
1377,15308.504724847542,63,435,0.14482758620689656,200570.99349584937,3183.6665634261803,40.11419869916987,0.09221654873372384,100,72,0.72,1818.24514907096,inf,0.5418273014662183,1.0,0.7709136507331091,0.16065144900030737,0.36040162862250075,0.35096072744116846
1378,15319.622012229422,63,435,0.14482758620689656,200326.0857042926,3179.7791381633747,40.06521714085851,0.09210394745024944,100,72,0.72,1814.2221582714653,inf,0.5412479907910911,1.0,0.7706239953955456,0.1607399760273519,0.36040184994006835,0.3509675737954098
1379,15330.739299611301,63,435,0.14482758620689656,200132.21155387905,3176.701770696493,40.0264423107758,0.09201480990982942,100,73,0.73,1825.7862511483318,inf,0.5365647926676564,1.0,0.7682823963338282,0.16186620678800062,0.36540466551697,0.35097803545607764
1380,15341.85658699318,63,435,0.14482758620689656,199988.11761395086,3174.414565300807,39.99762352279017,0.09194855982250615,100,74,0.74,1835.4064379402105,inf,0.5316401528151511,1.0,0.7658200764075755,0.16306424170746525,0.37040766060426866,0.3509921046994869
1381,15352.97387437506,63,435,0.14482758620689656,199892.60492570535,3172.898490884212,39.97852098514106,0.09190464594285301,100,73,0.73,1817.5588109345213,inf,0.5353635863964401,1.0,0.76768179319822,0.16211142637231646,0.3654052785659308,0.3510025339135726
1382,15364.09116175694,63,435,0.14482758620689656,199844.66742947162,3172.137578245581,39.968933485894325,0.0918826057146996,100,74,0.74,1831.2866147761126,inf,0.5310304189868646,1.0,0.7655152094934323,0.1631836981106336,0.3704079592452766,0.3510165653129448
1383,15375.20844913882,63,435,0.14482758620689656,199843.51221627728,3172.1192415282108,39.96870244325545,0.09188207458219644,100,75,0.75,1843.3696283418956,inf,0.5265054442512844,1.0,0.7632527221256422,0.1643146762282771,0.3754107866905707,0.35103419119544305
1384,15386.3257365207,63,435,0.14482758620689656,199888.51193600395,3172.8335227937137,39.977702387200786,0.09190276410850755,100,75,0.75,1838.8875369420248,inf,0.5258331305413039,1.0,0.762916565270652,0.16449309941892776,0.3754112327485473,0.35105179194746694
1385,15397.443023902579,63,435,0.14482758620689656,199979.13348919508,3174.2719601459535,39.99582669783902,0.09194442919043454,100,75,0.75,1833.9912903475245,inf,0.5250986935521287,1.0,0.7625493467760643,0.1646975412071851,0.37541174385301795,0.3510693676703425
1386,15408.560311284458,63,435,0.14482758620689656,200114.8697539327,3176.4265040306777,40.02297395078654,0.09200683666847481,100,73,0.73,1800.7539913713017,inf,0.5329100827402101,1.0,0.766455041370105,0.16277589764918488,0.36540693974412297,0.3510797047807057
1387,15419.677598666338,62,435,0.1425287356321839,195263.08736183555,3149.4046348683155,39.0526174723671,0.08977613212038414,100,72,0.72,1778.123459218825,inf,0.536049778127511,1.0,0.7680248890637555,0.16087562152831425,0.36040218905382077,0.3510864212679342
1388,15430.794886048217,62,435,0.1425287356321839,195437.8550097689,3152.2234678994982,39.087571001953776,0.0898564850619627,100,72,0.72,1770.2143583459094,inf,0.534910867601811,1.0,0.7674554338009054,0.16120052563052867,0.3604030013140763,0.35109312866897535
1389,15441.912173430097,63,435,0.14482758620689656,200646.42374442192,3184.863868959078,40.12928474888438,0.09225122930778018,100,72,0.72,1764.7846818839146,inf,0.5341289941912837,1.0,0.7670644970956418,0.16259336610606917,0.36040648341526516,0.3510998289241885
1390,15453.029460811977,63,435,0.14482758620689656,200871.25496124494,3188.432618432459,40.174250992248986,0.09235459998218158,100,71,0.71,1743.5044441046587,inf,0.5375776310628616,1.0,0.7687888155314309,0.16178289222537534,0.3554044572305634,0.3511029235527337
1391,15464.146748193856,63,435,0.14482758620689656,201138.93806452956,3192.6815565798343,40.227787612905914,0.09247767267334693,100,71,0.71,1740.4384910120955,inf,0.5371422657237176,1.0,0.7685711328618587,0.1619532699057441,0.3554048831747643,0.3511060140409679
1392,15475.264035575736,62,435,0.1425287356321839,196387.90280269858,3167.5468193983643,39.27758056053972,0.0902932886449189,100,71,0.71,1738.3579133933335,inf,0.5368468237018533,1.0,0.7684234118509267,0.16093493839699607,0.35540233734599247,0.35110909826444603
1393,15486.381322957615,62,435,0.1425287356321839,196673.6344975647,3172.155395122011,39.33472689951293,0.09042465953911018,100,70,0.7,1716.8062750696554,inf,0.5403528785097518,1.0,0.7701764392548759,0.1601241101421172,0.3504003102753553,0.3511085898082128
1394,15497.498610339495,62,435,0.1425287356321839,197000.55037508425,3177.4282318561977,39.40011007501685,0.0905749656896939,100,73,0.73,1759.3770098513785,inf,0.5268690434383011,1.0,0.7634345217191505,0.1635702219852717,0.3654089255549632,0.35111884094494883
1395,15508.615897721374,62,435,0.1425287356321839,197368.06788226732,3183.355933584957,39.47361357645346,0.09074393925621485,100,73,0.73,1757.540052263686,inf,0.5266008476304982,1.0,0.7633004238152491,0.16372175772048286,0.3654093043943012,0.35112907766661744
1396,15519.733185103254,62,435,0.1425287356321839,197775.73105554172,3189.9311460571244,39.555146211108344,0.09093137060024907,100,73,0.73,1758.4510684357472,inf,0.5267338559916191,1.0,0.7633669279958095,0.16378222130221975,0.36540945555325555,0.3511392998411963
1397,15530.850472485134,62,435,0.1425287356321839,198126.6886346,3195.5917521709675,39.62533772692,0.09109273040671265,100,73,0.73,1762.107383035188,inf,0.5272676779231373,1.0,0.7636338389615687,0.16372944572257198,0.36540932361430645,0.3511495072974002
1398,15541.967759867013,61,435,0.14022988505747128,193500.48792166813,3172.1391462568545,38.70009758433363,0.08896574157318077,100,73,0.73,1767.8054217588472,inf,0.5280995915767916,1.0,0.7640497957883958,0.1624579728923925,0.36540614493223095,0.35115969788899054
1399,15553.085047248893,61,435,0.14022988505747128,193862.8817935054,3178.0800294017276,38.772576358701066,0.08913235944528981,100,74,0.74,1788.0542060375851,inf,0.5246320224935627,1.0,0.7623160112467813,0.16340817409925423,0.37040852043524813,0.35117344704795217
1400,15564.202334630772,61,435,0.14022988505747128,194262.99373796873,3184.639241606045,38.85259874759374,0.08931631895998561,100,73,0.73,1780.0057647784135,inf,0.5298808416576484,1.0,0.7649404208288242,0.16218794906558076,0.3654054698726639,0.351183605522488
1401,15575.319622012652,61,435,0.14022988505747128,194701.07304631136,3191.8208696116617,38.94021460926227,0.08951773473393625,100,73,0.73,1786.0924086569844,inf,0.5307694916639197,1.0,0.7653847458319598,0.1620664944509882,0.36540516623612745,0.3511937492890455
1402,15586.436909394532,61,435,0.14022988505747128,195177.1582833803,3199.625545629185,39.03543165667605,0.08973662449810586,100,72,0.72,1776.8339395379835,inf,0.5358640872934697,1.0,0.7679320436467348,0.16090229042568555,0.3604022557260642,0.35120031272912894
1403,15597.554196776411,61,435,0.14022988505747128,195690.91100927198,3208.047721463475,39.138182201854384,0.08997283264794112,100,74,0.74,1811.0003096454511,inf,0.5280280458275268,1.0,0.7640140229137634,0.1629794048670889,0.3704074485121677,0.3512139930252707
1404,15608.67148415829,61,435,0.14022988505747128,196241.5335601402,3217.074320658036,39.24830671202805,0.09022599244144379,100,72,0.72,1787.6351353484224,inf,0.5374194594901728,1.0,0.7687097297450864,0.16075813134817862,0.3604018953283704,0.3512205324575149
1405,15619.78877154017,62,435,0.1425287356321839,201826.03382657963,3255.258610106123,40.36520676531594,0.09279357877084124,100,72,0.72,1791.4984085384308,inf,0.5379757708295341,1.0,0.768987885414767,0.16190284667803706,0.36040475711669506,0.3512270646229908
1406,15630.90605892205,62,435,0.1425287356321839,202432.62003818626,3265.0422586804234,40.486524007637264,0.09307246898307417,100,72,0.72,1792.1346660222935,inf,0.5380673919072103,1.0,0.7690336959536052,0.16201938651473452,0.36040504846628685,0.3512335877102995
1407,15642.02334630393,62,435,0.1425287356321839,203072.47495344427,3275.362499249101,40.614494990688854,0.09336665515100886,100,71,0.71,1773.3083643106438,inf,0.5418097877321114,1.0,0.7709048938660557,0.1612308806424766,0.3554030772016062,0.3512365489954496
1408,15653.140633685809,62,435,0.1425287356321839,203743.98182160984,3286.1932551872555,40.748796364321954,0.09367539394097,100,70,0.7,1757.0187967720888,inf,0.5459826315480925,1.0,0.7729913157740462,0.1603420390834619,0.35040085509770863,0.35123595588409556
1409,15664.257921067689,62,435,0.1425287356321839,204445.58121573547,3297.509374447346,40.889116243147086,0.09399796837505077,100,69,0.69,1744.391025155281,inf,0.5507259614714287,1.0,0.7753629807357143,0.1593174938196682,0.34539829373454917,0.3512318156981739
1410,15675.375208449568,61,435,0.14022988505747128,200140.49654319213,3280.991746609707,40.02809930863843,0.09201861910031824,100,70,0.7,1762.2221647951992,inf,0.546711103071328,1.0,0.773355551535664,0.15933153378232712,0.3503983288344558,0.3512312249916794
1411,15686.492495831448,59,435,0.135632183908046,190759.50191891255,3233.211896930721,38.15190038378251,0.08770551812363796,100,71,0.71,1778.6607133751074,inf,0.5425698212992652,1.0,0.7712849106496327,0.15821030373700262,0.35539552575934247,0.35123417421318626
1412,15697.609783213327,58,435,0.13333333333333333,186098.19947174608,3208.5896460645877,37.219639894349214,0.08556239056172234,100,70,0.7,1757.3488630998556,inf,0.5460288408339798,1.0,0.77301442041699,0.15627398507236623,0.3503906849626809,0.35123357726396437
1413,15708.727070595207,58,435,0.13333333333333333,186424.8916469298,3214.222269774652,37.28497832938597,0.08571259386065741,100,72,0.72,1781.9226062577056,inf,0.5365968553011097,1.0,0.7682984276505549,0.15870708310505122,0.36039676770776263,0.35124005759666865
1414,15719.844357977086,58,435,0.13333333333333333,186772.68769288508,3220.2187533256047,37.354537538577006,0.08587250008868277,100,71,0.71,1756.9253541212408,inf,0.5394834002852164,1.0,0.7697417001426081,0.15806539997303737,0.35539516349993255,0.3512429940672716
1415,15730.961645358966,58,435,0.13333333333333333,187140.78758675786,3226.565303219963,37.42815751735157,0.08604174141919901,100,71,0.71,1751.1288293356433,inf,0.5386602937656614,1.0,0.7693301468828306,0.15835579726818416,0.35539588949317047,0.3512459269030244
1416,15742.078932740846,58,435,0.13333333333333333,187528.43913234762,3233.2489505577173,37.50568782646953,0.08621997201487248,100,71,0.71,1747.0471274868776,inf,0.5380806921031366,1.0,0.7690403460515682,0.1585898129816521,0.3553964745324541,0.3512488560121489
1417,15753.196220122725,57,435,0.1310344827586207,182932.60981163374,3209.344031783048,36.58652196232675,0.08410694703983161,100,72,0.72,1758.0952413742218,inf,0.533165714757888,1.0,0.7665828573789439,0.15876204483044387,0.3603969051120761,0.3512553073866904
1418,15764.313507504605,57,435,0.1310344827586207,183294.58125579977,3215.6944079964874,36.65891625115995,0.08427337069232173,100,75,0.75,1796.1930546192805,inf,0.519428958192892,1.0,0.7597144790964461,0.16227944579793785,0.37540569861449485,0.35127232668988123
1419,15775.430794886484,57,435,0.1310344827586207,183674.78738892538,3222.364691033779,36.73495747778507,0.08444817810985074,100,75,0.75,1790.877090109638,inf,0.5186315635164457,1.0,0.7593157817582228,0.16256619817581397,0.3754064154954395,0.3512893225270683
1420,15786.548082268364,57,435,0.1310344827586207,184072.64731376088,3229.3446897151034,36.814529462752176,0.0846311022132234,100,75,0.75,1783.8474985493335,inf,0.5175771247824001,1.0,0.7587885623912001,0.16292126991101163,0.37540730317477755,0.35130629506798855
1421,15797.665369650244,57,435,0.1310344827586207,184487.61393732415,3236.6248059179675,36.89752278746483,0.0848218914654364,100,74,0.74,1762.8712650754483,inf,0.5209049472311664,1.0,0.7604524736155832,0.1621847089249266,0.3704054617723123,0.3513197262682025
1422,15808.782657032123,56,435,0.12873563218390804,179912.3303296094,3212.7201844573106,35.982466065921884,0.08271831279522272,100,74,0.74,1757.4553786581323,inf,0.5201033960414035,1.0,0.7600516980207017,0.16133330738726048,0.37040333326846814,0.35133313709532854
1423,15819.899944414003,56,435,0.12873563218390804,180292.0988189374,3219.501764623882,36.05841976378748,0.08289291899721259,100,74,0.74,1754.580495143042,inf,0.5196779132811703,1.0,0.7598389566405852,0.16152698117831366,0.37040381745294576,0.3513465294270403
1424,15831.017231795882,57,435,0.1310344827586207,185677.25914149554,3257.4957744122025,37.13545182829911,0.08536885477769911,100,74,0.74,1753.4359556622212,inf,0.5195085214380087,1.0,0.7597542607190044,0.16280729702934738,0.3704070182425734,0.3513599052086653
1425,15842.134519177762,57,435,0.1310344827586207,186070.95433598678,3264.402707648891,37.21419086719736,0.08554986406252267,100,72,0.72,1721.579317958273,inf,0.5279074217859913,1.0,0.7639537108929957,0.16079807658476353,0.3604019951914619,0.35136624608523104
1426,15853.251806559641,57,435,0.1310344827586207,186479.35180574312,3271.567575539353,37.29587036114862,0.08573763301413477,100,72,0.72,1720.6963205842553,inf,0.5277802701641329,1.0,0.7638901350820664,0.16092374896603423,0.3604023093724151,0.3513725782949628
1427,15864.369093941521,56,435,0.12873563218390804,181901.3928849363,3248.239158659577,36.38027857698726,0.08363282431491324,100,71,0.71,1706.5831563149789,inf,0.532334808196727,1.0,0.7661674040983635,0.15873271010827483,0.35539683177527065,0.3513753963996409
1428,15875.4863813234,55,435,0.12643678160919541,177292.4658633913,3223.499379334387,35.45849317267826,0.08151377740845576,100,71,0.71,1707.1999416320537,inf,0.5324223917117515,1.0,0.7662111958558757,0.15765129077629003,0.3553941282269407,0.35137820866823943
1429,15886.60366870528,55,435,0.12643678160919541,177676.61177345915,3230.48385042653,35.535322354691836,0.08169039621768238,100,71,0.71,1709.482307256858,inf,0.5327464876304737,1.0,0.7663732438152369,0.1576585762012228,0.35539414644050304,0.3513810170163319
1430,15897.72095608716,56,435,0.12873563218390804,183042.8749792483,3268.622767486577,36.608574995849665,0.08415764366861991,100,71,0.71,1713.5798814452057,inf,0.5333283431652193,1.0,0.7666641715826097,0.15874673604300515,0.3553968668401075,0.35138382334045754
1431,15908.83824346904,56,435,0.12873563218390804,183399.2786746189,3274.987119189623,36.67985573492378,0.08432150743660638,100,71,0.71,1719.491768676961,inf,0.5341678311521284,1.0,0.7670839155760643,0.15861879593027106,0.35539654698982565,0.35138662552177696
1432,15919.955530850919,56,435,0.12873563218390804,183770.7190933604,3281.6199838100074,36.754143818672084,0.08449228464062548,100,73,0.73,1753.6137999285854,inf,0.5260276147895735,1.0,0.7630138073947867,0.1607392386229194,0.3654018480965573,0.3513964058585353
1433,15931.072818232798,57,435,0.1310344827586207,189095.65293644313,3317.4675953761953,37.819130587288626,0.08694053008572097,100,74,0.74,1774.6023379289018,inf,0.5226411460134774,1.0,0.7613205730067387,0.16280997853949108,0.37040702494634875,0.35140966291508197
1434,15942.190105614678,57,435,0.1310344827586207,189375.71328652647,3322.3809348513414,37.87514265730529,0.08706929346506963,100,76,0.76,1803.8199137068445,inf,0.5141806268834404,1.0,0.7570903134417202,0.16498949001167473,0.3804124737250292,0.35142987393306796
1435,15953.307392996558,57,435,0.1310344827586207,189671.13158777714,3327.5637120662655,37.93422631755544,0.08720511797139183,100,77,0.77,1821.8871847554126,inf,0.5105706264523335,1.0,0.7552853132261668,0.1659599023726125,0.3854148997559315,0.35145354038559085
1436,15964.424680378437,56,435,0.12873563218390804,184975.93295005913,3303.1416598224846,36.995186590011826,0.08504640595405018,100,78,0.78,1841.0509685368008,inf,0.5072039510917409,1.0,0.7536019755458705,0.1657222152040898,0.39041430553801026,0.3514806529570261
1437,15975.541967760317,55,435,0.12643678160919541,180283.57903915335,3277.8832552573335,36.05671580783066,0.08288900185708198,100,78,0.78,1843.063937250044,inf,0.5075179742110069,1.0,0.7537589871055035,0.16456500737578927,0.39041141251843947,0.3515077258079033
1438,15986.659255142196,55,435,0.12643678160919541,180569.70466734612,3283.085539406293,36.11394093346923,0.08302055387004421,100,78,0.78,1846.4731193063653,inf,0.5080498066117931,1.0,0.7540249033058966,0.1644978252820738,0.3904112445632052,0.351534760914752
1439,15997.776542524076,54,435,0.12413793103448276,175840.57437452575,3256.306932861588,35.16811487490515,0.08084624109173598,100,78,0.78,1845.180466882076,inf,0.5078481528336038,1.0,0.7539240764168019,0.16346108233746698,0.3904086527058437,0.35156175667294026
1440,16008.893829905955,53,435,0.12183908045977011,171004.78542695395,3226.5053854142257,34.20095708539079,0.07862288985147309,100,76,0.76,1816.6457439167475,inf,0.5161301530753457,1.0,0.7580650765376729,0.16027890665690014,0.3804006972666423,0.35158176981700245
1441,16020.011117287835,51,435,0.11724137931034483,161109.6456848336,3159.0126604869333,32.22192913696672,0.07407340031486603,100,77,0.77,1829.0193758159767,inf,0.5116689838756604,1.0,0.7558344919378301,0.15911945418851792,0.3853977986354713,0.35160522059981697
1442,16031.128404669715,52,435,0.11954022988505747,166221.39999093444,3196.565384441047,33.2442799981869,0.07642363217973999,100,75,0.75,1799.0504090655859,inf,0.5198575613598377,1.0,0.7599287806799189,0.15824742574991058,0.37539561856437476,0.35162170736209314
1443,16042.245692051594,52,435,0.11954022988505747,166323.33462710163,3198.5256659058005,33.26466692542033,0.0764704986791272,100,74,0.74,1778.7806922960967,inf,0.5232595424598223,1.0,0.7616297712299112,0.157420363724608,0.37039355090931153,0.35163470725374635
1444,16053.362979433474,53,435,0.12183908045977011,171427.23037566064,3234.4760448237857,34.28544607513213,0.07881711741409685,100,74,0.74,1775.1885231387298,inf,0.5227279014245321,1.0,0.761363950712266,0.15872658335091538,0.3703968164583773,0.35164769141236546
1445,16064.480266815353,53,435,0.12183908045977011,171498.12986293476,3235.813770998769,34.29962597258695,0.07884971487951023,100,74,0.74,1772.8686685401024,inf,0.5223845629439352,1.0,0.7611922814719676,0.1588287167037713,0.3703970717917594,0.3516606577888381
1446,16075.597554197233,53,435,0.12183908045977011,171605.9978797237,3237.8490165985604,34.321199575944725,0.07889930936998787,100,76,0.76,1795.8200517305595,inf,0.5129646478630451,1.0,0.7564823239315226,0.16120849271923265,0.3804030212317981,0.3516805212051774
1447,16086.714841579113,53,435,0.12183908045977011,171693.25027341562,3239.495288177653,34.33865005468312,0.07893942541306465,100,77,0.77,1804.729134500077,inf,0.5079282867130118,1.0,0.7539641433565059,0.1624876410282794,0.3854062191025707,0.3517038124330071
1448,16097.832128960992,53,435,0.12183908045977011,171763.69054118762,3240.824349833729,34.35273810823752,0.07897181174307476,100,76,0.76,1782.130512030588,inf,0.5108838378286494,1.0,0.7554419189143247,0.161764946414375,0.38040441236603595,0.35172361961032456
1449,16108.949416342872,54,435,0.12413793103448276,176860.5118394832,3275.1946636941334,35.37210236789664,0.08131517785723365,100,77,0.77,1791.1758688584325,inf,0.5058410838041987,1.0,0.7529205419020993,0.16419731797756715,0.3854104932949439,0.3517468519370036
1450,16120.066703724751,53,435,0.12183908045977011,171969.15545042968,3244.7010462345224,34.39383109008594,0.07906627836801365,100,76,0.76,1769.1995666010826,inf,0.5089183341233646,1.0,0.7544591670616823,0.16230355565316568,0.3804057588891329,0.3517666030789417
1451,16131.18399110663,52,435,0.11954022988505747,167045.4612447501,3212.412716245194,33.409092248950024,0.07680251091712649,100,76,0.76,1765.3311649901846,inf,0.5083303370785083,1.0,0.7541651685392541,0.16131867118893617,0.38040329667797235,0.3517863253197124
1452,16142.30127848851,51,435,0.11724137931034483,162102.76791383376,3178.485645369289,32.42055358276675,0.0745300082362454,100,76,0.76,1762.4634455086546,inf,0.5078944437173155,1.0,0.7539472218586578,0.16029139318879382,0.38040072848297196,0.3518060186460463
1453,16153.41856587039,51,435,0.11724137931034483,162172.47330939065,3179.852417831189,32.43449466187813,0.0745620566939727,100,76,0.76,1758.9800220324212,inf,0.5073649633489281,1.0,0.753682481674464,0.1604397875097543,0.3804010994687744,0.35182568513904683
1454,16164.53585325227,53,435,0.12183908045977011,172225.19911583845,3249.532058789405,34.4450398231677,0.07918399959348896,100,78,0.78,1783.9963434206472,inf,0.49830342957362106,1.0,0.7491517147868105,0.16501614240333917,0.39041254035600836,0.35185220531445366
1455,16175.65314063415,55,435,0.12643678160919541,182132.01447358407,3311.4911722469833,36.4264028947168,0.08373885722923402,100,77,0.77,1767.386320490071,inf,0.502177493355471,1.0,0.7510887466777355,0.1663250552757493,0.38541581263818936,0.35187525724256064
1456,16186.770428016029,55,435,0.12643678160919541,182006.6868300035,3309.212487818246,36.40133736600071,0.08368123532413957,100,77,0.77,1767.3801901825025,inf,0.5021765492881053,1.0,0.7510882746440526,0.16629648034004352,0.3854157412008501,0.3518982774786336
1457,16197.887715397908,56,435,0.12873563218390804,186879.50296363965,3337.133981493565,37.37590059272793,0.08592161055799524,100,76,0.76,1755.5615818808208,inf,0.5068453604458848,1.0,0.7534226802229425,0.16624946516752637,0.3804156236629188,0.3519178367009822
1458,16209.005002779788,56,435,0.12873563218390804,186680.6477309059,3333.5829951947485,37.33612954618118,0.08583018286478433,100,75,0.75,1745.9698358397893,inf,0.5118954753759685,1.0,0.7559477376879842,0.16494122258840005,0.375412353056471,0.3519339398650367
1459,16220.122290161667,57,435,0.1310344827586207,191391.29918645765,3357.742090990485,38.27825983729153,0.08799599962595754,100,75,0.75,1751.0671591328182,inf,0.5126600738699227,1.0,0.7563300369349614,0.16583298134549812,0.37541458245336373,0.3519500224969465
1460,16231.239577543547,56,435,0.12873563218390804,186110.0669346411,3323.3940524043055,37.222013386928225,0.08556784686650167,100,73,0.73,1728.4885336622956,inf,0.5223593259146951,1.0,0.7611796629573475,0.16219409195457712,0.3654054852298864,0.35195923225925513
1461,16242.356864925427,56,435,0.12873563218390804,185844.53852725012,3318.652473700895,37.168907705450025,0.085445764840115,100,71,0.71,1694.428818398553,inf,0.5306088922125946,1.0,0.7653044461062972,0.1600706593669089,0.3554001766484173,0.35196158584638865
1462,16253.474152307306,56,435,0.12873563218390804,185599.48336647512,3314.276488687056,37.11989667329502,0.0853330958006782,100,70,0.7,1680.5326249547827,inf,0.5352745674936695,1.0,0.7676372837468348,0.15884790602692167,0.35039711976506727,0.35196051649158255
1463,16264.591439689186,56,435,0.12873563218390804,185376.03329432302,3310.2863088271965,37.0752066588646,0.08523036013532093,100,70,0.7,1681.4394313455498,inf,0.5354015203883771,1.0,0.7677007601941885,0.15876479997056614,0.3503969119999264,0.3519594484557276
1464,16275.708727071065,56,435,0.12873563218390804,185175.294497467,3306.7016874547676,37.03505889949339,0.085138066435617,100,70,0.7,1681.7561491948775,inf,0.5354458608872829,1.0,0.7677229304436415,0.15870756799598773,0.35039676891998994,0.35195838178027655
1465,16286.826014452945,56,435,0.12873563218390804,184998.29371287493,3303.5409591584807,36.999658742574994,0.08505668676454022,100,69,0.69,1665.3399871271731,inf,0.5398169182235498,1.0,0.7699084591117749,0.15757411382638264,0.3453939352845659,0.3519539039859412
1466,16297.943301834825,56,435,0.12873563218390804,184845.92620104534,3300.8201107329523,36.969185240209065,0.08498663273611279,100,68,0.68,1651.5675567385363,inf,0.5446131877164411,1.0,0.7723065938582205,0.15634001943894615,0.34039085004859737,0.35194602187691776
1467,16309.060589216704,56,435,0.12873563218390804,184698.97635082388,3298.196006264712,36.93979527016478,0.0849190695865857,100,69,0.69,1671.4720381278719,inf,0.5406631412616464,1.0,0.7703315706308231,0.15729374947788133,0.3453932343736947,0.35194155812521255
1468,16320.177876598584,56,435,0.12873563218390804,184467.33347797373,3294.0595263923883,36.893466695594746,0.08481256711630976,100,69,0.69,1676.1084930179093,inf,0.5413029720364714,1.0,0.7706514860182356,0.15708054054903708,0.34539270135137257,0.35193710008792606
1469,16331.295163980463,56,435,0.12873563218390804,184261.95379089395,3290.392031980249,36.8523907581788,0.08471813967397425,100,68,0.68,1666.5607169006337,inf,0.5466522574984861,1.0,0.773326128749243,0.15569600546236562,0.34038924001365595,0.3519292444008007
1470,16342.412451362343,57,435,0.1310344827586207,189055.63572663226,3316.7655390637237,37.811127145326445,0.08692213136856654,100,67,0.67,1649.7357909750174,inf,0.5510645959906523,1.0,0.7755322979953261,0.15569491668662028,0.33538923729171655,0.3519180003443023
1471,16353.529738744222,57,435,0.1310344827586207,188765.39232247914,3311.673549517178,37.75307846449582,0.08678868612527775,100,68,0.68,1670.102452127681,inf,0.5471339334893646,1.0,0.7735669667446823,0.15661085969029775,0.34039152714922577,0.3519101698597948
1472,16364.647026126102,58,435,0.13333333333333333,193407.40827459906,3334.610487493087,38.6814816549198,0.08892294633314897,100,68,0.68,1672.0300229312454,inf,0.5473960831186494,1.0,0.7736980415593246,0.15761245238691213,0.3403940311309673,0.3519023517072294
1473,16375.764313507982,59,435,0.135632183908046,197947.02645069902,3355.0343466220174,39.5894052901398,0.09101012710376966,100,68,0.68,1673.1891078793815,inf,0.5475537186715959,1.0,0.7737768593357979,0.15861663388398584,0.34039654158471,0.35189454586589797
1474,16386.88160088986,60,435,0.13793103448275862,202441.07092701874,3374.0178487836456,40.48821418540375,0.09307635444920402,100,67,0.67,1653.3180774468212,inf,0.5515446223778739,1.0,0.775772311188937,0.15865202163013348,0.33539663005407533,0.35188336083822896
1475,16397.99888827174,60,435,0.13793103448275862,201955.5389043774,3365.9256484062903,40.39110778087548,0.09285312133534593,100,68,0.68,1675.037015474035,inf,0.5478050341044688,1.0,0.7739025170522345,0.1594753021415557,0.3403986882553539,0.35187557989474466
1476,16409.11617565362,61,435,0.14022988505747128,206448.2142125649,3384.3969543043427,41.28964284251298,0.09491871917819077,100,67,0.67,1649.868251750516,inf,0.5510823457345692,1.0,0.7755411728672845,0.15968877315545316,0.3353992219328887,0.35186442460837913
1477,16420.2334630355,61,435,0.14022988505747128,205960.43688843193,3376.4006047283924,41.19208737768639,0.0946944537418078,100,68,0.68,1668.5481146820655,inf,0.546922543596761,1.0,0.7734612717983804,0.16061659097171366,0.3404015414774293,0.35185666893643663
1478,16431.35075041738,60,435,0.13793103448275862,200424.8700569418,3340.4145009490303,40.08497401138837,0.09214936554342154,100,68,0.68,1673.621695474088,inf,0.547612550584476,1.0,0.773806275292238,0.15917154512559178,0.340397928862814,0.351848921309612
1479,16442.46803779926,61,435,0.14022988505747128,204838.73234852738,3358.0120057135637,40.96774646970548,0.09417872751656432,100,68,0.68,1675.343649078333,inf,0.5478467362746533,1.0,0.7739233681373267,0.16012767968961888,0.3404003191992241,0.35184118576764556
1480,16453.58532518114,61,435,0.14022988505747128,204268.56295822168,3348.6649665282243,40.85371259164433,0.09391658067044674,100,69,0.69,1693.7991688442605,inf,0.5437442853005081,1.0,0.7718721426502541,0.16102221901009633,0.3454025555475252,0.3518368382793132
1481,16464.70261256302,61,435,0.14022988505747128,203724.35035579294,3339.743448455622,40.74487007115859,0.09366636797967491,100,69,0.69,1697.4824167759746,inf,0.5442525735150846,1.0,0.7721262867575422,0.16077004061106637,0.3454019251015276,0.3518324962326346
1482,16475.819899944898,61,435,0.14022988505747128,203206.21506197285,3331.2494272454564,40.64124301239457,0.09342814485607946,100,70,0.7,1721.5598529608244,inf,0.5410183794145154,1.0,0.7705091897072577,0.16145947757441087,0.35040364869393603,0.35183153274811757
1483,16486.937187326777,61,435,0.14022988505747128,202714.32759291158,3323.185698244452,40.5428655185823,0.09320198969789036,100,69,0.69,1708.369432272719,inf,0.5457549816536351,1.0,0.7728774908268176,0.16016224943553642,0.3454004056235888,0.35182719910450266
1484,16498.054474708657,61,435,0.14022988505747128,202248.91002839396,3315.555902104819,40.44978200567879,0.09298800461075585,100,67,0.67,1677.0178988366629,inf,0.5547203984441128,1.0,0.7773601992220565,0.1578139026943497,0.3353945347567359,0.3518161333372651
1485,16509.171762090537,61,435,0.14022988505747128,201810.23708987856,3308.3645424570254,40.36204741797571,0.09278631590339244,100,66,0.66,1658.3730771114272,inf,0.5589052461787084,1.0,0.7794526230893541,0.1566668464070191,0.3303916671160176,0.3518017157960664
1486,16520.289049472416,62,435,0.1425287356321839,206395.02045352702,3328.951942798823,41.2790040907054,0.09489426227748368,100,68,0.68,1690.5190805508762,inf,0.549910594954919,1.0,0.7749552974774595,0.15996948240001213,0.34039992370600003,0.35179404814839316
1487,16531.406336854296,62,435,0.1425287356321839,205984.3154846306,3322.3276691069455,41.196863096926116,0.0947054324067267,100,69,0.69,1708.3460196414178,inf,0.5457517507105156,1.0,0.7728758753552578,0.16091477852573444,0.3454022869463143,0.3517897526099509
1488,16542.523624236175,62,435,0.1425287356321839,205603.85828564985,3316.1912626717717,41.120771657129985,0.09453050955662065,100,70,0.7,1728.9381004271322,inf,0.5420513340597984,1.0,0.7710256670298992,0.16175242126336076,0.35040438105315835,0.35178882220595037
1489,16553.640911618055,62,435,0.1425287356321839,205254.1824033167,3310.551329085753,41.05083648066335,0.0943697390360077,100,70,0.7,1733.032337679967,inf,0.5426245272751954,1.0,0.7713122636375978,0.16152873769920495,0.350403821844248,0.35178789267550625
1490,16564.758198999934,62,435,0.1425287356321839,204935.87077484935,3305.4172705620863,40.987174154969864,0.09422338886199969,100,70,0.7,1738.767699220689,inf,0.5434274778908965,1.0,0.7717137389454483,0.1612548249582757,0.3504031370623957,0.35178696393264025
1491,16575.875486381814,63,435,0.14482758620689656,209634.59955457316,3327.533326263066,41.92691991091462,0.09638372393313706,100,69,0.69,1728.4576425687453,inf,0.5485271546744869,1.0,0.7742635773372435,0.1610600732979468,0.34540265018324484,0.3517826849019771
1492,16586.992773763694,63,435,0.14482758620689656,209319.41460068768,3322.530390487106,41.86388292013755,0.09623881131066103,100,68,0.68,1712.837560007125,inf,0.5529459081609689,1.0,0.7764729540804844,0.15988292861508824,0.34039970732153774,0.35177506067051
1493,16598.110061145573,63,435,0.14482758620689656,209037.27960730976,3318.052057258885,41.807455921461965,0.09610909407232636,100,68,0.68,1716.4127823621975,inf,0.5534321384012588,1.0,0.7767160692006294,0.15969651243584848,0.34039924128108967,0.35176744633356927
1494,16609.227348527453,63,435,0.14482758620689656,208788.98362877255,3314.110851250358,41.75779672575451,0.0959949350017345,100,69,0.69,1741.1985024235337,inf,0.5502853933344476,1.0,0.7751426966672238,0.1604261191672553,0.3454010652979181,0.351763187884716
1495,16620.344635909332,63,435,0.14482758620689656,208575.35668591075,3310.719947395409,41.71507133718215,0.09589671571766012,100,69,0.69,1743.5827965250269,inf,0.5506144259204536,1.0,0.7753072129602268,0.16029475137871663,0.34540073687844675,0.35175893490944443
1496,16631.461923291212,64,435,0.1471264367816092,213384.3284460192,3334.13013196905,42.676865689203844,0.09810773721656056,100,70,0.7,1759.7143709361007,inf,0.5463600119310541,1.0,0.773180005965527,0.1624638656255168,0.35040615966406374,0.35175803125196586
1497,16642.57921067309,63,435,0.14482758620689656,208164.1084520525,3304.192197651627,41.632821690410495,0.09570763606990919,100,70,0.7,1762.6931896658268,inf,0.5467770465532158,1.0,0.7733885232766079,0.16115955639665064,0.35040289889099163,0.3517571266242216
1498,16653.69649805497,63,435,0.14482758620689656,207946.16949247324,3300.7328490868767,41.589233898494655,0.095607434249413,100,70,0.7,1767.1882341490339,inf,0.5474063527808648,1.0,0.7737031763904324,0.16095212892949035,0.3504023803223237,0.3517562228575092
1499,16664.81378543685,63,435,0.14482758620689656,207767.6303332933,3297.8988941792586,41.55352606665866,0.09552534727967509,100,70,0.7,1773.8560217546114,inf,0.5483398430456456,1.0,0.7741699215228228,0.16067771287842614,0.35040169428219603,0.3517553198384589
1500,16675.93107281873,64,435,0.1471264367816092,212618.81869571755,3322.1690421205867,42.523763739143504,0.09775577871067473,100,68,0.68,1747.318768133736,inf,0.5576353524661881,1.0,0.7788176762330941,0.1594690512387903,0.340398672628097,0.3517477537843548
1501,16687.04836020061,64,435,0.1471264367816092,212418.56694594992,3319.0401085304675,42.48371338918999,0.09766370894066663,100,67,0.67,1735.342583279069,inf,0.5625359061593953,1.0,0.7812679530796977,0.1581978779304845,0.3353954946948262,0.35173686679428184
1502,16698.16564758249,64,435,0.1471264367816092,212159.39921805062,3314.990612782041,42.431879843610126,0.09754455136462098,100,67,0.67,1736.7870502523626,inf,0.5627294647338167,1.0,0.7813647323669084,0.15808990949885626,0.33539522477374717,0.3517259941116334
1503,16709.28293496437,65,435,0.14942528735632185,216943.142652725,3337.586810041923,43.388628530545,0.09974397363343677,100,67,0.67,1738.0234104096462,inf,0.5628951369948926,1.0,0.7814475684974462,0.15914820256799522,0.33539787050642,0.3517151376464704
1504,16720.40022234625,66,435,0.15172413793103448,221691.72560092495,3358.9655394079537,44.338345120185004,0.10192723016134483,100,66,0.66,1721.5551553302328,inf,0.5672452805035908,1.0,0.7836226402517954,0.15915229495477468,0.33039788073738696,0.35170097335616535
1505,16731.517509728128,65,435,0.14942528735632185,216410.26044843186,3329.388622283567,43.28205208968638,0.09949897032111812,100,70,0.7,1793.893978488477,inf,0.5511451569883867,1.0,0.7755725784941934,0.16196319591346242,0.35040490798978363,0.3517001127549924
1506,16742.634797110008,64,435,0.1471264367816092,211167.98532073357,3299.499770636462,42.233597064146714,0.0970887288830959,100,70,0.7,1793.5103871379545,inf,0.5510914541993137,1.0,0.7755457270996569,0.16077150089171954,0.35040192875222925,0.3516992513190251
1507,16753.752084491887,62,435,0.1425287356321839,200914.3598805672,3240.554191622052,40.18287197611345,0.09237441833589298,100,70,0.7,1792.203522512101,inf,0.5509084931516941,1.0,0.775454246575847,0.15846008588002297,0.35039615021470005,0.35169838719362434
1508,16764.869371873767,62,435,0.1425287356321839,200643.1608778659,3236.1800141591275,40.12863217557318,0.09224972913924868,100,68,0.68,1762.0333338747462,inf,0.5596365334069655,1.0,0.7798182667034828,0.156215731217883,0.34039053932804475,0.3516908935900024
1509,16775.986659255646,61,435,0.14022988505747128,195397.76124495335,3203.241987622186,39.07955224899067,0.089838051147105,100,68,0.68,1760.9169288145504,inf,0.5594847023187789,1.0,0.7797423511593895,0.1550478499938578,0.34038761962498465,0.351683407978105
1510,16787.103946637526,60,435,0.13793103448275862,190178.3187280469,3169.6386454674484,38.03566374560938,0.08743830746117098,100,68,0.68,1762.3561234626513,inf,0.5596804327909206,1.0,0.7798402163954603,0.15379904553285528,0.34038449761383216,0.35167593020817495
1511,16798.221234019406,60,435,0.13793103448275862,189970.7045785833,3166.178409643055,37.99414091571666,0.08734285267980842,100,66,0.66,1723.7364942172812,inf,0.5675332172366812,1.0,0.7837666086183406,0.15178812203073389,0.33037947030507686,0.35166184524792155
1512,16809.338521401285,61,435,0.14022988505747128,194754.30722379865,3192.6935610458795,38.95086144475973,0.08954221021783847,100,67,0.67,1740.765683782998,inf,0.5632626016269219,1.0,0.781631300813461,0.15395545470218874,0.3353848886367555,0.3516510871801019
1513,16820.455808783165,61,435,0.14022988505747128,194520.77820322692,3188.865216446343,38.90415564064539,0.0894348405532078,100,67,0.67,1740.4954304711498,inf,0.5632263876831342,1.0,0.7816131938415671,0.1539108233558203,0.3353847770583896,0.35164034325003474
1514,16831.573096165044,61,435,0.14022988505747128,194318.6019435533,3185.550851533661,38.863720388710675,0.08934188595105902,100,67,0.67,1740.5274856748224,inf,0.5632306830804263,1.0,0.7816153415402132,0.15386327220542295,0.33538465818051355,0.3516296134249063
1515,16842.690383546924,61,435,0.14022988505747128,194128.12711637822,3182.4283133832496,38.82562542327564,0.08925431131787503,100,68,0.68,1759.2313720866853,inf,0.5592554666037892,1.0,0.7796277333018946,0.15481328900799018,0.34038703322252,0.35162219747490475
1516,16853.807670928803,61,435,0.14022988505747128,193986.49667935338,3180.1065029402193,38.797299335870676,0.08918919387556477,100,68,0.68,1757.2896674398457,inf,0.558991394771819,1.0,0.7794956973859095,0.15484674824482758,0.34038711687061207,0.35161479135716955
1517,16864.924958310683,61,435,0.14022988505747128,193855.1492508363,3177.953266407152,38.77102985016727,0.08912880425325809,100,68,0.68,1756.864127693112,inf,0.5589335213662633,1.0,0.7794667606831316,0.15483102178506325,0.3403870775544627,0.3516073949712653
1518,16876.042245692563,61,435,0.14022988505747128,193731.79661890917,3175.931092113265,38.746359323781824,0.08907209039949844,100,69,0.69,1774.5044612532765,inf,0.5548816156529522,1.0,0.7774408078264761,0.15581564128651115,0.34538953910321624,0.35160330158359704
1519,16887.159533074442,61,435,0.14022988505747128,193670.1973745505,3174.921268435254,38.7340394749101,0.0890437689078393,100,69,0.69,1773.758935459875,inf,0.5547787330934628,1.0,0.7773893665467314,0.155827201180554,0.34538956800295134,0.3515992136009782
1520,16898.27682045632,61,435,0.14022988505747128,193682.75152743622,3175.127074220266,38.736550305487256,0.08904954093215461,100,69,0.69,1772.7605095261465,inf,0.5546409503146082,1.0,0.7773204751573042,0.1558645328874252,0.34538966133221854,0.3515951310551078
1521,16909.3941078382,61,435,0.14022988505747128,193776.14918408112,3176.658183345592,38.75522983681623,0.08909248238348558,100,69,0.69,1771.3327044796492,inf,0.5544439132181916,1.0,0.7772219566090959,0.15593526288719484,0.34538983815721797,0.3515910539901289
1522,16920.51139522008,62,435,0.1425287356321839,198903.02767982119,3208.113349674535,39.78060553596425,0.09144966789876839,100,68,0.68,1755.0121252804086,inf,0.5586816490381356,1.0,0.7793408245190678,0.1560544216898503,0.34039013605422463,0.3515836994806503
1523,16931.62868260196,62,435,0.1425287356321839,199086.42298084442,3211.0713384007163,39.81728459616887,0.0915339875773997,100,69,0.69,1775.3972980257975,inf,0.55500482712756,1.0,0.77750241356378,0.15701578700680985,0.345392539467517,0.3515796370396968
1524,16942.74596998384,62,435,0.1425287356321839,199276.34940097563,3214.134667757671,39.855269880195124,0.09162131006941408,100,69,0.69,1777.4178409028148,inf,0.5552836620445885,1.0,0.7776418310222942,0.15698973952355993,0.3453924743488089,0.351575579883834
1525,16953.86325736572,62,435,0.1425287356321839,199386.86049875585,3215.9171048186427,39.87737209975117,0.09167211976954293,100,69,0.69,1782.2012920835152,inf,0.5559437783075252,1.0,0.7779718891537626,0.15685011530789017,0.3453921252882697,0.3515715278166023
1526,16964.9805447476,62,435,0.1425287356321839,199541.03630797646,3218.4038114189752,39.9082072615953,0.09174300519906965,100,66,0.66,1734.9549687196577,inf,0.5690140558709949,1.0,0.7845070279354974,0.15361798863178616,0.33038404497157947,0.35155765258225713
1527,16976.09783212948,62,435,0.1425287356321839,199736.59701928287,3221.5580164400462,39.947319403856575,0.09183291816978523,100,67,0.67,1752.5358339907336,inf,0.5648398017547583,1.0,0.7824199008773791,0.15470650864620306,0.3353867662716155,0.35154706954147796
1528,16987.21511951136,62,435,0.1425287356321839,199971.59854769576,3225.3483636725123,39.99431970953916,0.09194096484951532,100,66,0.66,1737.6632135049558,inf,0.5693715441826541,1.0,0.7846857720913271,0.15362759637909412,0.33038406899094774,0.3515332284685214
1529,16998.332406893238,62,435,0.1425287356321839,200244.33296746179,3229.747305926803,40.04886659349235,0.09206635998503988,100,66,0.66,1739.03068282075,inf,0.5695520501323391,1.0,0.7847760250661695,0.15364516745943524,0.3303841129186486,0.35151940551718164
1530,17009.449694275118,63,435,0.14482758620689656,205515.61456746567,3262.1526121819948,41.103122913493124,0.0944899377321681,100,67,0.67,1757.9961240944438,inf,0.5655714806286555,1.0,0.7827857403143277,0.15585209870892025,0.3353896302467723,0.3515088700663192
1531,17020.566981656997,65,435,0.14942528735632185,215714.13002982215,3318.6789235357255,43.14282600596443,0.09917891035853892,100,66,0.66,1745.5820151237306,inf,0.5704168259963325,1.0,0.7852084129981662,0.15698524868018637,0.3303924631217005,0.35149508651087236
1532,17031.684269038877,67,435,0.15402298850574714,225820.33925399993,3370.452824686566,45.16406785079999,0.10382544333517238,100,64,0.64,1709.982844084251,inf,0.5788778040427842,1.0,0.7894389020213921,0.15719327065689015,0.3203929831766422,0.35147479811991716
1533,17042.801556420756,66,435,0.15172413793103448,220809.98828132357,3345.605883050357,44.161997656264724,0.10152183369256258,100,65,0.65,1722.8258652136813,inf,0.5739673624777786,1.0,0.7869836812388893,0.1572690762268366,0.3253931726905671,0.3514577957565343
1534,17053.918843802636,67,435,0.15402298850574714,225782.61060236083,3369.8897104829975,45.15652212047217,0.10380809682867165,100,65,0.65,1713.948772559956,inf,0.5728133404327943,1.0,0.7864066702163972,0.15870071330613722,0.3253967517832654,0.35144081787772435
1535,17065.036131184515,67,435,0.15402298850574714,225756.688881468,3369.502819126388,45.1513377762936,0.10379617879607725,100,66,0.66,1721.5824385473893,inf,0.5672488818882554,1.0,0.7836244409441278,0.16008586892597476,0.33040021467231495,0.3514271195683458
1536,17076.153418566395,69,435,0.15862068965517243,235680.30652385092,3415.6566162876943,47.13606130477019,0.10835876162016135,100,67,0.67,1730.4007487884858,inf,0.5618737003376572,1.0,0.7809368501688285,0.1637109557256664,0.3354092773893142,0.3514166980705065
1537,17087.270705948275,69,435,0.15862068965517243,235595.31645040636,3414.424876092846,47.11906329008127,0.10831968572432477,100,67,0.67,1721.3944904323896,inf,0.5606668617179402,1.0,0.7803334308589701,0.1639931274326773,0.3354099828185817,0.3514062905833466
1538,17098.387993330154,70,435,0.16091954022988506,240512.93070325692,3435.8990100465276,48.10258614065138,0.11058065779460088,100,67,0.67,1713.087228433094,inf,0.5595536886100346,1.0,0.7797768443050173,0.16540190674479183,0.335413504766862,0.35139589890965167
1539,17109.505280712034,70,435,0.16091954022988506,240441.02067241076,3434.8717238915824,48.088204134482154,0.11054759571145323,100,68,0.68,1721.5942675460929,inf,0.5541368203862685,1.0,0.7770684101931342,0.1667395927591595,0.34041684898189795,0.3513887696564518
1540,17120.622568093913,69,435,0.15862068965517243,235370.0643260464,3411.1603525513974,47.07401286520928,0.10821612152921674,100,67,0.67,1701.2519234741483,inf,0.557967757745536,1.0,0.778983878872768,0.1646161213282244,0.3354115403033206,0.35137840156472366
1541,17131.739855475793,69,435,0.15862068965517243,235322.46604171983,3410.470522343766,47.064493208343954,0.10819423726056081,100,68,0.68,1712.3821542567757,inf,0.5528839729789214,1.0,0.7764419864894607,0.16587612538555008,0.3404146903134639,0.3513712915055464
1542,17142.857142857672,69,435,0.15862068965517243,235307.32371302455,3410.2510683047035,47.06146474260492,0.10818727527035614,100,67,0.67,1692.6081381751037,inf,0.556809490515464,1.0,0.7784047452577321,0.16489126500631202,0.3354122281625158,0.35136094862586853
1543,17153.974430239552,71,435,0.1632183908045977,245250.75027142768,3454.2359193158827,49.05015005428553,0.1127589656420357,100,68,0.68,1705.9266671016524,inf,0.5520060267258248,1.0,0.7760030133629123,0.16837797613956174,0.3404209449403489,0.3513538631312535
1544,17165.09171762143,70,435,0.16091954022988506,240211.38864420814,3431.5912663458307,48.042277728841626,0.11044201776745201,100,68,0.68,1702.5189206459672,inf,0.5515425732078516,1.0,0.7757712866039258,0.16733536558176315,0.3404183384139544,0.3513467851217278
1545,17176.20900500331,71,435,0.1632183908045977,245144.39908307872,3452.7380152546298,49.028879816615735,0.11271006854394422,100,67,0.67,1678.4157443227248,inf,0.5549077097392451,1.0,0.7774538548696226,0.16762810683716078,0.33541907026709294,0.3513364825894803
1546,17187.32629238519,71,435,0.1632183908045977,244923.90827214575,3449.632510875292,48.98478165442915,0.11260869345845781,100,67,0.67,1677.5892070578489,inf,0.5547969537457518,1.0,0.7773984768728759,0.16760510829279096,0.335419012770732,0.3513261933394359
1547,17198.44357976707,71,435,0.1632183908045977,244702.26080152666,3446.51071551446,48.940452160305334,0.11250678657541456,100,68,0.68,1695.3078960338428,inf,0.5505618738606026,1.0,0.7752809369303013,0.16861292482255663,0.3404215323120564,0.351319148984767
1548,17209.56086714895,72,435,0.16551724137931034,249510.50956409035,3465.4237439456992,49.90210191281807,0.11471747566165073,100,68,0.68,1693.5797782581365,inf,0.5503268498431065,1.0,0.7751634249215533,0.16977702537004868,0.34042444256342513,0.3513121156042497
1549,17220.67815453083,72,435,0.16551724137931034,249302.4802186451,3462.534447481182,49.86049604372902,0.11462182998558396,100,68,0.68,1692.5588698045333,inf,0.5501880062934165,1.0,0.7750940031467082,0.16976391341943786,0.3404244097835486,0.3513050912779137
1550,17231.79544191271,72,435,0.16551724137931034,249128.97875412332,3460.1247049183794,49.82579575082466,0.11454205919729807,100,67,0.67,1675.1741936467963,inf,0.5544733419486707,1.0,0.7772366709743354,0.16865269411148137,0.3354216317352787,0.3512948504916193
1551,17242.91272929459,72,435,0.16551724137931034,248990.48213658624,3458.20114078592,49.79809642731725,0.11447838259153391,100,67,0.67,1675.8821604883274,inf,0.5545682095054358,1.0,0.7772841047527179,0.16859713891940797,0.33542149284729855,0.35128462281272477
1552,17254.03001667647,72,435,0.16551724137931034,248887.48000061914,3456.7705555641546,49.77749600012383,0.114431025287641,100,68,0.68,1698.9123553035258,inf,0.5510520803212795,1.0,0.7755260401606398,0.16945249256350065,0.3404236312314088,0.35127762925729566
1553,17265.147304058348,72,435,0.16551724137931034,248820.47935890264,3455.83999109587,49.764095871780526,0.11440022039489776,100,68,0.68,1703.3088664167608,inf,0.5516500058326795,1.0,0.7758250029163398,0.16928760873927895,0.34042321902184824,0.35127064443732436
1554,17276.264591440227,73,435,0.167816091954023,253785.5700642982,3476.514658415044,50.75711401285964,0.11668302071921756,100,69,0.69,1725.9909905246589,inf,0.5481867566924028,1.0,0.7740933783462014,0.17129482118650807,0.34542823705296627,0.35126688726215755
1555,17287.381878822107,74,435,0.17011494252873563,258708.61376110362,3496.062348123022,51.741722752220724,0.11894648908556488,100,69,0.69,1730.3108302761532,inf,0.5487828945781092,1.0,0.7743914472890546,0.17227752089825515,0.3454306938022456,0.35126313649515245
1556,17298.499166203987,75,435,0.1724137931034483,263602.16543815663,3514.695539175422,52.720433087631335,0.12119639790260077,100,69,0.69,1735.8631042202235,inf,0.5495491083823908,1.0,0.7747745541911955,0.17321092185570264,0.3454330273046392,0.35125939204480533
1557,17309.616453585866,74,435,0.17011494252873563,258466.31430431013,3492.788031139326,51.69326286086202,0.11883508703646442,100,69,0.69,1741.244136638751,inf,0.5502916908561477,1.0,0.7751458454280739,0.17184462080419532,0.34542961155201046,0.3512556502088023
1558,17320.733740967746,74,435,0.17011494252873563,258320.92077546578,3490.823253722511,51.66418415509315,0.11876823943699576,100,70,0.7,1765.6073625460483,inf,0.5471850307564468,1.0,0.7735925153782234,0.1725878620293862,0.35043146965507344,0.35125512154905003
1559,17331.851028349625,74,435,0.17011494252873563,258215.14301595942,3489.3938245399922,51.64302860319188,0.11871960598434915,100,70,0.7,1772.2598385881763,inf,0.5481163774023446,1.0,0.7740581887011724,0.1723307086415884,0.350430826771604,0.35125459315496194
1560,17342.968315731505,73,435,0.167816091954023,253062.12813271576,3466.604494968709,50.61242562654315,0.11635040373917965,100,69,0.69,1762.839167569622,inf,0.5532718051246078,1.0,0.776635902562304,0.1698572505884378,0.3454246431264711,0.35125085840158043
1561,17354.085603113384,72,435,0.16551724137931034,247811.97587645781,3441.8329982841365,49.56239517529156,0.11393654063285417,100,68,0.68,1749.8605762266745,inf,0.5579810383668277,1.0,0.7789905191834139,0.1674730107247201,0.34041868252681184,0.35124392358988077
1562,17365.202890495264,72,435,0.16551724137931034,247569.69065713487,3438.46792579354,49.513938131426976,0.11382514512971718,100,68,0.68,1752.877016943951,inf,0.5583912743043774,1.0,0.7791956371521886,0.16731475398876428,0.34041828688497194,0.3512369973987708
1563,17376.320177877144,72,435,0.16551724137931034,247347.90160091917,3435.3875222349884,49.46958032018383,0.11372317314984788,100,68,0.68,1755.6308142984412,inf,0.5587657907445881,1.0,0.7793828953722941,0.16717013888877685,0.340417925347222,0.35123007983352045
1564,17387.437465259023,71,435,0.1632183908045977,242031.71847814045,3408.8974433540907,48.40634369562811,0.11127895102443243,100,67,0.67,1741.531623507798,inf,0.5633652375500448,1.0,0.7816826187750223,0.1647981661247051,0.3354119954153118,0.35121997243133624
1565,17398.554752640903,71,435,0.1632183908045977,241748.9313824614,3404.9145265135407,48.34978627649228,0.11114893396894777,100,69,0.69,1772.985624709504,inf,0.5546720162099116,1.0,0.7773360081049558,0.16690646293199596,0.34541726615733,0.35121626699948827
1566,17409.672040022782,71,435,0.1632183908045977,241505.22889101377,3401.482097056532,48.30104577820276,0.11103688684644314,100,66,0.66,1718.5254916001697,inf,0.5668453648912224,1.0,0.7834226824456112,0.16380710220041594,0.33040951775550104,0.35120298892083857
1567,17420.789327404662,72,435,0.16551724137931034,246287.61747172734,3420.661353773991,49.25752349434547,0.11323568619389764,100,66,0.66,1714.3212964556708,inf,0.5662904111321486,1.0,0.7831452055660744,0.16504524031391166,0.3304126131007848,0.351189729752586
1568,17431.90661478654,72,435,0.16551724137931034,246022.87582509447,3416.9843864596455,49.20457516501889,0.11311396589659514,100,67,0.67,1722.7026778824818,inf,0.5608421588362525,1.0,0.7804210794181263,0.16634644323923442,0.3354158661080981,0.3511796763022071
1569,17443.02390216842,71,435,0.1632183908045977,240757.3445743126,3390.9485151311633,48.15146891486253,0.11069303198818972,100,67,0.67,1716.9806053790428,inf,0.5600754011207918,1.0,0.7800377005603959,0.16532766571389695,0.33541331916428474,0.35116963403651413
1570,17454.1411895503,70,435,0.16091954022988506,235523.99723226763,3364.6285318895375,47.10479944645351,0.10828689527920347,100,67,0.67,1716.5580304546404,inf,0.560018776080922,1.0,0.780009388040461,0.16413875361937125,0.33541034688404847,0.3511596026634063
1571,17465.25847693218,70,435,0.16091954022988506,235238.9841974038,3360.5569171057687,47.04779683948077,0.10815585480340406,100,68,0.68,1724.1481290296554,inf,0.5544841455480332,1.0,0.7772420727740166,0.16545689101469374,0.3404136422275368,0.35115276681071167
1572,17476.37576431406,70,435,0.16091954022988506,234991.86010176537,3357.0265728823624,46.99837202035308,0.10804223452954731,100,69,0.69,1730.725613109519,inf,0.5488401346091135,1.0,0.7744200673045567,0.1668110836124953,0.3454170277090312,0.3511491204412891
1573,17487.49305169594,72,435,0.16551724137931034,244724.38589316764,3398.9498040717726,48.94487717863353,0.11251695903134146,100,70,0.7,1741.3281295623046,inf,0.5437859381387227,1.0,0.7718929690693613,0.1703119949809901,0.35042577998745245,0.35114866088572755
1574,17498.61033907782,72,435,0.16551724137931034,244489.5103175314,3395.6876432990475,48.89790206350628,0.11240897026093398,100,69,0.69,1718.941901784438,inf,0.5472139824462524,1.0,0.7736069912231263,0.1694009895189038,0.3454235024737972,0.3511450258645136
1575,17509.7276264597,73,435,0.167816091954023,249297.2279883849,3415.0305203888342,49.85944559767698,0.11461941516707352,100,69,0.69,1714.7272613129355,inf,0.5466323620611852,1.0,0.7733161810305926,0.1706516170682404,0.3454266290426706,0.3511413974401343
1576,17520.844913841578,74,435,0.17011494252873563,254138.37817122624,3434.3024077192736,50.82767563424525,0.11684523134309253,100,69,0.69,1710.9937657191394,inf,0.5461171396692412,1.0,0.7730585698346206,0.17189333075423596,0.3454297333268856,0.35113777558590903
1577,17531.962201223458,74,435,0.17011494252873563,254015.28853472238,3432.6390342530053,50.80305770694448,0.11678863840676891,100,70,0.7,1723.5564046377926,inf,0.541297896649291,1.0,0.7706489483246455,0.1730698450410617,0.35043267461260263,0.35113732875386006
1578,17543.079488605337,74,435,0.17011494252873563,253942.11116863418,3431.650150927489,50.788422233726834,0.11675499364075134,100,70,0.7,1721.5793411466911,inf,0.5410211077605368,1.0,0.7705105538802683,0.17312221988024146,0.3504328055497006,0.35113688257070347
1579,17554.196775987217,74,435,0.17011494252873563,253921.92231617673,3431.377328596983,50.78438446323534,0.11674571140973641,100,68,0.68,1690.072278000691,inf,0.5498498298080939,1.0,0.7749249149040469,0.1709103982528447,0.34042727599563216,0.3511301043386939
1580,17565.314063369096,71,435,0.1632183908045977,238882.0365685935,3364.535726318218,47.7764073137187,0.10983082141084759,100,68,0.68,1691.2860596174037,inf,0.5500149041079668,1.0,0.7750074520539834,0.16741168467843215,0.34041852921169613,0.35112332914886024
1581,17576.431350750976,70,435,0.16091954022988506,233822.72401854405,3340.3246288363434,46.764544803708816,0.10750470069818119,100,66,0.66,1655.7740220483884,inf,0.5585621709103872,1.0,0.7792810854551936,0.16411180762149385,0.3304102795190538,0.35111023619713466
1582,17587.548638132856,70,435,0.16091954022988506,233753.93016195152,3339.34185945645,46.750786032390295,0.10747307133882826,100,66,0.66,1656.859880905487,inf,0.5587055042795241,1.0,0.7793527521397621,0.16406015959953313,0.33041015039899885,0.3510971597057903
1583,17598.665925514735,70,435,0.16091954022988506,233742.1168627999,3339.173098039999,46.74842337256,0.10746763993691953,100,67,0.67,1675.4629034932323,inf,0.554512029068093,1.0,0.7772560145340466,0.16510581270143643,0.3354127645317536,0.3510872579411602
1584,17609.783212896615,70,435,0.16091954022988506,233725.56721751826,3338.9366745359753,46.745113443503655,0.10746003090460611,100,67,0.67,1677.3436719601261,inf,0.5547640520426569,1.0,0.7773820260213284,0.16503900244163883,0.33541259750610414,0.3510773685654914
1585,17620.900500278494,69,435,0.15862068965517243,228712.34631236174,3314.671685686402,45.74246926247234,0.10515510175280998,100,67,0.67,1680.9870718460768,inf,0.5552522676273743,1.0,0.7776261338136872,0.16376448396956145,0.3354094112099239,0.3510674896516481
1586,17632.017787660374,69,435,0.15862068965517243,228730.99355027644,3314.9419355112527,45.746198710055296,0.10516367519552941,100,66,0.66,1668.7128830053982,inf,0.5602701005567126,1.0,0.7801350502783563,0.16251431245858655,0.3304062857811465,0.35105447061959355
1587,17643.135075042253,69,435,0.15862068965517243,228795.87466189914,3315.882241476799,45.75917493237982,0.10519350559167776,100,68,0.68,1711.6522692506467,inf,0.552784708618088,1.0,0.7763923543090441,0.16440057564131683,0.3404110014391033,0.35104776818308187
1588,17654.252362424133,69,435,0.15862068965517243,228903.89452747692,3317.447746775028,45.78077890549539,0.10524316989769054,100,68,0.68,1714.2680548235978,inf,0.5531404554560093,1.0,0.7765702277280047,0.16433647108484295,0.34041084117771214,0.3510410740817569
1589,17665.369649806013,68,435,0.15632183908045977,224045.19433583537,3294.782269644638,44.80903886716707,0.1030092847521082,100,69,0.69,1727.026174008162,inf,0.5483296120131264,1.0,0.7741648060065631,0.16442223937277256,0.3454110555984319,0.35103753318962905
1590,17676.486937187892,67,435,0.15402298850574714,219193.5919794802,3271.5461489474656,43.83871839589605,0.10077866297907138,100,69,0.69,1728.4183303195678,inf,0.5485217295841004,1.0,0.7742608647920501,0.16325889909351066,0.3454081472477338,0.35103399492065235
1591,17687.60422456977,67,435,0.15402298850574714,219325.35709005684,3273.512792388908,43.86507141801136,0.10083924463910658,100,70,0.7,1742.7254038008525,inf,0.5439815565321193,1.0,0.7719907782660597,0.1644242331865235,0.3504110605829663,0.3510336036302392
1592,17698.72151195165,67,435,0.15402298850574714,219470.72251414944,3275.68242558432,43.89414450282989,0.10090607931685032,100,70,0.7,1742.3599191903256,inf,0.5439303886866454,1.0,0.7719651943433228,0.1644704424867638,0.35041117610621686,0.3510332129036077
1593,17709.83879933353,67,435,0.15402298850574714,219513.03954541104,3276.3140230658364,43.902607909082214,0.1009255354231775,100,70,0.7,1740.1190732935872,inf,0.5436166702611022,1.0,0.7718083351305511,0.16455860014631318,0.35041139650036573,0.35103282280548775
1594,17720.95608671541,67,435,0.15402298850574714,219504.6281909098,3276.1884804613405,43.90092563818197,0.10092166813375165,100,69,0.69,1721.7221512198544,inf,0.5475976568683399,1.0,0.7737988284341699,0.1635614198497909,0.34540890354962445,0.3510292968373022
1595,17732.07337409729,67,435,0.15402298850574714,219508.69487136495,3276.2491771845516,43.901738974273,0.10092353787189196,100,69,0.69,1719.3700604691749,inf,0.5472730683447461,1.0,0.773636534172373,0.1636435018497595,0.3454091087546244,0.35102577541619784
1596,17743.19066147917,67,435,0.15402298850574714,219542.99073940777,3276.7610558120564,43.90859814788155,0.10093930608708401,100,70,0.7,1731.896564851883,inf,0.5424655190792637,1.0,0.7712327595396318,0.16485327327372612,0.3504121331831843,0.35102539116933934
1597,17754.30794886105,67,435,0.15402298850574714,219607.52668495566,3277.7242788799354,43.92150533699114,0.10096897778618652,100,69,0.69,1712.8935305379775,inf,0.5463793072142409,1.0,0.7731896536071204,0.1638896620895331,0.3454097241552238,0.3510218769847248
1598,17765.42523624293,67,435,0.15402298850574714,219702.48440458838,3279.1415582774384,43.94049688091767,0.10101263650785672,100,69,0.69,1710.5141212821957,inf,0.546050948736943,1.0,0.7730254743684715,0.16399358106969264,0.3454099839526742,0.3510183673580631
1599,17776.54252362481,66,435,0.15172413793103448,214785.05500059575,3254.3190151605418,42.95701100011916,0.09875174942556128,100,69,0.69,1708.8887026443208,inf,0.5458266409649162,1.0,0.7729133204824581,0.16291921447155155,0.34540729803617887,0.35101486043973695
1600,17787.659811006688,66,435,0.15172413793103448,214897.1672401349,3256.0176854565893,42.97943344802698,0.09880329528282064,100,68,0.68,1694.1023492421132,inf,0.5503979194969275,1.0,0.7751989597484638,0.16180216776717843,0.34040450541941797,0.35100823310993035
1601,17798.777098388568,65,435,0.14942528735632185,210026.6732222907,3231.1795880352415,42.005334644458145,0.09656398768840953,100,69,0.69,1710.2101215301755,inf,0.5460089967711642,1.0,0.7730044983855822,0.16177974465141365,0.3454044493616285,0.35100473511757807
1602,17809.894385770447,65,435,0.14942528735632185,210166.3326347659,3233.328194381014,42.03326652695317,0.09662819891253602,100,70,0.7,1728.4191475315763,inf,0.5419786806544207,1.0,0.7709893403272103,0.1628194292926628,0.3504070485732316,0.351004362262591
1603,17821.011673152327,64,435,0.1471264367816092,205320.3998854687,3208.1312482104486,41.06407997709374,0.09440018385538791,100,70,0.7,1727.5447021543055,inf,0.5418562583016029,1.0,0.7709281291508014,0.1617360273522932,0.3504043400683807,0.3510039881839163
1604,17832.128960534206,64,435,0.1471264367816092,205463.90051232616,3210.3734455050962,41.092780102465234,0.09446616115509249,100,72,0.72,1758.9926310005333,inf,0.5332949388640768,1.0,0.7666474694320384,0.16390934586152706,0.3604097733646538,0.3510098484862096
1605,17843.246247916086,64,435,0.1471264367816092,205640.84867351325,3213.1382605236445,41.12816973470265,0.09454751663150035,100,73,0.73,1777.9516319799807,inf,0.5295809382690773,1.0,0.7647904691345386,0.1648785237484809,0.3654121963093712,0.3510188163242066
1606,17854.363535297965,63,435,0.14482758620689656,200811.62126507933,3187.486051826656,40.16232425301587,0.09232718219084107,100,72,0.72,1760.8809578062476,inf,0.5335668579240997,1.0,0.7667834289620499,0.16277187661439563,0.360406929691536,0.35102465833625845
1607,17865.480822679845,63,435,0.14482758620689656,200995.47579284463,3190.4043776642006,40.19909515856893,0.09241171300820444,100,73,0.73,1768.8848976494794,inf,0.5282571950568239,1.0,0.764128597528412,0.16414155773989625,0.3654103538943497,0.35103360466434186
1608,17876.598110061725,63,435,0.14482758620689656,201211.8160730169,3193.8383503653477,40.24236321460337,0.09251117980368591,100,73,0.73,1766.1470823454542,inf,0.5278574740224363,1.0,0.7639287370112182,0.16429122139623387,0.36541072805349056,0.35104254010460856
1609,17887.715397443604,63,435,0.14482758620689656,201382.35465859386,3196.5453120411726,40.27647093171878,0.0925895883487788,100,74,0.74,1778.4939579815848,inf,0.5232171057812746,1.0,0.7616085528906373,0.16549051772907075,0.3704137262943227,0.351054571897273
1610,17898.832684825484,62,435,0.1425287356321839,196541.96496126437,3170.0316929236187,39.308392992252884,0.090364121821271,100,74,0.74,1777.2823484446374,inf,0.5230377875698062,1.0,0.7615188937849031,0.16442261401818392,0.37041105653504547,0.3510665870956826
1611,17909.949972207363,62,435,0.1425287356321839,196729.36168687727,3173.0542207560848,39.345872337375454,0.09045028123534588,100,74,0.74,1776.1811377396123,inf,0.5228748083854626,1.0,0.7614374041927313,0.16450643852130725,0.37041126609630326,0.35107858751689885
1612,17921.067259589243,63,435,0.14482758620689656,201941.06308671724,3205.413699789163,40.388212617343456,0.09284646578699644,100,73,0.73,1756.4166688841087,inf,0.5264368336570798,1.0,0.7632184168285399,0.16481402447922833,0.36541203506119807,0.3510874737212041
1613,17932.184546971122,64,435,0.1471264367816092,207138.23800195468,3236.534968780542,41.427647600390934,0.09523597149515158,100,72,0.72,1739.3836911598005,inf,0.5304712515270112,1.0,0.7652356257635056,0.16500017286582302,0.36041250043216455,0.3510932513090052
1614,17943.301834353002,64,435,0.1471264367816092,207361.79326358944,3240.028019743585,41.47235865271789,0.09533875552348939,100,73,0.73,1752.6426824143566,inf,0.525885831632496,1.0,0.762942915816248,0.16619791985362076,0.36541549479963403,0.3511021195712285
1615,17954.41912173488,64,435,0.1471264367816092,207559.92954950585,3243.123899211029,41.51198590990117,0.09542985266643947,100,72,0.72,1733.4254946694336,inf,0.5296132712323984,1.0,0.7648066356161992,0.1653116085251201,0.36041327902131276,0.35110788142732385
1616,17965.53640911676,63,435,0.14482758620689656,202740.40575290128,3218.1016786174805,40.54808115058026,0.09321397965650634,100,73,0.73,1747.8348134985838,inf,0.5251838827707932,1.0,0.7625919413853965,0.1653110191355549,0.36541327754783887,0.35111672830185725
1617,17976.65369649864,63,435,0.14482758620689656,202902.1192126715,3220.668558931294,40.580423842534294,0.09328833067249263,100,74,0.74,1766.342687624065,inf,0.5214187177683617,1.0,0.7607093588841809,0.16628948589415582,0.3704157237147354,0.3511286559875265
1618,17987.77098388052,63,435,0.14482758620689656,203102.37879238994,3223.847282418888,40.62047575847799,0.09338040404247813,100,74,0.74,1769.9605712578489,inf,0.5219541645461616,1.0,0.7609770822730808,0.16620166088469868,0.37041550415221175,0.3511405688029463
1619,17998.8882712624,64,435,0.1471264367816092,208313.87979283748,3254.9043717630857,41.662775958567494,0.095776496456477,100,75,0.75,1783.4827368563888,inf,0.5175224105284583,1.0,0.7587612052642292,0.16850764559612386,0.3754212691139903,0.3511555568895581
1620,18010.00555864428,64,435,0.1471264367816092,208562.02973793948,3258.7817146553043,41.71240594758789,0.09589058838525952,100,76,0.76,1798.099700386843,inf,0.5133111544588003,1.0,0.7566555772294001,0.16961750557792965,0.38042404376394484,0.35117361271119557
1621,18021.12284602616,64,435,0.1471264367816092,208848.32428801333,3263.2550670002083,41.76966485760266,0.0960222180634544,100,76,0.76,1799.740815286911,inf,0.5135606039236105,1.0,0.7567803019618052,0.1696209580508246,0.38042405239512705,0.35119164627450256
1622,18032.24013340804,64,435,0.1471264367816092,209172.16960646602,3268.3151501010316,41.8344339212932,0.09617111246274299,100,77,0.77,1815.0037332776142,inf,0.5095105749247525,1.0,0.7547552874623762,0.17070791250018336,0.38542676978125046,0.351212740004328
1623,18043.35742078992,64,435,0.1471264367816092,209446.98008473348,3272.6090638239607,41.8893960169467,0.09629746210792345,100,76,0.76,1802.8283066017168,inf,0.514029902603461,1.0,0.7570149513017306,0.16964125540309638,0.3804241031385077,0.3512307272968983
1624,18054.474708171798,65,435,0.14942528735632185,214652.43780567817,3302.3451970104334,42.930487561135635,0.09869077600261066,100,74,0.74,1775.5803717571214,inf,0.5227858950200539,1.0,0.761392947510027,0.1686489142462918,0.3704216222856157,0.3512425370784298
1625,18065.591995553677,66,435,0.15172413793103448,219860.1204866922,3331.2139467680636,43.97202409733844,0.10108511286744469,100,73,0.73,1759.5543207561307,inf,0.5268949308303951,1.0,0.7634474654151975,0.16881882372612356,0.3654220470593153,0.3512512575642729
1626,18076.709282935557,65,435,0.14942528735632185,215066.51320731294,3308.7155878048143,43.013302641462595,0.09888115549761516,100,73,0.73,1756.5004694726572,inf,0.526449068543008,1.0,0.763224534271504,0.1678283106130556,0.36541957077653264,0.35125996580841073
1627,18087.826570317437,65,435,0.14942528735632185,215277.27649536703,3311.9580999287236,43.05545529907341,0.09897805815878945,100,73,0.73,1753.053683971562,inf,0.525945837859848,1.0,0.762972918929924,0.16800256961443266,0.36542000642403605,0.3512686636220567
1628,18098.943857699316,64,435,0.1471264367816092,210446.63946290698,3288.2287416079216,42.089327892581395,0.09675707561512964,100,72,0.72,1737.777329214184,inf,0.5302399354068423,1.0,0.7651199677034212,0.16581855395585426,0.3604145463848896,0.3512742780375035
1629,18110.061145081196,64,435,0.1471264367816092,210642.95649724858,3291.296195269509,42.12859129944971,0.09684733632057405,100,74,0.74,1765.2105138642657,inf,0.5212511560519113,1.0,0.7606255780259557,0.16811087914730916,0.37042027719786824,0.35128602404925835
1630,18121.178432463075,63,435,0.14482758620689656,205833.91109264758,3267.204937978533,41.16678221852952,0.09463628096213683,100,74,0.74,1759.2807149425937,inf,0.5203735458115039,1.0,0.7601867729057519,0.16722475402819248,0.3704180618850705,0.3512977542993109
1631,18132.295719844955,63,435,0.14482758620689656,206051.95088460445,3270.6658870572132,41.210390176920896,0.09473652914234688,100,73,0.73,1734.0826095953319,inf,0.5231760610009184,1.0,0.7615880305004592,0.1665742493209439,0.36541643562330234,0.35130640545208297
1632,18143.413007226834,62,435,0.1425287356321839,201240.93051404008,3245.8214599038724,40.24818610280802,0.09252456575358166,100,73,0.73,1724.4393139719543,inf,0.5217681398399053,1.0,0.7608840699199526,0.1658202479168145,0.365414550619792,0.35131504485512505
1633,18154.530294608714,62,435,0.1425287356321839,201426.55282175934,3248.8153680928926,40.28531056435186,0.09260990934333761,100,73,0.73,1718.9344372853318,inf,0.5209644278436586,1.0,0.7604822139218292,0.16606384771075422,0.3654151596192769,0.3513236740563271
1634,18165.647581990594,62,435,0.1425287356321839,201545.27167928033,3250.730188375489,40.30905433585607,0.0926644927261059,100,74,0.74,1732.5070403279526,inf,0.5164110419685369,1.0,0.7582055209842684,0.1672294858709188,0.3704180737146773,0.35133535258822823
1635,18176.764869372473,63,435,0.14482758620689656,206656.2461610106,3280.257875571597,41.331249232202126,0.09501436605103937,100,74,0.74,1726.4698878805805,inf,0.5155175434063259,1.0,0.757758771703163,0.16862779717393822,0.37042156949293487,0.3513470189799792
1636,18187.882156754353,63,435,0.14482758620689656,206753.5990261472,3281.8031591451936,41.35071980522943,0.09505912598903317,100,74,0.74,1723.3339901218394,inf,0.5150534305380322,1.0,0.7575267152690162,0.16876620536000853,0.37042191551340004,0.35135867132972476
1637,18198.999444136232,63,435,0.14482758620689656,206880.08208638235,3283.8108267679736,41.37601641727647,0.09511727912017579,100,76,0.76,1750.8694035240394,inf,0.506132149335654,1.0,0.753066074667827,0.17102560222617436,0.38042756400556543,0.3513764179064499
1638,18210.116731518112,61,435,0.14022988505747128,197007.62010705643,3229.633116509122,39.40152402141128,0.09057821614117535,100,77,0.77,1764.7883445889074,inf,0.5017774050666918,1.0,0.7508887025333459,0.16984475680391475,0.38542461189200977,0.3513971916672709
1639,18221.23401889999,61,435,0.14022988505747128,197045.23942769505,3230.2498266835255,39.40904788553901,0.09059551238054944,100,76,0.76,1751.757255229885,inf,0.5062671027949426,1.0,0.7531335513974713,0.16873098049153912,0.3804218274512289,0.35141488961591966
1640,18232.35130628187,61,435,0.14022988505747128,197114.84979568823,3231.3909802571843,39.42296995913764,0.09062751714744285,100,76,0.76,1750.6201185968944,inf,0.5060942580267279,1.0,0.753047129013364,0.16879019406703943,0.3804219754851676,0.35143256608506607
1641,18243.46859366375,61,435,0.14022988505747128,197215.25947070203,3233.037040503312,39.44305189414041,0.09067368251526531,100,77,0.77,1764.1183296042905,inf,0.5016742227590607,1.0,0.7508371113795304,0.16991828556786753,0.3854247957139197,0.35145326780834796
1642,18254.58588104563,61,435,0.14022988505747128,197343.42303155523,3235.138082484512,39.468684606311044,0.09073260829037022,100,79,0.79,1796.132838703412,inf,0.49378898851513897,1.0,0.7468944942575695,0.1719190570164003,0.395429797642541,0.3514800338033779
1643,18265.70316842751,61,435,0.14022988505747128,197495.5360248835,3237.6317381128442,39.499107204976696,0.090802545298797,100,80,0.8,1807.2677728198155,inf,0.4891628436511706,1.0,0.7445814218255853,0.17311056173660588,0.40043277640434155,0.35150981041079943
1644,18276.82045580939,61,435,0.14022988505747128,197668.17552185347,3240.4618938008766,39.53363510437069,0.0908819197801625,100,80,0.8,1807.8130018771742,inf,0.48925008030034806,1.0,0.7446250401501741,0.1731284398149942,0.4004328210995375,0.3515395508428291
1645,18287.93774319127,61,435,0.14022988505747128,197858.72822735753,3243.585708645205,39.571745645471495,0.0909695302194747,100,81,0.81,1818.7498431642166,inf,0.4846374745926031,1.0,0.7423187372963016,0.1743253964615865,0.405435813491154,0.3515722946232959
1646,18299.05503057315,61,435,0.14022988505747128,198065.33654830206,3246.9727303000336,39.61306730966041,0.09106452255094347,100,80,0.8,1802.8739861284535,inf,0.4884598377805526,1.0,0.7442299188902763,0.17341730183033355,0.40043354325457586,0.3516019614409227
1647,18310.172317955028,61,435,0.14022988505747128,198286.7131841154,3250.6018554773013,39.657342636823074,0.09116630491223696,100,78,0.78,1773.6347302317654,inf,0.4966870179161554,1.0,0.7483435089580777,0.1714113979770796,0.3904285284949427,0.35162552125102825
1648,18321.289605336908,60,435,0.13793103448275862,193508.1300358324,3225.135500597207,38.701626007166475,0.08896925518888844,100,78,0.78,1770.2154450697503,inf,0.496153609430881,1.0,0.7480768047154405,0.17044622523672404,0.3904261155630918,0.3516490510232005
1649,18332.406892718787,61,435,0.14022988505747128,198588.24390911384,3255.5449821166203,39.71764878182277,0.0913049397283282,100,78,0.78,1770.9899952894932,inf,0.496274439265161,1.0,0.7481372196325805,0.1715838600478738,0.3904289596501197,0.3516725539981259
1650,18343.524180100667,63,435,0.14482758620689656,208614.8264423316,3311.346451465581,41.72296528846632,0.09591486273210648,100,76,0.76,1745.8768583888186,inf,0.5053732824751004,1.0,0.7526866412375501,0.17161411074727817,0.3804290352768682,0.35168997161246796
1651,18354.641467482546,62,435,0.1425287356321839,203583.7050527111,3283.608146011469,40.71674101054222,0.09360170347251086,100,76,0.76,1747.6758426502997,inf,0.5056467280828456,1.0,0.7528233640414228,0.17038916971554408,0.38042597292428887,0.3517073662863855
1652,18365.758754864426,62,435,0.1425287356321839,203511.25152667382,3282.4395407528036,40.702250305334765,0.0935683915065167,100,74,0.74,1717.9953267721105,inf,0.5142633083622724,1.0,0.7571316541811361,0.16821836866269024,0.37042054592165674,0.3517186870242169
1653,18376.876042246306,62,435,0.1425287356321839,203452.47439328366,3281.4915224723172,40.69049487865673,0.0935413675371419,100,75,0.75,1738.1275500273307,inf,0.5107191325040996,1.0,0.7553595662520498,0.16909090064254606,0.37542272725160636,0.3517330183665551
1654,18387.993329628185,62,435,0.1425287356321839,203407.53368153595,3280.766672282838,40.6815067363072,0.09352070514093609,100,76,0.76,1753.5451319763977,inf,0.5065388600604124,1.0,0.7532694300302062,0.17012563755536497,0.3804253140938884,0.35175035510113356
1655,18399.110617010065,64,435,0.1471264367816092,213298.28316302336,3332.78567442224,42.65965663260467,0.09806817616690729,100,75,0.75,1743.4683105897043,inf,0.5115202465884556,1.0,0.7557601232942278,0.17115402643633976,0.37542788506609087,0.3517646531264747
1656,18410.227904391944,64,435,0.1471264367816092,213168.9876320446,3330.7654317506967,42.63379752640892,0.09800872994576763,100,74,0.74,1729.870446638121,inf,0.5160208261024418,1.0,0.7580104130512209,0.16999915844727342,0.37042499789611816,0.35177591465017394
1657,18421.345191773824,64,435,0.1471264367816092,212982.40959729056,3327.850149957665,42.596481919458114,0.09792294694128302,100,74,0.74,1735.7559006588715,inf,0.516891873297513,1.0,0.7584459366487565,0.16973850514626326,0.37042434626286563,0.35178716219638184
1658,18432.462479155703,64,435,0.1471264367816092,212786.363310946,3324.7869267335313,42.5572726621892,0.09783281071767631,100,71,0.71,1694.2965329707085,inf,0.5305901076818406,1.0,0.7652950538409202,0.166268878438378,0.35541567219609593,0.35178934936334966
1659,18443.579766537583,64,435,0.1471264367816092,212612.1410652743,3322.064704144911,42.52242821305486,0.09775270853575829,100,70,0.7,1680.9873945999996,inf,0.5353382352439998,1.0,0.7676691176219999,0.16504179545687925,0.3504126044886422,0.3517885199989673
1660,18454.697053919463,64,435,0.1471264367816092,212460.605037213,3319.6969537064533,42.4921210074426,0.09768303679871862,100,70,0.7,1688.1209899216187,inf,0.5363369385890268,1.0,0.7681684692945134,0.16475728375210263,0.3504118932093802,0.3517876912049941
1661,18465.814341301342,64,435,0.1471264367816092,212332.68438835532,3317.698193568052,42.46653687767106,0.09762422270728979,100,70,0.7,1694.4743887945722,inf,0.5372264144312401,1.0,0.76861320721562,0.16450550774583494,0.35041126376936454,0.35178686302964174
1662,18476.93162868322,65,435,0.14942528735632185,217224.07856911918,3341.908901063372,43.44481571382384,0.09987313957200883,100,70,0.7,1701.4533929862823,inf,0.5382034750180796,1.0,0.7691017375090399,0.16538570103148442,0.3504134642525787,0.35178603717349194
1663,18488.0489160651,65,435,0.14942528735632185,217093.5403818631,3339.9006212594322,43.418708076372624,0.09981312201464972,100,69,0.69,1687.5411022973017,inf,0.5428806721170276,1.0,0.7714403360585138,0.16418639297806792,0.3454104659824451,0.3517822057004204
1664,18499.16620344698,64,435,0.1471264367816092,211968.29167015693,3312.004557346202,42.393658334031386,0.0974566858253595,100,70,0.7,1706.0448031251112,inf,0.5388462724375156,1.0,0.7694231362187578,0.1640167748033009,0.35041004193700825,0.35178138157804
1665,18510.28349082886,64,435,0.1471264367816092,211825.65249387175,3309.775820216746,42.36513049877435,0.09739110459488357,100,72,0.72,1739.8781026151873,inf,0.5305424467765869,1.0,0.7652712233882935,0.1660599406032951,0.36041514985150824,0.3517865639119377
1666,18521.40077821074,64,435,0.1471264367816092,211712.8942500986,3308.0139726577904,42.34257885001972,0.09733926172418327,100,72,0.72,1743.1014680693706,inf,0.5310066114019893,1.0,0.7655033057009947,0.1659179780115943,0.360414794945029,0.3517917398153768
1667,18532.51806559262,63,435,0.14482758620689656,206626.01109512706,3279.777953890906,41.32520221902542,0.09500046487132281,100,72,0.72,1746.478078225894,inf,0.5314928432645288,1.0,0.7657464216322645,0.16462702161952913,0.3604115675540488,0.35179690757781
1668,18543.6353529745,64,435,0.1471264367816092,211481.63804701308,3304.4005944845794,42.29632760940262,0.09723293703310947,100,72,0.72,1749.6123028130464,inf,0.5319441716050788,1.0,0.7659720858025394,0.16563042561528507,0.3604140760640382,0.3518020706505998
1669,18554.75264035638,64,435,0.1471264367816092,211369.43837017362,3302.647474533963,42.27388767403472,0.09718135097479245,100,71,0.71,1745.0028757394355,inf,0.5377904083549998,1.0,0.7688952041774999,0.1641430733986463,0.3554103576834966,0.3518042313015177
1670,18565.86992773826,64,435,0.1471264367816092,211292.2562376861,3301.441503713845,42.258451247537224,0.09714586493686718,100,71,0.71,1747.8919793310713,inf,0.5382006610650122,1.0,0.7691003305325061,0.16402276720218056,0.3554100569180054,0.35180638918638696
1671,18576.987215120138,63,435,0.14482758620689656,206188.86147226024,3272.839070988258,41.23777229445206,0.09479947653897025,100,71,0.71,1748.2205369863102,inf,0.5382473162520561,1.0,0.7691236581260281,0.162837909206471,0.3554070947730162,0.35180854271843637
1672,18588.104502502018,62,435,0.1425287356321839,201106.54088181283,3243.6538851905298,40.22130817636257,0.09246277741692545,100,72,0.72,1765.7088764090092,inf,0.5342620782028974,1.0,0.7671310391014488,0.1626658691577384,0.36040666467289434,0.3518136820621031
1673,18599.221789883897,61,435,0.14022988505747128,195998.16326549315,3213.084643696609,39.19963265309863,0.0901140980531003,100,73,0.73,1779.6629146134844,inf,0.5298307855335689,1.0,0.7649153927667844,0.16259935264315795,0.3654064983816079,0.3518218020240622
1674,18610.339077265777,62,435,0.1425287356321839,200909.77533366898,3240.4802473172417,40.18195506673379,0.0923723104982386,100,72,0.72,1762.192173646598,inf,0.5337556730051101,1.0,0.766877836502555,0.16274723699784177,0.3604068680924946,0.3518269274366404
1675,18621.456364647656,62,435,0.1425287356321839,200852.70027482725,3239.5596818520526,40.17054005496545,0.0923460690918746,100,73,0.73,1780.1477884856213,inf,0.5299015771189007,1.0,0.7649507885594504,0.16369764026621203,0.3654092441006655,0.3518350314441965
1676,18632.573652029536,62,435,0.1425287356321839,200836.93392558335,3239.3053858965054,40.16738678511667,0.09233882019567051,100,72,0.72,1764.0769072957519,inf,0.5340270746505883,1.0,0.7670135373252942,0.16266264143518816,0.36040665660358795,0.3518401427293243
1677,18643.690939411415,61,435,0.14022988505747128,195789.79321096095,3209.6687411632943,39.15795864219219,0.09001829572917745,100,72,0.72,1756.188009883857,inf,0.5328910734232754,1.0,0.7664455367116376,0.16178637950876995,0.3604044659487719,0.35184524661682104
1678,18654.808226793295,62,435,0.1425287356321839,200736.18994492947,3237.6804829827333,40.1472379889859,0.09229250112410552,100,72,0.72,1753.0264414953456,inf,0.5324358075753297,1.0,0.7662179037876649,0.16303729866822037,0.36040759324667054,0.3518503462872379
1679,18665.925514175175,62,435,0.1425287356321839,200683.9046940164,3236.837172484136,40.136780938803284,0.0922684619282834,100,72,0.72,1747.866440930664,inf,0.5316927674940157,1.0,0.7658463837470079,0.16321103909063778,0.36040802759772655,0.3518554401451608
1680,18677.042801557054,64,435,0.1471264367816092,210609.3351818361,3290.770862216189,42.12186703636722,0.09683187824452234,100,72,0.72,1745.6943354812802,inf,0.5313799843093043,1.0,0.7656899921546522,0.16557094304493508,0.36041392735761235,0.3518605314522473
1681,18688.160088938934,64,435,0.1471264367816092,210491.0486329502,3288.922634889847,42.09820972659004,0.09677749362434493,100,70,0.7,1711.9353180753264,inf,0.5396709445305458,1.0,0.7698354722652729,0.16347101067953596,0.3504086775266988,0.35185966828106685
1682,18699.277376320813,63,435,0.14482758620689656,205401.25187456375,3260.3373313422817,41.080250374912744,0.09443735718370745,100,70,0.7,1708.0491801260735,inf,0.5391268852176503,1.0,0.7695634426088251,0.16243695728744112,0.35040609239321857,0.3518588045996124
1683,18710.394663702693,61,435,0.14022988505747128,195287.18178454632,3201.429209582727,39.05743635690927,0.08978721001588338,100,70,0.7,1703.8562798451053,inf,0.5385398791783147,1.0,0.7692699395891573,0.16025863521336303,0.3504006465880334,0.35185793871005683
1684,18721.511951084573,61,435,0.14022988505747128,195108.82717259577,3198.5053634851765,39.02176543451915,0.08970520789544632,100,70,0.7,1699.061200786454,inf,0.5378685681101035,1.0,0.7689342840550517,0.16038546192019731,0.35040096365480045,0.3518570740364335
1685,18732.629238466452,61,435,0.14022988505747128,194967.05630106322,3196.1812508371017,38.993411260212646,0.08964002588554632,100,72,0.72,1726.5029052233476,inf,0.528616418352162,1.0,0.764308209176081,0.16266590835473266,0.36040666477088684,0.3518621449680672
1686,18743.74652584833,60,435,0.13793103448275862,189822.7315176739,3163.712191961232,37.964546303534775,0.08727481908858568,100,73,0.73,1740.920261405723,inf,0.5241743581652354,1.0,0.7620871790826177,0.162593820002984,0.36540648455000746,0.3518701736222355
1687,18754.86381323021,60,435,0.13793103448275862,189689.71064192973,3161.4951773654957,37.93794212838595,0.08721366006525505,100,73,0.73,1741.4040002323882,inf,0.5242449840339287,1.0,0.7621224920169644,0.16254558402414537,0.3654063639600604,0.35187819269234083
1688,18765.98110061209,60,435,0.13793103448275862,189591.76546031688,3159.8627576719477,37.918353092063384,0.08716862779784686,100,73,0.73,1744.1879504272317,inf,0.5246514407623759,1.0,0.762325720381188,0.1624214537083295,0.3654060536342708,0.3518862020830702
1689,18777.09838799397,60,435,0.13793103448275862,189527.99002418222,3158.79983373637,37.905598004836435,0.08713930575824468,100,73,0.73,1746.6754518615949,inf,0.5250146159717928,1.0,0.7625073079858964,0.1623159988861741,0.3654057899972154,0.3518942018392324
1690,18788.21567537585,59,435,0.135632183908046,184480.94275251337,3126.795639873108,36.896188550502664,0.08481882425402912,100,73,0.73,1747.8261686802934,inf,0.5251826206273228,1.0,0.7625913103136615,0.16111375697018382,0.36540278439242546,0.3519021903564135
1691,18799.33296275773,60,435,0.13793103448275862,189446.89931572997,3157.4483219288327,37.889379863146004,0.08710202267389885,100,73,0.73,1749.1986613155173,inf,0.5253830045520654,1.0,0.7626915022760328,0.162205260198933,0.3654055131504973,0.3519101710436441
1692,18810.45025013961,60,435,0.13793103448275862,189435.53563415603,3157.2589272359337,37.88710712683121,0.08709679799271543,100,71,0.71,1719.8103247389529,inf,0.5342130661129313,1.0,0.7671065330564657,0.1599951324681249,0.35539998783117027,0.3519122323648417
1693,18821.56753752149,61,435,0.14022988505747128,194425.5094218047,3187.303433144339,38.885101884360935,0.08939103881462283,100,72,0.72,1736.5092193860598,inf,0.5300573275915926,1.0,0.7650286637957964,0.16218118750941324,0.3604054529687735,0.35191724607240005
1694,18832.68482490337,61,435,0.14022988505747128,194394.56246902887,3186.7961060496536,38.87891249380577,0.08937681033058797,100,71,0.71,1720.9308090697814,inf,0.534372174887909,1.0,0.7671860874439544,0.16109536144331682,0.35540273840360825,0.35191930241005864
1695,18843.802112285248,61,435,0.14022988505747128,194391.3008640233,3186.742637115136,38.87826017280466,0.08937531074207967,100,72,0.72,1739.9609907440781,inf,0.5305543826671473,1.0,0.7652771913335736,0.16204905970425298,0.3604051226492606,0.3519243058418034
1696,18854.919399667127,61,435,0.14022988505747128,194414.86369478106,3187.1289130291975,38.88297273895621,0.08938614422748554,100,73,0.73,1753.0035524279454,inf,0.52593851865448,1.0,0.76296925932724,0.16320844245012273,0.3654080211061253,0.3519322514606981
1697,18866.036687049007,61,435,0.14022988505747128,194464.45048172536,3187.9418111758255,38.89289009634506,0.08940894275021853,100,74,0.74,1766.9567217028955,inf,0.5215095948120285,1.0,0.7607547974060143,0.16432707267210211,0.37041081768168027,0.3519431340085314
1698,18877.153974430887,62,435,0.1425287356321839,199538.00006819936,3218.354839809667,39.90760001363988,0.09174160922675834,100,74,0.74,1767.4851643975467,inf,0.5215878043308368,1.0,0.7607939021654184,0.1654738535306699,0.3704136846338267,0.3519540054332667
1699,18888.271261812766,61,435,0.14022988505747128,194589.19095024365,3189.98673688924,38.91783819004874,0.08946629468976722,100,75,0.75,1783.3603333169544,inf,0.5175040499975433,1.0,0.7587520249987716,0.16535713484549786,0.3754133928371137,0.35196780507291603
1700,18899.388549194646,60,435,0.13793103448275862,189620.45469925826,3160.3409116543044,37.924090939851645,0.08718181825253252,100,74,0.74,1772.4006191530577,inf,0.5223152916346525,1.0,0.7611576458173263,0.16301208621760316,0.370407530215544,0.35197864559328207
1701,18910.505836576525,59,435,0.135632183908046,184581.56586166704,3128.5011162994415,36.916313172333396,0.08486508775249056,100,72,0.72,1742.9097413039524,inf,0.5309790027477692,1.0,0.7654895013738846,0.15968779318930298,0.36039921948297327,0.3519835930515016
1702,18921.623123958405,59,435,0.135632183908046,184539.90142372012,3127.7949393850868,36.907980284744035,0.08484593168906675,100,72,0.72,1745.611455229734,inf,0.5313680495530816,1.0,0.7656840247765409,0.159580953456263,0.36039895238364067,0.35198853454259504
1703,18932.740411340284,59,435,0.135632183908046,184520.11289886964,3127.4595406588073,36.90402257977392,0.08483683351672167,100,71,0.71,1735.3360620387289,inf,0.5364177208094995,1.0,0.7682088604047497,0.15831398655598594,0.35539578496638996,0.3519905341027029
1704,18943.857698722164,59,435,0.135632183908046,184522.49677896424,3127.4999454061735,36.90449935579285,0.08483792955354678,100,71,0.71,1743.682645794578,inf,0.53760293570283,1.0,0.768801467851415,0.15801823085106592,0.35539504557712764,0.3519925308836263
1705,18954.974986104044,59,435,0.135632183908046,184547.59940686668,3127.9254136757063,36.909519881373335,0.08484947099166285,100,72,0.72,1764.2694553556325,inf,0.534054801571211,1.0,0.7670274007856055,0.15891103510302862,0.3603972775877576,0.35199745746434385
1706,18966.092273485923,59,435,0.135632183908046,184596.27307035122,3128.750391022902,36.91925461407024,0.08487184968751779,100,73,0.73,1781.9038723661238,inf,0.530157965365454,1.0,0.765078982682727,0.1598964335023954,0.365399741083756,0.35200530883143194
1707,18977.209560867803,59,435,0.135632183908046,184669.73364446237,3129.995485499362,36.93394672889248,0.08490562466412065,100,73,0.73,1783.8317528043167,inf,0.5304394359094303,1.0,0.7652197179547151,0.15984295335470278,0.3653996073833867,0.3520131509266029
1708,18988.326848249682,59,435,0.135632183908046,184769.60245977197,3131.6881772842708,36.95392049195439,0.08495154136081469,100,72,0.72,1772.2311120709978,inf,0.5352012801382238,1.0,0.7676006400691119,0.15867545064585137,0.3603966886266146,0.3520180564489551
1709,18999.444135631562,59,435,0.135632183908046,184897.8976754615,3133.8626724654496,36.9795795350923,0.08501052766687885,100,73,0.73,1790.8379660446503,inf,0.5314623430425189,1.0,0.7657311715212595,0.1596396780728097,0.36539909919518204,0.35202588162015175
1710,19010.56142301344,60,435,0.13793103448275862,189964.36446479493,3166.0727410799154,37.99287289295898,0.08733993768496316,100,71,0.71,1762.873117686506,inf,0.5403279827114839,1.0,0.7701639913557419,0.1585879731646106,0.3553964699329115,0.35202785157240934
1711,19021.67871039532,59,435,0.135632183908046,185040.16338431818,3136.2739556664096,37.00803267686364,0.08507593718819229,100,71,0.71,1760.3902855254944,inf,0.5399754205446202,1.0,0.76998771027231,0.15754411345794106,0.35539386028364484,0.35202981769899305
1712,19032.7959977772,60,435,0.13793103448275862,190138.78828609115,3168.9798047681857,38.02775765721823,0.08742013254532927,100,72,0.72,1772.3963553499086,inf,0.5352250751703869,1.0,0.7676125375851934,0.1599037974800679,0.3603997594937002,0.3520347038296379
1713,19043.91328515908,60,435,0.13793103448275862,190272.7264528262,3171.212107547103,38.054545290565244,0.08748171331164424,100,70,0.7,1736.2075998486378,inf,0.5430690639788093,1.0,0.7715345319894047,0.15797359066111982,0.3503949339766528,0.352033747137775
1714,19055.03057254096,60,435,0.13793103448275862,190442.77226188057,3174.046204364676,38.088554452376115,0.08755989529281866,100,69,0.69,1717.3723058715677,inf,0.5469973782102763,1.0,0.7734986891051381,0.15703060309384032,0.3453925765077346,0.3520298747350753
1715,19066.14785992284,60,435,0.13793103448275862,190647.34488093742,3177.4557480156236,38.12946897618748,0.0876539516693965,100,69,0.69,1712.6946154671061,inf,0.5463518569344605,1.0,0.7731759284672303,0.15723901160108317,0.34539309752900266,0.3520260071492909
1716,19077.26514730472,59,435,0.135632183908046,185882.52602828582,3150.551288615014,37.176505205657165,0.08546323035783256,100,70,0.7,1723.1586674778484,inf,0.5412422134468988,1.0,0.7706211067234494,0.15742106181719162,0.350393552654543,0.35202505638953857
1717,19088.3824346866,60,435,0.13793103448275862,191134.9834032076,3185.5830567201265,38.22699668064152,0.08787815328883108,100,70,0.7,1718.7908891083198,inf,0.5406307244751648,1.0,0.7703153622375825,0.1587813955256243,0.35039695348881406,0.3520241087161388
1718,19099.499722068478,61,435,0.14022988505747128,196363.4100830947,3219.072296444175,39.27268201661893,0.09028202762441133,100,70,0.7,1711.5530119772905,inf,0.5396174216768208,1.0,0.7698087108384104,0.1602366583930005,0.3504005916459825,0.3520231642617641
1719,19110.617009450358,60,435,0.13793103448275862,191523.88360156133,3192.064726692689,38.30477672031227,0.08805695797772935,100,70,0.7,1705.7048937398142,inf,0.5387986851235741,1.0,0.7693993425617871,0.1593288077079711,0.3503983220192699,0.35202221958604174
1720,19121.734296832237,61,435,0.14022988505747128,196596.91908535096,3222.900312874606,39.31938381707019,0.09038938808521883,100,70,0.7,1701.7345448928975,inf,0.5382428362850056,1.0,0.7691214181425028,0.16063398497135806,0.35040158496242835,0.35202127790409893
1721,19132.851584214117,61,435,0.14022988505747128,196623.65428880433,3223.338594898432,39.324730857760876,0.09040168013278363,100,71,0.71,1711.9486673461954,inf,0.5330967107631597,1.0,0.7665483553815798,0.16192666237560188,0.355404816655939,0.35202324279303726
1722,19143.968871595996,61,435,0.14022988505747128,196669.70302794655,3224.0934922614188,39.33394060558932,0.090422851966872,100,71,0.71,1707.521492187104,inf,0.5324680518905688,1.0,0.7662340259452844,0.16209441301079375,0.35540523603252694,0.3520252056445982
1723,19155.086158977876,61,435,0.14022988505747128,196734.1589387973,3225.150146537661,39.34683178775946,0.09045248686841256,100,72,0.72,1719.6613689944775,inf,0.5276312371352048,1.0,0.7638156185676024,0.16331843415040515,0.360408296085376,0.3520300682260603
1724,19166.203446359756,61,435,0.14022988505747128,196816.38585478996,3226.4981287670485,39.363277170957986,0.09049029234702985,100,73,0.73,1734.0751744652073,inf,0.5231749754719203,1.0,0.7615874877359601,0.1644514023055349,0.36541112850576385,0.35203782536245437
1725,19177.320733741635,61,435,0.14022988505747128,196830.927854237,3226.7365222006065,39.366185570847406,0.09049697832378714,100,73,0.73,1733.3261294860774,inf,0.5230656149049672,1.0,0.7615328074524836,0.1644820854356518,0.3654112052135891,0.3520455735547204
1726,19188.438021123515,60,435,0.13793103448275862,191775.0248350799,3196.2504139179987,38.35500496701598,0.08817242521153099,100,73,0.73,1730.1963439090168,inf,0.5226086662107166,1.0,0.7613043331053583,0.16343404605308637,0.3654085851151327,0.3520533112568399
1727,19199.555308505394,61,435,0.14022988505747128,196713.00998751627,3224.8034424182997,39.34260199750326,0.09044276321265117,100,73,0.73,1732.157815129915,inf,0.5228950410089674,1.0,0.7614475205044837,0.16449762135408375,0.3654112440533852,0.35206104154202306
1728,19210.672595887274,61,435,0.14022988505747128,196603.12134034335,3223.0019891859565,39.32062426806867,0.09039223969670959,100,74,0.74,1748.038866413875,inf,0.5187097522292535,1.0,0.7593548761146267,0.16551868179104146,0.3704137967044776,0.35207165620666303
1729,19221.789883269154,61,435,0.14022988505747128,196512.27512521055,3221.5127069706646,39.30245502504211,0.09035047132193588,100,73,0.73,1735.6670376531765,inf,0.5234073874973639,1.0,0.761703693748682,0.16432338878662694,0.36541080847196655,0.35207936669930195
1730,19232.907170651033,62,435,0.1425287356321839,201440.7170177264,3249.043822866555,40.288143403545284,0.09261642161734548,100,73,0.73,1741.1388079364365,inf,0.5242062659587198,1.0,0.7621031329793599,0.16525664431899278,0.36541314161079747,0.35208706963108216
1731,19244.024458032913,62,435,0.1425287356321839,201320.77809888395,3247.1093241755475,40.26415561977679,0.09256127728684319,100,75,0.75,1772.9338431172748,inf,0.5159400764675912,1.0,0.7579700382337956,0.16729561952652378,0.3754182390488163,0.3521005402831709
1732,19255.141745414792,62,435,0.1425287356321839,201227.58275507696,3245.6061734689833,40.245516551015406,0.09251842885290898,100,77,0.77,1800.2385339254877,inf,0.507236734224525,1.0,0.7536183671122625,0.1694500308703233,0.3854236250771758,0.3521197688375817
1733,19266.25903279667,60,435,0.13793103448275862,191122.11900468695,3185.368650078116,38.22442380093741,0.08787223862284461,100,76,0.76,1787.8865965114678,inf,0.5117587626697432,1.0,0.7558793813348716,0.16599642864398645,0.38041499107161,0.35213608672814345
1734,19277.37632017855,60,435,0.13793103448275862,190968.87478596228,3182.814579766038,38.19377495719246,0.08780178151078727,100,75,0.75,1774.0360245094316,inf,0.5161054036764148,1.0,0.7580527018382074,0.1648745398362899,0.3754121863495907,0.35214950234752174
1735,19288.49360756043,60,435,0.13793103448275862,190853.8620955544,3180.897701592573,38.170772419110875,0.08774890211289857,100,76,0.76,1788.6246844374266,inf,0.511870952034489,1.0,0.7559354760172445,0.165906713047827,0.3804147667826196,0.3521657841818737
1736,19299.61089494231,60,435,0.13793103448275862,190770.89696273682,3179.514949378947,38.15417939254737,0.08771075722424683,100,76,0.76,1792.3083908715325,inf,0.512430875412473,1.0,0.7562154377062364,0.16574765975900518,0.3804143691493975,0.3521820470402316
1737,19310.72818232419,60,435,0.13793103448275862,190716.70199223855,3178.6116998706425,38.143340398447705,0.08768583999643151,100,76,0.76,1797.8413934704172,inf,0.5132718918075034,1.0,0.7566359459037517,0.1655249470463399,0.38041381236761584,0.35219829086378013
1738,19321.84546970607,60,435,0.13793103448275862,190690.26643879333,3178.1711073132224,38.13805328775868,0.08767368571898547,100,77,0.77,1813.318672088194,inf,0.5092510755015819,1.0,0.7546255377507909,0.1665240739840973,0.38541631018496025,0.35221739265752433
1739,19332.96275708795,61,435,0.14022988505747128,195648.7337368651,3207.3562907682804,39.12974674737303,0.08995344079855869,100,76,0.76,1798.9643332286137,inf,0.5134425786507494,1.0,0.7567212893253747,0.16661607573659198,0.38041654018934146,0.3522335990641518
1740,19344.08004446983,61,435,0.14022988505747128,195598.82600591247,3206.538131244467,39.119765201182496,0.08993049471536206,100,78,0.78,1827.3823770582578,inf,0.5050716508210883,1.0,0.7525358254105441,0.168697334652409,0.39042174333663104,0.35225553366741
1741,19355.19733185171,61,435,0.14022988505747128,195577.02008171508,3206.1806570772965,39.11540401634303,0.08992046900308742,100,78,0.78,1827.0100510974287,inf,0.5050135679711989,1.0,0.7525067839855994,0.16870684250874401,0.39042176710627186,0.35227744310107184
1742,19366.314619233588,61,435,0.14022988505747128,195583.82982402446,3206.292292197122,39.1167659648049,0.08992359991909173,100,78,0.78,1827.5559205867676,inf,0.5050987236115357,1.0,0.7525493618057679,0.1686871190566619,0.3904217177976417,0.3522993273665317
1743,19377.431906615468,61,435,0.14022988505747128,195619.68109445542,3206.880017941892,39.12393621889107,0.08994008326181854,100,77,0.77,1815.5366711717825,inf,0.5095926473604545,1.0,0.7547963236802273,0.16757187979079557,0.385418929699477,0.35231831796419966
1744,19388.549193997347,61,435,0.14022988505747128,195684.86398699568,3207.948589950749,39.136972797399146,0.08997005240781412,100,75,0.75,1790.1488452633916,inf,0.5185223267895087,1.0,0.7592611633947544,0.16535444450652992,0.37541338611126635,0.35233155296027246
1745,19399.666481379227,62,435,0.1425287356321839,200773.74563663127,3238.286219945666,40.154749127326255,0.09230976810879599,100,73,0.73,1762.1696488537189,inf,0.5272767687326428,1.0,0.7636383843663215,0.1643356918712372,0.3654108392296781,0.35233904396042676
1746,19410.783768761106,62,435,0.1425287356321839,200730.2272519172,3237.5843105147937,40.14604545038345,0.0922897596560539,100,73,0.73,1767.78134629651,inf,0.5280960765592905,1.0,0.7640480382796453,0.1641208606882043,0.3654103021517205,0.3523465260773079
1747,19421.901056142986,62,435,0.1425287356321839,200649.43378150612,3236.2811900242923,40.12988675630123,0.0922526132328764,100,71,0.71,1735.5311897744834,inf,0.5364454289479766,1.0,0.7682227144739884,0.16201494937944405,0.3554050373734486,0.352348275797729
1748,19433.018343524865,62,435,0.1425287356321839,200599.2907474077,3235.4724314098016,40.11985814948154,0.09222955896432537,100,71,0.71,1735.1008774656918,inf,0.5363843246001283,1.0,0.7681921623000642,0.16201869833213062,0.3554050467458303,0.3523500235226851
1749,19444.135630906745,62,435,0.1425287356321839,200579.3692033178,3235.151116182545,40.11587384066357,0.09222039963370936,100,71,0.71,1735.7345183197317,inf,0.5364743016014019,1.0,0.7682371508007009,0.16199162441650428,0.35540497906104124,0.35235176921156414
1750,19455.252918288625,62,435,0.1425287356321839,200589.1118326559,3235.308255365418,40.117822366531186,0.09222487900351997,100,71,0.71,1735.3166323151995,inf,0.5364149617887584,1.0,0.7682074808943792,0.16200869905457044,0.3554050217476364,0.35235351293088796
1751,19466.370205670504,61,435,0.14022988505747128,195617.22705431827,3206.8397877757093,39.12344541086365,0.08993895496750265,100,72,0.72,1753.334105878792,inf,0.532480111246546,1.0,0.766240055623273,0.16184944967211484,0.3604046236241803,0.3523581083137038
1752,19477.487493052384,62,435,0.1425287356321839,200609.808911755,3235.642079221855,40.121961782351015,0.09223439490195635,100,70,0.7,1719.6090539131237,inf,0.5407452675478372,1.0,0.7703726337739186,0.16093088056401889,0.35040232720141,0.35235699263708525
1753,19488.604780434263,62,435,0.1425287356321839,200601.40959936054,3235.506606441299,40.12028191987211,0.0922305331491313,100,70,0.7,1716.4680209266205,inf,0.5403055229297269,1.0,0.7701527614648634,0.16103888584213394,0.3504025972146053,0.35235587838655935
1754,19499.722067816143,63,435,0.14482758620689656,205615.23953496318,3263.7339608724315,41.12304790699264,0.0945357423149256,100,71,0.71,1730.4288918427874,inf,0.5357209026416759,1.0,0.767860451320838,0.16333764549704377,0.3554083441137426,0.35235761768326995
1755,19510.839355198023,63,435,0.14482758620689656,205586.1811775852,3263.272717104527,41.117236235517055,0.09452238215061393,100,71,0.71,1728.381443228324,inf,0.535430164938422,1.0,0.7677150824692109,0.16340364984070144,0.35540850912460176,0.35235935509297456
1756,19521.956642579902,63,435,0.14482758620689656,205580.9137785466,3263.1891075959775,41.11618275570932,0.09451996035795246,100,73,0.73,1757.6791024176782,inf,0.5266211489529811,1.0,0.7633105744764905,0.165604692940731,0.36541401173235183,0.35236678517643466
1757,19533.07392996178,63,435,0.14482758620689656,205598.71553519525,3263.4716751618294,41.119743107039056,0.09452814507365301,100,72,0.72,1740.3413944516292,inf,0.5306091608010345,1.0,0.7653045804005172,0.16461178233656792,0.36041152945584143,0.35237136125395424
1758,19544.19121734366,63,435,0.14482758620689656,205557.36914699167,3262.815383285582,41.111473829398335,0.09450913523999617,100,70,0.7,1705.1482131120363,inf,0.5387207498356851,1.0,0.7693603749178426,0.16257438016107684,0.35040643595040266,0.3523702441844241
1759,19555.30850472554,64,435,0.1471264367816092,210482.19435205922,3288.7842867509253,42.096438870411845,0.09677342269060195,100,70,0.7,1701.744872938164,inf,0.538244282211343,1.0,0.7691221411056715,0.1638256407924652,0.35040956410198115,0.35236913016164995
1760,19566.42579210742,62,435,0.1425287356321839,200366.03479305905,3231.7102385977264,40.073206958611806,0.09212231484738347,100,70,0.7,1700.5937080914625,inf,0.5380831191328047,1.0,0.7690415595664024,0.16154037764049056,0.3504038509441012,0.35236801415982283
1761,19577.5430794893,62,435,0.1425287356321839,200230.11570950874,3229.517995314657,40.04602314190174,0.09205982331471665,100,71,0.71,1717.2106052649178,inf,0.5338439059476184,1.0,0.7669219529738092,0.1625689351704538,0.35540642233792613,0.3523697385685505
1762,19588.66036687118,62,435,0.1425287356321839,200114.0640244343,3227.646193942489,40.02281280488686,0.09200646621813072,100,72,0.72,1732.8138073402663,inf,0.5295251882569985,1.0,0.7647625941284992,0.16362193604481579,0.36040905484011204,0.3523742985891243
1763,19599.77765425306,63,435,0.14482758620689656,204971.26958900515,3253.5122156984944,40.994253917801025,0.09423966417885293,100,72,0.72,1735.6744175074625,inf,0.5299371161210746,1.0,0.7649685580605373,0.16463555305915784,0.3604115888826479,0.3523788548761388
1764,19610.89494163494,63,435,0.14482758620689656,204833.20324622418,3251.320686448003,40.96664064924483,0.09417618540056283,100,72,0.72,1739.1008439193558,inf,0.5304305215243872,1.0,0.7652152607621936,0.16448046231918467,0.36041120115579794,0.3523834057805465
1765,19622.01222901682,63,435,0.14482758620689656,204713.80346779936,3249.4254518698312,40.94276069355987,0.09412128895071234,100,73,0.73,1754.2872516104326,inf,0.5261259387351231,1.0,0.7630629693675616,0.1655291597915754,0.36541382289947894,0.3523907842726863
1766,19633.129516398698,63,435,0.14482758620689656,204612.86037591117,3247.8231805700184,40.92257207518223,0.09407487833375225,100,74,0.74,1770.353533353628,inf,0.522012322936337,1.0,0.7610061614681685,0.16653435843279185,0.37041633589608197,0.35240098549035653
1767,19644.246803780577,63,435,0.14482758620689656,204530.2077000243,3246.5112333337192,40.90604154000486,0.09403687710345944,100,74,0.74,1768.7033026026445,inf,0.5217680887851913,1.0,0.7608840443925957,0.16657641635543186,0.37041644104088856,0.3524111752276589
1768,19655.364091162457,63,435,0.14482758620689656,204465.72318181538,3245.487669552625,40.893144636363076,0.09400722904911052,100,74,0.74,1769.1520471478927,inf,0.5218345029778881,1.0,0.7609172514889441,0.16654498878008323,0.3704163624719502,0.3524213534002108
1769,19666.481378544337,63,435,0.14482758620689656,204419.32923388996,3244.751257680793,40.883865846778,0.09398589849834023,100,72,0.72,1739.8639350123397,inf,0.5305404066417769,1.0,0.7652702033208885,0.16435784758872585,0.3604108946189718,0.3524258672653061
1770,19677.598665926216,63,435,0.14482758620689656,204363.397761945,3243.8634565388097,40.872679552388995,0.09396018287905517,100,72,0.72,1741.6914891047402,inf,0.5308035744310826,1.0,0.7654017872155413,0.16427919783175687,0.36041069799457937,0.3524303759218444
1771,19688.715953308096,64,435,0.1471264367816092,209242.4935549466,3269.4139617960404,41.84849871098932,0.09620344531261912,100,72,0.72,1743.4075147272672,inf,0.5310506821207265,1.0,0.7655253410603633,0.16533905212612787,0.3604133476303153,0.3524348809848853
1772,19699.833240689975,64,435,0.1471264367816092,209103.0719810946,3267.235499704603,41.82061439621892,0.09613934343958373,100,71,0.71,1723.5260005870687,inf,0.5347406920833637,1.0,0.7673703460416819,0.1643844986989509,0.35541096124674737,0.3524365595411526
1773,19710.950528071855,63,435,0.14482758620689656,203909.0458126693,3236.6515208360206,40.78180916253387,0.09375128543111234,100,75,0.75,1789.5025570866326,inf,0.518425383562995,1.0,0.7592126917814974,0.1672692968248075,0.375418173242062,0.35244951422756804
1774,19722.067815453735,64,435,0.1471264367816092,208667.89756820447,3260.435899503195,41.73357951364089,0.09593926324974918,100,75,0.75,1789.4799480805848,inf,0.5184219922120876,1.0,0.7592109961060438,0.16836413357185265,0.37542091033392966,0.35246245585917724
1775,19733.185102835614,67,435,0.15402298850574714,223325.99269811562,3333.223771613666,44.66519853962313,0.10267861733246696,100,74,0.74,1778.9177420270673,inf,0.5232798258200058,1.0,0.7616399129100029,0.17051935221123204,0.3704262983805281,0.35247257063537163
1776,19744.302390217494,67,435,0.15402298850574714,222926.7755304466,3327.2653064245765,44.58535510608931,0.10249506920940071,100,74,0.74,1781.3845052489244,inf,0.5236449067768407,1.0,0.7618224533884204,0.17033630791049015,0.3704258407697762,0.35248267376994363
1777,19755.419677599373,67,435,0.15402298850574714,222548.75453016048,3321.623201942694,44.50975090603209,0.10232126645064848,100,74,0.74,1785.9259502046555,inf,0.524317040630289,1.0,0.7621585203151445,0.170081373067752,0.3704252034326694,0.3524927651814525
1778,19766.536964981253,66,435,0.15172413793103448,217164.84042585932,3290.3763700887775,43.432968085171865,0.09984590364407325,100,74,0.74,1789.7879975158435,inf,0.5248886236323449,1.0,0.7624443118161724,0.16870079591395043,0.3704217519897849,0.3525028433078203
1779,19777.654252363132,65,435,0.14942528735632185,211693.62452490212,3256.824992690802,42.338724904980424,0.09733040208041477,100,72,0.72,1765.13157220239,inf,0.5341789463971442,1.0,0.7670894731985721,0.16512046444092127,0.3604128011611023,0.3525072871043671
1780,19788.771539745012,65,435,0.14942528735632185,211241.3515296619,3249.866946610183,42.24827030593238,0.09712246047340777,100,72,0.72,1769.2858049220786,inf,0.5347771559087793,1.0,0.7673885779543896,0.16486694125950907,0.36041216735314874,0.3525117255548156
1781,19799.88882712689,65,435,0.14942528735632185,210811.8224481866,3243.2588068951786,42.16236448963732,0.0969249758382467,100,72,0.72,1772.5171758855572,inf,0.5352424733275202,1.0,0.76762123666376,0.16465186958724332,0.3604116296739681,0.35251615872211034
1782,19811.00611450877,65,435,0.14942528735632185,210355.42431566957,3236.237297164147,42.07108486313391,0.0967151376163998,100,72,0.72,1777.780882831833,inf,0.5360004471277839,1.0,0.768000223563892,0.16435745702625387,0.3604108936425656,0.35252058650389406
1783,19822.12340189065,66,435,0.15172413793103448,214886.46713398493,3255.8555626361353,42.97729342679698,0.09879837569378616,100,72,0.72,1783.6788617816742,inf,0.536849756096561,1.0,0.7684248780482805,0.16518674882275286,0.3604129668720569,0.3525250104839211
1784,19833.24068927253,66,435,0.15172413793103448,214397.5617693562,3248.447905596306,42.879512353871235,0.09857359161809479,100,70,0.7,1757.916445568969,inf,0.5461083023796557,1.0,0.7730541511898279,0.16275972021413343,0.3504068993005353,0.35252382386701164
1785,19844.35797665441,65,435,0.14942528735632185,208912.290767681,3214.0352425797078,41.7824581535362,0.09605162793916368,100,72,0.72,1794.688073832022,inf,0.5384350826318112,1.0,0.7692175413159056,0.16341704331162904,0.36040854260827904,0.35252823860314897
1786,19855.47526403629,66,435,0.15172413793103448,213422.93474356705,3233.6808294479856,42.68458694871341,0.09812548723842163,100,72,0.72,1798.5112598022013,inf,0.538985621411517,1.0,0.7694928107057585,0.16431633826633157,0.3604107908456658,0.35253264965644643
1787,19866.59255141817,65,435,0.14942528735632185,207905.8007741696,3198.5507811410707,41.58116015483392,0.09558887391915843,100,71,0.71,1785.0572393455743,inf,0.5434781279870715,1.0,0.7717390639935358,0.1619249049628113,0.355404812262407,0.35253425601137145
1788,19877.70983880005,65,435,0.14942528735632185,207380.64065741628,3190.4713947294813,41.47612813148326,0.09534742099191554,100,70,0.7,1772.3016154339373,inf,0.5481222261607512,1.0,0.7740611130803756,0.16064315395577,0.3504016078848894,0.35253306392186534
1789,19888.827126181928,65,435,0.14942528735632185,206884.10703991284,3182.832415998659,41.37682140798256,0.09511912967352312,100,68,0.68,1747.5993379803713,inf,0.5576735099653305,1.0,0.7788367549826652,0.15814118734542898,0.3403953529683636,0.35252628307775724
1790,19899.944413563808,65,435,0.14942528735632185,206417.71941000177,3175.657221692335,41.28354388200035,0.09490469857931115,100,69,0.69,1765.7388730366501,inf,0.5536719644790576,1.0,0.7768359822395288,0.1590343581698912,0.3453975858954247,0.3525223027889899
1791,19911.061700945687,65,435,0.14942528735632185,205984.01958257117,3168.984916654941,41.196803916514234,0.09470529635980283,100,68,0.68,1754.2841767558475,inf,0.5585826480387952,1.0,0.7792913240193976,0.15770698617020257,0.3403942674654255,0.3525155349121352
1792,19922.178988327567,66,435,0.15172413793103448,210556.29275227556,3190.2468598829632,42.11125855045511,0.09680749092058646,100,68,0.68,1758.9050238340335,inf,0.5592110832414285,1.0,0.7796055416207143,0.1586009746499361,0.34039650243662484,0.35250877583099993
1793,19933.296275709446,67,435,0.15402298850574714,215150.1561439732,3211.196360357809,43.030031228794634,0.09891961202021755,100,67,0.67,1744.5770676840482,inf,0.5637733270696624,1.0,0.7818866635348312,0.15851647424269322,0.33539629118560677,0.3524992370993135
1794,19944.413563091326,68,435,0.15632183908045977,219765.1485479855,3231.840419823316,43.95302970959711,0.10104144760826922,100,67,0.67,1750.8879968542522,inf,0.5646189915784698,1.0,0.7823094957892349,0.15936597590951718,0.3353984149397738,0.35248971017889036
1795,19955.530850473206,68,435,0.15632183908045977,219432.20507661215,3226.94419230312,43.886441015322426,0.1008883701501665,100,65,0.65,1715.4173548898877,inf,0.5730042561356854,1.0,0.7865021280678427,0.15719312104116184,0.3253929828026029,0.3524746229142042
1796,19966.648137855085,67,435,0.15402298850574714,214155.33103854692,3196.348224455924,42.831066207709384,0.098462221167148,100,66,0.66,1738.0541913340332,inf,0.5694231532560924,1.0,0.7847115766280461,0.15687532226955092,0.3303921883056739,0.3524623344141439
1797,19977.765425236965,68,435,0.15632183908045977,218890.9838831495,3218.9850571051397,43.778196776629905,0.10063953281983887,100,66,0.66,1739.4523429652031,inf,0.5696077092714067,1.0,0.7848038546357033,0.15791783909206775,0.3303947945977302,0.3524500610327109
1798,19988.882712618844,69,435,0.15862068965517243,223633.0893921146,3241.0592665523855,44.72661787842292,0.10281981121476534,100,64,0.64,1702.2978434010406,inf,0.5778941239553332,1.0,0.7889470619776666,0.15693637461854937,0.3203923409365464,0.3524322412883551
1799,20000.000000000724,68,435,0.15632183908045977,218367.62587055308,3211.2886157434277,43.67352517411062,0.10039890844623131,100,63,0.63,1684.2157649223057,inf,0.5822111863802104,1.0,0.7911055931901052,0.15464665762806307,0.31538661664407014,0.352411660385775
