traffic_seed,stochastic_seed,algorithm,bundle_id,source_id,science_priority,attempt_index,holder_id,destination_id,actual_algorithm,contact_start_s,contact_end_s,failure_probability,success_draw,success,transfer_progress,capacity_bytes_consumed,depart_s,event_time_s,arrival_s
910000000,710000000,temporal,B0075,0,0.6963433191448201,1,0,3,temporal,0.0,1327.5,0.02000000000000001,0.5732403105344485,True,1.0,20077847,0.12094674467914013,3.345940700656758,3.345940700656758
910000000,710000000,temporal,B0075,0,0.6963433191448201,2,3,9,temporal,0.0,1532.5,0.02000000000000001,0.12288227222612169,True,1.0,20077847,3.345940700656758,11.510432086520401,11.510432086520401
910000000,710000000,temporal,B0075,0,0.6963433191448201,3,9,12,temporal,0.0,1800.0,0.09319999999999999,0.964974408942276,True,1.0,20077847,11.510432086520401,19.668567665600236,19.668567665600236
910000000,710000000,temporal,B0082,2,0.5832120947246973,1,2,8,temporal,0.0,1800.0,0.02000000000000001,0.6846946153942364,True,1.0,68923584,1.5977203338402468,12.641414867969914,12.641414867969914
910000000,710000000,temporal,B0082,2,0.5832120947246973,2,8,10,temporal,0.0,1800.0,0.02000000000000001,0.12823156588090912,True,1.0,68923584,12.641414867969914,40.34109524136993,40.34109524136993
910000000,710000000,temporal,B0082,2,0.5832120947246973,3,10,13,temporal,0.0,1800.0,0.0835,0.2617028303492185,True,1.0,68923584,40.34109524136993,68.03444265264199,68.03444265264199
910000000,710000000,temporal,B0045,1,0.15882560804283763,1,1,7,temporal,0.0,732.5,0.02000000000000001,0.2667962553469915,True,1.0,104588455,18.351007760816106,35.09482776556152,35.09482776556152
910000000,710000000,temporal,B0045,1,0.15882560804283763,2,7,9,temporal,0.0,1800.0,0.02000000000000001,0.9193470136990356,True,1.0,104588455,35.09482776556152,77.06045653896155,77.06045653896155
910000000,710000000,temporal,B0045,1,0.15882560804283763,3,9,12,temporal,0.0,1800.0,0.09319999999999999,0.2099353062759829,True,1.0,104588455,77.06045653896155,119.02283531804139,119.02283531804139
910000000,710000000,temporal,B0067,0,0.6553938654403667,1,0,3,temporal,0.0,1327.5,0.02000000000000001,0.1036760419954571,True,1.0,23214874,21.92608111510419,25.652999391081806,25.652999391081806
910000000,710000000,temporal,B0067,0,0.6553938654403667,2,3,9,temporal,0.0,1532.5,0.02000000000000001,0.23826614497816956,True,1.0,23214874,25.652999391081806,35.07230157694545,35.07230157694545
910000000,710000000,temporal,B0067,0,0.6553938654403667,3,9,12,temporal,0.0,1800.0,0.09319999999999999,0.6427374111352241,True,1.0,23214874,35.07230157694545,44.48524795602528,44.48524795602528
910000000,710000000,temporal,B0098,2,0.18145527775069903,1,2,8,temporal,0.0,1800.0,0.02000000000000001,0.7614050224011722,True,1.0,49490886,23.482132044834724,31.41659489896439,31.41659489896439
910000000,710000000,temporal,B0098,2,0.18145527775069903,2,8,10,temporal,0.0,1800.0,0.02000000000000001,0.4686100215389992,True,1.0,49490886,31.41659489896439,51.34319607236441,51.34319607236441
910000000,710000000,temporal,B0098,2,0.18145527775069903,3,10,13,temporal,0.0,1800.0,0.0835,0.3179436018614267,True,1.0,49490886,51.34319607236441,71.26346428363647,71.26346428363647
910000000,710000000,temporal,B0058,2,0.11030204039879213,1,2,8,temporal,0.0,1800.0,0.02000000000000001,0.10128915682872186,True,1.0,47063728,28.931596622806744,36.47771419693641,36.47771419693641
910000000,710000000,temporal,B0058,2,0.11030204039879213,2,8,10,temporal,0.0,1800.0,0.02000000000000001,0.7796030650635479,True,1.0,47063728,36.47771419693641,55.43345217033642,55.43345217033642
910000000,710000000,temporal,B0058,2,0.11030204039879213,3,10,13,temporal,0.0,1800.0,0.0835,0.7393153559532054,True,1.0,47063728,55.43345217033642,74.38285718160849,74.38285718160849
910000000,710000000,temporal,B0043,0,0.6868774890827484,1,0,3,temporal,0.0,1327.5,0.02000000000000001,0.7365207234890344,True,1.0,90487939,30.170209845961217,44.660818521938836,44.660818521938836
910000000,710000000,temporal,B0043,0,0.6868774890827484,2,3,9,temporal,0.0,1532.5,0.02000000000000001,0.4959717094589129,True,1.0,90487939,44.660818521938836,80.98934670780248,80.98934670780248
910000000,710000000,temporal,B0043,0,0.6868774890827484,3,9,12,temporal,0.0,1800.0,0.09319999999999999,0.1493604214265537,True,1.0,90487939,80.98934670780248,117.31151908688231,117.31151908688231
910000000,710000000,temporal,B0033,2,0.32193286004916305,1,2,8,temporal,0.0,1800.0,0.02000000000000001,0.11568422663449085,True,1.0,16682226,46.424525067161724,49.10960232129139,49.10960232129139
910000000,710000000,temporal,B0033,2,0.32193286004916305,2,8,10,temporal,0.0,1800.0,0.02000000000000001,0.21057534567794467,True,1.0,16682226,49.10960232129139,55.91273949469141,55.91273949469141
910000000,710000000,temporal,B0033,2,0.32193286004916305,3,10,13,temporal,0.0,1800.0,0.0835,0.8185252046083531,True,1.0,16682226,55.91273949469141,62.70954370596347,62.70954370596347
910000000,710000000,temporal,B0002,1,0.8108829016945442,1,1,7,temporal,0.0,732.5,0.02000000000000001,0.3673352056886414,True,1.0,91816736,111.14774910962066,125.84809407436607,125.84809407436607
910000000,710000000,temporal,B0002,1,0.8108829016945442,2,7,9,temporal,0.0,1800.0,0.02000000000000001,0.20776565827962912,True,1.0,91816736,125.84809407436607,162.7050352477661,162.7050352477661
910000000,710000000,temporal,B0002,1,0.8108829016945442,3,9,12,temporal,0.0,1800.0,0.09319999999999999,0.36743148580316165,True,1.0,91816736,162.7050352477661,199.5587264268459,199.5587264268459
910000000,710000000,temporal,B0080,0,0.6106969942763446,1,0,3,temporal,0.0,1327.5,0.02000000000000001,0.9110998590588856,True,1.0,73183594,114.38632783036581,126.10824130634343,126.10824130634343
910000000,710000000,temporal,B0080,0,0.6106969942763446,2,3,9,temporal,0.0,1532.5,0.02000000000000001,0.930984157188485,True,1.0,73183594,126.10824130634343,155.51503149220707,155.51503149220707
910000000,710000000,temporal,B0080,0,0.6106969942763446,3,9,12,temporal,0.0,1800.0,0.09319999999999999,0.6606916959693762,True,1.0,73183594,155.51503149220707,184.9154658712869,184.9154658712869
910000000,710000000,temporal,B0016,2,0.8667776675129164,1,2,8,temporal,0.0,1800.0,0.02000000000000001,0.0918111008842516,True,1.0,63616735,120.24720263061319,130.44180132474284,130.44180132474284
910000000,710000000,temporal,B0016,2,0.8667776675129164,2,8,10,temporal,0.0,1800.0,0.02000000000000001,0.5654673042119936,True,1.0,63616735,130.44180132474284,156.01874209814287,156.01874209814287
910000000,710000000,temporal,B0016,2,0.8667776675129164,3,10,13,temporal,0.0,1800.0,0.0835,0.46859817779257174,True,1.0,63616735,156.01874209814287,181.58934990941495,181.58934990941495
910000000,710000000,temporal,B0024,1,0.8988875692115696,1,1,7,temporal,0.0,732.5,0.02000000000000001,0.7682434737053266,True,1.0,20202355,147.17803294881094,150.42007695355633,150.42007695355633
910000000,710000000,temporal,B0024,1,0.8988875692115696,2,7,9,temporal,0.0,1800.0,0.02000000000000001,0.5531257134783655,True,1.0,20202355,150.42007695355633,158.63126572695634,158.63126572695634
910000000,710000000,temporal,B0024,1,0.8988875692115696,3,9,12,temporal,0.0,1800.0,0.09319999999999999,0.297847904375927,True,1.0,20202355,158.63126572695634,166.83920450603617,166.83920450603617
910000000,710000000,temporal,B0076,2,0.8699988722932254,1,2,8,temporal,0.0,1800.0,0.02000000000000001,0.6129953226256004,True,1.0,39284936,147.2510620371984,153.55257289132805,153.55257289132805
910000000,710000000,temporal,B0076,2,0.8699988722932254,2,8,10,temporal,0.0,1800.0,0.02000000000000001,0.9002900951513934,True,1.0,39284936,153.55257289132805,169.39679406472808,169.39679406472808
910000000,710000000,temporal,B0076,2,0.8699988722932254,3,10,13,temporal,0.0,1800.0,0.0835,0.9133188052740944,True,1.0,39284936,169.39679406472808,185.23468227600017,185.23468227600017
910000000,710000000,temporal,B0004,2,0.15659919535511505,1,2,8,temporal,0.0,1800.0,0.02000000000000001,0.8125833022013627,True,1.0,43103669,156.8909816138996,163.80348974802925,163.80348974802925
910000000,710000000,temporal,B0004,2,0.15659919535511505,2,8,10,temporal,0.0,1800.0,0.02000000000000001,0.5205477628570541,True,1.0,43103669,163.80348974802925,181.17520412142926,181.17520412142926
910000000,710000000,temporal,B0004,2,0.15659919535511505,3,10,13,temporal,0.0,1800.0,0.0835,0.021760238266928522,False,0.29085302911993977,12536833,181.17520412142926,186.18993719936256,
910000000,710000000,temporal,B0004,2,0.15659919535511505,4,10,13,temporal,0.0,1800.0,0.0835,0.6515691784370168,True,1.0,43103669,186.18993719936256,203.55531861063463,203.55531861063463
910000000,710000000,temporal,B0030,2,0.8295347205119564,1,2,8,temporal,0.0,1800.0,0.02000000000000001,0.21863352434689398,True,1.0,62027372,158.7805641693065,168.72086478343616,168.72086478343616
910000000,710000000,temporal,B0030,2,0.8295347205119564,2,8,10,temporal,0.0,1800.0,0.02000000000000001,0.9325751893401891,True,1.0,62027372,168.72086478343616,193.66206035683618,193.66206035683618
910000000,710000000,temporal,B0030,2,0.8295347205119564,3,10,13,temporal,0.0,1800.0,0.0835,0.13229440082222998,True,1.0,62027372,193.66206035683618,218.59692296810826,218.59692296810826
910000000,710000000,temporal,B0014,1,0.12369199645494916,1,1,7,temporal,0.0,732.5,0.02000000000000001,0.6399597494006661,True,1.0,19464616,158.9838937049368,162.1078994696822,162.1078994696822
910000000,710000000,temporal,B0014,1,0.12369199645494916,2,7,9,temporal,0.0,1800.0,0.02000000000000001,0.9719634276734018,True,1.0,19464616,162.1078994696822,170.0239926430822,170.0239926430822
910000000,710000000,temporal,B0014,1,0.12369199645494916,3,9,12,temporal,0.0,1800.0,0.09319999999999999,0.5565100470917491,True,1.0,19464616,170.0239926430822,177.93683582216204,177.93683582216204
910000000,710000000,temporal,B0018,1,0.49852539969532617,1,1,7,temporal,0.0,732.5,0.02000000000000001,0.7171440288042653,True,1.0,94596223,160.8889867203176,176.034049605063,176.034049605063
910000000,710000000,temporal,B0018,1,0.49852539969532617,2,7,9,temporal,0.0,1800.0,0.02000000000000001,0.8377034028123677,True,1.0,94596223,176.034049605063,214.002785578463,214.002785578463
910000000,710000000,temporal,B0018,1,0.49852539969532617,3,9,12,temporal,0.0,1800.0,0.09319999999999999,0.6679971691512241,True,1.0,94596223,214.002785578463,251.96827155754283,251.96827155754283
910000000,710000000,temporal,B0027,0,0.8031621781143155,1,0,12,temporal,197.5,677.5,0.0972,0.12057509739924488,True,1.0,119907297,197.5,221.48579415647038,221.48579415647038
910000000,710000000,temporal,B0011,1,0.42638784444307753,1,1,7,temporal,0.0,732.5,0.02000000000000001,0.6297410005193855,True,1.0,14795580,176.80112731324914,179.17808731799454,179.17808731799454
910000000,710000000,temporal,B0011,1,0.42638784444307753,2,7,9,temporal,0.0,1800.0,0.02000000000000001,0.18474777815947807,True,1.0,14795580,179.17808731799454,185.22656609139455,185.22656609139455
910000000,710000000,temporal,B0011,1,0.42638784444307753,3,9,12,temporal,0.0,1800.0,0.09319999999999999,0.2953535711012376,True,1.0,14795580,185.22656609139455,191.27179487047437,191.27179487047437
910000000,710000000,temporal,B0001,0,0.7618087655025267,1,0,12,temporal,197.5,677.5,0.0972,0.6226901407228914,True,1.0,24662924,197.5,202.43691955647037,202.43691955647037
910000000,710000000,temporal,B0012,1,0.4809056416791908,1,1,7,temporal,0.0,732.5,0.02000000000000001,0.9124683644782217,True,1.0,15027397,186.1471862882127,188.56123701295812,188.56123701295812
910000000,710000000,temporal,B0012,1,0.4809056416791908,2,7,9,temporal,0.0,1800.0,0.02000000000000001,0.46637530169860286,True,1.0,15027397,188.56123701295812,194.70244258635813,194.70244258635813
910000000,710000000,temporal,B0012,1,0.4809056416791908,3,9,12,temporal,0.0,1800.0,0.09319999999999999,0.05642542869664169,False,0.6443227591658864,9682494,194.70244258635813,198.5754401456066,
910000000,710000000,temporal,B0012,1,0.4809056416791908,4,9,12,temporal,0.0,1800.0,0.09319999999999999,0.5666061837290471,True,1.0,15027397,198.5754401456066,204.71339572468642,204.71339572468642
910000000,710000000,temporal,B0091,1,0.14338083462465395,1,1,7,temporal,0.0,732.5,0.02000000000000001,0.27000502052989894,True,1.0,113421275,192.78855200352598,210.94562320827137,210.94562320827137
910000000,710000000,temporal,B0091,1,0.14338083462465395,2,7,9,temporal,0.0,1800.0,0.02000000000000001,0.8040545778269736,True,1.0,113421275,210.94562320827137,256.4443799816714,256.4443799816714
910000000,710000000,temporal,B0091,1,0.14338083462465395,3,9,12,temporal,0.0,1800.0,0.09319999999999999,0.38672377836917515,True,1.0,113421275,256.4443799816714,301.9398867607512,301.9398867607512
910000000,710000000,temporal,B0094,1,0.2916787819217951,1,1,7,temporal,0.0,732.5,0.02000000000000001,0.7299715295869116,True,1.0,51483253,207.85724422485825,216.10423190960364,216.10423190960364
910000000,710000000,temporal,B0094,1,0.2916787819217951,2,7,9,temporal,0.0,1800.0,0.02000000000000001,0.5781359602745536,True,1.0,51483253,216.10423190960364,236.82777988300364,236.82777988300364
910000000,710000000,temporal,B0094,1,0.2916787819217951,3,9,12,temporal,0.0,1800.0,0.09319999999999999,0.6768770245911208,True,1.0,51483253,236.82777988300364,257.54807786208346,257.54807786208346
910000000,710000000,temporal,B0096,1,0.5949218530204232,1,1,7,temporal,0.0,732.5,0.02000000000000001,0.5566949873258784,True,1.0,115223477,240.54197126383136,258.9873947885768,258.9873947885768
910000000,710000000,temporal,B0096,1,0.5949218530204232,2,7,9,temporal,0.0,1800.0,0.02000000000000001,0.8372985702570884,True,1.0,115223477,258.9873947885768,305.2070323619768,305.2070323619768
910000000,710000000,temporal,B0096,1,0.5949218530204232,3,9,12,temporal,0.0,1800.0,0.09319999999999999,0.5328832058976333,True,1.0,115223477,305.2070323619768,351.42341994105664,351.42341994105664
910000000,710000000,temporal,B0064,2,0.19183322229052083,1,2,8,temporal,0.0,1800.0,0.02000000000000001,0.2744712171935042,True,1.0,39181552,244.36799034218842,250.65295975631807,250.65295975631807
910000000,710000000,temporal,B0064,2,0.19183322229052083,2,8,10,temporal,0.0,1800.0,0.02000000000000001,0.8505686037521598,True,1.0,39181552,250.65295975631807,266.4558273297181,266.4558273297181
910000000,710000000,temporal,B0064,2,0.19183322229052083,3,10,13,temporal,0.0,1800.0,0.0835,0.5374801686701364,True,1.0,39181552,266.4558273297181,282.25236194099017,282.25236194099017
910000000,710000000,temporal,B0025,0,0.23837816946736928,1,0,12,temporal,197.5,677.5,0.0972,0.8412963379359536,True,1.0,114880130,245.54401254837353,268.5243733048439,268.5243733048439
910000000,710000000,temporal,B0046,1,0.8261776112107054,1,1,7,temporal,0.0,732.5,0.02000000000000001,0.8967717279287518,True,1.0,116287822,248.84295428003333,267.45867300477875,267.45867300477875
910000000,710000000,temporal,B0046,1,0.8261776112107054,2,7,9,temporal,0.0,1800.0,0.02000000000000001,0.6412884456678165,True,1.0,116287822,267.45867300477875,314.1040485781788,314.1040485781788
910000000,710000000,temporal,B0046,1,0.8261776112107054,3,9,12,temporal,0.0,1800.0,0.09319999999999999,0.6402011347580784,True,1.0,116287822,314.1040485781788,360.7461741572586,360.7461741572586
910000000,710000000,temporal,B0099,0,0.3168682298081396,1,0,12,temporal,197.5,677.5,0.0972,0.5266080864878093,True,1.0,23720956,266.3780856784944,271.1266116349648,271.1266116349648
910000000,710000000,temporal,B0008,1,0.988583989851672,1,1,7,temporal,0.0,732.5,0.02000000000000001,0.3714935839389216,True,1.0,79218058,271.3387438092476,284.02330029399303,284.02330029399303
910000000,710000000,temporal,B0008,1,0.988583989851672,2,7,9,temporal,0.0,1800.0,0.02000000000000001,0.6005926912865598,True,1.0,79218058,284.02330029399303,315.84077026739305,315.84077026739305
910000000,710000000,temporal,B0008,1,0.988583989851672,3,9,12,temporal,0.0,1800.0,0.09319999999999999,0.8348848679284688,True,1.0,79218058,315.84077026739305,347.6549902464729,347.6549902464729
910000000,710000000,temporal,B0056,1,0.11093094298785028,1,1,7,temporal,0.0,732.5,0.02000000000000001,0.0390163324750088,True,1.0,106404681,273.7474020143416,290.78181817908705,290.78181817908705
910000000,710000000,temporal,B0056,1,0.11093094298785028,2,7,9,temporal,0.0,1800.0,0.02000000000000001,0.08331656869270943,True,1.0,106404681,290.78181817908705,333.47393735248704,333.47393735248704
910000000,710000000,temporal,B0056,1,0.11093094298785028,3,9,12,temporal,0.0,1800.0,0.09319999999999999,0.7669175368612788,True,1.0,106404681,333.47393735248704,376.16280653156684,376.16280653156684
910000000,710000000,temporal,B0073,2,0.6362207456420435,1,2,8,temporal,0.0,1800.0,0.02000000000000001,0.5726408290588342,True,1.0,100801895,279.3521410051665,295.4963652992962,295.4963652992962
910000000,710000000,temporal,B0073,2,0.6362207456420435,2,8,10,temporal,0.0,1800.0,0.02000000000000001,0.8959330122060558,True,1.0,100801895,295.4963652992962,335.94737007269623,335.94737007269623
910000000,710000000,temporal,B0073,2,0.6362207456420435,3,10,13,temporal,0.0,1800.0,0.0835,0.5555840018168764,True,1.0,100801895,335.94737007269623,376.3920418839683,376.3920418839683
910000000,710000000,temporal,B0097,1,0.6171937900408145,1,1,7,temporal,0.0,732.5,0.02000000000000001,0.6702766595133332,True,1.0,110482060,293.321279423352,311.0080762280974,311.0080762280974
910000000,710000000,temporal,B0097,1,0.6171937900408145,2,7,9,temporal,0.0,1800.0,0.02000000000000001,0.3821828457370974,True,1.0,110482060,311.0080762280974,355.33114700149747,355.33114700149747
910000000,710000000,temporal,B0097,1,0.6171937900408145,3,9,12,temporal,0.0,1800.0,0.09319999999999999,0.28475431085091707,True,1.0,110482060,355.33114700149747,399.6509677805773,399.6509677805773
910000000,710000000,temporal,B0053,2,0.6060572785840749,1,2,8,temporal,0.0,1800.0,0.02000000000000001,0.9222121993512217,True,1.0,91295243,297.40985757689475,312.03301755102444,312.03301755102444
910000000,710000000,temporal,B0053,2,0.6060572785840749,2,8,10,temporal,0.0,1800.0,0.02000000000000001,0.940327831665424,True,1.0,91295243,312.03301755102444,348.68136152442446,348.68136152442446
910000000,710000000,temporal,B0053,2,0.6060572785840749,3,10,13,temporal,0.0,1800.0,0.0835,0.41984950050084435,True,1.0,91295243,348.68136152442446,385.32337253569654,385.32337253569654
910000000,710000000,temporal,B0040,0,0.6374841725599185,1,0,12,temporal,197.5,677.5,0.0972,0.36253677518769456,True,1.0,116757303,303.92576679951145,327.2815621559818,327.2815621559818
910000000,710000000,temporal,B0074,1,0.8205064999506386,1,1,7,temporal,0.0,732.5,0.02000000000000001,0.6242276947238313,True,1.0,70559881,308.7489490264341,320.04819719117955,320.04819719117955
910000000,710000000,temporal,B0074,1,0.8205064999506386,2,7,9,temporal,0.0,1800.0,0.02000000000000001,0.9995871777818505,True,1.0,70559881,320.04819719117955,348.40239636457954,348.40239636457954
910000000,710000000,temporal,B0074,1,0.8205064999506386,3,9,12,temporal,0.0,1800.0,0.09319999999999999,0.92402251764482,True,1.0,70559881,348.40239636457954,376.7533455436594,376.7533455436594
910000000,710000000,temporal,B0061,1,0.2962094250525832,1,1,7,temporal,0.0,732.5,0.02000000000000001,0.2982472632948302,True,1.0,99554345,313.44082003213794,329.37918243688335,329.37918243688335
910000000,710000000,temporal,B0061,1,0.2962094250525832,2,7,9,temporal,0.0,1800.0,0.02000000000000001,0.4830121217756459,True,1.0,99554345,329.37918243688335,369.33116721028335,369.33116721028335
910000000,710000000,temporal,B0061,1,0.2962094250525832,3,9,12,temporal,0.0,1800.0,0.09319999999999999,0.8531718145736512,True,1.0,99554345,369.33116721028335,409.27990198936317,409.27990198936317
910000000,710000000,temporal,B0005,2,0.5800036162518872,1,2,8,temporal,0.0,1800.0,0.02000000000000001,0.6182663498879457,True,1.0,99974897,345.4438424108313,361.45574702496094,361.45574702496094
910000000,710000000,temporal,B0005,2,0.5800036162518872,2,8,13,temporal,387.5,627.5,0.0835,0.015272994047763722,False,0.9255242569376312,92529193,387.5,396.75291922583415,
910000000,710000000,temporal,B0005,2,0.5800036162518872,3,8,13,temporal,387.5,627.5,0.0835,0.7039096106008466,True,1.0,99974897,396.75291922583415,406.7577990950681,406.7577990950681
910000000,710000000,temporal,B0021,2,0.9514028377370961,1,2,8,temporal,0.0,1800.0,0.02000000000000001,0.5476530567253174,True,1.0,117978531,359.15055658880027,378.04304264292995,378.04304264292995
910000000,710000000,temporal,B0021,2,0.9514028377370961,2,8,13,temporal,387.5,627.5,0.0835,0.9528936595769478,True,1.0,117978531,387.5,399.3052432692339,399.3052432692339
910000000,710000000,temporal,B0015,0,0.9940153327784051,1,0,12,temporal,197.5,677.5,0.0972,0.8273572138392478,True,1.0,22136298,364.01237442997893,368.4439687864493,368.4439687864493
910000000,710000000,temporal,B0066,0,0.5068675856269298,1,0,12,temporal,197.5,677.5,0.0972,0.6863048870022813,True,1.0,20579030,375.1998546186794,379.3199953751498,379.3199953751498
910000000,710000000,temporal,B0069,1,0.3664817568362616,1,1,7,temporal,0.0,732.5,0.02000000000000001,0.6447595654669491,True,1.0,115784438,399.47523659202,418.0104138767654,418.0104138767654
910000000,710000000,temporal,B0069,1,0.3664817568362616,2,7,9,temporal,0.0,1800.0,0.02000000000000001,0.4057448307816146,True,1.0,115784438,418.0104138767654,464.45443585016545,464.45443585016545
910000000,710000000,temporal,B0069,1,0.3664817568362616,3,9,12,temporal,0.0,1800.0,0.09319999999999999,0.336964910298337,True,1.0,115784438,464.45443585016545,510.8952078292453,510.8952078292453
910000000,710000000,temporal,B0026,1,0.25690189194322605,1,1,7,temporal,0.0,732.5,0.02000000000000001,0.24247678195457723,True,1.0,103459342,408.8372320605563,425.4003939853017,425.4003939853017
910000000,710000000,temporal,B0026,1,0.25690189194322605,2,7,9,temporal,0.0,1800.0,0.02000000000000001,0.2991790638728071,True,1.0,103459342,425.4003939853017,466.91437755870174,466.91437755870174
910000000,710000000,temporal,B0026,1,0.25690189194322605,3,9,12,temporal,0.0,1800.0,0.09319999999999999,0.6046494816373702,True,1.0,103459342,466.91437755870174,508.4251111377816,508.4251111377816
910000000,710000000,temporal,B0036,1,0.11195040658887712,1,1,7,temporal,0.0,732.5,0.02000000000000001,0.46726086575915915,True,1.0,53724056,420.8335278315155,429.4390439962609,429.4390439962609
910000000,710000000,temporal,B0036,1,0.11195040658887712,2,7,9,temporal,0.0,1800.0,0.02000000000000001,0.40619901825124227,True,1.0,53724056,429.4390439962609,451.0589131696609,451.0589131696609
910000000,710000000,temporal,B0036,1,0.11195040658887712,3,9,12,temporal,0.0,1800.0,0.09319999999999999,0.8426429278546081,True,1.0,53724056,451.0589131696609,472.6755323487407,472.6755323487407
910000000,710000000,temporal,B0028,2,0.10850678477552161,1,2,8,temporal,0.0,1800.0,0.02000000000000001,0.11803695131034864,True,1.0,115862302,428.0017861768054,446.5556755909351,446.5556755909351
910000000,710000000,temporal,B0028,2,0.10850678477552161,2,8,13,temporal,387.5,627.5,0.0835,0.9569308680652743,True,1.0,115862302,446.5556755909351,458.149295960169,458.149295960169
910000000,710000000,temporal,B0007,2,0.5421778260100008,1,2,8,temporal,0.0,1800.0,0.02000000000000001,0.6458510899919225,True,1.0,55976744,442.4158231222467,451.3880232563764,451.3880232563764
910000000,710000000,temporal,B0007,2,0.5421778260100008,2,8,13,temporal,387.5,627.5,0.0835,0.35316049729985,True,1.0,55976744,451.3880232563764,456.99308782561036,456.99308782561036
910000000,710000000,temporal,B0060,1,0.7546255651708751,1,1,7,temporal,0.0,732.5,0.02000000000000001,0.08363868627607485,True,1.0,39719443,460.5213399690323,466.8861180537777,466.8861180537777
910000000,710000000,temporal,B0060,1,0.7546255651708751,2,7,9,temporal,0.0,1800.0,0.02000000000000001,0.6098762475733741,True,1.0,39719443,466.8861180537777,482.9041420271777,482.9041420271777
910000000,710000000,temporal,B0060,1,0.7546255651708751,3,9,12,temporal,0.0,1800.0,0.09319999999999999,0.34837832058906715,True,1.0,39719443,482.9041420271777,498.9189160062576,498.9189160062576
910000000,710000000,temporal,B0072,0,0.6426103783034696,1,0,12,temporal,197.5,677.5,0.0972,0.5805126754969371,True,1.0,35229547,466.2242215586723,473.2744657151427,473.2744657151427
910000000,710000000,temporal,B0000,2,0.7527858883282608,1,2,8,temporal,0.0,1800.0,0.02000000000000001,0.7312434096817187,True,1.0,61454555,476.5512868215482,486.3999367156779,486.3999367156779
910000000,710000000,temporal,B0000,2,0.7527858883282608,2,8,13,temporal,387.5,627.5,0.0835,0.5445714204949011,True,1.0,61454555,486.3999367156779,492.55278238491184,492.55278238491184
910000000,710000000,temporal,B0081,0,0.5690106066053574,1,0,12,temporal,197.5,677.5,0.0972,0.9905539096687919,True,1.0,108570106,477.85888103833486,499.5772369948052,499.5772369948052
910000000,710000000,temporal,B0047,2,0.8089408532474548,1,2,8,temporal,0.0,1800.0,0.02000000000000001,0.4802613665476472,True,1.0,104648695,481.31685686000066,498.0765691541303,498.0765691541303
910000000,710000000,temporal,B0047,2,0.8089408532474548,2,8,13,temporal,387.5,627.5,0.0835,0.20389093120123214,True,1.0,104648695,498.0765691541303,508.54882882336426,508.54882882336426
910000000,710000000,temporal,B0037,0,0.20410644039069095,1,0,12,temporal,197.5,677.5,0.0972,0.456464364152685,True,1.0,25428039,506.322755329866,511.4126978863364,511.4126978863364
910000000,710000000,temporal,B0035,0,0.4585334325531223,1,0,12,temporal,197.5,677.5,0.0972,0.8016922645764589,True,1.0,99826310,508.0765194463609,528.0461162028313,528.0461162028313
910000000,710000000,temporal,B0054,0,0.1175464178961476,1,0,12,temporal,197.5,677.5,0.0972,0.32439275192799666,True,1.0,36083653,512.40619130954,519.6272566660103,519.6272566660103
910000000,710000000,temporal,B0063,2,0.10475252019802649,1,2,8,temporal,0.0,1800.0,0.02000000000000001,0.46258243690045575,True,1.0,30733597,512.6701087749478,517.6034053890775,517.6034053890775
910000000,710000000,temporal,B0063,2,0.10475252019802649,2,8,13,temporal,387.5,627.5,0.0835,0.8795475205389907,True,1.0,30733597,517.6034053890775,520.6841552583114,520.6841552583114
910000000,710000000,temporal,B0044,2,0.9955428848024412,1,2,8,temporal,0.0,1800.0,0.02000000000000001,0.539954325652346,True,1.0,80616731,518.1850058751027,531.0996039292323,531.0996039292323
910000000,710000000,temporal,B0044,2,0.9955428848024412,2,8,13,temporal,387.5,627.5,0.0835,0.9780120832913767,True,1.0,80616731,531.0996039292323,539.1686671984663,539.1686671984663
910000000,710000000,temporal,B0089,2,0.8932631675758038,1,2,8,temporal,0.0,1800.0,0.02000000000000001,0.08379953741402502,True,1.0,37382752,526.5657713205366,532.5629327346662,532.5629327346662
910000000,710000000,temporal,B0089,2,0.8932631675758038,2,8,13,temporal,387.5,627.5,0.0835,0.321636687613137,True,1.0,37382752,532.5629327346662,536.3085981039002,536.3085981039002
910000000,710000000,temporal,B0084,2,0.8504626696158631,1,2,8,temporal,0.0,1800.0,0.02000000000000001,0.6243913115314514,True,1.0,19023318,541.7176740237138,544.7773259978435,544.7773259978435
910000000,710000000,temporal,B0084,2,0.8504626696158631,2,8,13,temporal,387.5,627.5,0.0835,0.4891422928915031,True,1.0,19023318,544.7773259978435,546.6870479670774,546.6870479670774
910000000,710000000,temporal,B0020,1,0.7569067711949438,1,1,7,temporal,0.0,732.5,0.02000000000000001,0.5467472275759854,True,1.0,31386949,551.842500416075,556.8740794608204,556.8740794608204
910000000,710000000,temporal,B0020,1,0.7569067711949438,2,7,12,temporal,562.5,1157.5,0.09319999999999999,0.9144700607720824,True,1.0,31386949,562.5,565.6440579833293,565.6440579833293
910000000,710000000,temporal,B0032,2,0.5835276926427068,1,2,8,temporal,0.0,1800.0,0.02000000000000001,0.45829073354236016,True,1.0,30581466,558.3174449384512,563.226400592581,563.226400592581
910000000,710000000,temporal,B0032,2,0.5835276926427068,2,8,13,temporal,387.5,627.5,0.0835,0.03293493472277409,False,0.4546226229745513,13903027,563.226400592581,564.6167032213136,
910000000,710000000,temporal,B0032,2,0.5835276926427068,3,8,13,temporal,387.5,627.5,0.0835,0.3221762133312204,True,1.0,30581466,564.6167032213136,567.6822399905476,567.6822399905476
910000000,710000000,temporal,B0077,0,0.2503785075324589,1,0,12,temporal,197.5,677.5,0.0972,0.3251915574134222,True,1.0,83107552,565.9367640413398,582.5626091978102,582.5626091978102
910000000,710000000,temporal,B0006,2,0.15419746892796046,1,2,8,temporal,0.0,1800.0,0.02000000000000001,0.5737605332376152,True,1.0,62458144,598.7139539353001,608.7231780694298,608.7231780694298
910000000,710000000,temporal,B0006,2,0.15419746892796046,2,8,13,temporal,387.5,627.5,0.0835,0.2969242318472409,True,1.0,62458144,608.7231780694298,614.9763826386637,614.9763826386637
910000000,710000000,temporal,B0059,0,0.815286540994832,1,0,12,temporal,197.5,677.5,0.0972,0.7496940821936864,True,1.0,52906209,600.2868035652609,610.8723801217313,610.8723801217313
910000000,710000000,temporal,B0071,1,0.31290593266239536,1,1,7,temporal,0.0,732.5,0.02000000000000001,0.2414189841054133,True,1.0,66388094,606.3202342171703,616.9519964619157,616.9519964619157
910000000,710000000,temporal,B0071,1,0.31290593266239536,2,7,12,temporal,562.5,1157.5,0.09319999999999999,0.7259643628218353,True,1.0,66388094,616.9519964619157,623.5961689452449,623.5961689452449
910000000,710000000,temporal,B0017,2,0.9607882255511186,1,2,8,temporal,0.0,1800.0,0.02000000000000001,0.5339632013010163,True,1.0,82886032,606.6354431827327,619.9131293968624,619.9131293968624
910000000,710000000,temporal,B0017,2,0.9607882255511186,2,8,10,temporal,0.0,1800.0,0.02000000000000001,0.7208054338139133,True,1.0,82886032,619.9131293968624,653.1977889702624,653.1977889702624
910000000,710000000,temporal,B0017,2,0.9607882255511186,3,10,13,temporal,0.0,1800.0,0.0835,0.2239746711211157,True,1.0,82886032,653.1977889702624,686.4761155815345,686.4761155815345
910000000,710000000,temporal,B0078,1,0.6788282221836142,1,1,7,temporal,0.0,732.5,0.02000000000000001,0.44736563997541645,True,1.0,48623187,615.0763769903235,622.8657541150689,622.8657541150689
910000000,710000000,temporal,B0078,1,0.6788282221836142,2,7,12,temporal,562.5,1157.5,0.09319999999999999,0.20949032295303804,True,1.0,48623187,622.8657541150689,627.733435898398,627.733435898398
910000000,710000000,temporal,B0009,1,0.18961466383173833,1,1,7,temporal,0.0,732.5,0.02000000000000001,0.7593224111681842,True,1.0,61470538,617.8229753836332,627.6679286683785,627.6679286683785
910000000,710000000,temporal,B0009,1,0.18961466383173833,2,7,12,temporal,562.5,1157.5,0.09319999999999999,0.4615496136698056,True,1.0,61470538,627.6679286683785,633.8203455517078,633.8203455517078
910000000,710000000,temporal,B0010,1,0.42981248039145037,1,1,7,temporal,0.0,732.5,0.02000000000000001,0.5135592244972668,True,1.0,113950915,629.3093275997484,647.5511412044938,647.5511412044938
910000000,710000000,temporal,B0010,1,0.42981248039145037,2,7,12,temporal,562.5,1157.5,0.09319999999999999,0.7161556232171925,True,1.0,113950915,647.5511412044938,658.9515957878231,658.9515957878231
910000000,710000000,temporal,B0055,1,0.5958217840589656,1,1,7,temporal,0.0,732.5,0.02000000000000001,0.9574918738297329,True,1.0,100418414,629.4001643403146,645.47677778506,645.47677778506
910000000,710000000,temporal,B0055,1,0.5958217840589656,2,7,12,temporal,562.5,1157.5,0.09319999999999999,0.48489813477239063,True,1.0,100418414,645.47677778506,655.5239822683892,655.5239822683892
910000000,710000000,temporal,B0052,2,0.28178377941545174,1,2,8,temporal,0.0,1800.0,0.02000000000000001,0.7073079343382435,True,1.0,28727584,635.6344979266204,640.24683246075,640.24683246075
910000000,710000000,temporal,B0052,2,0.28178377941545174,2,8,10,temporal,0.0,1800.0,0.02000000000000001,0.3903453029113054,True,1.0,28727584,640.24683246075,651.8681128341501,651.8681128341501
910000000,710000000,temporal,B0052,2,0.28178377941545174,3,10,13,temporal,0.0,1800.0,0.0835,0.3773201774106959,True,1.0,28727584,651.8681128341501,663.4830602454222,663.4830602454222
910000000,710000000,temporal,B0087,0,0.16801625127603365,1,0,12,temporal,197.5,677.5,0.0972,0.8773855840750358,True,1.0,44967128,637.121321215231,646.1190815717014,646.1190815717014
910000000,710000000,temporal,B0038,0,0.6514202452051495,1,0,12,temporal,197.5,677.5,0.0972,0.1840719506705043,True,1.0,95603724,649.0452536871717,668.1703332436421,668.1703332436421
910000000,710000000,temporal,B0042,0,0.35115552089958924,1,0,12,temporal,197.5,677.5,0.0972,0.09501432095677065,False,0.5620831511061053,30201081,653.22104390336,659.2612599303734,
910000000,710000000,temporal,B0042,0,0.35115552089958924,2,0,12,temporal,197.5,677.5,0.0972,0.4039744159730695,True,1.0,53730627,659.2612599303734,670.0117200868438,670.0117200868438
910000000,710000000,temporal,B0041,0,0.22530648001932518,1,0,7,temporal,252.5,1122.5,0.02000000000000001,0.18374746974188882,True,1.0,114931108,664.3374643237603,682.7370281133527,682.7370281133527
910000000,710000000,temporal,B0041,0,0.22530648001932518,2,7,12,temporal,562.5,1157.5,0.09319999999999999,0.7763072035197561,True,1.0,114931108,682.7370281133527,694.2355019966819,694.2355019966819
910000000,710000000,temporal,B0019,1,0.9333559072826239,1,1,7,temporal,0.0,732.5,0.02000000000000001,0.5385467176015097,True,1.0,83649767,690.9466380311383,704.3402679558836,704.3402679558836
910000000,710000000,temporal,B0019,1,0.9333559072826239,2,7,12,temporal,562.5,1157.5,0.09319999999999999,0.5796039688951324,True,1.0,83649767,704.3402679558836,712.710607739213,712.710607739213
910000000,710000000,temporal,B0039,0,0.2546626481863488,1,0,7,temporal,252.5,1122.5,0.02000000000000001,0.15683090125254517,True,1.0,34389494,699.2547459400355,704.767651489628,704.767651489628
910000000,710000000,temporal,B0039,0,0.2546626481863488,2,7,12,temporal,562.5,1157.5,0.09319999999999999,0.22819120752086586,True,1.0,34389494,704.767651489628,708.2119639729572,708.2119639729572
910000000,710000000,temporal,B0013,1,0.7547952627983595,1,1,7,temporal,0.0,732.5,0.02000000000000001,0.38579361968947057,True,1.0,55342875,716.71891451566,725.5834417204054,725.5834417204054
910000000,710000000,temporal,B0013,1,0.7547952627983595,2,7,12,temporal,562.5,1157.5,0.09319999999999999,0.7572123161526361,True,1.0,55342875,725.5834417204054,731.1230923037347,731.1230923037347
910000000,710000000,temporal,B0085,0,0.27367076486161424,1,0,7,temporal,252.5,1122.5,0.02000000000000001,0.4701139785047168,True,1.0,75567410,717.1389964897006,729.2403685992931,729.2403685992931
910000000,710000000,temporal,B0085,0,0.27367076486161424,2,7,12,temporal,562.5,1157.5,0.09319999999999999,0.09459726578012251,True,1.0,75567410,729.2403685992931,736.8024726826224,736.8024726826224
910000000,710000000,temporal,B0023,1,0.37075404603822104,1,1,9,temporal,0.0,1800.0,0.022000000000000013,0.41401666081441324,True,1.0,118391816,721.8678996658381,800.9191359836205,800.9191359836205
910000000,710000000,temporal,B0023,1,0.37075404603822104,2,9,12,temporal,0.0,1800.0,0.09319999999999999,0.9528955033545476,True,1.0,118391816,800.9191359836205,848.4028591627003,848.4028591627003
910000000,710000000,temporal,B0031,1,0.2776558266982295,1,1,7,temporal,0.0,732.5,0.02000000000000001,0.7717003709706316,True,1.0,44678825,722.0982142114581,729.2564934162034,729.2564934162034
910000000,710000000,temporal,B0031,1,0.2776558266982295,2,7,12,temporal,562.5,1157.5,0.09319999999999999,0.13445456811442702,True,1.0,44678825,729.2564934162034,733.7297389995326,733.7297389995326
910000000,710000000,temporal,B0068,1,0.285641711123241,1,1,7,temporal,0.0,732.5,0.02000000000000001,0.18352723311287622,True,1.0,41667928,722.8558728779329,729.5324085626783,729.5324085626783
910000000,710000000,temporal,B0068,1,0.285641711123241,2,7,12,temporal,562.5,1157.5,0.09319999999999999,0.13819054287507215,True,1.0,41667928,729.5324085626783,733.7045644460076,733.7045644460076
910000000,710000000,temporal,B0092,2,0.14191182308362138,1,2,8,temporal,0.0,1800.0,0.02000000000000001,0.19260275023432671,True,1.0,88378903,733.1118928145986,747.2684383887283,747.2684383887283
910000000,710000000,temporal,B0092,2,0.14191182308362138,2,8,10,temporal,0.0,1800.0,0.02000000000000001,0.8439888659551102,True,1.0,88378903,747.2684383887283,782.7502463621283,782.7502463621283
910000000,710000000,temporal,B0092,2,0.14191182308362138,3,10,13,temporal,0.0,1800.0,0.0835,0.32416592223052365,True,1.0,88378903,782.7502463621283,818.2257213734003,818.2257213734003
910000000,710000000,temporal,B0095,2,0.5477128866552389,1,2,8,temporal,0.0,1800.0,0.02000000000000001,0.22499285641572198,True,1.0,19252345,741.8773064730589,744.9736027671886,744.9736027671886
910000000,710000000,temporal,B0095,2,0.5477128866552389,2,8,10,temporal,0.0,1800.0,0.02000000000000001,0.9765146230652242,True,1.0,19252345,744.9736027671886,752.8047875405886,752.8047875405886
910000000,710000000,temporal,B0095,2,0.5477128866552389,3,10,13,temporal,0.0,1800.0,0.0835,0.7393203223419178,True,1.0,19252345,752.8047875405886,760.6296393518605,760.6296393518605
910000000,710000000,temporal,B0079,0,0.22255270674054278,1,0,7,temporal,252.5,1122.5,0.02000000000000001,0.8921828991024028,True,1.0,40080667,745.8968718676523,752.3203650972448,752.3203650972448
910000000,710000000,temporal,B0079,0,0.22255270674054278,2,7,12,temporal,562.5,1157.5,0.09319999999999999,0.9167352567414383,True,1.0,40080667,752.3203650972448,756.333794880574,756.333794880574
910000000,710000000,temporal,B0057,0,0.4589860268902919,1,0,7,temporal,252.5,1122.5,0.02000000000000001,0.8801860239374136,True,1.0,23087629,762.3508151695588,766.0554223191513,766.0554223191513
910000000,710000000,temporal,B0057,0,0.4589860268902919,2,7,12,temporal,562.5,1157.5,0.09319999999999999,0.489355558055531,True,1.0,23087629,766.0554223191513,768.3695483024806,768.3695483024806
910000000,710000000,temporal,B0051,0,0.9986247288470933,1,0,7,temporal,252.5,1122.5,0.02000000000000001,0.611102331176447,True,1.0,91356947,783.429929445959,798.0576274755515,798.0576274755515
910000000,710000000,temporal,B0051,0,0.9986247288470933,2,7,12,temporal,562.5,1157.5,0.09319999999999999,0.8154996357270391,True,1.0,91356947,798.0576274755515,807.1986852588808,807.1986852588808
910000000,710000000,temporal,B0062,2,0.9517196604016409,1,2,8,temporal,0.0,1800.0,0.02000000000000001,0.6171510652992143,True,1.0,24359840,792.8983457482284,796.8118412423581,796.8118412423581
910000000,710000000,temporal,B0062,2,0.9517196604016409,2,8,10,temporal,0.0,1800.0,0.02000000000000001,0.549301824832714,True,1.0,24359840,796.8118412423581,806.6860240157581,806.6860240157581
910000000,710000000,temporal,B0062,2,0.9517196604016409,3,10,13,temporal,0.0,1800.0,0.0835,0.05770541697703224,False,0.4039064159849072,9839096,806.6860240157581,810.6216622831045,
910000000,710000000,temporal,B0062,2,0.9517196604016409,4,10,13,temporal,0.0,1800.0,0.0835,0.4926876318599068,True,1.0,24359840,810.6216622831045,820.4895120943764,820.4895120943764
910000000,710000000,temporal,B0090,1,0.6484018907229743,1,1,9,temporal,0.0,1800.0,0.022000000000000013,0.15154161417530798,True,1.0,58024608,804.3450447797605,843.1514757642097,843.1514757642097
910000000,710000000,temporal,B0090,1,0.6484018907229743,2,9,12,temporal,0.0,1800.0,0.09319999999999999,0.775488262250299,True,1.0,58024608,843.1514757642097,866.4883157432896,866.4883157432896
910000000,710000000,temporal,B0022,2,0.6423473743038504,1,2,8,temporal,0.0,1800.0,0.02000000000000001,0.4489153559583392,True,1.0,110611170,813.6777366799066,831.3914449740363,831.3914449740363
910000000,710000000,temporal,B0022,2,0.6423473743038504,2,8,10,temporal,0.0,1800.0,0.02000000000000001,0.3927965097516546,True,1.0,110611170,831.3914449740363,875.7661597474363,875.7661597474363
910000000,710000000,temporal,B0022,2,0.6423473743038504,3,10,13,temporal,0.0,1800.0,0.0835,0.4708661724176061,True,1.0,110611170,875.7661597474363,920.1345415587083,920.1345415587083
910000000,710000000,temporal,B0065,2,0.40516841851704155,1,2,8,temporal,0.0,1800.0,0.02000000000000001,0.48218932121920866,True,1.0,76794031,818.2013484397644,830.5043144938941,830.5043144938941
910000000,710000000,temporal,B0065,2,0.40516841851704155,2,8,10,temporal,0.0,1800.0,0.02000000000000001,0.0883430170922509,True,1.0,76794031,830.5043144938941,861.3521736672941,861.3521736672941
910000000,710000000,temporal,B0065,2,0.40516841851704155,3,10,13,temporal,0.0,1800.0,0.0835,0.12617094537779416,True,1.0,76794031,861.3521736672941,892.1936998785661,892.1936998785661
910000000,710000000,temporal,B0050,0,0.6444014642812675,1,0,7,temporal,252.5,1122.5,0.02000000000000001,0.6863075426333665,True,1.0,118377857,821.4424646606506,840.3935082902431,840.3935082902431
910000000,710000000,temporal,B0050,0,0.6444014642812675,2,7,12,temporal,562.5,1157.5,0.09319999999999999,0.6690117681766866,True,1.0,118377857,840.3935082902431,852.2366570735724,852.2366570735724
910000000,710000000,temporal,B0049,0,0.6881539006361468,1,0,7,temporal,252.5,1122.5,0.02000000000000001,0.7638163210890885,True,1.0,116781264,838.191208511848,856.8867972614405,856.8867972614405
910000000,710000000,temporal,B0049,0,0.6881539006361468,2,7,12,temporal,562.5,1157.5,0.09319999999999999,0.20105503006858527,True,1.0,116781264,856.8867972614405,868.5702867447698,868.5702867447698
910000000,710000000,temporal,B0048,2,0.990300128689138,1,2,8,temporal,0.0,1800.0,0.02000000000000001,0.461573276657932,True,1.0,106964948,838.9577889766086,856.0881017507384,856.0881017507384
910000000,710000000,temporal,B0048,2,0.990300128689138,2,8,10,temporal,0.0,1800.0,0.02000000000000001,0.10831495726783624,True,1.0,106964948,856.0881017507384,899.0043277241384,899.0043277241384
910000000,710000000,temporal,B0048,2,0.990300128689138,3,10,13,temporal,0.0,1800.0,0.0835,0.23730228361968986,True,1.0,106964948,899.0043277241384,941.9142207354105,941.9142207354105
910000000,710000000,temporal,B0034,2,0.9539165505800509,1,2,8,temporal,0.0,1800.0,0.02000000000000001,0.8803853386078342,True,1.0,53626480,842.1343724517105,850.7305303458402,850.7305303458402
910000000,710000000,temporal,B0034,2,0.9539165505800509,2,8,10,temporal,0.0,1800.0,0.02000000000000001,0.9403376065676208,True,1.0,53626480,850.7305303458402,872.3113691192402,872.3113691192402
910000000,710000000,temporal,B0034,2,0.9539165505800509,3,10,13,temporal,0.0,1800.0,0.0835,0.7480910466970319,True,1.0,53626480,872.3113691192402,893.8858749305123,893.8858749305123
910000000,710000000,temporal,B0086,2,0.2940917148200175,1,2,8,temporal,0.0,1800.0,0.02000000000000001,0.4121743870869432,True,1.0,27117693,846.9262980954293,851.281050069559,851.281050069559
910000000,710000000,temporal,B0086,2,0.2940917148200175,2,8,10,temporal,0.0,1800.0,0.02000000000000001,0.1400560775670736,True,1.0,27117693,851.281050069559,862.258374042959,862.258374042959
910000000,710000000,temporal,B0086,2,0.2940917148200175,3,10,13,temporal,0.0,1800.0,0.0835,0.6894876784733599,True,1.0,27117693,862.258374042959,873.2293650542309,873.2293650542309
910000000,710000000,temporal,B0003,2,0.6810342550492756,1,2,8,temporal,0.0,1800.0,0.02000000000000001,0.8980452336992186,True,1.0,110403897,854.8389962756323,872.519540889762,872.519540889762
910000000,710000000,temporal,B0003,2,0.6810342550492756,2,8,10,temporal,0.0,1800.0,0.02000000000000001,0.47794742169823,True,1.0,110403897,872.519540889762,916.811346463162,916.811346463162
910000000,710000000,temporal,B0003,2,0.6810342550492756,3,10,13,temporal,0.0,1800.0,0.0835,0.9976175347405063,True,1.0,110403897,916.811346463162,961.0968190744339,961.0968190744339
910000000,710000000,temporal,B0029,1,0.1883856442431594,1,1,9,temporal,0.0,1800.0,0.022000000000000013,0.0145273736442042,False,0.9185585119183978,41613007,859.3231313619013,887.0651354764136,
910000000,710000000,temporal,B0029,1,0.1883856442431594,2,1,9,temporal,0.0,1800.0,0.022000000000000013,0.43031565432006924,True,1.0,45302510,887.0651354764136,917.3901677941961,917.3901677941961
910000000,710000000,temporal,B0029,1,0.1883856442431594,3,9,12,temporal,0.0,1800.0,0.09319999999999999,0.505770969412191,True,1.0,45302510,917.3901677941961,935.638168573276,935.638168573276
910000000,710000000,temporal,B0088,0,0.3252136922697543,1,0,7,temporal,252.5,1122.5,0.02000000000000001,0.2724160453559573,True,1.0,107045465,866.9998583423104,884.1377192519029,884.1377192519029
910000000,710000000,temporal,B0088,0,0.3252136922697543,2,7,12,temporal,562.5,1157.5,0.09319999999999999,0.8411437232286442,True,1.0,107045465,884.1377192519029,894.8476288352322,894.8476288352322
910000000,710000000,temporal,B0083,1,0.7646971807594524,1,1,9,temporal,0.0,1800.0,0.022000000000000013,0.3839961613084981,True,1.0,83901667,874.9186721952314,930.9764758463472,930.9764758463472
910000000,710000000,temporal,B0083,1,0.7646971807594524,2,9,12,temporal,0.0,1800.0,0.09319999999999999,0.7487661993127234,True,1.0,83901667,930.9764758463472,964.664139425427,964.664139425427
910000000,710000000,temporal,B0093,1,0.24991703023136128,1,1,9,temporal,0.0,1800.0,0.022000000000000013,0.8203035616213937,True,1.0,60155916,882.3858673108879,922.613170295337,922.613170295337
910000000,710000000,temporal,B0093,1,0.24991703023136128,2,9,12,temporal,0.0,1800.0,0.09319999999999999,0.9783224380944053,True,1.0,60155916,922.613170295337,946.8025334744168,946.8025334744168
910000000,710000000,temporal,B0070,0,0.18031069695620797,1,0,7,temporal,252.5,1122.5,0.02000000000000001,0.253261060263441,True,1.0,94488492,885.7562966389987,900.8850418685912,900.8850418685912
910000000,710000000,temporal,B0070,0,0.18031069695620797,2,7,12,temporal,562.5,1157.5,0.09319999999999999,0.5183168370353388,True,1.0,94488492,900.8850418685912,910.3392541519205,910.3392541519205
910000000,710000000,rl_pure,B0075,0,0.6963433191448201,1,0,12,rl,197.5,677.5,0.0972,0.949366784394638,True,1.0,20077847,197.5,201.51990415647037,201.51990415647037
910000000,710000000,rl_pure,B0082,2,0.5832120947246973,1,2,9,rl,0.0,1800.0,0.022000000000000013,0.6400337990906698,True,1.0,68923584,1.5977203338402468,47.68666557632937,47.68666557632937
910000000,710000000,rl_pure,B0082,2,0.5832120947246973,2,9,12,rl,0.0,1800.0,0.09319999999999999,0.4284536383119216,True,1.0,68923584,47.68666557632937,75.3830959554092,75.3830959554092
910000000,710000000,rl_pure,B0045,1,0.15882560804283763,1,1,9,rl,0.0,1800.0,0.022000000000000013,0.4490535645022077,True,1.0,104588455,18.351007760816106,88.20000341193199,88.20000341193199
910000000,710000000,rl_pure,B0045,1,0.15882560804283763,2,9,12,rl,0.0,1800.0,0.09319999999999999,0.2099353062759829,True,1.0,104588455,88.20000341193199,130.16238219101183,130.16238219101183
910000000,710000000,rl_pure,B0067,0,0.6553938654403667,1,0,12,rl,197.5,677.5,0.0972,0.09072893822537342,False,0.5253914093746219,12196896,197.5,199.93937907386285,
910000000,710000000,rl_pure,B0067,0,0.6553938654403667,2,0,12,rl,197.5,677.5,0.0972,0.693719318088782,True,1.0,23214874,199.93937907386285,204.5866886303332,204.5866886303332
910000000,710000000,rl_pure,B0098,2,0.18145527775069903,1,2,9,rl,0.0,1800.0,0.022000000000000013,0.6758522711627618,True,1.0,49490886,23.482132044834724,56.61594528732385,56.61594528732385
910000000,710000000,rl_pure,B0098,2,0.18145527775069903,2,9,12,rl,0.0,1800.0,0.09319999999999999,0.05103505539139375,False,0.3113990159860857,15411414,56.61594528732385,62.78051056759566,
910000000,710000000,rl_pure,B0098,2,0.18145527775069903,3,9,12,rl,0.0,1800.0,0.09319999999999999,0.34497622531151306,True,1.0,49490886,62.78051056759566,82.7038617466755,82.7038617466755
910000000,710000000,rl_pure,B0058,2,0.11030204039879213,1,2,9,rl,0.0,1800.0,0.022000000000000013,0.9627679532145702,True,1.0,47063728,28.931596622806744,60.44730453196254,60.44730453196254
910000000,710000000,rl_pure,B0058,2,0.11030204039879213,2,9,12,rl,0.0,1800.0,0.09319999999999999,0.6011532192144152,True,1.0,47063728,60.44730453196254,79.39979251104236,79.39979251104236
910000000,710000000,rl_pure,B0043,0,0.6868774890827484,1,0,12,rl,197.5,677.5,0.0972,0.759305018877609,True,1.0,90487939,197.5,215.60192255647036,215.60192255647036
910000000,710000000,rl_pure,B0033,2,0.32193286004916305,1,2,9,rl,0.0,1800.0,0.022000000000000013,0.47118937229169333,True,1.0,16682226,46.424525067161724,57.68589830965085,57.68589830965085
910000000,710000000,rl_pure,B0033,2,0.32193286004916305,2,9,12,rl,0.0,1800.0,0.09319999999999999,0.38769264473380716,True,1.0,16682226,57.68589830965085,64.48578548873068,64.48578548873068
910000000,710000000,rl_pure,B0002,1,0.8108829016945442,1,1,9,rl,0.0,1800.0,0.022000000000000013,0.9813262268180679,True,1.0,91816736,111.14774910962066,172.4822654274032,172.4822654274032
910000000,710000000,rl_pure,B0002,1,0.8108829016945442,2,9,12,rl,0.0,1800.0,0.09319999999999999,0.36743148580316165,True,1.0,91816736,172.4822654274032,209.33595660648302,209.33595660648302
910000000,710000000,rl_pure,B0080,0,0.6106969942763446,1,0,12,rl,197.5,677.5,0.0972,0.7882036820371799,True,1.0,73183594,197.5,212.14105355647038,212.14105355647038
910000000,710000000,rl_pure,B0016,2,0.8667776675129164,1,2,9,rl,0.0,1800.0,0.022000000000000013,0.031006916982352695,True,1.0,63616735,120.24720263061319,162.79824853976896,162.79824853976896
910000000,710000000,rl_pure,B0016,2,0.8667776675129164,2,9,12,rl,0.0,1800.0,0.09319999999999999,0.6835003793013374,True,1.0,63616735,162.79824853976896,188.3719393188488,188.3719393188488
910000000,710000000,rl_pure,B0024,1,0.8988875692115696,1,1,9,rl,0.0,1800.0,0.022000000000000013,0.853093891702941,True,1.0,20202355,147.17803294881094,160.76962859992682,160.76962859992682
910000000,710000000,rl_pure,B0024,1,0.8988875692115696,2,9,12,rl,0.0,1800.0,0.09319999999999999,0.297847904375927,True,1.0,20202355,160.76962859992682,168.97756737900664,168.97756737900664
910000000,710000000,rl_pure,B0076,2,0.8699988722932254,1,2,9,rl,0.0,1800.0,0.022000000000000013,0.981871059963233,True,1.0,39284936,147.2510620371984,173.58090861302085,173.58090861302085
910000000,710000000,rl_pure,B0076,2,0.8699988722932254,2,9,12,rl,0.0,1800.0,0.09319999999999999,0.7624461495473803,True,1.0,39284936,173.58090861302085,189.4218797921007,189.4218797921007
910000000,710000000,rl_pure,B0004,2,0.15659919535511505,1,2,9,rl,0.0,1800.0,0.022000000000000013,0.9524828693842949,True,1.0,43103669,156.8909816138996,185.76665018972207,185.76665018972207
910000000,710000000,rl_pure,B0004,2,0.15659919535511505,2,9,12,rl,0.0,1800.0,0.09319999999999999,0.0703995870139903,False,0.3059914850732631,13189356,185.76665018972207,191.04239246548863,
910000000,710000000,rl_pure,B0004,2,0.15659919535511505,3,9,12,rl,0.0,1800.0,0.09319999999999999,0.43611947477024204,True,1.0,43103669,191.04239246548863,208.41085684456846,208.41085684456846
910000000,710000000,rl_pure,B0030,2,0.8295347205119564,1,2,9,rl,0.0,1800.0,0.022000000000000013,0.15738430359857392,True,1.0,62027372,158.7805641693065,200.27203474512896,200.27203474512896
910000000,710000000,rl_pure,B0030,2,0.8295347205119564,2,9,12,rl,0.0,1800.0,0.09319999999999999,0.17029146853421528,True,1.0,62027372,200.27203474512896,225.2099803242088,225.2099803242088
910000000,710000000,rl_pure,B0014,1,0.12369199645494916,1,1,9,rl,0.0,1800.0,0.022000000000000013,0.16502533640110206,True,1.0,19464616,158.9838937049368,172.08366335605268,172.08366335605268
910000000,710000000,rl_pure,B0014,1,0.12369199645494916,2,9,12,rl,0.0,1800.0,0.09319999999999999,0.5565100470917491,True,1.0,19464616,172.08366335605268,179.9965065351325,179.9965065351325
910000000,710000000,rl_pure,B0018,1,0.49852539969532617,1,1,9,rl,0.0,1800.0,0.022000000000000013,0.06842116951875532,True,1.0,94596223,160.8889867203176,224.0764943714335,224.0764943714335
910000000,710000000,rl_pure,B0018,1,0.49852539969532617,2,9,12,rl,0.0,1800.0,0.09319999999999999,0.6679971691512241,True,1.0,94596223,224.0764943714335,262.0419803505133,262.0419803505133
910000000,710000000,rl_pure,B0027,0,0.8031621781143155,1,0,12,rl,197.5,677.5,0.0972,0.12057509739924488,True,1.0,119907297,197.5,221.48579415647038,221.48579415647038
910000000,710000000,rl_pure,B0011,1,0.42638784444307753,1,1,9,rl,0.0,1800.0,0.022000000000000013,0.8829465101450971,True,1.0,14795580,176.80112731324914,186.78820629769837,186.78820629769837
910000000,710000000,rl_pure,B0011,1,0.42638784444307753,2,9,12,rl,0.0,1800.0,0.09319999999999999,0.2953535711012376,True,1.0,14795580,186.78820629769837,192.8334350767782,192.8334350767782
910000000,710000000,rl_pure,B0001,0,0.7618087655025267,1,0,12,rl,197.5,677.5,0.0972,0.6226901407228914,True,1.0,24662924,197.5,202.43691955647037,202.43691955647037
910000000,710000000,rl_pure,B0012,1,0.4809056416791908,1,1,9,rl,0.0,1800.0,0.022000000000000013,0.9797958977795027,True,1.0,15027397,186.1471862882127,196.2888099393286,196.2888099393286
910000000,710000000,rl_pure,B0012,1,0.4809056416791908,2,9,12,rl,0.0,1800.0,0.09319999999999999,0.05642542869664169,False,0.6443227591658864,9682494,196.2888099393286,200.16180749857705,
910000000,710000000,rl_pure,B0012,1,0.4809056416791908,3,9,12,rl,0.0,1800.0,0.09319999999999999,0.5666061837290471,True,1.0,15027397,200.16180749857705,206.29976307765688,206.29976307765688
910000000,710000000,rl_pure,B0091,1,0.14338083462465395,1,1,9,rl,0.0,1800.0,0.022000000000000013,0.8886716002425877,True,1.0,113421275,192.78855200352598,268.52609432130856,268.52609432130856
910000000,710000000,rl_pure,B0091,1,0.14338083462465395,2,9,12,rl,0.0,1800.0,0.09319999999999999,0.38672377836917515,True,1.0,113421275,268.52609432130856,314.0216011003884,314.0216011003884
910000000,710000000,rl_pure,B0094,1,0.2916787819217951,1,1,9,rl,0.0,1800.0,0.022000000000000013,0.48313583597456633,True,1.0,51483253,207.85724422485825,242.30277187597414,242.30277187597414
910000000,710000000,rl_pure,B0094,1,0.2916787819217951,2,9,12,rl,0.0,1800.0,0.09319999999999999,0.6768770245911208,True,1.0,51483253,242.30277187597414,263.02306985505396,263.02306985505396
910000000,710000000,rl_pure,B0096,1,0.5949218530204232,1,1,9,rl,0.0,1800.0,0.022000000000000013,0.24150406144305903,True,1.0,115223477,240.54197126383136,317.4809815816139,317.4809815816139
910000000,710000000,rl_pure,B0096,1,0.5949218530204232,2,9,12,rl,0.0,1800.0,0.09319999999999999,0.5328832058976333,True,1.0,115223477,317.4809815816139,363.6973691606937,363.6973691606937
910000000,710000000,rl_pure,B0064,2,0.19183322229052083,1,2,9,rl,0.0,1800.0,0.022000000000000013,0.6357623045871986,True,1.0,39181552,244.36799034218842,270.6289142513442,270.6289142513442
910000000,710000000,rl_pure,B0064,2,0.19183322229052083,2,9,12,rl,0.0,1800.0,0.09319999999999999,0.6604367963370975,True,1.0,39181552,270.6289142513442,286.42853183042405,286.42853183042405
910000000,710000000,rl_pure,B0025,0,0.23837816946736928,1,0,12,rl,197.5,677.5,0.0972,0.8412963379359536,True,1.0,114880130,245.54401254837353,268.5243733048439,268.5243733048439
910000000,710000000,rl_pure,B0046,1,0.8261776112107054,1,1,9,rl,0.0,1800.0,0.022000000000000013,0.4829997171657887,True,1.0,116287822,248.84295428003333,326.4915279311492,326.4915279311492
910000000,710000000,rl_pure,B0046,1,0.8261776112107054,2,9,12,rl,0.0,1800.0,0.09319999999999999,0.6402011347580784,True,1.0,116287822,326.4915279311492,373.13365351022907,373.13365351022907
910000000,710000000,rl_pure,B0099,0,0.3168682298081396,1,0,12,rl,197.5,677.5,0.0972,0.5266080864878093,True,1.0,23720956,266.3780856784944,271.1266116349648,271.1266116349648
910000000,710000000,rl_pure,B0008,1,0.988583989851672,1,1,9,rl,0.0,1800.0,0.022000000000000013,0.4059823315056177,True,1.0,79218058,271.3387438092476,324.2741414603635,324.2741414603635
910000000,710000000,rl_pure,B0008,1,0.988583989851672,2,9,12,rl,0.0,1800.0,0.09319999999999999,0.8348848679284688,True,1.0,79218058,324.2741414603635,356.08836143944336,356.08836143944336
910000000,710000000,rl_pure,B0056,1,0.11093094298785028,1,1,9,rl,0.0,1800.0,0.022000000000000013,0.5259955891549429,True,1.0,106404681,273.7474020143416,344.8072149987908,344.8072149987908
910000000,710000000,rl_pure,B0056,1,0.11093094298785028,2,9,12,rl,0.0,1800.0,0.09319999999999999,0.7669175368612788,True,1.0,106404681,344.8072149987908,387.49608417787067,387.49608417787067
910000000,710000000,rl_pure,B0073,2,0.6362207456420435,1,2,9,rl,0.0,1800.0,0.022000000000000013,0.6824149797247802,True,1.0,100801895,279.3521410051665,346.69329358098895,346.69329358098895
910000000,710000000,rl_pure,B0073,2,0.6362207456420435,2,9,12,rl,0.0,1800.0,0.09319999999999999,0.8427353420687095,True,1.0,100801895,346.69329358098895,387.1410483600688,387.1410483600688
910000000,710000000,rl_pure,B0097,1,0.6171937900408145,1,1,9,rl,0.0,1800.0,0.022000000000000013,0.9402278490032469,True,1.0,110482060,293.321279423352,367.09934507446786,367.09934507446786
910000000,710000000,rl_pure,B0097,1,0.6171937900408145,2,9,12,rl,0.0,1800.0,0.09319999999999999,0.28475431085091707,True,1.0,110482060,367.09934507446786,411.4191658535477,411.4191658535477
910000000,710000000,rl_pure,B0053,2,0.6060572785840749,1,2,9,rl,0.0,1800.0,0.022000000000000013,0.17385249781561418,True,1.0,91295243,297.40985757689475,358.4132421527172,358.4132421527172
910000000,710000000,rl_pure,B0053,2,0.6060572785840749,2,9,12,rl,0.0,1800.0,0.09319999999999999,0.92930017767017,True,1.0,91295243,358.4132421527172,395.05833613179703,395.05833613179703
910000000,710000000,rl_pure,B0040,0,0.6374841725599185,1,0,12,rl,197.5,677.5,0.0972,0.36253677518769456,True,1.0,116757303,303.92576679951145,327.2815621559818,327.2815621559818
910000000,710000000,rl_pure,B0074,1,0.8205064999506386,1,1,9,rl,0.0,1800.0,0.022000000000000013,0.7444501123342091,True,1.0,70559881,308.7489490264341,355.91222867755,355.91222867755
910000000,710000000,rl_pure,B0074,1,0.8205064999506386,2,9,12,rl,0.0,1800.0,0.09319999999999999,0.92402251764482,True,1.0,70559881,355.91222867755,384.2631778566298,384.2631778566298
910000000,710000000,rl_pure,B0061,1,0.2962094250525832,1,1,9,rl,0.0,1800.0,0.022000000000000013,0.6677879540769492,True,1.0,99554345,313.44082003213794,379.93374234992046,379.93374234992046
910000000,710000000,rl_pure,B0061,1,0.2962094250525832,2,9,12,rl,0.0,1800.0,0.09319999999999999,0.8531718145736512,True,1.0,99554345,379.93374234992046,419.8824771290003,419.8824771290003
910000000,710000000,rl_pure,B0005,2,0.5800036162518872,1,2,9,rl,0.0,1800.0,0.022000000000000013,0.8785215166331116,True,1.0,99974897,345.4438424108313,412.2336629866537,412.2336629866537
910000000,710000000,rl_pure,B0005,2,0.5800036162518872,2,9,12,rl,0.0,1800.0,0.09319999999999999,0.7717759609884908,True,1.0,99974897,412.2336629866537,452.35061856573355,452.35061856573355
910000000,710000000,rl_pure,B0021,2,0.9514028377370961,1,2,9,rl,0.0,1800.0,0.022000000000000013,0.7776872629222539,True,1.0,117978531,359.15055658880027,437.9427998312894,437.9427998312894
910000000,710000000,rl_pure,B0021,2,0.9514028377370961,2,9,12,rl,0.0,1800.0,0.09319999999999999,0.43617324121130097,True,1.0,117978531,437.9427998312894,485.2612090103692,485.2612090103692
910000000,710000000,rl_pure,B0015,0,0.9940153327784051,1,0,12,rl,197.5,677.5,0.0972,0.8273572138392478,True,1.0,22136298,364.01237442997893,368.4439687864493,368.4439687864493
910000000,710000000,rl_pure,B0066,0,0.5068675856269298,1,0,12,rl,197.5,677.5,0.0972,0.6863048870022813,True,1.0,20579030,375.1998546186794,379.3199953751498,379.3199953751498
910000000,710000000,rl_pure,B0069,1,0.3664817568362616,1,1,9,rl,0.0,1800.0,0.022000000000000013,0.25477821164122305,True,1.0,115784438,399.47523659202,476.78822090980253,476.78822090980253
910000000,710000000,rl_pure,B0069,1,0.3664817568362616,2,9,12,rl,0.0,1800.0,0.09319999999999999,0.336964910298337,True,1.0,115784438,476.78822090980253,523.2289928888823,523.2289928888823
910000000,710000000,rl_pure,B0026,1,0.25690189194322605,1,1,9,rl,0.0,1800.0,0.022000000000000013,0.5453255586730928,True,1.0,103459342,408.8372320605563,477.9334857116722,477.9334857116722
910000000,710000000,rl_pure,B0026,1,0.25690189194322605,2,9,12,rl,0.0,1800.0,0.09319999999999999,0.6046494816373702,True,1.0,103459342,477.9334857116722,519.444219290752,519.444219290752
910000000,710000000,rl_pure,B0036,1,0.11195040658887712,1,1,9,rl,0.0,1800.0,0.022000000000000013,0.7104580792793761,True,1.0,53724056,420.8335278315155,456.77292414929803,456.77292414929803
910000000,710000000,rl_pure,B0036,1,0.11195040658887712,2,9,12,rl,0.0,1800.0,0.09319999999999999,0.8426429278546081,True,1.0,53724056,456.77292414929803,478.38954332837784,478.38954332837784
910000000,710000000,rl_pure,B0028,2,0.10850678477552161,1,2,9,rl,0.0,1800.0,0.022000000000000013,0.5226314738797333,True,1.0,115862302,428.0017861768054,505.3832100859612,505.3832100859612
910000000,710000000,rl_pure,B0028,2,0.10850678477552161,2,9,12,rl,0.0,1800.0,0.09319999999999999,0.5919023864974889,True,1.0,115862302,505.3832100859612,551.855127665041,551.855127665041
910000000,710000000,rl_pure,B0007,2,0.5421778260100008,1,2,9,rl,0.0,1800.0,0.022000000000000013,0.5422040471087803,True,1.0,55976744,442.4158231222467,479.8735416980692,479.8735416980692
910000000,710000000,rl_pure,B0007,2,0.5421778260100008,2,9,12,rl,0.0,1800.0,0.09319999999999999,0.8345304651297949,True,1.0,55976744,479.8735416980692,502.391236077149,502.391236077149
910000000,710000000,rl_pure,B0060,1,0.7546255651708751,1,1,9,rl,0.0,1800.0,0.022000000000000013,0.6526551638728427,True,1.0,39719443,460.5213399690323,487.12432762014816,487.12432762014816
910000000,710000000,rl_pure,B0060,1,0.7546255651708751,2,9,12,rl,0.0,1800.0,0.09319999999999999,0.34837832058906715,True,1.0,39719443,487.12432762014816,503.139101599228,503.139101599228
910000000,710000000,rl_pure,B0072,0,0.6426103783034696,1,0,12,rl,197.5,677.5,0.0972,0.5805126754969371,True,1.0,35229547,466.2242215586723,473.2744657151427,473.2744657151427
910000000,710000000,rl_pure,B0000,2,0.7527858883282608,1,2,9,rl,0.0,1800.0,0.022000000000000013,0.7894983624763363,True,1.0,61454555,476.5512868215482,517.6608793973708,517.6608793973708
910000000,710000000,rl_pure,B0000,2,0.7527858883282608,2,9,12,rl,0.0,1800.0,0.09319999999999999,0.05901563917065733,False,0.46992264112067916,28878887,517.6608793973708,529.2124341151692,
910000000,710000000,rl_pure,B0000,2,0.7527858883282608,3,9,12,rl,0.0,1800.0,0.09319999999999999,0.01923371880752467,False,0.4849315040493507,29801250,529.2124341151692,541.1329340299027,
910000000,710000000,rl_pure,B0000,2,0.7527858883282608,4,9,12,rl,0.0,1800.0,0.09319999999999999,0.10021413564958848,True,1.0,61454555,541.1329340299027,565.8417528089825,565.8417528089825
910000000,710000000,rl_pure,B0081,0,0.5690106066053574,1,0,12,rl,197.5,677.5,0.0972,0.9905539096687919,True,1.0,108570106,477.85888103833486,499.5772369948052,499.5772369948052
910000000,710000000,rl_pure,B0047,2,0.8089408532474548,1,2,9,rl,0.0,1800.0,0.022000000000000013,0.8428956490244768,True,1.0,104648695,481.31685686000066,551.2225427691565,551.2225427691565
910000000,710000000,rl_pure,B0047,2,0.8089408532474548,2,9,12,rl,0.0,1800.0,0.09319999999999999,0.6010947503606136,True,1.0,104648695,551.2225427691565,593.2090175482363,593.2090175482363
910000000,710000000,rl_pure,B0037,0,0.20410644039069095,1,0,12,rl,197.5,677.5,0.0972,0.456464364152685,True,1.0,25428039,506.322755329866,511.4126978863364,511.4126978863364
910000000,710000000,rl_pure,B0035,0,0.4585334325531223,1,0,12,rl,197.5,677.5,0.0972,0.8016922645764589,True,1.0,99826310,508.0765194463609,528.0461162028313,528.0461162028313
910000000,710000000,rl_pure,B0054,0,0.1175464178961476,1,0,12,rl,197.5,677.5,0.0972,0.32439275192799666,True,1.0,36083653,512.40619130954,519.6272566660103,519.6272566660103
910000000,710000000,rl_pure,B0063,2,0.10475252019802649,1,2,9,rl,0.0,1800.0,0.022000000000000013,0.9507932007015548,True,1.0,30733597,512.6701087749478,533.2990626841037,533.2990626841037
910000000,710000000,rl_pure,B0063,2,0.10475252019802649,2,9,12,rl,0.0,1800.0,0.09319999999999999,0.7449980103913901,True,1.0,30733597,533.2990626841037,545.7194982631835,545.7194982631835
910000000,710000000,rl_pure,B0044,2,0.9955428848024412,1,2,9,rl,0.0,1800.0,0.022000000000000013,0.7758808586246339,True,1.0,80616731,518.1850058751027,572.0693824509252,572.0693824509252
910000000,710000000,rl_pure,B0044,2,0.9955428848024412,2,9,12,rl,0.0,1800.0,0.09319999999999999,0.49267223601590027,True,1.0,80616731,572.0693824509252,604.4430716300051,604.4430716300051
910000000,710000000,rl_pure,B0089,2,0.8932631675758038,1,2,9,rl,0.0,1800.0,0.022000000000000013,0.19850880847438823,True,1.0,37382752,526.5657713205366,551.6274952296924,551.6274952296924
910000000,710000000,rl_pure,B0089,2,0.8932631675758038,2,9,12,rl,0.0,1800.0,0.09319999999999999,0.24115730713100902,True,1.0,37382752,551.6274952296924,566.7075928087722,566.7075928087722
910000000,710000000,rl_pure,B0084,2,0.8504626696158631,1,2,9,rl,0.0,1800.0,0.022000000000000013,0.12904683749831936,True,1.0,19023318,541.7176740237138,554.539775266203,554.539775266203
910000000,710000000,rl_pure,B0084,2,0.8504626696158631,2,9,12,rl,0.0,1800.0,0.09319999999999999,0.026880732106192018,False,0.3287179364032935,6253306,554.539775266203,557.0410976008045,
910000000,710000000,rl_pure,B0084,2,0.8504626696158631,3,9,12,rl,0.0,1800.0,0.09319999999999999,0.3694929239210655,True,1.0,19023318,557.0410976008045,564.7774215798844,564.7774215798844
910000000,710000000,rl_pure,B0020,1,0.7569067711949438,1,1,9,rl,0.0,1800.0,0.022000000000000013,0.7081708461428429,True,1.0,31386949,551.842500416075,572.8904920671908,572.8904920671908
910000000,710000000,rl_pure,B0020,1,0.7569067711949438,2,9,12,rl,0.0,1800.0,0.09319999999999999,0.984727890007,True,1.0,31386949,572.8904920671908,585.5722684462706,585.5722684462706
910000000,710000000,rl_pure,B0032,2,0.5835276926427068,1,2,9,rl,0.0,1800.0,0.022000000000000013,0.8141682793472875,True,1.0,30581466,558.3174449384512,578.8449781809404,578.8449781809404
910000000,710000000,rl_pure,B0032,2,0.5835276926427068,2,9,12,rl,0.0,1800.0,0.09319999999999999,0.5056700117339158,True,1.0,30581466,578.8449781809404,591.2045613600202,591.2045613600202
910000000,710000000,rl_pure,B0077,0,0.2503785075324589,1,0,12,rl,197.5,677.5,0.0972,0.3251915574134222,True,1.0,83107552,565.9367640413398,582.5626091978102,582.5626091978102
910000000,710000000,rl_pure,B0006,2,0.15419746892796046,1,2,9,rl,0.0,1800.0,0.022000000000000013,0.7395326283074372,True,1.0,62458144,598.7139539353001,640.492605844456,640.492605844456
910000000,710000000,rl_pure,B0006,2,0.15419746892796046,2,9,12,rl,0.0,1800.0,0.09319999999999999,0.8341002564021868,True,1.0,62458144,640.492605844456,665.6028602235358,665.6028602235358
910000000,710000000,rl_pure,B0059,0,0.815286540994832,1,0,12,rl,197.5,677.5,0.0972,0.7496940821936864,True,1.0,52906209,600.2868035652609,610.8723801217313,610.8723801217313
910000000,710000000,rl_pure,B0071,1,0.31290593266239536,1,1,9,rl,0.0,1800.0,0.022000000000000013,0.5059185164563024,True,1.0,66388094,606.3202342171703,650.7023225349528,650.7023225349528
910000000,710000000,rl_pure,B0071,1,0.31290593266239536,2,9,12,rl,0.0,1800.0,0.09319999999999999,0.9416985151772621,True,1.0,66388094,650.7023225349528,677.3845569140327,677.3845569140327
910000000,710000000,rl_pure,B0017,2,0.9607882255511186,1,2,9,rl,0.0,1800.0,0.022000000000000013,0.6841950578724958,True,1.0,82886032,606.6354431827327,662.0326870918885,662.0326870918885
910000000,710000000,rl_pure,B0017,2,0.9607882255511186,2,9,12,rl,0.0,1800.0,0.09319999999999999,0.13698892102714766,True,1.0,82886032,662.0326870918885,695.3140966709684,695.3140966709684
910000000,710000000,rl_pure,B0078,1,0.6788282221836142,1,1,9,rl,0.0,1800.0,0.022000000000000013,0.08988851052762348,True,1.0,48623187,615.0763769903235,647.6151939747726,647.6151939747726
910000000,710000000,rl_pure,B0078,1,0.6788282221836142,2,9,12,rl,0.0,1800.0,0.09319999999999999,0.2032508023677534,True,1.0,48623187,647.6151939747726,667.1914655538525,667.1914655538525
910000000,710000000,rl_pure,B0009,1,0.18961466383173833,1,1,9,rl,0.0,1800.0,0.022000000000000013,0.363463237283966,True,1.0,61470538,617.8229753836332,658.9266930347491,658.9266930347491
910000000,710000000,rl_pure,B0009,1,0.18961466383173833,2,9,12,rl,0.0,1800.0,0.09319999999999999,0.2087885128895266,True,1.0,61470538,658.9266930347491,683.6419050138289,683.6419050138289
910000000,710000000,rl_pure,B0010,1,0.42981248039145037,1,1,9,rl,0.0,1800.0,0.022000000000000013,0.936676499570462,True,1.0,113950915,629.3093275997484,705.3999632508642,705.3999632508642
910000000,710000000,rl_pure,B0010,1,0.42981248039145037,2,9,12,rl,0.0,1800.0,0.09319999999999999,0.5288679825261595,True,1.0,113950915,705.3999632508642,751.107326029944,751.107326029944
910000000,710000000,rl_pure,B0055,1,0.5958217840589656,1,1,9,rl,0.0,1800.0,0.022000000000000013,0.2080580236575612,True,1.0,100418414,629.4001643403146,696.4691326580971,696.4691326580971
910000000,710000000,rl_pure,B0055,1,0.5958217840589656,2,9,12,rl,0.0,1800.0,0.09319999999999999,0.7041843368140934,True,1.0,100418414,696.4691326580971,736.763495037177,736.763495037177
910000000,710000000,rl_pure,B0052,2,0.28178377941545174,1,2,9,rl,0.0,1800.0,0.022000000000000013,0.8635338052759811,True,1.0,28727584,635.6344979266204,654.9261098357762,654.9261098357762
910000000,710000000,rl_pure,B0052,2,0.28178377941545174,2,9,12,rl,0.0,1800.0,0.09319999999999999,0.37681203415749664,True,1.0,28727584,654.9261098357762,666.544140214856,666.544140214856
910000000,710000000,rl_pure,B0087,0,0.16801625127603365,1,0,12,rl,197.5,677.5,0.0972,0.8773855840750358,True,1.0,44967128,637.121321215231,646.1190815717014,646.1190815717014
910000000,710000000,rl_pure,B0038,0,0.6514202452051495,1,0,12,rl,197.5,677.5,0.0972,0.1840719506705043,True,1.0,95603724,649.0452536871717,668.1703332436421,668.1703332436421
910000000,710000000,rl_pure,B0042,0,0.35115552089958924,1,0,12,rl,197.5,677.5,0.0972,0.09501432095677065,False,0.5620831511061053,30201081,653.22104390336,659.2612599303734,
910000000,710000000,rl_pure,B0042,0,0.35115552089958924,2,0,12,rl,197.5,677.5,0.0972,0.4039744159730695,True,1.0,53730627,659.2612599303734,670.0117200868438,670.0117200868438
910000000,710000000,rl_pure,B0041,0,0.22530648001932518,1,0,9,rl,0.0,1557.5,0.022000000000000013,0.41842791570798776,True,1.0,114931108,664.3374643237603,741.0920655364271,741.0920655364271
910000000,710000000,rl_pure,B0041,0,0.22530648001932518,2,9,12,rl,0.0,1800.0,0.09319999999999999,0.4852568555960073,True,1.0,114931108,741.0920655364271,787.191505515507,787.191505515507
910000000,710000000,rl_pure,B0019,1,0.9333559072826239,1,1,9,rl,0.0,1800.0,0.022000000000000013,0.2865483642933008,True,1.0,83649767,690.9466380311383,746.8365083489208,746.8365083489208
910000000,710000000,rl_pure,B0019,1,0.9333559072826239,2,9,12,rl,0.0,1800.0,0.09319999999999999,0.3097101600941503,True,1.0,83649767,746.8365083489208,780.4234119280006,780.4234119280006
910000000,710000000,rl_pure,B0039,0,0.2546626481863488,1,0,9,rl,0.0,1557.5,0.022000000000000013,0.12366132943744612,True,1.0,34389494,699.2547459400355,722.314937819369,722.314937819369
910000000,710000000,rl_pure,B0039,0,0.2546626481863488,2,9,12,rl,0.0,1800.0,0.09319999999999999,0.574081898433029,True,1.0,34389494,722.314937819369,736.1977321984489,736.1977321984489
910000000,710000000,rl_pure,B0013,1,0.7547952627983595,1,1,9,rl,0.0,1800.0,0.022000000000000013,0.7078352462982475,True,1.0,55342875,716.71891451566,753.7375235001092,753.7375235001092
910000000,710000000,rl_pure,B0013,1,0.7547952627983595,2,9,12,rl,0.0,1800.0,0.09319999999999999,0.41492689627516266,True,1.0,55342875,753.7375235001092,776.001670279189,776.001670279189
910000000,710000000,rl_pure,B0085,0,0.27367076486161424,1,0,9,rl,0.0,1557.5,0.022000000000000013,0.3438584216991857,True,1.0,75567410,717.1389964897006,767.6511323690341,767.6511323690341
910000000,710000000,rl_pure,B0085,0,0.27367076486161424,2,9,12,rl,0.0,1800.0,0.09319999999999999,0.627598631106728,True,1.0,75567410,767.6511323690341,798.0050931481139,798.0050931481139
910000000,710000000,rl_pure,B0023,1,0.37075404603822104,1,1,9,rl,0.0,1800.0,0.022000000000000013,0.41401666081441324,True,1.0,118391816,721.8678996658381,800.9191359836205,800.9191359836205
910000000,710000000,rl_pure,B0023,1,0.37075404603822104,2,9,12,rl,0.0,1800.0,0.09319999999999999,0.9528955033545476,True,1.0,118391816,800.9191359836205,848.4028591627003,848.4028591627003
910000000,710000000,rl_pure,B0031,1,0.2776558266982295,1,1,9,rl,0.0,1800.0,0.022000000000000013,0.7371306315117347,True,1.0,44678825,722.0982142114581,752.0074565292406,752.0074565292406
910000000,710000000,rl_pure,B0031,1,0.2776558266982295,2,9,12,rl,0.0,1800.0,0.09319999999999999,0.17064275245976435,True,1.0,44678825,752.0074565292406,770.0059833083204,770.0059833083204
910000000,710000000,rl_pure,B0068,1,0.285641711123241,1,1,9,rl,0.0,1800.0,0.022000000000000013,0.304750021032128,True,1.0,41667928,722.8558728779329,750.7578505290488,750.7578505290488
910000000,710000000,rl_pure,B0068,1,0.285641711123241,2,9,12,rl,0.0,1800.0,0.09319999999999999,0.40136353582377016,True,1.0,41667928,750.7578505290488,767.5520185081286,767.5520185081286
910000000,710000000,rl_pure,B0092,2,0.14191182308362138,1,2,9,rl,0.0,1800.0,0.022000000000000013,0.9221127071807697,True,1.0,88378903,733.1118928145986,792.1710507237544,792.1710507237544
910000000,710000000,rl_pure,B0092,2,0.14191182308362138,2,9,12,rl,0.0,1800.0,0.09319999999999999,0.13093556209710777,True,1.0,88378903,792.1710507237544,827.6496087028343,827.6496087028343
910000000,710000000,rl_pure,B0095,2,0.5477128866552389,1,2,9,rl,0.0,1800.0,0.022000000000000013,0.879752074212473,True,1.0,19252345,741.8773064730589,754.8520923822147,754.8520923822147
910000000,710000000,rl_pure,B0095,2,0.5477128866552389,2,9,12,rl,0.0,1800.0,0.09319999999999999,0.05687342796766437,False,0.6406603313445447,12334214,754.8520923822147,759.7857778729584,
910000000,710000000,rl_pure,B0095,2,0.5477128866552389,3,9,12,rl,0.0,1800.0,0.09319999999999999,0.948775975272493,True,1.0,19252345,759.7857778729584,767.6137126520382,767.6137126520382
910000000,710000000,rl_pure,B0079,0,0.22255270674054278,1,0,9,rl,0.0,1557.5,0.022000000000000013,0.9425661105698517,True,1.0,40080667,745.8968718676523,772.7511790803192,772.7511790803192
910000000,710000000,rl_pure,B0079,0,0.22255270674054278,2,9,12,rl,0.0,1800.0,0.09319999999999999,0.9320428559882254,True,1.0,40080667,772.7511790803192,788.910442659399,788.910442659399
910000000,710000000,rl_pure,B0057,0,0.4589860268902919,1,0,9,rl,0.0,1557.5,0.022000000000000013,0.8393531300012561,True,1.0,23087629,762.3508151695588,777.8764303822256,777.8764303822256
910000000,710000000,rl_pure,B0057,0,0.4589860268902919,2,9,12,rl,0.0,1800.0,0.09319999999999999,0.6436965499040463,True,1.0,23087629,777.8764303822256,787.2384787613055,787.2384787613055
910000000,710000000,rl_pure,B0051,0,0.9986247288470933,1,0,9,rl,0.0,1557.5,0.022000000000000013,0.0027149913968782524,False,0.3398406020184672,31046800,783.429929445959,804.1277960239918,
910000000,710000000,rl_pure,B0051,0,0.9986247288470933,2,0,9,rl,0.0,1557.5,0.022000000000000013,0.889148635331049,True,1.0,91356947,804.1277960239918,865.1662899033253,865.1662899033253
910000000,710000000,rl_pure,B0051,0,0.9986247288470933,3,9,12,rl,0.0,1800.0,0.09319999999999999,0.9106214990337859,True,1.0,91356947,865.1662899033253,901.836065482405,901.836065482405
910000000,710000000,rl_pure,B0062,2,0.9517196604016409,1,2,9,rl,0.0,1800.0,0.022000000000000013,0.9371508478733577,True,1.0,24359840,792.8983457482284,809.278128324051,809.278128324051
910000000,710000000,rl_pure,B0062,2,0.9517196604016409,2,9,12,rl,0.0,1800.0,0.09319999999999999,0.007782186026258686,False,0.8896139416317375,21670854,809.278128324051,817.9464696360184,
910000000,710000000,rl_pure,B0062,2,0.9517196604016409,3,9,7,rl,0.0,1800.0,0.02000000000000001,0.020993319920665665,True,1.0,24359840,817.9464696360184,827.8206524094184,827.8206524094184
910000000,710000000,rl_pure,B0062,2,0.9517196604016409,4,7,12,rl,562.5,1157.5,0.09319999999999999,0.6110863062325705,True,1.0,24359840,827.8206524094184,830.2619994927476,830.2619994927476
910000000,710000000,rl_pure,B0090,1,0.6484018907229743,1,1,9,rl,0.0,1800.0,0.022000000000000013,0.15154161417530798,True,1.0,58024608,804.3450447797605,843.1514757642097,843.1514757642097
910000000,710000000,rl_pure,B0090,1,0.6484018907229743,2,9,7,rl,0.0,1800.0,0.02000000000000001,0.30616977879474183,True,1.0,58024608,843.1514757642097,866.4915657376098,866.4915657376098
910000000,710000000,rl_pure,B0090,1,0.6484018907229743,3,7,12,rl,562.5,1157.5,0.09319999999999999,0.28790516061937277,True,1.0,58024608,866.4915657376098,872.299389620939,872.299389620939
910000000,710000000,rl_pure,B0022,2,0.6423473743038504,1,2,9,rl,0.0,1800.0,0.022000000000000013,0.5759126893891818,True,1.0,110611170,813.6777366799066,887.5584059223958,887.5584059223958
910000000,710000000,rl_pure,B0022,2,0.6423473743038504,2,9,7,rl,0.0,1800.0,0.02000000000000001,0.023677292848957254,True,1.0,110611170,887.5584059223958,931.9331206957958,931.9331206957958
910000000,710000000,rl_pure,B0022,2,0.6423473743038504,3,7,12,rl,562.5,1157.5,0.09319999999999999,0.18019918792334033,True,1.0,110611170,931.9331206957958,942.999600779125,942.999600779125
910000000,710000000,rl_pure,B0065,2,0.40516841851704155,1,2,9,rl,0.0,1800.0,0.022000000000000013,0.11664816305860493,True,1.0,76794031,818.2013484397644,869.5372583489202,869.5372583489202
910000000,710000000,rl_pure,B0065,2,0.40516841851704155,2,9,7,rl,0.0,1800.0,0.02000000000000001,0.8720804231543526,True,1.0,76794031,869.5372583489202,900.3851175223202,900.3851175223202
910000000,710000000,rl_pure,B0065,2,0.40516841851704155,3,7,12,rl,562.5,1157.5,0.09319999999999999,0.8080490852987761,True,1.0,76794031,900.3851175223202,908.0698837056494,908.0698837056494
910000000,710000000,rl_pure,B0050,0,0.6444014642812675,1,0,9,rl,0.0,1557.5,0.022000000000000013,0.6450817762191845,True,1.0,118377857,821.4424646606506,900.4948985399841,900.4948985399841
910000000,710000000,rl_pure,B0050,0,0.6444014642812675,2,9,7,rl,0.0,1800.0,0.02000000000000001,0.027067727859981683,True,1.0,118377857,900.4948985399841,947.9762881133842,947.9762881133842
910000000,710000000,rl_pure,B0050,0,0.6444014642812675,3,7,12,rl,562.5,1157.5,0.09319999999999999,0.6690117681766866,True,1.0,118377857,947.9762881133842,959.8194368967135,959.8194368967135
910000000,710000000,rl_pure,B0049,0,0.6881539006361468,1,0,9,rl,0.0,1557.5,0.022000000000000013,0.011348244521250717,False,0.8663542131031349,101173941,838.191208511848,905.640501897121,
910000000,710000000,rl_pure,B0049,0,0.6881539006361468,2,0,9,rl,0.0,1557.5,0.022000000000000013,0.9973685294841647,True,1.0,116781264,905.640501897121,983.6285404431211,983.6285404431211
910000000,710000000,rl_pure,B0049,0,0.6881539006361468,3,9,7,rl,0.0,1800.0,0.02000000000000001,0.6257675557636092,True,1.0,116781264,983.6285404431211,1030.471292816521,1030.471292816521
910000000,710000000,rl_pure,B0049,0,0.6881539006361468,4,7,12,rl,562.5,1157.5,0.09319999999999999,0.20105503006858527,True,1.0,116781264,1030.471292816521,1042.1547822998505,1042.1547822998505
910000000,710000000,rl_pure,B0048,2,0.990300128689138,1,2,9,rl,0.0,1800.0,0.022000000000000013,0.7408981332201655,True,1.0,106964948,838.9577889766086,910.4076435524312,910.4076435524312
910000000,710000000,rl_pure,B0048,2,0.990300128689138,2,9,7,rl,0.0,1800.0,0.02000000000000001,0.9687225460242059,True,1.0,106964948,910.4076435524312,953.3238695258312,953.3238695258312
910000000,710000000,rl_pure,B0048,2,0.990300128689138,3,7,12,rl,562.5,1157.5,0.09319999999999999,0.16373420814805562,True,1.0,106964948,953.3238695258312,964.0257274091605,964.0257274091605
910000000,710000000,rl_pure,B0034,2,0.9539165505800509,1,2,9,rl,0.0,1800.0,0.022000000000000013,0.3036010491419089,True,1.0,53626480,842.1343724517105,878.0252483608664,878.0252483608664
910000000,710000000,rl_pure,B0034,2,0.9539165505800509,2,9,7,rl,0.0,1800.0,0.02000000000000001,0.29868996255121105,True,1.0,53626480,878.0252483608664,899.6060871342664,899.6060871342664
910000000,710000000,rl_pure,B0034,2,0.9539165505800509,3,7,12,rl,562.5,1157.5,0.09319999999999999,0.3551991372254565,True,1.0,53626480,899.6060871342664,904.9740982175957,904.9740982175957
910000000,710000000,rl_pure,B0086,2,0.2940917148200175,1,2,9,rl,0.0,1800.0,0.022000000000000013,0.9314984896270899,True,1.0,27117693,846.9262980954293,865.1446493379184,865.1446493379184
910000000,710000000,rl_pure,B0086,2,0.2940917148200175,2,9,7,rl,0.0,1800.0,0.02000000000000001,0.6741962490021214,True,1.0,27117693,865.1446493379184,876.1219733113184,876.1219733113184
910000000,710000000,rl_pure,B0086,2,0.2940917148200175,3,7,12,rl,562.5,1157.5,0.09319999999999999,0.2949441113491932,True,1.0,27117693,876.1219733113184,878.8391056946476,878.8391056946476
910000000,710000000,rl_pure,B0003,2,0.6810342550492756,1,2,9,rl,0.0,1800.0,0.022000000000000013,0.3657751968419535,True,1.0,110403897,854.8389962756323,928.5814835181214,928.5814835181214
910000000,710000000,rl_pure,B0003,2,0.6810342550492756,2,9,7,rl,0.0,1800.0,0.02000000000000001,0.9987798058946609,True,1.0,110403897,928.5814835181214,972.8732890915214,972.8732890915214
910000000,710000000,rl_pure,B0003,2,0.6810342550492756,3,7,12,rl,562.5,1157.5,0.09319999999999999,0.9994385475550336,True,1.0,110403897,972.8732890915214,983.9190418748507,983.9190418748507
910000000,710000000,rl_pure,B0029,1,0.1883856442431594,1,1,9,rl,0.0,1800.0,0.022000000000000013,0.0145273736442042,False,0.9185585119183978,41613007,859.3231313619013,887.0651354764136,
910000000,710000000,rl_pure,B0029,1,0.1883856442431594,2,1,9,rl,0.0,1800.0,0.022000000000000013,0.43031565432006924,True,1.0,45302510,887.0651354764136,917.3901677941961,917.3901677941961
910000000,710000000,rl_pure,B0029,1,0.1883856442431594,3,9,7,rl,0.0,1800.0,0.02000000000000001,0.032170938404113114,True,1.0,45302510,917.3901677941961,935.6414185675961,935.6414185675961
910000000,710000000,rl_pure,B0029,1,0.1883856442431594,4,7,12,rl,562.5,1157.5,0.09319999999999999,0.8314653574162529,True,1.0,45302510,935.6414185675961,940.1770326509254,940.1770326509254
910000000,710000000,rl_pure,B0088,0,0.3252136922697543,1,0,9,rl,0.0,1557.5,0.022000000000000013,0.8677311709547297,True,1.0,107045465,866.9998583423104,938.4973642216439,938.4973642216439
910000000,710000000,rl_pure,B0088,0,0.3252136922697543,2,9,7,rl,0.0,1800.0,0.02000000000000001,0.9134554066112012,True,1.0,107045465,938.4973642216439,981.4457969950439,981.4457969950439
910000000,710000000,rl_pure,B0088,0,0.3252136922697543,3,7,12,rl,562.5,1157.5,0.09319999999999999,0.8411437232286442,True,1.0,107045465,981.4457969950439,992.1557065783732,992.1557065783732
910000000,710000000,rl_pure,B0083,1,0.7646971807594524,1,1,9,rl,0.0,1800.0,0.022000000000000013,0.3839961613084981,True,1.0,83901667,874.9186721952314,930.9764758463472,930.9764758463472
910000000,710000000,rl_pure,B0083,1,0.7646971807594524,2,9,7,rl,0.0,1800.0,0.02000000000000001,0.8280674614462052,True,1.0,83901667,930.9764758463472,964.6673894197472,964.6673894197472
910000000,710000000,rl_pure,B0083,1,0.7646971807594524,3,7,12,rl,562.5,1157.5,0.09319999999999999,0.9895027732377119,True,1.0,83901667,964.6673894197472,973.0629192030765,973.0629192030765
910000000,710000000,rl_pure,B0093,1,0.24991703023136128,1,1,9,rl,0.0,1800.0,0.022000000000000013,0.8203035616213937,True,1.0,60155916,882.3858673108879,922.613170295337,922.613170295337
910000000,710000000,rl_pure,B0093,1,0.24991703023136128,2,9,7,rl,0.0,1800.0,0.02000000000000001,0.3523696732866688,True,1.0,60155916,922.613170295337,946.805783468737,946.805783468737
910000000,710000000,rl_pure,B0093,1,0.24991703023136128,3,7,12,rl,562.5,1157.5,0.09319999999999999,0.9329782652291085,True,1.0,60155916,946.805783468737,952.8267381520662,952.8267381520662
910000000,710000000,rl_pure,B0070,0,0.18031069695620797,1,0,9,rl,0.0,1557.5,0.022000000000000013,0.7663592875865854,True,1.0,94488492,885.7562966389987,948.8824871849989,948.8824871849989
910000000,710000000,rl_pure,B0070,0,0.18031069695620797,2,9,7,rl,0.0,1800.0,0.02000000000000001,0.7829402708827063,True,1.0,94488492,948.8824871849989,986.808130758399,986.808130758399
910000000,710000000,rl_pure,B0070,0,0.18031069695620797,3,7,12,rl,562.5,1157.5,0.09319999999999999,0.5183168370353388,True,1.0,94488492,986.808130758399,996.2623430417283,996.2623430417283
910000001,710000001,temporal,B0021,0,0.9908703051304139,1,0,3,temporal,0.0,1327.5,0.02000000000000001,0.4805515727019002,True,1.0,70148482,5.600999177865362,16.83729473384298,16.83729473384298
910000001,710000001,temporal,B0021,0,0.9908703051304139,2,3,9,temporal,0.0,1532.5,0.02000000000000001,0.16168090103900656,True,1.0,70148482,16.83729473384298,45.03004011970662,45.03004011970662
910000001,710000001,temporal,B0021,0,0.9908703051304139,3,9,12,temporal,0.0,1800.0,0.09319999999999999,0.3724343344592155,True,1.0,70148482,45.03004011970662,73.21642969878646,73.21642969878646
910000001,710000001,temporal,B0061,1,0.7543469688361771,1,1,7,temporal,0.0,732.5,0.02000000000000001,0.5122892695179185,True,1.0,61475624,17.234783392126662,27.080550436872073,27.080550436872073
910000001,710000001,temporal,B0061,1,0.7543469688361771,2,7,9,temporal,0.0,1800.0,0.02000000000000001,0.8510882840189206,True,1.0,61475624,27.080550436872073,51.80104681027209,51.80104681027209
910000001,710000001,temporal,B0061,1,0.7543469688361771,3,9,12,temporal,0.0,1800.0,0.09319999999999999,0.014780785247052397,False,0.5435187509339714,33413155,51.80104681027209,65.16630855801868,
910000001,710000001,temporal,B0061,1,0.7543469688361771,4,9,12,temporal,0.0,1800.0,0.09319999999999999,0.7387429227143308,True,1.0,61475624,65.16630855801868,89.88355493709852,89.88355493709852
910000001,710000001,temporal,B0038,1,0.1507158728773926,1,1,7,temporal,0.0,732.5,0.02000000000000001,0.08690568751263461,True,1.0,12619156,27.556520234588778,29.58525239933419,29.58525239933419
910000001,710000001,temporal,B0038,1,0.1507158728773926,2,7,9,temporal,0.0,1800.0,0.02000000000000001,0.6535563437104375,True,1.0,12619156,29.58525239933419,34.763161572734205,34.763161572734205
910000001,710000001,temporal,B0038,1,0.1507158728773926,3,9,12,temporal,0.0,1800.0,0.09319999999999999,0.6899528239458593,True,1.0,12619156,34.763161572734205,39.93782075181404,39.93782075181404
910000001,710000001,temporal,B0078,0,0.9389418601635557,1,0,3,temporal,0.0,1327.5,0.02000000000000001,0.20378956019690053,True,1.0,15134240,35.58176979542169,38.01578663139931,38.01578663139931
910000001,710000001,temporal,B0078,0,0.9389418601635557,2,3,9,temporal,0.0,1532.5,0.02000000000000001,0.8195637751657171,True,1.0,15134240,38.01578663139931,44.20283521726295,44.20283521726295
910000001,710000001,temporal,B0078,0,0.9389418601635557,3,9,12,temporal,0.0,1800.0,0.09319999999999999,0.9867854391448941,True,1.0,15134240,44.20283521726295,50.383527996342785,50.383527996342785
910000001,710000001,temporal,B0062,2,0.263559445934111,1,2,8,temporal,0.0,1800.0,0.02000000000000001,0.6502314032499299,True,1.0,55275097,45.02026572862877,53.88020234275844,53.88020234275844
910000001,710000001,temporal,B0062,2,0.263559445934111,2,8,10,temporal,0.0,1800.0,0.02000000000000001,0.47799296134467384,True,1.0,55275097,53.88020234275844,76.12048791615845,76.12048791615845
910000001,710000001,temporal,B0062,2,0.263559445934111,3,10,13,temporal,0.0,1800.0,0.0835,0.9526619664544486,True,1.0,55275097,76.12048791615845,98.35444052743051,98.35444052743051
910000001,710000001,temporal,B0072,1,0.8509894541936628,1,1,7,temporal,0.0,732.5,0.02000000000000001,0.8785618568561262,True,1.0,118287703,45.43506066672084,64.37076035146625,64.37076035146625
910000001,710000001,temporal,B0072,1,0.8509894541936628,2,7,9,temporal,0.0,1800.0,0.02000000000000001,0.13073267387420795,True,1.0,118287703,64.37076035146625,111.81608832486626,111.81608832486626
910000001,710000001,temporal,B0072,1,0.8509894541936628,3,9,12,temporal,0.0,1800.0,0.09319999999999999,0.29863037097839085,True,1.0,118287703,111.81608832486626,159.2581663039461,159.2581663039461
910000001,710000001,temporal,B0076,2,0.1173393328300644,1,2,8,temporal,0.0,1800.0,0.02000000000000001,0.02102113907741754,True,1.0,95576316,45.63898059924373,60.9471122533734,60.9471122533734
910000001,710000001,temporal,B0076,2,0.1173393328300644,2,8,10,temporal,0.0,1800.0,0.02000000000000001,0.5450002844409441,True,1.0,95576316,60.9471122533734,99.30788542677342,99.30788542677342
910000001,710000001,temporal,B0076,2,0.1173393328300644,3,10,13,temporal,0.0,1800.0,0.0835,0.6270856251851933,True,1.0,95576316,99.30788542677342,137.6623256380455,137.6623256380455
910000001,710000001,temporal,B0097,2,0.5115862315174938,1,2,8,temporal,0.0,1800.0,0.02000000000000001,0.3082103825036916,True,1.0,94704390,54.87445214305707,70.04307563718673,70.04307563718673
910000001,710000001,temporal,B0097,2,0.5115862315174938,2,8,10,temporal,0.0,1800.0,0.02000000000000001,0.9733353100666645,True,1.0,94704390,70.04307563718673,108.05507841058676,108.05507841058676
910000001,710000001,temporal,B0097,2,0.5115862315174938,3,10,13,temporal,0.0,1800.0,0.0835,0.0004914525837657058,False,0.42223407322525963,39987421,108.05507841058676,124.05004654739218,
910000001,710000001,temporal,B0097,2,0.5115862315174938,4,10,13,temporal,0.0,1800.0,0.0835,0.5591534878464964,True,1.0,94704390,124.05004654739218,162.05571635866426,162.05571635866426
910000001,710000001,temporal,B0058,2,0.5801350037187666,1,2,8,temporal,0.0,1800.0,0.02000000000000001,0.1323221763575032,True,1.0,25989941,64.02558597339268,68.19989762752235,68.19989762752235
910000001,710000001,temporal,B0058,2,0.5801350037187666,2,8,10,temporal,0.0,1800.0,0.02000000000000001,0.2592137464149038,True,1.0,25989941,68.19989762752235,78.72612080092236,78.72612080092236
910000001,710000001,temporal,B0058,2,0.5801350037187666,3,10,13,temporal,0.0,1800.0,0.0835,0.26077918681673085,True,1.0,25989941,78.72612080092236,89.24601101219442,89.24601101219442
910000001,710000001,temporal,B0002,0,0.6326993118896762,1,0,3,temporal,0.0,1327.5,0.02000000000000001,0.3297261058962515,True,1.0,64217128,71.09945617494748,81.3867350909251,81.3867350909251
910000001,710000001,temporal,B0002,0,0.6326993118896762,2,3,9,temporal,0.0,1532.5,0.02000000000000001,0.11140945513634704,True,1.0,64217128,81.3867350909251,107.20693887678875,107.20693887678875
910000001,710000001,temporal,B0002,0,0.6326993118896762,3,9,12,temporal,0.0,1800.0,0.09319999999999999,0.9993872977287775,True,1.0,64217128,107.20693887678875,133.02078685586858,133.02078685586858
910000001,710000001,temporal,B0079,1,0.9882828216837013,1,1,7,temporal,0.0,732.5,0.02000000000000001,0.34412753575291055,True,1.0,75196570,73.68062980450352,85.72174820924893,85.72174820924893
910000001,710000001,temporal,B0079,1,0.9882828216837013,2,7,9,temporal,0.0,1800.0,0.02000000000000001,0.28010481719736036,True,1.0,75196570,85.72174820924893,115.93062298264894,115.93062298264894
910000001,710000001,temporal,B0079,1,0.9882828216837013,3,9,12,temporal,0.0,1800.0,0.09319999999999999,0.6907905945602554,True,1.0,75196570,115.93062298264894,146.13624776172878,146.13624776172878
910000001,710000001,temporal,B0019,1,0.9431418282423493,1,1,7,temporal,0.0,732.5,0.02000000000000001,0.12770627365989295,True,1.0,64378392,74.2190573882134,84.52926731295881,84.52926731295881
910000001,710000001,temporal,B0019,1,0.9431418282423493,2,7,9,temporal,0.0,1800.0,0.02000000000000001,0.001681945673798202,False,0.7572376949987453,48749746,84.52926731295881,104.02916537928107,
910000001,710000001,temporal,B0019,1,0.9431418282423493,3,7,9,temporal,0.0,1800.0,0.02000000000000001,0.1673018527302329,True,1.0,64378392,104.02916537928107,129.91076895268108,129.91076895268108
910000001,710000001,temporal,B0019,1,0.9431418282423493,4,9,12,temporal,0.0,1800.0,0.09319999999999999,0.33763398599950056,True,1.0,64378392,129.91076895268108,155.7891225317609,155.7891225317609
910000001,710000001,temporal,B0054,2,0.8332670257172039,1,2,8,temporal,0.0,1800.0,0.02000000000000001,0.9316642569803221,True,1.0,28784144,79.22303178858859,83.84441592271826,83.84441592271826
910000001,710000001,temporal,B0054,2,0.8332670257172039,2,8,10,temporal,0.0,1800.0,0.02000000000000001,0.5338228566096599,True,1.0,28784144,83.84441592271826,95.48832029611827,95.48832029611827
910000001,710000001,temporal,B0054,2,0.8332670257172039,3,10,13,temporal,0.0,1800.0,0.0835,0.42301850321914136,True,1.0,28784144,95.48832029611827,107.12589170739034,107.12589170739034
910000001,710000001,temporal,B0044,1,0.5580760706833449,1,1,7,temporal,0.0,732.5,0.02000000000000001,0.463147959106861,True,1.0,67598300,81.9731660913758,92.7985612961212,92.7985612961212
910000001,710000001,temporal,B0044,1,0.5580760706833449,2,7,9,temporal,0.0,1800.0,0.02000000000000001,0.0541909015527412,True,1.0,67598300,92.7985612961212,119.96812806952123,119.96812806952123
910000001,710000001,temporal,B0044,1,0.5580760706833449,3,9,12,temporal,0.0,1800.0,0.09319999999999999,0.035380192438086655,False,0.4070318521682166,27514662,119.96812806952123,130.97399257049034,
910000001,710000001,temporal,B0044,1,0.5580760706833449,4,9,12,temporal,0.0,1800.0,0.09319999999999999,0.2752540579696451,True,1.0,67598300,130.97399257049034,158.14030934957017,158.14030934957017
910000001,710000001,temporal,B0069,1,0.45006004055895965,1,1,7,temporal,0.0,732.5,0.02000000000000001,0.1477439592911548,True,1.0,16956768,86.34108780989214,89.06383789463756,89.06383789463756
910000001,710000001,temporal,B0069,1,0.45006004055895965,2,7,9,temporal,0.0,1800.0,0.02000000000000001,0.18915403729443692,True,1.0,16956768,89.06383789463756,95.97679186803758,95.97679186803758
910000001,710000001,temporal,B0069,1,0.45006004055895965,3,9,12,temporal,0.0,1800.0,0.09319999999999999,0.6536156396311141,True,1.0,16956768,95.97679186803758,102.88649584711742,102.88649584711742
910000001,710000001,temporal,B0011,0,0.7666130699831426,1,0,3,temporal,0.0,1327.5,0.02000000000000001,0.36574301592181635,True,1.0,62232351,101.4593137811272,111.42902837710481,111.42902837710481
910000001,710000001,temporal,B0011,0,0.7666130699831426,2,3,9,temporal,0.0,1532.5,0.02000000000000001,0.6552272295098818,True,1.0,62232351,111.42902837710481,136.45532136296845,136.45532136296845
910000001,710000001,temporal,B0011,0,0.7666130699831426,3,9,12,temporal,0.0,1800.0,0.09319999999999999,0.5531525350815146,True,1.0,62232351,136.45532136296845,161.47525854204827,161.47525854204827
910000001,710000001,temporal,B0020,1,0.3859021073522756,1,1,7,temporal,0.0,732.5,0.02000000000000001,0.4182025672532169,True,1.0,35904893,103.55933299464304,109.31378307938846,109.31378307938846
910000001,710000001,temporal,B0020,1,0.3859021073522756,2,7,9,temporal,0.0,1800.0,0.02000000000000001,0.18927663874050737,True,1.0,35904893,109.31378307938846,123.80598705278848,123.80598705278848
910000001,710000001,temporal,B0020,1,0.3859021073522756,3,9,12,temporal,0.0,1800.0,0.09319999999999999,0.950636857095339,True,1.0,35904893,123.80598705278848,138.29494103186832,138.29494103186832
910000001,710000001,temporal,B0024,0,0.9021386049365755,1,0,3,temporal,0.0,1327.5,0.02000000000000001,0.9659859778337472,True,1.0,28933584,117.70130633831222,122.34321821428983,122.34321821428983
910000001,710000001,temporal,B0024,0,0.9021386049365755,2,3,9,temporal,0.0,1532.5,0.02000000000000001,0.8602657827336078,True,1.0,28933584,122.34321821428983,134.05000440015345,134.05000440015345
910000001,710000001,temporal,B0024,0,0.9021386049365755,3,9,12,temporal,0.0,1800.0,0.09319999999999999,0.09582822870517449,True,1.0,28933584,134.05000440015345,145.75043477923327,145.75043477923327
910000001,710000001,temporal,B0068,2,0.6944012727445649,1,2,8,temporal,0.0,1800.0,0.02000000000000001,0.11672409725569777,True,1.0,75955386,123.93818235057144,136.10696520470108,136.10696520470108
910000001,710000001,temporal,B0068,2,0.6944012727445649,2,8,10,temporal,0.0,1800.0,0.02000000000000001,0.8858021961370292,True,1.0,75955386,136.10696520470108,166.6193663781011,166.6193663781011
910000001,710000001,temporal,B0068,2,0.6944012727445649,3,10,13,temporal,0.0,1800.0,0.0835,0.516982520418585,True,1.0,75955386,166.6193663781011,197.12543458937316,197.12543458937316
910000001,710000001,temporal,B0082,2,0.5329126662412822,1,2,8,temporal,0.0,1800.0,0.02000000000000001,0.6936088175548574,True,1.0,116518754,124.18352676606187,142.84244850019152,142.84244850019152
910000001,710000001,temporal,B0082,2,0.5329126662412822,2,8,10,temporal,0.0,1800.0,0.02000000000000001,0.11444618473737755,True,1.0,116518754,142.84244850019152,189.58019687359155,189.58019687359155
910000001,710000001,temporal,B0082,2,0.5329126662412822,3,10,13,temporal,0.0,1800.0,0.0835,0.6608940749367316,True,1.0,116518754,189.58019687359155,236.31161228486363,236.31161228486363
910000001,710000001,temporal,B0018,2,0.6687259238540078,1,2,8,temporal,0.0,1800.0,0.02000000000000001,0.8548635938879742,True,1.0,34860569,136.4060522942267,141.99966442835634,141.99966442835634
910000001,710000001,temporal,B0018,2,0.6687259238540078,2,8,10,temporal,0.0,1800.0,0.02000000000000001,0.686443660262095,True,1.0,34860569,141.99966442835634,156.07413880175636,156.07413880175636
910000001,710000001,temporal,B0018,2,0.6687259238540078,3,10,13,temporal,0.0,1800.0,0.0835,0.8013725253859052,True,1.0,34860569,156.07413880175636,170.14228021302844,170.14228021302844
910000001,710000001,temporal,B0048,1,0.9858398475982477,1,1,7,temporal,0.0,732.5,0.02000000000000001,0.4263401646333711,True,1.0,97909084,143.13420536949116,158.80932601423655,158.80932601423655
910000001,710000001,temporal,B0048,1,0.9858398475982477,2,7,9,temporal,0.0,1800.0,0.02000000000000001,0.130658439090501,True,1.0,97909084,158.80932601423655,198.10320638763656,198.10320638763656
910000001,710000001,temporal,B0048,1,0.9858398475982477,3,9,12,temporal,0.0,1800.0,0.09319999999999999,0.024161716186683613,False,0.6690179285763516,65502933,198.10320638763656,224.30437941423176,
910000001,710000001,temporal,B0048,1,0.9858398475982477,4,9,12,temporal,0.0,1800.0,0.09319999999999999,0.6733091823991709,True,1.0,97909084,224.30437941423176,263.5950097933116,263.5950097933116
910000001,710000001,temporal,B0003,0,0.28470041061540113,1,0,12,temporal,197.5,677.5,0.0972,0.8385496403784237,True,1.0,93688084,197.5,216.24195155647038,216.24195155647038
910000001,710000001,temporal,B0091,2,0.7675137678851518,1,2,8,temporal,0.0,1800.0,0.02000000000000001,0.5235478113047576,True,1.0,61395197,157.0991272461936,166.93827986032326,166.93827986032326
910000001,710000001,temporal,B0091,2,0.7675137678851518,2,8,10,temporal,0.0,1800.0,0.02000000000000001,0.7013215189063964,True,1.0,61395197,166.93827986032326,191.62660543372328,191.62660543372328
910000001,710000001,temporal,B0091,2,0.7675137678851518,3,10,13,temporal,0.0,1800.0,0.0835,0.7336596972035048,True,1.0,61395197,191.62660543372328,216.30859804499536,216.30859804499536
910000001,710000001,temporal,B0029,1,0.42752891850931396,1,1,7,temporal,0.0,732.5,0.02000000000000001,0.42884679871152087,True,1.0,60229881,180.457876939233,190.1043251039784,190.1043251039784
910000001,710000001,temporal,B0029,1,0.42752891850931396,2,7,9,temporal,0.0,1800.0,0.02000000000000001,0.5045995572286341,True,1.0,60229881,190.1043251039784,214.3265242773784,214.3265242773784
910000001,710000001,temporal,B0029,1,0.42752891850931396,3,9,12,temporal,0.0,1800.0,0.09319999999999999,0.0599857873577927,False,0.4442944848206182,26759804,214.3265242773784,225.03044585725928,
910000001,710000001,temporal,B0029,1,0.42752891850931396,4,9,12,temporal,0.0,1800.0,0.09319999999999999,0.5208677259376729,True,1.0,60229881,225.03044585725928,249.2493950363391,249.2493950363391
910000001,710000001,temporal,B0050,1,0.6070007441142,1,1,7,temporal,0.0,732.5,0.02000000000000001,0.867407206747252,True,1.0,99384444,189.94438122314511,205.85555946789052,205.85555946789052
910000001,710000001,temporal,B0050,1,0.6070007441142,2,7,9,temporal,0.0,1800.0,0.02000000000000001,0.7409516978719051,True,1.0,99384444,205.85555946789052,245.73958384129054,245.73958384129054
910000001,710000001,temporal,B0050,1,0.6070007441142,3,9,12,temporal,0.0,1800.0,0.09319999999999999,0.6025746466390456,True,1.0,99384444,245.73958384129054,285.62035822037035,285.62035822037035
910000001,710000001,temporal,B0071,2,0.27528526992847746,1,2,8,temporal,0.0,1800.0,0.02000000000000001,0.17565128806674912,True,1.0,40923410,190.56167966490776,197.12534635903742,197.12534635903742
910000001,710000001,temporal,B0071,2,0.27528526992847746,2,8,10,temporal,0.0,1800.0,0.02000000000000001,0.6350640223697229,True,1.0,40923410,197.12534635903742,213.62495713243743,213.62495713243743
910000001,710000001,temporal,B0071,2,0.27528526992847746,3,10,13,temporal,0.0,1800.0,0.0835,0.0006807052716458761,False,0.5587177171726386,22864635,213.62495713243743,222.7708108180854,
910000001,710000001,temporal,B0071,2,0.27528526992847746,4,10,13,temporal,0.0,1800.0,0.0835,0.7573914523690138,True,1.0,40923410,222.7708108180854,239.26408862935747,239.26408862935747
910000001,710000001,temporal,B0022,0,0.4423012264915842,1,0,12,temporal,197.5,677.5,0.0972,0.8252115609689914,True,1.0,30210851,197.5,203.54650495647036,203.54650495647036
910000001,710000001,temporal,B0009,0,0.18048883580413644,1,0,12,temporal,197.5,677.5,0.0972,0.8628012561082588,True,1.0,37909123,197.5,205.08615935647038,205.08615935647038
910000001,710000001,temporal,B0090,1,0.6935789751178493,1,1,7,temporal,0.0,732.5,0.02000000000000001,0.8468426756880747,True,1.0,35041406,206.28846102571993,211.90475319046533,211.90475319046533
910000001,710000001,temporal,B0090,1,0.6935789751178493,2,7,9,temporal,0.0,1800.0,0.02000000000000001,0.8541984240640268,True,1.0,35041406,211.90475319046533,226.05156236386534,226.05156236386534
910000001,710000001,temporal,B0090,1,0.6935789751178493,3,9,12,temporal,0.0,1800.0,0.09319999999999999,0.4992707846014489,True,1.0,35041406,226.05156236386534,240.19512154294517,240.19512154294517
910000001,710000001,temporal,B0031,0,0.25934419869460223,1,0,12,temporal,197.5,677.5,0.0972,0.9444405813090271,True,1.0,26027959,224.91394835726155,230.12387491373192,230.12387491373192
910000001,710000001,temporal,B0084,2,0.8402104853546325,1,2,8,temporal,0.0,1800.0,0.02000000000000001,0.01813423927914204,False,0.7650731788442217,44714061,228.2293856270083,235.38363535600456,
910000001,710000001,temporal,B0084,2,0.8402104853546325,2,2,8,temporal,0.0,1800.0,0.02000000000000001,0.8419827310876713,True,1.0,58444162,235.38363535600456,244.7506223701342,244.7506223701342
910000001,710000001,temporal,B0084,2,0.8402104853546325,3,8,10,temporal,0.0,1800.0,0.02000000000000001,0.8557474903553774,True,1.0,58444162,244.7506223701342,268.25853394353425,268.25853394353425
910000001,710000001,temporal,B0084,2,0.8402104853546325,4,10,13,temporal,0.0,1800.0,0.0835,0.8289522977387758,True,1.0,58444162,268.25853394353425,291.7601125548063,291.7601125548063
910000001,710000001,temporal,B0087,0,0.9118556699910745,1,0,12,temporal,197.5,677.5,0.0972,0.798763619813405,True,1.0,68407387,237.85278638815797,251.53859854462834,251.53859854462834
910000001,710000001,temporal,B0099,0,0.6855411274869082,1,0,12,temporal,197.5,677.5,0.0972,0.2882885751574754,True,1.0,31238509,248.0312574550261,254.28329401149645,254.28329401149645
910000001,710000001,temporal,B0034,1,0.8504775827572066,1,1,7,temporal,0.0,732.5,0.02000000000000001,0.699118313261494,True,1.0,67421891,249.5293531193355,260.32652288408093,260.32652288408093
910000001,710000001,temporal,B0034,1,0.8504775827572066,2,7,9,temporal,0.0,1800.0,0.02000000000000001,0.7272377925502734,True,1.0,67421891,260.32652288408093,287.42552605748097,287.42552605748097
910000001,710000001,temporal,B0034,1,0.8504775827572066,3,9,12,temporal,0.0,1800.0,0.09319999999999999,0.7350533865870925,True,1.0,67421891,287.42552605748097,314.5212792365608,314.5212792365608
910000001,710000001,temporal,B0052,0,0.5458223510553343,1,0,12,temporal,197.5,677.5,0.0972,0.5664148802789736,True,1.0,114965025,259.28366895765845,282.2810087141288,282.2810087141288
910000001,710000001,temporal,B0016,1,0.943008269055722,1,1,7,temporal,0.0,732.5,0.02000000000000001,0.8236554524548747,True,1.0,116787992,289.35154547813505,308.0472914028805,308.0472914028805
910000001,710000001,temporal,B0016,1,0.943008269055722,2,7,9,temporal,0.0,1800.0,0.02000000000000001,0.34729138749639155,True,1.0,116787992,308.0472914028805,354.8927349762805,354.8927349762805
910000001,710000001,temporal,B0016,1,0.943008269055722,3,9,12,temporal,0.0,1800.0,0.09319999999999999,0.46558364853321355,True,1.0,116787992,354.8927349762805,401.73492855536034,401.73492855536034
910000001,710000001,temporal,B0033,1,0.1450511441607707,1,1,7,temporal,0.0,732.5,0.02000000000000001,0.41877428960683116,True,1.0,96694239,310.1312200205492,325.61196546529465,325.61196546529465
910000001,710000001,temporal,B0033,1,0.1450511441607707,2,7,9,temporal,0.0,1800.0,0.02000000000000001,0.1536522749834397,True,1.0,96694239,325.61196546529465,364.41990783869466,364.41990783869466
910000001,710000001,temporal,B0033,1,0.1450511441607707,3,9,12,temporal,0.0,1800.0,0.09319999999999999,0.7301665391112949,True,1.0,96694239,364.41990783869466,403.2246002177745,403.2246002177745
910000001,710000001,temporal,B0053,0,0.31217918362566466,1,0,12,temporal,197.5,677.5,0.0972,0.5824107279418682,True,1.0,98666014,318.8269848556501,338.5645224121205,338.5645224121205
910000001,710000001,temporal,B0095,0,0.46454607604592035,1,0,12,temporal,197.5,677.5,0.0972,0.8499026779855786,True,1.0,85565694,328.2359117300486,345.35338528651897,345.35338528651897
910000001,710000001,temporal,B0065,0,0.6579789918216628,1,0,12,temporal,197.5,677.5,0.0972,0.25944321309667984,True,1.0,31419884,334.9849134261281,341.2732249825985,341.2732249825985
910000001,710000001,temporal,B0057,2,0.6527153945687484,1,2,8,temporal,0.0,1800.0,0.02000000000000001,0.9594396798866567,True,1.0,18073823,376.9303703796469,379.83810315377656,379.83810315377656
910000001,710000001,temporal,B0057,2,0.6527153945687484,2,8,13,temporal,387.5,627.5,0.0835,0.7840078845892722,True,1.0,18073823,387.5,389.3147724692339,389.3147724692339
910000001,710000001,temporal,B0083,0,0.2188861539867824,1,0,12,temporal,197.5,677.5,0.0972,0.8441655091004548,True,1.0,50123828,385.6304596271534,395.6595599836238,395.6595599836238
910000001,710000001,temporal,B0007,1,0.1748691137624604,1,1,7,temporal,0.0,732.5,0.02000000000000001,0.6104283014080756,True,1.0,48858157,387.38260419828623,395.20957652303167,395.20957652303167
910000001,710000001,temporal,B0007,1,0.1748691137624604,2,7,9,temporal,0.0,1800.0,0.02000000000000001,0.5189864285322925,True,1.0,48858157,395.20957652303167,414.88308609643167,414.88308609643167
910000001,710000001,temporal,B0007,1,0.1748691137624604,3,9,12,temporal,0.0,1800.0,0.09319999999999999,0.7326650596243385,True,1.0,48858157,414.88308609643167,434.5533456755115,434.5533456755115
910000001,710000001,temporal,B0081,2,0.1141485065359612,1,2,8,temporal,0.0,1800.0,0.02000000000000001,0.7497214554408206,True,1.0,83465446,402.0623943968037,415.4327868509334,415.4327868509334
910000001,710000001,temporal,B0081,2,0.1141485065359612,2,8,13,temporal,387.5,627.5,0.0835,0.5963605234817483,True,1.0,83465446,415.4327868509334,423.7867216201673,423.7867216201673
910000001,710000001,temporal,B0027,0,0.1073298886127543,1,0,12,temporal,197.5,677.5,0.0972,0.22545858952641695,True,1.0,47085545,418.69051478436523,428.1119585408356,428.1119585408356
910000001,710000001,temporal,B0096,0,0.41200863447158664,1,0,12,temporal,197.5,677.5,0.0972,0.4335242862520534,True,1.0,93752996,420.0054554236471,438.7603893801175,438.7603893801175
910000001,710000001,temporal,B0074,2,0.3865357172670729,1,2,8,temporal,0.0,1800.0,0.02000000000000001,0.916026800751267,True,1.0,22814766,437.2552866394512,440.9215702935809,440.9215702935809
910000001,710000001,temporal,B0074,2,0.3865357172670729,2,8,13,temporal,387.5,627.5,0.0835,0.102898796702942,True,1.0,22814766,440.9215702935809,443.21043706281483,443.21043706281483
910000001,710000001,temporal,B0026,0,0.14112262308609327,1,0,12,temporal,197.5,677.5,0.0972,0.8790811312539548,True,1.0,86901896,450.26413178229063,467.648845738761,467.648845738761
910000001,710000001,temporal,B0013,2,0.2774015939310319,1,2,8,temporal,0.0,1800.0,0.02000000000000001,0.9573591599264256,True,1.0,60487820,469.86848545791975,479.56245775204945,479.56245775204945
910000001,710000001,temporal,B0013,2,0.2774015939310319,2,8,13,temporal,387.5,627.5,0.0835,0.5168973773950464,True,1.0,60487820,479.56245775204945,485.6186299212834,485.6186299212834
910000001,710000001,temporal,B0077,1,0.6589602339209018,1,1,7,temporal,0.0,732.5,0.02000000000000001,0.8245759508694929,True,1.0,40184009,475.0254368588288,481.46454550357424,481.46454550357424
910000001,710000001,temporal,B0077,1,0.6589602339209018,2,7,9,temporal,0.0,1800.0,0.02000000000000001,0.23567919284188588,True,1.0,40184009,481.46454550357424,497.6683958769743,497.6683958769743
910000001,710000001,temporal,B0077,1,0.6589602339209018,3,9,12,temporal,0.0,1800.0,0.09319999999999999,0.15859765589366315,True,1.0,40184009,497.6683958769743,513.8689962560541,513.8689962560541
910000001,710000001,temporal,B0059,2,0.9484015937920109,1,2,8,temporal,0.0,1800.0,0.02000000000000001,0.10590882492399156,True,1.0,119917033,477.61347476760227,496.81612114173197,496.81612114173197
910000001,710000001,temporal,B0059,2,0.9484015937920109,2,8,13,temporal,387.5,627.5,0.0835,0.08153543387211004,False,0.885488516894283,106185156,496.81612114173197,507.4346367118852,
910000001,710000001,temporal,B0059,2,0.9484015937920109,3,8,13,temporal,387.5,627.5,0.0835,0.08623995097514114,True,1.0,119917033,507.4346367118852,519.4337301811192,519.4337301811192
910000001,710000001,temporal,B0080,0,0.21719415784666365,1,0,12,temporal,197.5,677.5,0.0972,0.4019068835900199,True,1.0,71998271,489.11754207551365,503.521531031984,503.521531031984
910000001,710000001,temporal,B0063,2,0.9451899759725002,1,2,8,temporal,0.0,1800.0,0.02000000000000001,0.5744757059012202,True,1.0,30361832,489.5547281916681,494.42854240579777,494.42854240579777
910000001,710000001,temporal,B0063,2,0.9451899759725002,2,8,13,temporal,387.5,627.5,0.0835,0.8250983584808175,True,1.0,30361832,494.42854240579777,497.4721157750317,497.4721157750317
910000001,710000001,temporal,B0001,0,0.9147012971950664,1,0,12,temporal,197.5,677.5,0.0972,0.9827124001191826,True,1.0,91495025,490.6723835923982,508.9757233488686,508.9757233488686
910000001,710000001,temporal,B0008,1,0.4697292899944443,1,1,7,temporal,0.0,732.5,0.02000000000000001,0.449146337271785,True,1.0,74991929,491.8156550728818,503.8240309176272,503.8240309176272
910000001,710000001,temporal,B0008,1,0.4697292899944443,2,7,9,temporal,0.0,1800.0,0.02000000000000001,0.058206826793760436,True,1.0,74991929,503.8240309176272,533.9510492910273,533.9510492910273
910000001,710000001,temporal,B0008,1,0.4697292899944443,3,9,12,temporal,0.0,1800.0,0.09319999999999999,0.37998098798890945,True,1.0,74991929,533.9510492910273,564.0748176701071,564.0748176701071
910000001,710000001,temporal,B0075,0,0.34469393096844814,1,0,12,temporal,197.5,677.5,0.0972,0.760130972993831,True,1.0,15425609,496.0085152581495,499.0979718146199,499.0979718146199
910000001,710000001,temporal,B0047,2,0.5002590699831677,1,2,8,temporal,0.0,1800.0,0.02000000000000001,0.9805272498220823,True,1.0,22637426,502.2760072784,505.9139165325297,505.9139165325297
910000001,710000001,temporal,B0047,2,0.5002590699831677,2,8,13,temporal,387.5,627.5,0.0835,0.1106218081266066,True,1.0,22637426,505.9139165325297,508.1850493017636,508.1850493017636
910000001,710000001,temporal,B0070,2,0.24781552023449543,1,2,8,temporal,0.0,1800.0,0.02000000000000001,0.6424302920772008,True,1.0,82386440,528.7698757989222,541.9676272930518,541.9676272930518
910000001,710000001,temporal,B0070,2,0.24781552023449543,2,8,13,temporal,387.5,627.5,0.0835,0.7154895832218486,True,1.0,82386440,541.9676272930518,550.2136614622858,550.2136614622858
910000001,710000001,temporal,B0014,1,0.10149488261622658,1,1,7,temporal,0.0,732.5,0.02000000000000001,0.9073934532897305,True,1.0,66552895,533.2708737466451,543.9290041513905,543.9290041513905
910000001,710000001,temporal,B0014,1,0.10149488261622658,2,7,12,temporal,562.5,1157.5,0.09319999999999999,0.6448032136142561,True,1.0,66552895,562.5,569.1606525833292,569.1606525833292
910000001,710000001,temporal,B0089,0,0.308193251048091,1,0,12,temporal,197.5,677.5,0.0972,0.016488006352083917,False,0.4030540146445004,25546327,542.1692634078418,547.2785286937254,
910000001,710000001,temporal,B0089,0,0.308193251048091,2,0,12,temporal,197.5,677.5,0.0972,0.36895915556029113,True,1.0,63381893,547.2785286937254,559.9592420501958,559.9592420501958
910000001,710000001,temporal,B0043,0,0.19031085230638578,1,0,12,temporal,197.5,677.5,0.0972,0.19217082663719998,True,1.0,117164413,550.9389545616668,574.3761719181372,574.3761719181372
910000001,710000001,temporal,B0088,1,0.15497697128697543,1,1,7,temporal,0.0,732.5,0.02000000000000001,0.8149516726974694,True,1.0,69010412,557.5927577595883,568.6440908843337,568.6440908843337
910000001,710000001,temporal,B0088,1,0.15497697128697543,2,7,12,temporal,562.5,1157.5,0.09319999999999999,0.8362497520593568,True,1.0,69010412,568.6440908843337,575.5504951676629,575.5504951676629
910000001,710000001,temporal,B0073,1,0.9660355987126057,1,1,7,temporal,0.0,732.5,0.02000000000000001,0.17792111231089658,True,1.0,106762817,561.058355761422,578.1500736861674,578.1500736861674
910000001,710000001,temporal,B0073,1,0.9660355987126057,2,7,12,temporal,562.5,1157.5,0.09319999999999999,0.7507217413783337,True,1.0,106762817,578.1500736861674,588.8317184694966,588.8317184694966
910000001,710000001,temporal,B0030,0,0.5867899329771127,1,0,12,temporal,197.5,677.5,0.0972,0.4568367609101309,True,1.0,98504669,597.6020493176346,617.307317874105,617.307317874105
910000001,710000001,temporal,B0092,0,0.838637538561956,1,0,12,temporal,197.5,677.5,0.0972,0.453098803396467,True,1.0,37016822,625.3975288382785,632.8052279947489,632.8052279947489
910000001,710000001,temporal,B0085,0,0.6854067793736958,1,0,12,temporal,197.5,677.5,0.0972,0.17707442702315468,True,1.0,17797791,628.7914497726601,632.3553427291305,632.3553427291305
910000001,710000001,temporal,B0056,1,0.454904755182045,1,1,7,temporal,0.0,732.5,0.02000000000000001,0.8775405233883556,True,1.0,16209036,643.746998561224,646.3501115259694,646.3501115259694
910000001,710000001,temporal,B0056,1,0.454904755182045,2,7,12,temporal,562.5,1157.5,0.09319999999999999,0.019721134227626114,False,0.6844998845761223,11095084,646.3501115259694,647.4596198530784,
910000001,710000001,temporal,B0056,1,0.454904755182045,3,7,12,temporal,562.5,1157.5,0.09319999999999999,0.9244361350414992,True,1.0,16209036,647.4596198530784,649.0858865364077,649.0858865364077
910000001,710000001,temporal,B0039,0,0.5212439786568365,1,0,12,temporal,197.5,677.5,0.0972,0.24275426275193002,True,1.0,53559603,643.9600638617219,654.6763192181922,654.6763192181922
910000001,710000001,temporal,B0037,0,0.5219263937162911,1,0,12,temporal,197.5,677.5,0.0972,0.8742183278354391,True,1.0,94691576,647.4493148546103,666.3919648110807,666.3919648110807
910000001,710000001,temporal,B0015,0,0.5520603613915692,1,0,12,temporal,197.5,677.5,0.0972,0.47891030162474346,True,1.0,35770947,666.5209504045384,673.6794745610088,673.6794745610088
910000001,710000001,temporal,B0005,2,0.42793204869147017,1,2,8,temporal,0.0,1800.0,0.02000000000000001,0.7553684800678323,True,1.0,13755427,681.3379599050553,683.554749319185,683.554749319185
910000001,710000001,temporal,B0005,2,0.42793204869147017,2,8,10,temporal,0.0,1800.0,0.02000000000000001,0.3831864653207634,True,1.0,13755427,683.554749319185,689.1871668925851,689.1871668925851
910000001,710000001,temporal,B0005,2,0.42793204869147017,3,10,13,temporal,0.0,1800.0,0.0835,0.4265433119287879,True,1.0,13755427,689.1871668925851,694.8132515038571,694.8132515038571
910000001,710000001,temporal,B0093,1,0.22904397792586928,1,1,7,temporal,0.0,732.5,0.02000000000000001,0.009005056957880564,False,0.25944020066429074,3962617,696.8881105573541,697.5221291498933,
910000001,710000001,temporal,B0093,1,0.22904397792586928,2,1,7,temporal,0.0,732.5,0.02000000000000001,0.7848469438794271,True,1.0,15273717,697.5221291498933,699.9755910746387,699.9755910746387
910000001,710000001,temporal,B0093,1,0.22904397792586928,3,7,12,temporal,562.5,1157.5,0.09319999999999999,0.545400205844067,True,1.0,15273717,699.9755910746387,701.508325857968,701.508325857968
910000001,710000001,temporal,B0025,0,0.519326239445701,1,0,7,temporal,252.5,1122.5,0.02000000000000001,0.7846759040066383,True,1.0,51634814,697.9688110242997,706.2409677738922,706.2409677738922
910000001,710000001,temporal,B0025,0,0.519326239445701,2,7,12,temporal,562.5,1157.5,0.09319999999999999,0.47119424875615334,True,1.0,51634814,706.2409677738922,711.4098122572215,711.4098122572215
910000001,710000001,temporal,B0010,2,0.22267439707974046,1,2,8,temporal,0.0,1800.0,0.02000000000000001,0.6938197447318112,True,1.0,60297962,701.2473806399553,710.910975654085,710.910975654085
910000001,710000001,temporal,B0010,2,0.22267439707974046,2,8,10,temporal,0.0,1800.0,0.02000000000000001,0.11945234070478439,True,1.0,60297962,710.910975654085,735.1604072274849,735.1604072274849
910000001,710000001,temporal,B0010,2,0.22267439707974046,3,10,13,temporal,0.0,1800.0,0.0835,0.8988220341275759,True,1.0,60297962,735.1604072274849,759.4035058387569,759.4035058387569
910000001,710000001,temporal,B0012,2,0.4375673695401957,1,2,8,temporal,0.0,1800.0,0.02000000000000001,0.8000960704457897,True,1.0,79822929,714.6885682123129,727.4761579464426,727.4761579464426
910000001,710000001,temporal,B0012,2,0.4375673695401957,2,8,10,temporal,0.0,1800.0,0.02000000000000001,0.36407988986481843,True,1.0,79822929,727.4761579464426,759.5355763198427,759.5355763198427
910000001,710000001,temporal,B0012,2,0.4375673695401957,3,10,13,temporal,0.0,1800.0,0.0835,0.08700693241886603,True,1.0,79822929,759.5355763198427,791.5886617311147,791.5886617311147
910000001,710000001,temporal,B0045,2,0.8956117214029462,1,2,8,temporal,0.0,1800.0,0.02000000000000001,0.06624408888597166,True,1.0,48145070,715.33910249319,723.0582347873197,723.0582347873197
910000001,710000001,temporal,B0045,2,0.8956117214029462,2,8,10,temporal,0.0,1800.0,0.02000000000000001,0.8336691788817165,True,1.0,48145070,723.0582347873197,742.4465095607197,742.4465095607197
910000001,710000001,temporal,B0045,2,0.8956117214029462,3,10,13,temporal,0.0,1800.0,0.0835,0.36920263308891654,True,1.0,48145070,742.4465095607197,761.8284513719917,761.8284513719917
910000001,710000001,temporal,B0006,1,0.12435163461739557,1,1,9,temporal,0.0,1800.0,0.022000000000000013,0.6378905959567087,True,1.0,102482771,725.4190563004795,793.864262618262,793.864262618262
910000001,710000001,temporal,B0006,1,0.12435163461739557,2,9,12,temporal,0.0,1800.0,0.09319999999999999,0.15592979435351206,True,1.0,102482771,793.864262618262,834.9843677973419,834.9843677973419
910000001,710000001,temporal,B0028,2,0.6426950290612786,1,2,8,temporal,0.0,1800.0,0.02000000000000001,0.3636548982291702,True,1.0,82903233,732.1960353175558,745.4764736916854,745.4764736916854
910000001,710000001,temporal,B0028,2,0.6426950290612786,2,8,10,temporal,0.0,1800.0,0.02000000000000001,0.3858393750244484,True,1.0,82903233,745.4764736916854,778.7680136650855,778.7680136650855
910000001,710000001,temporal,B0028,2,0.6426950290612786,3,10,13,temporal,0.0,1800.0,0.0835,0.611473747208165,True,1.0,82903233,778.7680136650855,812.0532206763576,812.0532206763576
910000001,710000001,temporal,B0066,1,0.5034336303110226,1,1,9,temporal,0.0,1800.0,0.022000000000000013,0.22518309952854765,True,1.0,76763292,741.8489557543712,793.1478427388204,793.1478427388204
910000001,710000001,temporal,B0066,1,0.5034336303110226,2,9,12,temporal,0.0,1800.0,0.09319999999999999,0.46103378180360177,True,1.0,76763292,793.1478427388204,823.9801563179002,823.9801563179002
910000001,710000001,temporal,B0035,1,0.22635075644809516,1,1,9,temporal,0.0,1800.0,0.022000000000000013,0.8188887848231341,True,1.0,18466377,745.9326150780223,758.3668920624715,758.3668920624715
910000001,710000001,temporal,B0035,1,0.22635075644809516,2,9,12,temporal,0.0,1800.0,0.09319999999999999,0.0643270755460007,False,0.8001042269385985,14775027,758.3668920624715,764.2769025800482,
910000001,710000001,temporal,B0035,1,0.22635075644809516,3,9,12,temporal,0.0,1800.0,0.09319999999999999,0.9514462400389972,True,1.0,18466377,764.2769025800482,771.790450159128,771.790450159128
910000001,710000001,temporal,B0036,1,0.2912368822110424,1,1,9,temporal,0.0,1800.0,0.022000000000000013,0.519305816183894,True,1.0,45898705,752.6161684028498,783.3386640539657,783.3386640539657
910000001,710000001,temporal,B0036,1,0.2912368822110424,2,9,12,temporal,0.0,1800.0,0.09319999999999999,0.6630096693050415,True,1.0,45898705,783.3386640539657,801.8251428330454,801.8251428330454
910000001,710000001,temporal,B0098,0,0.7944024874393768,1,0,7,temporal,252.5,1122.5,0.02000000000000001,0.6190061886887043,True,1.0,83499313,752.7123198820939,766.0827964716864,766.0827964716864
910000001,710000001,temporal,B0098,0,0.7944024874393768,2,7,12,temporal,562.5,1157.5,0.09319999999999999,0.6992039699763656,True,1.0,83499313,766.0827964716864,774.4380908550156,774.4380908550156
910000001,710000001,temporal,B0040,2,0.7850620867086541,1,2,8,temporal,0.0,1800.0,0.02000000000000001,0.9212278847533122,True,1.0,32145007,754.2314733272163,759.390595541346,759.390595541346
910000001,710000001,temporal,B0040,2,0.7850620867086541,2,8,10,temporal,0.0,1800.0,0.02000000000000001,0.07922776231812612,True,1.0,32145007,759.390595541346,772.378845114746,772.378845114746
910000001,710000001,temporal,B0040,2,0.7850620867086541,3,10,13,temporal,0.0,1800.0,0.0835,0.5132218256445006,True,1.0,32145007,772.378845114746,785.360761726018,785.360761726018
910000001,710000001,temporal,B0046,2,0.3035717605875774,1,2,8,temporal,0.0,1800.0,0.02000000000000001,0.6102588919279172,True,1.0,49144031,783.1869890582142,791.0659551123439,791.0659551123439
910000001,710000001,temporal,B0046,2,0.3035717605875774,2,8,10,temporal,0.0,1800.0,0.02000000000000001,0.5445822111989541,True,1.0,49144031,791.0659551123439,810.8538142857439,810.8538142857439
910000001,710000001,temporal,B0046,2,0.3035717605875774,3,10,13,temporal,0.0,1800.0,0.0835,0.9156348848237126,True,1.0,49144031,810.8538142857439,830.6353404970158,830.6353404970158
910000001,710000001,temporal,B0060,2,0.7815210845413003,1,2,8,temporal,0.0,1800.0,0.02000000000000001,0.5846462798946526,True,1.0,30091517,789.9482569231869,794.7788207373167,794.7788207373167
910000001,710000001,temporal,B0060,2,0.7815210845413003,2,8,10,temporal,0.0,1800.0,0.02000000000000001,0.43731071410281197,True,1.0,30091517,794.7788207373167,806.9456743107166,806.9456743107166
910000001,710000001,temporal,B0060,2,0.7815210845413003,3,10,13,temporal,0.0,1800.0,0.0835,0.271729752474686,True,1.0,30091517,806.9456743107166,819.1061949219886,819.1061949219886
910000001,710000001,temporal,B0000,2,0.29529403948447813,1,2,8,temporal,0.0,1800.0,0.02000000000000001,0.02647837201964942,True,1.0,99380350,794.8983271042713,810.815104198401,810.815104198401
910000001,710000001,temporal,B0000,2,0.29529403948447813,2,8,10,temporal,0.0,1800.0,0.02000000000000001,0.8969104125949647,True,1.0,99380350,810.815104198401,850.6974909718009,850.6974909718009
910000001,710000001,temporal,B0000,2,0.29529403948447813,3,10,13,temporal,0.0,1800.0,0.0835,0.10753746126770303,True,1.0,99380350,850.6974909718009,890.5735447830729,890.5735447830729
910000001,710000001,temporal,B0017,1,0.5581005824469064,1,1,9,temporal,0.0,1800.0,0.022000000000000013,0.40648682538884706,True,1.0,33916155,806.0613960524952,828.7955250369444,828.7955250369444
910000001,710000001,temporal,B0017,1,0.5581005824469064,2,9,12,temporal,0.0,1800.0,0.09319999999999999,0.36023603853078767,True,1.0,33916155,828.7955250369444,842.4889838160242,842.4889838160242
910000001,710000001,temporal,B0067,1,0.21744581122232087,1,1,9,temporal,0.0,1800.0,0.022000000000000013,0.7040015615579345,True,1.0,15464735,815.4788795939727,825.9120619117552,825.9120619117552
910000001,710000001,temporal,B0067,1,0.21744581122232087,2,9,12,temporal,0.0,1800.0,0.09319999999999999,0.08478329006969032,False,0.9204972077411155,14235246,825.9120619117552,831.6061600661378,
910000001,710000001,temporal,B0067,1,0.21744581122232087,3,9,12,temporal,0.0,1800.0,0.09319999999999999,0.5510921958228439,True,1.0,15464735,831.6061600661378,837.9190508452176,837.9190508452176
910000001,710000001,temporal,B0049,0,0.941581271305236,1,0,7,temporal,252.5,1122.5,0.02000000000000001,0.4968647298723632,True,1.0,66816676,817.5546523839964,828.2559070535889,828.2559070535889
910000001,710000001,temporal,B0049,0,0.941581271305236,2,7,12,temporal,562.5,1157.5,0.09319999999999999,0.2034621034476526,True,1.0,66816676,828.2559070535889,834.9429377369181,834.9429377369181
910000001,710000001,temporal,B0051,0,0.5560388066683862,1,0,7,temporal,252.5,1122.5,0.02000000000000001,0.7182685322020028,True,1.0,110041927,818.7309953794959,836.3482902090884,836.3482902090884
910000001,710000001,temporal,B0051,0,0.5560388066683862,2,7,12,temporal,562.5,1157.5,0.09319999999999999,0.1619323913243519,True,1.0,110041927,836.3482902090884,847.3578459924177,847.3578459924177
910000001,710000001,temporal,B0023,0,0.9217683094503131,1,0,7,temporal,252.5,1122.5,0.02000000000000001,0.38781345117820354,True,1.0,48019572,819.2873085285124,826.9810265581049,826.9810265581049
910000001,710000001,temporal,B0023,0,0.9217683094503131,2,7,12,temporal,562.5,1157.5,0.09319999999999999,0.3941644038553459,True,1.0,48019572,826.9810265581049,831.7883468414341,831.7883468414341
910000001,710000001,temporal,B0042,1,0.8104699282304582,1,1,9,temporal,0.0,1800.0,0.022000000000000013,0.9197949631623377,True,1.0,26118361,838.128045216323,855.6636448674388,855.6636448674388
910000001,710000001,temporal,B0042,1,0.8104699282304582,2,9,12,temporal,0.0,1800.0,0.09319999999999999,0.28883420878179455,True,1.0,26118361,855.6636448674388,866.2379860465187,866.2379860465187
910000001,710000001,temporal,B0032,2,0.6874503263112978,1,2,8,temporal,0.0,1800.0,0.02000000000000001,0.4373457729504425,True,1.0,63076611,851.4168543445498,861.5250331986796,861.5250331986796
910000001,710000001,temporal,B0032,2,0.6874503263112978,2,8,10,temporal,0.0,1800.0,0.02000000000000001,0.5492584238169078,True,1.0,63076611,861.5250331986796,886.8859243720796,886.8859243720796
910000001,710000001,temporal,B0032,2,0.6874503263112978,3,10,13,temporal,0.0,1800.0,0.0835,0.3138600635685309,True,1.0,63076611,886.8859243720796,912.2404825833515,912.2404825833515
910000001,710000001,temporal,B0086,0,0.8551256565274119,1,0,7,temporal,252.5,1122.5,0.02000000000000001,0.11591810932620328,True,1.0,106807398,855.3650465908142,872.4648167804067,872.4648167804067
910000001,710000001,temporal,B0086,0,0.8551256565274119,2,7,12,temporal,562.5,1157.5,0.09319999999999999,0.39130343385183053,True,1.0,106807398,872.4648167804067,883.150919663736,883.150919663736
910000001,710000001,temporal,B0055,0,0.4498364679507423,1,0,7,temporal,252.5,1122.5,0.02000000000000001,0.8449597166867112,True,1.0,81727992,860.5163567749485,873.6034220045409,873.6034220045409
910000001,710000001,temporal,B0055,0,0.4498364679507423,2,7,12,temporal,562.5,1157.5,0.09319999999999999,0.29341340511143243,True,1.0,81727992,873.6034220045409,881.7815842878701,881.7815842878701
910000001,710000001,temporal,B0094,0,0.994407044791184,1,0,7,temporal,252.5,1122.5,0.02000000000000001,0.8507706244767698,True,1.0,19692793,873.3238689823836,876.4853023719761,876.4853023719761
910000001,710000001,temporal,B0094,0,0.994407044791184,2,7,12,temporal,562.5,1157.5,0.09319999999999999,0.36362787490816617,True,1.0,19692793,876.4853023719761,878.4599447553054,878.4599447553054
910000001,710000001,temporal,B0004,2,0.3721540488747993,1,2,4,temporal,857.5,1800.0,0.02000000000000001,0.8290024036474269,True,1.0,114584993,876.1484327633889,894.4917579463845,894.4917579463845
910000001,710000001,temporal,B0004,2,0.3721540488747993,2,4,10,temporal,0.0,1532.5,0.02000000000000001,0.017405913973892018,False,0.2558715045819248,29319035,894.4917579463845,906.2193717709522,
910000001,710000001,temporal,B0004,2,0.3721540488747993,3,4,10,temporal,0.0,1532.5,0.02000000000000001,0.5167240233973456,True,1.0,114584993,906.2193717709522,952.1867215568159,952.1867215568159
910000001,710000001,temporal,B0004,2,0.3721540488747993,4,10,13,temporal,0.0,1800.0,0.0835,0.4382315108978059,True,1.0,114584993,952.1867215568159,998.1446325680879,998.1446325680879
910000001,710000001,temporal,B0041,0,0.1445252610900894,1,0,7,temporal,252.5,1122.5,0.02000000000000001,0.1472075719719147,True,1.0,94650416,880.0978570820917,895.2525101516842,895.2525101516842
910000001,710000001,temporal,B0041,0,0.1445252610900894,2,7,12,temporal,562.5,1157.5,0.09319999999999999,0.7642997373970322,True,1.0,94650416,895.2525101516842,904.7229148350134,904.7229148350134
910000001,710000001,temporal,B0064,0,0.8487549151434918,1,0,7,temporal,252.5,1122.5,0.02000000000000001,0.23251553276344494,True,1.0,118961959,896.0120973840112,915.0565973336037,915.0565973336037
910000001,710000001,temporal,B0064,0,0.8487549151434918,2,7,12,temporal,562.5,1157.5,0.09319999999999999,0.5482712787548862,True,1.0,118961959,915.0565973336037,926.9581563169329,926.9581563169329
910000001,710000001,rl_pure,B0021,0,0.9908703051304139,1,0,12,rl,197.5,677.5,0.0972,0.004909437813097606,False,0.5805968135870303,40727986,197.5,205.64559702543343,
910000001,710000001,rl_pure,B0021,0,0.9908703051304139,2,0,12,rl,197.5,677.5,0.0972,0.9694704231596856,True,1.0,70148482,205.64559702543343,219.6796281819038,219.6796281819038
910000001,710000001,rl_pure,B0061,1,0.7543469688361771,1,1,9,rl,0.0,1800.0,0.022000000000000013,0.1607890926528488,True,1.0,61475624,17.234783392126662,58.34189170990921,58.34189170990921
910000001,710000001,rl_pure,B0061,1,0.7543469688361771,2,9,12,rl,0.0,1800.0,0.09319999999999999,0.014780785247052397,False,0.5435187509339714,33413155,58.34189170990921,71.7071534576558,
910000001,710000001,rl_pure,B0061,1,0.7543469688361771,3,9,12,rl,0.0,1800.0,0.09319999999999999,0.7387429227143308,True,1.0,61475624,71.7071534576558,96.42439983673563,96.42439983673563
910000001,710000001,rl_pure,B0038,1,0.1507158728773926,1,1,9,rl,0.0,1800.0,0.022000000000000013,0.05973217828919741,True,1.0,12619156,27.556520234588778,36.09264988570467,36.09264988570467
910000001,710000001,rl_pure,B0038,1,0.1507158728773926,2,9,12,rl,0.0,1800.0,0.09319999999999999,0.6899528239458593,True,1.0,12619156,36.09264988570467,41.2673090647845,41.2673090647845
910000001,710000001,rl_pure,B0078,0,0.9389418601635557,1,0,12,rl,197.5,677.5,0.0972,0.6183298903515794,True,1.0,15134240,197.5,200.53118275647037,200.53118275647037
910000001,710000001,rl_pure,B0062,2,0.263559445934111,1,2,9,rl,0.0,1800.0,0.022000000000000013,0.9920253950609169,True,1.0,55275097,45.02026572862877,82.01021963778456,82.01021963778456
910000001,710000001,rl_pure,B0062,2,0.263559445934111,2,9,12,rl,0.0,1800.0,0.09319999999999999,0.44218117367997145,True,1.0,55275097,82.01021963778456,104.24725521686439,104.24725521686439
910000001,710000001,rl_pure,B0072,1,0.8509894541936628,1,1,9,rl,0.0,1800.0,0.022000000000000013,0.5517492535256397,True,1.0,118287703,45.43506066672084,124.41688831783672,124.41688831783672
910000001,710000001,rl_pure,B0072,1,0.8509894541936628,2,9,12,rl,0.0,1800.0,0.09319999999999999,0.29863037097839085,True,1.0,118287703,124.41688831783672,171.85896629691655,171.85896629691655
910000001,710000001,rl_pure,B0076,2,0.1173393328300644,1,2,9,rl,0.0,1800.0,0.022000000000000013,0.25356069073147514,True,1.0,95576316,45.63898059924373,109.49641384173285,109.49641384173285
910000001,710000001,rl_pure,B0076,2,0.1173393328300644,2,9,12,rl,0.0,1800.0,0.09319999999999999,0.08963616758515547,False,0.6859500678843465,65560581,109.49641384173285,135.72064602106715,
910000001,710000001,rl_pure,B0076,2,0.1173393328300644,3,9,12,rl,0.0,1800.0,0.09319999999999999,0.022744825185235573,False,0.6747223993563155,64487482,135.72064602106715,161.5156385223301,
910000001,710000001,rl_pure,B0076,2,0.1173393328300644,4,9,12,rl,0.0,1800.0,0.09319999999999999,0.7515745125330323,True,1.0,95576316,161.5156385223301,199.87316170140994,199.87316170140994
910000001,710000001,rl_pure,B0097,2,0.5115862315174938,1,2,9,rl,0.0,1800.0,0.022000000000000013,0.8951704783787007,True,1.0,94704390,54.87445214305707,118.1506013855462,118.1506013855462
910000001,710000001,rl_pure,B0097,2,0.5115862315174938,2,9,12,rl,0.0,1800.0,0.09319999999999999,0.2993735743168293,True,1.0,94704390,118.1506013855462,156.15935416462602,156.15935416462602
910000001,710000001,rl_pure,B0058,2,0.5801350037187666,1,2,9,rl,0.0,1800.0,0.022000000000000013,0.13057749875298486,True,1.0,25989941,64.02558597339268,81.49210254921513,81.49210254921513
910000001,710000001,rl_pure,B0058,2,0.5801350037187666,2,9,12,rl,0.0,1800.0,0.09319999999999999,0.4421611783742857,True,1.0,25989941,81.49210254921513,92.01507572829496,92.01507572829496
910000001,710000001,rl_pure,B0002,0,0.6326993118896762,1,0,12,rl,197.5,677.5,0.0972,0.5060048772863778,True,1.0,64217128,197.5,210.34776035647036,210.34776035647036
910000001,710000001,rl_pure,B0079,1,0.9882828216837013,1,1,9,rl,0.0,1800.0,0.022000000000000013,0.9371407060340062,True,1.0,75196570,73.68062980450352,123.9350354556194,123.9350354556194
910000001,710000001,rl_pure,B0079,1,0.9882828216837013,2,9,12,rl,0.0,1800.0,0.09319999999999999,0.6907905945602554,True,1.0,75196570,123.9350354556194,154.14066023469923,154.14066023469923
910000001,710000001,rl_pure,B0019,1,0.9431418282423493,1,1,9,rl,0.0,1800.0,0.022000000000000013,0.8727140157116065,True,1.0,64378392,74.2190573882134,117.2613443726626,117.2613443726626
910000001,710000001,rl_pure,B0019,1,0.9431418282423493,2,9,12,rl,0.0,1800.0,0.09319999999999999,0.33763398599950056,True,1.0,64378392,117.2613443726626,143.13969795174245,143.13969795174245
910000001,710000001,rl_pure,B0054,2,0.8332670257172039,1,2,9,rl,0.0,1800.0,0.022000000000000013,0.8219154888008156,True,1.0,28784144,79.22303178858859,98.55235036441104,98.55235036441104
910000001,710000001,rl_pure,B0054,2,0.8332670257172039,2,9,12,rl,0.0,1800.0,0.09319999999999999,0.08853004807988063,False,0.6191028850793695,17820347,98.55235036441104,105.68048900238705,
910000001,710000001,rl_pure,B0054,2,0.8332670257172039,3,9,12,rl,0.0,1800.0,0.09319999999999999,0.2974970726445558,True,1.0,28784144,105.68048900238705,117.32114338146688,117.32114338146688
910000001,710000001,rl_pure,B0044,1,0.5580760706833449,1,1,9,rl,0.0,1800.0,0.022000000000000013,0.3684337612247761,True,1.0,67598300,81.9731660913758,127.16205840915835,127.16205840915835
910000001,710000001,rl_pure,B0044,1,0.5580760706833449,2,9,12,rl,0.0,1800.0,0.09319999999999999,0.035380192438086655,False,0.4070318521682166,27514662,127.16205840915835,138.16792291012746,
910000001,710000001,rl_pure,B0044,1,0.5580760706833449,3,9,12,rl,0.0,1800.0,0.09319999999999999,0.2752540579696451,True,1.0,67598300,138.16792291012746,165.3342396892073,165.3342396892073
910000001,710000001,rl_pure,B0069,1,0.45006004055895965,1,1,9,rl,0.0,1800.0,0.022000000000000013,0.7946083474176113,True,1.0,16956768,86.34108780989214,97.76895879434136,97.76895879434136
910000001,710000001,rl_pure,B0069,1,0.45006004055895965,2,9,12,rl,0.0,1800.0,0.09319999999999999,0.6536156396311141,True,1.0,16956768,97.76895879434136,104.6786627734212,104.6786627734212
910000001,710000001,rl_pure,B0011,0,0.7666130699831426,1,0,12,rl,197.5,677.5,0.0972,0.13114415025642434,True,1.0,62232351,197.5,209.95080495647036,209.95080495647036
910000001,710000001,rl_pure,B0020,1,0.3859021073522756,1,1,9,rl,0.0,1800.0,0.022000000000000013,0.3434331714958254,True,1.0,35904893,103.55933299464304,127.61928731242558,127.61928731242558
910000001,710000001,rl_pure,B0020,1,0.3859021073522756,2,9,12,rl,0.0,1800.0,0.09319999999999999,0.950636857095339,True,1.0,35904893,127.61928731242558,142.1082412915054,142.1082412915054
910000001,710000001,rl_pure,B0024,0,0.9021386049365755,1,0,12,rl,197.5,677.5,0.0972,0.6236886323342012,True,1.0,28933584,197.5,203.29105155647036,203.29105155647036
910000001,710000001,rl_pure,B0068,2,0.6944012727445649,1,2,9,rl,0.0,1800.0,0.022000000000000013,0.568254730206762,True,1.0,75955386,123.93818235057144,174.71499559306056,174.71499559306056
910000001,710000001,rl_pure,B0068,2,0.6944012727445649,2,9,12,rl,0.0,1800.0,0.09319999999999999,0.9460721815339637,True,1.0,75955386,174.71499559306056,205.2241467721404,205.2241467721404
910000001,710000001,rl_pure,B0082,2,0.5329126662412822,1,2,9,rl,0.0,1800.0,0.022000000000000013,0.1447714318573915,True,1.0,116518754,124.18352676606187,202.00258534188433,202.00258534188433
910000001,710000001,rl_pure,B0082,2,0.5329126662412822,2,9,12,rl,0.0,1800.0,0.09319999999999999,0.6313471774824678,True,1.0,116518754,202.00258534188433,248.73708372096416,248.73708372096416
910000001,710000001,rl_pure,B0018,2,0.6687259238540078,1,2,9,rl,0.0,1800.0,0.022000000000000013,0.6776636796037322,True,1.0,34860569,136.4060522942267,159.78632087004914,159.78632087004914
910000001,710000001,rl_pure,B0018,2,0.6687259238540078,2,9,12,rl,0.0,1800.0,0.09319999999999999,0.9906364728602058,True,1.0,34860569,159.78632087004914,173.85754524912898,173.85754524912898
910000001,710000001,rl_pure,B0048,1,0.9858398475982477,1,1,9,rl,0.0,1800.0,0.022000000000000013,0.7193573685047369,True,1.0,97909084,143.13420536949116,208.53028702060703,208.53028702060703
910000001,710000001,rl_pure,B0048,1,0.9858398475982477,2,9,12,rl,0.0,1800.0,0.09319999999999999,0.024161716186683613,False,0.6690179285763516,65502933,208.53028702060703,234.73146004720223,
910000001,710000001,rl_pure,B0048,1,0.9858398475982477,3,9,12,rl,0.0,1800.0,0.09319999999999999,0.6733091823991709,True,1.0,97909084,234.73146004720223,274.02209042628203,274.02209042628203
910000001,710000001,rl_pure,B0003,0,0.28470041061540113,1,0,12,rl,197.5,677.5,0.0972,0.8385496403784237,True,1.0,93688084,197.5,216.24195155647038,216.24195155647038
910000001,710000001,rl_pure,B0091,2,0.7675137678851518,1,2,9,rl,0.0,1800.0,0.022000000000000013,0.8621538978115414,True,1.0,61395197,157.0991272461936,198.16914782201604,198.16914782201604
910000001,710000001,rl_pure,B0091,2,0.7675137678851518,2,9,12,rl,0.0,1800.0,0.09319999999999999,0.5160755304409986,True,1.0,61395197,198.16914782201604,222.85422340109588,222.85422340109588
910000001,710000001,rl_pure,B0029,1,0.42752891850931396,1,1,9,rl,0.0,1800.0,0.022000000000000013,0.16205093563220274,True,1.0,60229881,180.457876939233,220.73448992368222,220.73448992368222
910000001,710000001,rl_pure,B0029,1,0.42752891850931396,2,9,12,rl,0.0,1800.0,0.09319999999999999,0.0599857873577927,False,0.4442944848206182,26759804,220.73448992368222,231.4384115035631,
910000001,710000001,rl_pure,B0029,1,0.42752891850931396,3,9,12,rl,0.0,1800.0,0.09319999999999999,0.5208677259376729,True,1.0,60229881,231.4384115035631,255.65736068264292,255.65736068264292
910000001,710000001,rl_pure,B0050,1,0.6070007441142,1,1,9,rl,0.0,1800.0,0.022000000000000013,0.4531272870021087,True,1.0,99384444,189.94438122314511,256.32403620759436,256.32403620759436
910000001,710000001,rl_pure,B0050,1,0.6070007441142,2,9,12,rl,0.0,1800.0,0.09319999999999999,0.6025746466390456,True,1.0,99384444,256.32403620759436,296.20481058667417,296.20481058667417
910000001,710000001,rl_pure,B0071,2,0.27528526992847746,1,2,9,rl,0.0,1800.0,0.022000000000000013,0.6095251209281891,True,1.0,40923410,190.56167966490776,217.9838422407302,217.9838422407302
910000001,710000001,rl_pure,B0071,2,0.27528526992847746,2,9,12,rl,0.0,1800.0,0.09319999999999999,0.13324614458590756,True,1.0,40923410,217.9838422407302,234.48020301981003,234.48020301981003
910000001,710000001,rl_pure,B0022,0,0.4423012264915842,1,0,12,rl,197.5,677.5,0.0972,0.8252115609689914,True,1.0,30210851,197.5,203.54650495647036,203.54650495647036
910000001,710000001,rl_pure,B0009,0,0.18048883580413644,1,0,12,rl,197.5,677.5,0.0972,0.8628012561082588,True,1.0,37909123,197.5,205.08615935647038,205.08615935647038
910000001,710000001,rl_pure,B0090,1,0.6935789751178493,1,1,9,rl,0.0,1800.0,0.022000000000000013,0.5880469761182474,True,1.0,35041406,206.28846102571993,229.7727573435025,229.7727573435025
910000001,710000001,rl_pure,B0090,1,0.6935789751178493,2,9,12,rl,0.0,1800.0,0.09319999999999999,0.4992707846014489,True,1.0,35041406,229.7727573435025,243.91631652258232,243.91631652258232
910000001,710000001,rl_pure,B0031,0,0.25934419869460223,1,0,12,rl,197.5,677.5,0.0972,0.9444405813090271,True,1.0,26027959,224.91394835726155,230.12387491373192,230.12387491373192
910000001,710000001,rl_pure,B0084,2,0.8402104853546325,1,2,9,rl,0.0,1800.0,0.022000000000000013,0.4497601206240922,True,1.0,58444162,228.2293856270083,267.3320495361641,267.3320495361641
910000001,710000001,rl_pure,B0084,2,0.8402104853546325,2,9,12,rl,0.0,1800.0,0.09319999999999999,0.06708286565957222,False,0.4123152473808873,24097420,267.3320495361641,276.97101718136355,
910000001,710000001,rl_pure,B0084,2,0.8402104853546325,3,9,12,rl,0.0,1800.0,0.09319999999999999,0.8005949304108306,True,1.0,58444162,276.97101718136355,300.4756787604434,300.4756787604434
910000001,710000001,rl_pure,B0087,0,0.9118556699910745,1,0,12,rl,197.5,677.5,0.0972,0.798763619813405,True,1.0,68407387,237.85278638815797,251.53859854462834,251.53859854462834
910000001,710000001,rl_pure,B0099,0,0.6855411274869082,1,0,12,rl,197.5,677.5,0.0972,0.2882885751574754,True,1.0,31238509,248.0312574550261,254.28329401149645,254.28329401149645
910000001,710000001,rl_pure,B0034,1,0.8504775827572066,1,1,9,rl,0.0,1800.0,0.022000000000000013,0.5524969684193938,True,1.0,67421891,249.5293531193355,294.60063943711805,294.60063943711805
910000001,710000001,rl_pure,B0034,1,0.8504775827572066,2,9,12,rl,0.0,1800.0,0.09319999999999999,0.7350533865870925,True,1.0,67421891,294.60063943711805,321.6963926161979,321.6963926161979
910000001,710000001,rl_pure,B0052,0,0.5458223510553343,1,0,12,rl,197.5,677.5,0.0972,0.5664148802789736,True,1.0,114965025,259.28366895765845,282.2810087141288,282.2810087141288
910000001,710000001,rl_pure,B0016,1,0.943008269055722,1,1,9,rl,0.0,1800.0,0.022000000000000013,0.16614707932309225,True,1.0,116787992,289.35154547813505,367.3335657959176,367.3335657959176
910000001,710000001,rl_pure,B0016,1,0.943008269055722,2,9,12,rl,0.0,1800.0,0.09319999999999999,0.46558364853321355,True,1.0,116787992,367.3335657959176,414.1757593749974,414.1757593749974
910000001,710000001,rl_pure,B0033,1,0.1450511441607707,1,1,9,rl,0.0,1800.0,0.022000000000000013,0.8351419858901968,True,1.0,96694239,310.1312200205492,374.71740500499845,374.71740500499845
910000001,710000001,rl_pure,B0033,1,0.1450511441607707,2,9,12,rl,0.0,1800.0,0.09319999999999999,0.7301665391112949,True,1.0,96694239,374.71740500499845,413.5220973840783,413.5220973840783
910000001,710000001,rl_pure,B0053,0,0.31217918362566466,1,0,12,rl,197.5,677.5,0.0972,0.5824107279418682,True,1.0,98666014,318.8269848556501,338.5645224121205,338.5645224121205
910000001,710000001,rl_pure,B0095,0,0.46454607604592035,1,0,12,rl,197.5,677.5,0.0972,0.8499026779855786,True,1.0,85565694,328.2359117300486,345.35338528651897,345.35338528651897
910000001,710000001,rl_pure,B0065,0,0.6579789918216628,1,0,12,rl,197.5,677.5,0.0972,0.25944321309667984,True,1.0,31419884,334.9849134261281,341.2732249825985,341.2732249825985
910000001,710000001,rl_pure,B0057,2,0.6527153945687484,1,2,9,rl,0.0,1800.0,0.022000000000000013,0.5905405670593873,True,1.0,18073823,376.9303703796469,389.11947495546934,389.11947495546934
910000001,710000001,rl_pure,B0057,2,0.6527153945687484,2,9,12,rl,0.0,1800.0,0.09319999999999999,0.3962075967239539,True,1.0,18073823,389.11947495546934,396.4760009345492,396.4760009345492
910000001,710000001,rl_pure,B0083,0,0.2188861539867824,1,0,12,rl,197.5,677.5,0.0972,0.8441655091004548,True,1.0,50123828,385.6304596271534,395.6595599836238,395.6595599836238
910000001,710000001,rl_pure,B0007,1,0.1748691137624604,1,1,9,rl,0.0,1800.0,0.022000000000000013,0.4124674620997365,True,1.0,48858157,387.38260419828623,420.07806784940215,420.07806784940215
910000001,710000001,rl_pure,B0007,1,0.1748691137624604,2,9,12,rl,0.0,1800.0,0.09319999999999999,0.7326650596243385,True,1.0,48858157,420.07806784940215,439.74832742848196,439.74832742848196
910000001,710000001,rl_pure,B0081,2,0.1141485065359612,1,2,9,rl,0.0,1800.0,0.022000000000000013,0.21645977407210848,True,1.0,83465446,402.0623943968037,457.8459143059595,457.8459143059595
910000001,710000001,rl_pure,B0081,2,0.1141485065359612,2,9,12,rl,0.0,1800.0,0.09319999999999999,0.9136944957847436,True,1.0,83465446,457.8459143059595,491.35908948503936,491.35908948503936
910000001,710000001,rl_pure,B0027,0,0.1073298886127543,1,0,12,rl,197.5,677.5,0.0972,0.22545858952641695,True,1.0,47085545,418.69051478436523,428.1119585408356,428.1119585408356
910000001,710000001,rl_pure,B0096,0,0.41200863447158664,1,0,12,rl,197.5,677.5,0.0972,0.4335242862520534,True,1.0,93752996,420.0054554236471,438.7603893801175,438.7603893801175
910000001,710000001,rl_pure,B0074,2,0.3865357172670729,1,2,9,rl,0.0,1800.0,0.022000000000000013,0.09349488346737234,True,1.0,22814766,437.2552866394512,452.6050198819403,452.6050198819403
910000001,710000001,rl_pure,B0074,2,0.3865357172670729,2,9,12,rl,0.0,1800.0,0.09319999999999999,0.6293638052278225,True,1.0,22814766,452.6050198819403,461.85792306102013,461.85792306102013
910000001,710000001,rl_pure,B0026,0,0.14112262308609327,1,0,12,rl,197.5,677.5,0.0972,0.8790811312539548,True,1.0,86901896,450.26413178229063,467.648845738761,467.648845738761
910000001,710000001,rl_pure,B0013,2,0.2774015939310319,1,2,9,rl,0.0,1800.0,0.022000000000000013,0.5230093130264486,True,1.0,60487820,469.86848545791975,510.3335880337422,510.3335880337422
910000001,710000001,rl_pure,B0013,2,0.2774015939310319,2,9,12,rl,0.0,1800.0,0.09319999999999999,0.8791676934157049,True,1.0,60487820,510.3335880337422,534.655712812822,534.655712812822
910000001,710000001,rl_pure,B0077,1,0.6589602339209018,1,1,9,rl,0.0,1800.0,0.022000000000000013,0.9654207746077872,True,1.0,40184009,475.0254368588288,501.93813517661135,501.93813517661135
910000001,710000001,rl_pure,B0077,1,0.6589602339209018,2,9,12,rl,0.0,1800.0,0.09319999999999999,0.15859765589366315,True,1.0,40184009,501.93813517661135,518.1387355556911,518.1387355556911
910000001,710000001,rl_pure,B0059,2,0.9484015937920109,1,2,9,rl,0.0,1800.0,0.022000000000000013,0.005777641119835364,False,0.493418500775606,59169283,477.61347476760227,517.0596631944816,
910000001,710000001,rl_pure,B0059,2,0.9484015937920109,2,2,9,rl,0.0,1800.0,0.022000000000000013,0.13736623384833457,True,1.0,119917033,517.0596631944816,597.1442411036375,597.1442411036375
910000001,710000001,rl_pure,B0059,2,0.9484015937920109,3,9,12,rl,0.0,1800.0,0.09319999999999999,0.6017595286108165,True,1.0,119917033,597.1442411036375,645.2380510827173,645.2380510827173
910000001,710000001,rl_pure,B0080,0,0.21719415784666365,1,0,12,rl,197.5,677.5,0.0972,0.4019068835900199,True,1.0,71998271,489.11754207551365,503.521531031984,503.521531031984
910000001,710000001,rl_pure,B0063,2,0.9451899759725002,1,2,9,rl,0.0,1800.0,0.022000000000000013,0.6613265362544433,True,1.0,30361832,489.5547281916681,509.93583876749057,509.93583876749057
910000001,710000001,rl_pure,B0063,2,0.9451899759725002,2,9,12,rl,0.0,1800.0,0.09319999999999999,0.5069181069822954,True,1.0,30361832,509.93583876749057,522.2075683465704,522.2075683465704
910000001,710000001,rl_pure,B0001,0,0.9147012971950664,1,0,12,rl,197.5,677.5,0.0972,0.9827124001191826,True,1.0,91495025,490.6723835923982,508.9757233488686,508.9757233488686
910000001,710000001,rl_pure,B0008,1,0.4697292899944443,1,1,9,rl,0.0,1800.0,0.022000000000000013,0.2521325019469445,True,1.0,74991929,491.8156550728818,541.9336333906642,541.9336333906642
910000001,710000001,rl_pure,B0008,1,0.4697292899944443,2,9,12,rl,0.0,1800.0,0.09319999999999999,0.37998098798890945,True,1.0,74991929,541.9336333906642,572.057401769744,572.057401769744
910000001,710000001,rl_pure,B0075,0,0.34469393096844814,1,0,12,rl,197.5,677.5,0.0972,0.760130972993831,True,1.0,15425609,496.0085152581495,499.0979718146199,499.0979718146199
910000001,710000001,rl_pure,B0047,2,0.5002590699831677,1,2,9,rl,0.0,1800.0,0.022000000000000013,0.11653938105183048,True,1.0,22637426,502.2760072784,517.5075138542226,517.5075138542226
910000001,710000001,rl_pure,B0047,2,0.5002590699831677,2,9,12,rl,0.0,1800.0,0.09319999999999999,0.25261201230785657,True,1.0,22637426,517.5075138542226,526.6894810333024,526.6894810333024
910000001,710000001,rl_pure,B0070,2,0.24781552023449543,1,2,9,rl,0.0,1800.0,0.022000000000000013,0.14711189052811746,True,1.0,82386440,528.7698757989222,583.8340583747447,583.8340583747447
910000001,710000001,rl_pure,B0070,2,0.24781552023449543,2,9,12,rl,0.0,1800.0,0.09319999999999999,0.6854046959985131,True,1.0,82386440,583.8340583747447,616.9156311538245,616.9156311538245
910000001,710000001,rl_pure,B0014,1,0.10149488261622658,1,1,9,rl,0.0,1800.0,0.022000000000000013,0.5526958061713831,True,1.0,66552895,533.2708737466451,577.7628293977609,577.7628293977609
910000001,710000001,rl_pure,B0014,1,0.10149488261622658,2,9,12,rl,0.0,1800.0,0.09319999999999999,0.32672378379142575,True,1.0,66552895,577.7628293977609,604.5109841768408,604.5109841768408
910000001,710000001,rl_pure,B0089,0,0.308193251048091,1,0,12,rl,197.5,677.5,0.0972,0.016488006352083917,False,0.4030540146445004,25546327,542.1692634078418,547.2785286937254,
910000001,710000001,rl_pure,B0089,0,0.308193251048091,2,0,12,rl,197.5,677.5,0.0972,0.36895915556029113,True,1.0,63381893,547.2785286937254,559.9592420501958,559.9592420501958
910000001,710000001,rl_pure,B0043,0,0.19031085230638578,1,0,12,rl,197.5,677.5,0.0972,0.19217082663719998,True,1.0,117164413,550.9389545616668,574.3761719181372,574.3761719181372
910000001,710000001,rl_pure,B0088,1,0.15497697128697543,1,1,9,rl,0.0,1800.0,0.022000000000000013,0.21677484350540555,True,1.0,69010412,557.5927577595883,603.7230580773708,603.7230580773708
910000001,710000001,rl_pure,B0088,1,0.15497697128697543,2,9,12,rl,0.0,1800.0,0.09319999999999999,0.2852858431686811,True,1.0,69010412,603.7230580773708,631.4542196564506,631.4542196564506
910000001,710000001,rl_pure,B0073,1,0.9660355987126057,1,1,9,rl,0.0,1800.0,0.022000000000000013,0.5427208586696841,True,1.0,106762817,561.058355761422,632.3569260792045,632.3569260792045
910000001,710000001,rl_pure,B0073,1,0.9660355987126057,2,9,12,rl,0.0,1800.0,0.09319999999999999,0.7036077301015854,True,1.0,106762817,632.3569260792045,675.1890496582844,675.1890496582844
910000001,710000001,rl_pure,B0030,0,0.5867899329771127,1,0,12,rl,197.5,677.5,0.0972,0.4568367609101309,True,1.0,98504669,597.6020493176346,617.307317874105,617.307317874105
910000001,710000001,rl_pure,B0092,0,0.838637538561956,1,0,12,rl,197.5,677.5,0.0972,0.453098803396467,True,1.0,37016822,625.3975288382785,632.8052279947489,632.8052279947489
910000001,710000001,rl_pure,B0085,0,0.6854067793736958,1,0,12,rl,197.5,677.5,0.0972,0.17707442702315468,True,1.0,17797791,628.7914497726601,632.3553427291305,632.3553427291305
910000001,710000001,rl_pure,B0056,1,0.454904755182045,1,1,9,rl,0.0,1800.0,0.022000000000000013,0.8599705527392385,True,1.0,16209036,643.746998561224,654.6763815456732,654.6763815456732
910000001,710000001,rl_pure,B0056,1,0.454904755182045,2,9,12,rl,0.0,1800.0,0.09319999999999999,0.5316706642492542,True,1.0,16209036,654.6763815456732,661.286992724753,661.286992724753
910000001,710000001,rl_pure,B0039,0,0.5212439786568365,1,0,12,rl,197.5,677.5,0.0972,0.24275426275193002,True,1.0,53559603,643.9600638617219,654.6763192181922,654.6763192181922
910000001,710000001,rl_pure,B0037,0,0.5219263937162911,1,0,12,rl,197.5,677.5,0.0972,0.8742183278354391,True,1.0,94691576,647.4493148546103,666.3919648110807,666.3919648110807
910000001,710000001,rl_pure,B0015,0,0.5520603613915692,1,0,12,rl,197.5,677.5,0.0972,0.47891030162474346,True,1.0,35770947,666.5209504045384,673.6794745610088,673.6794745610088
910000001,710000001,rl_pure,B0005,2,0.42793204869147017,1,2,9,rl,0.0,1800.0,0.022000000000000013,0.5548382820924792,True,1.0,13755427,681.3379599050553,690.6481338142112,690.6481338142112
910000001,710000001,rl_pure,B0005,2,0.42793204869147017,2,9,12,rl,0.0,1800.0,0.09319999999999999,0.012581290944666756,False,0.45423329862875267,6248173,690.6481338142112,693.147403006314,
910000001,710000001,rl_pure,B0005,2,0.42793204869147017,3,9,12,rl,0.0,1800.0,0.09319999999999999,0.4865779796675921,True,1.0,13755427,693.147403006314,698.7765705853939,698.7765705853939
910000001,710000001,rl_pure,B0093,1,0.22904397792586928,1,1,9,rl,0.0,1800.0,0.022000000000000013,0.13525229936805727,True,1.0,15273717,696.8881105573541,707.1939475418033,707.1939475418033
910000001,710000001,rl_pure,B0093,1,0.22904397792586928,2,9,12,rl,0.0,1800.0,0.09319999999999999,0.7848962174390999,True,1.0,15273717,707.1939475418033,713.4304311208831,713.4304311208831
910000001,710000001,rl_pure,B0025,0,0.519326239445701,1,0,9,rl,0.0,1557.5,0.022000000000000013,0.9706115045603136,True,1.0,51634814,697.9688110242997,732.5258829036333,732.5258829036333
910000001,710000001,rl_pure,B0025,0,0.519326239445701,2,9,12,rl,0.0,1800.0,0.09319999999999999,0.46150262854630686,True,1.0,51634814,732.5258829036333,753.3068052827131,753.3068052827131
910000001,710000001,rl_pure,B0010,2,0.22267439707974046,1,2,9,rl,0.0,1800.0,0.022000000000000013,0.661216391068356,True,1.0,60297962,701.2473806399553,741.5859112157777,741.5859112157777
910000001,710000001,rl_pure,B0010,2,0.22267439707974046,2,9,12,rl,0.0,1800.0,0.09319999999999999,0.3338740829509771,True,1.0,60297962,741.5859112157777,765.8320927948575,765.8320927948575
910000001,710000001,rl_pure,B0012,2,0.4375673695401957,1,2,9,rl,0.0,1800.0,0.022000000000000013,0.48222308273146464,True,1.0,79822929,714.6885682123129,768.0437434548021,768.0437434548021
910000001,710000001,rl_pure,B0012,2,0.4375673695401957,2,9,12,rl,0.0,1800.0,0.09319999999999999,0.8418512004088466,True,1.0,79822929,768.0437434548021,800.099911833882,800.099911833882
910000001,710000001,rl_pure,B0045,2,0.8956117214029462,1,2,9,rl,0.0,1800.0,0.022000000000000013,0.03411934796817895,True,1.0,48145070,715.33910249319,747.5757050690125,747.5757050690125
910000001,710000001,rl_pure,B0045,2,0.8956117214029462,2,9,12,rl,0.0,1800.0,0.09319999999999999,0.8888180891219344,True,1.0,48145070,747.5757050690125,766.9607298480923,766.9607298480923
910000001,710000001,rl_pure,B0006,1,0.12435163461739557,1,1,9,rl,0.0,1800.0,0.022000000000000013,0.6378905959567087,True,1.0,102482771,725.4190563004795,793.864262618262,793.864262618262
910000001,710000001,rl_pure,B0006,1,0.12435163461739557,2,9,12,rl,0.0,1800.0,0.09319999999999999,0.15592979435351206,True,1.0,102482771,793.864262618262,834.9843677973419,834.9843677973419
910000001,710000001,rl_pure,B0028,2,0.6426950290612786,1,2,9,rl,0.0,1800.0,0.022000000000000013,0.5274892585039588,True,1.0,82903233,732.1960353175558,787.604746560045,787.604746560045
910000001,710000001,rl_pure,B0028,2,0.6426950290612786,2,9,12,rl,0.0,1800.0,0.09319999999999999,0.4296669464155728,True,1.0,82903233,787.604746560045,820.8930365391249,820.8930365391249
910000001,710000001,rl_pure,B0066,1,0.5034336303110226,1,1,9,rl,0.0,1800.0,0.022000000000000013,0.22518309952854765,True,1.0,76763292,741.8489557543712,793.1478427388204,793.1478427388204
910000001,710000001,rl_pure,B0066,1,0.5034336303110226,2,9,12,rl,0.0,1800.0,0.09319999999999999,0.46103378180360177,True,1.0,76763292,793.1478427388204,823.9801563179002,823.9801563179002
910000001,710000001,rl_pure,B0035,1,0.22635075644809516,1,1,9,rl,0.0,1800.0,0.022000000000000013,0.8188887848231341,True,1.0,18466377,745.9326150780223,758.3668920624715,758.3668920624715
910000001,710000001,rl_pure,B0035,1,0.22635075644809516,2,9,12,rl,0.0,1800.0,0.09319999999999999,0.0643270755460007,False,0.8001042269385985,14775027,758.3668920624715,764.2769025800482,
910000001,710000001,rl_pure,B0035,1,0.22635075644809516,3,9,12,rl,0.0,1800.0,0.09319999999999999,0.9514462400389972,True,1.0,18466377,764.2769025800482,771.790450159128,771.790450159128
910000001,710000001,rl_pure,B0036,1,0.2912368822110424,1,1,9,rl,0.0,1800.0,0.022000000000000013,0.519305816183894,True,1.0,45898705,752.6161684028498,783.3386640539657,783.3386640539657
910000001,710000001,rl_pure,B0036,1,0.2912368822110424,2,9,12,rl,0.0,1800.0,0.09319999999999999,0.6630096693050415,True,1.0,45898705,783.3386640539657,801.8251428330454,801.8251428330454
910000001,710000001,rl_pure,B0098,0,0.7944024874393768,1,0,9,rl,0.0,1557.5,0.022000000000000013,0.028902157969002862,True,1.0,83499313,752.7123198820939,808.5123910947607,808.5123910947607
910000001,710000001,rl_pure,B0098,0,0.7944024874393768,2,9,12,rl,0.0,1800.0,0.09319999999999999,0.8071672218213812,True,1.0,83499313,808.5123910947607,842.0391130738406,842.0391130738406
910000001,710000001,rl_pure,B0040,2,0.7850620867086541,1,2,9,rl,0.0,1800.0,0.022000000000000013,0.08823138497393002,True,1.0,32145007,754.2314733272163,775.8013672363722,775.8013672363722
910000001,710000001,rl_pure,B0040,2,0.7850620867086541,2,9,12,rl,0.0,1800.0,0.09319999999999999,0.35044018516345254,True,1.0,32145007,775.8013672363722,788.7863668154521,788.7863668154521
910000001,710000001,rl_pure,B0046,2,0.3035717605875774,1,2,9,rl,0.0,1800.0,0.022000000000000013,0.5182191567723141,True,1.0,49144031,783.1869890582142,816.0895656340367,816.0895656340367
910000001,710000001,rl_pure,B0046,2,0.3035717605875774,2,9,12,rl,0.0,1800.0,0.09319999999999999,0.6297266985446097,True,1.0,49144031,816.0895656340367,835.8741748131165,835.8741748131165
910000001,710000001,rl_pure,B0060,2,0.7815210845413003,1,2,9,rl,0.0,1800.0,0.022000000000000013,0.5865163215619598,True,1.0,30091517,789.9482569231869,810.1491574990094,810.1491574990094
910000001,710000001,rl_pure,B0060,2,0.7815210845413003,2,9,12,rl,0.0,1800.0,0.09319999999999999,0.7430365119021974,True,1.0,30091517,810.1491574990094,822.3127610780892,822.3127610780892
910000001,710000001,rl_pure,B0000,2,0.29529403948447813,1,2,9,rl,0.0,1800.0,0.022000000000000013,0.43941181295136444,True,1.0,99380350,794.8983271042713,861.2917830134271,861.2917830134271
910000001,710000001,rl_pure,B0000,2,0.29529403948447813,2,9,12,rl,0.0,1800.0,0.09319999999999999,0.2011300806576508,True,1.0,99380350,861.2917830134271,901.1709197925069,901.1709197925069
910000001,710000001,rl_pure,B0017,1,0.5581005824469064,1,1,9,rl,0.0,1800.0,0.022000000000000013,0.40648682538884706,True,1.0,33916155,806.0613960524952,828.7955250369444,828.7955250369444
910000001,710000001,rl_pure,B0017,1,0.5581005824469064,2,9,12,rl,0.0,1800.0,0.09319999999999999,0.36023603853078767,True,1.0,33916155,828.7955250369444,842.4889838160242,842.4889838160242
910000001,710000001,rl_pure,B0067,1,0.21744581122232087,1,1,9,rl,0.0,1800.0,0.022000000000000013,0.7040015615579345,True,1.0,15464735,815.4788795939727,825.9120619117552,825.9120619117552
910000001,710000001,rl_pure,B0067,1,0.21744581122232087,2,9,12,rl,0.0,1800.0,0.09319999999999999,0.08478329006969032,False,0.9204972077411155,14235246,825.9120619117552,831.6061600661378,
910000001,710000001,rl_pure,B0067,1,0.21744581122232087,3,9,12,rl,0.0,1800.0,0.09319999999999999,0.5510921958228439,True,1.0,15464735,831.6061600661378,837.9190508452176,837.9190508452176
910000001,710000001,rl_pure,B0049,0,0.941581271305236,1,0,9,rl,0.0,1557.5,0.022000000000000013,0.5989934572859876,True,1.0,66816676,817.5546523839964,862.2329655966632,862.2329655966632
910000001,710000001,rl_pure,B0049,0,0.941581271305236,2,9,12,rl,0.0,1800.0,0.09319999999999999,0.5368681441130877,True,1.0,66816676,862.2329655966632,889.086632775743,889.086632775743
910000001,710000001,rl_pure,B0051,0,0.5560388066683862,1,0,9,rl,0.0,1557.5,0.022000000000000013,0.6760275408374312,True,1.0,110041927,818.7309953794959,892.2261425921627,892.2261425921627
910000001,710000001,rl_pure,B0051,0,0.5560388066683862,2,9,12,rl,0.0,1800.0,0.09319999999999999,0.17361707359848522,True,1.0,110041927,892.2261425921627,936.3699101712425,936.3699101712425
910000001,710000001,rl_pure,B0023,0,0.9217683094503131,1,0,9,rl,0.0,1557.5,0.022000000000000013,0.23860649761408292,True,1.0,48019572,819.2873085285124,851.4342190745126,851.4342190745126
910000001,710000001,rl_pure,B0023,0,0.9217683094503131,2,9,12,rl,0.0,1800.0,0.09319999999999999,0.6803804227745561,True,1.0,48019572,851.4342190745126,870.7690446535925,870.7690446535925
910000001,710000001,rl_pure,B0042,1,0.8104699282304582,1,1,9,rl,0.0,1800.0,0.022000000000000013,0.9197949631623377,True,1.0,26118361,838.128045216323,855.6636448674388,855.6636448674388
910000001,710000001,rl_pure,B0042,1,0.8104699282304582,2,9,12,rl,0.0,1800.0,0.09319999999999999,0.28883420878179455,True,1.0,26118361,855.6636448674388,866.2379860465187,866.2379860465187
910000001,710000001,rl_pure,B0032,2,0.6874503263112978,1,2,9,rl,0.0,1800.0,0.022000000000000013,0.1488989464406506,True,1.0,63076611,851.4168543445498,893.607817587039,893.607817587039
910000001,710000001,rl_pure,B0032,2,0.6874503263112978,2,9,12,rl,0.0,1800.0,0.09319999999999999,0.5564152217552257,True,1.0,63076611,893.607817587039,918.9654587661188,918.9654587661188
910000001,710000001,rl_pure,B0086,0,0.8551256565274119,1,0,9,rl,0.0,1557.5,0.022000000000000013,0.8947347476143237,True,1.0,106807398,855.3650465908142,926.7038411368144,926.7038411368144
910000001,710000001,rl_pure,B0086,0,0.8551256565274119,2,9,12,rl,0.0,1800.0,0.09319999999999999,0.2815261946072992,True,1.0,106807398,926.7038411368144,969.5537971158942,969.5537971158942
910000001,710000001,rl_pure,B0055,0,0.4498364679507423,1,0,9,rl,0.0,1557.5,0.022000000000000013,0.7383624851876128,True,1.0,81727992,860.5163567749485,915.1355473209486,915.1355473209486
910000001,710000001,rl_pure,B0055,0,0.4498364679507423,2,9,12,rl,0.0,1800.0,0.09319999999999999,0.24962566954041077,True,1.0,81727992,915.1355473209486,947.9537409000285,947.9537409000285
910000001,710000001,rl_pure,B0094,0,0.994407044791184,1,0,9,rl,0.0,1557.5,0.022000000000000013,0.2120710256723881,True,1.0,19692793,873.3238689823836,886.5862601950504,886.5862601950504
910000001,710000001,rl_pure,B0094,0,0.994407044791184,2,9,12,rl,0.0,1800.0,0.09319999999999999,0.25585053492338916,True,1.0,19692793,886.5862601950504,894.5903741741303,894.5903741741303
910000001,710000001,rl_pure,B0004,2,0.3721540488747993,1,2,9,rl,0.0,1800.0,0.022000000000000013,0.11235710932248111,True,1.0,114584993,876.1484327633889,952.6783173392114,952.6783173392114
910000001,710000001,rl_pure,B0004,2,0.3721540488747993,2,9,7,rl,0.0,1800.0,0.02000000000000001,0.5136828415765028,True,1.0,114584993,952.6783173392114,998.6425613126114,998.6425613126114
910000001,710000001,rl_pure,B0004,2,0.3721540488747993,3,7,12,rl,562.5,1157.5,0.09319999999999999,0.7116247037122557,True,1.0,114584993,998.6425613126114,1010.1064236959406,1010.1064236959406
910000001,710000001,rl_pure,B0041,0,0.1445252610900894,1,0,9,rl,0.0,1557.5,0.022000000000000013,0.11135323143702025,True,1.0,94650416,880.0978570820917,943.3319969614251,943.3319969614251
910000001,710000001,rl_pure,B0041,0,0.1445252610900894,2,9,12,rl,0.0,1800.0,0.09319999999999999,0.2767759672364605,True,1.0,94650416,943.3319969614251,981.319160140505,981.319160140505
910000001,710000001,rl_pure,B0064,0,0.8487549151434918,1,0,9,rl,0.0,1557.5,0.022000000000000013,0.1278768691522486,True,1.0,118961959,896.0120973840112,975.4539325966781,975.4539325966781
910000001,710000001,rl_pure,B0064,0,0.8487549151434918,2,9,7,rl,0.0,1800.0,0.02000000000000001,0.41618427033966765,True,1.0,118961959,975.4539325966781,1023.1689629700782,1023.1689629700782
910000001,710000001,rl_pure,B0064,0,0.8487549151434918,3,7,12,rl,562.5,1157.5,0.09319999999999999,0.5482712787548862,True,1.0,118961959,1023.1689629700782,1035.0705219534075,1035.0705219534075
910000002,710000002,temporal,B0066,2,0.37545522360265116,1,2,8,temporal,0.0,1800.0,0.02000000000000001,0.9438456396841511,True,1.0,37099757,17.768081136722735,23.719963350852403,23.719963350852403
910000002,710000002,temporal,B0066,2,0.37545522360265116,2,8,10,temporal,0.0,1800.0,0.02000000000000001,0.39360547134052126,True,1.0,37099757,23.719963350852403,38.69011292425242,38.69011292425242
910000002,710000002,temporal,B0066,2,0.37545522360265116,3,10,13,temporal,0.0,1800.0,0.0835,0.027590629633239216,False,0.556959542750677,20663064,38.69011292425242,46.95533840220491,
910000002,710000002,temporal,B0066,2,0.37545522360265116,4,10,13,temporal,0.0,1800.0,0.0835,0.2283309014306204,True,1.0,37099757,46.95533840220491,61.91915501347697,61.91915501347697
910000002,710000002,temporal,B0064,1,0.2323273323304487,1,1,7,temporal,0.0,732.5,0.02000000000000001,0.2966859731798882,True,1.0,116412127,17.817733152422388,36.4533406771678,36.4533406771678
910000002,710000002,temporal,B0064,1,0.2323273323304487,2,7,9,temporal,0.0,1800.0,0.02000000000000001,0.6710496844529052,True,1.0,116412127,36.4533406771678,83.14843825056782,83.14843825056782
910000002,710000002,temporal,B0064,1,0.2323273323304487,3,9,12,temporal,0.0,1800.0,0.09319999999999999,0.15594358674166497,True,1.0,116412127,83.14843825056782,129.84028582964766,129.84028582964766
910000002,710000002,temporal,B0067,1,0.13301740665899836,1,1,7,temporal,0.0,732.5,0.02000000000000001,0.028558440750669045,True,1.0,58954619,28.672952495191105,38.11535873993652,38.11535873993652
910000002,710000002,temporal,B0067,1,0.13301740665899836,2,7,9,temporal,0.0,1800.0,0.02000000000000001,0.7813545040482022,True,1.0,58954619,38.11535873993652,61.82745311333653,61.82745311333653
910000002,710000002,temporal,B0067,1,0.13301740665899836,3,9,12,temporal,0.0,1800.0,0.09319999999999999,0.24679172762095924,True,1.0,58954619,61.82745311333653,85.53629749241637,85.53629749241637
910000002,710000002,temporal,B0032,0,0.8413247370929655,1,0,3,temporal,0.0,1327.5,0.02000000000000001,0.9118639622132442,True,1.0,38387237,29.777000224955984,35.931496580933604,35.931496580933604
910000002,710000002,temporal,B0032,0,0.8413247370929655,2,3,9,temporal,0.0,1532.5,0.02000000000000001,0.827955364969747,True,1.0,38387237,35.931496580933604,51.41974396679725,51.41974396679725
910000002,710000002,temporal,B0032,0,0.8413247370929655,3,9,12,temporal,0.0,1800.0,0.09319999999999999,0.39251836881727953,True,1.0,38387237,51.41974396679725,66.90163554587708,66.90163554587708
910000002,710000002,temporal,B0061,1,0.5790535631343932,1,1,7,temporal,0.0,732.5,0.02000000000000001,0.918583733921292,True,1.0,12235709,56.22433952846008,58.19172017320549,58.19172017320549
910000002,710000002,temporal,B0061,1,0.5790535631343932,2,7,9,temporal,0.0,1800.0,0.02000000000000001,0.9437940331381472,True,1.0,12235709,58.19172017320549,63.21625054660551,63.21625054660551
910000002,710000002,temporal,B0061,1,0.5790535631343932,3,9,12,temporal,0.0,1800.0,0.09319999999999999,0.8457737066711903,True,1.0,12235709,63.21625054660551,68.23753092568533,68.23753092568533
910000002,710000002,temporal,B0025,2,0.29573430744159557,1,2,8,temporal,0.0,1800.0,0.02000000000000001,0.9798304583545058,True,1.0,15130315,76.57039266433048,79.00716415846016,79.00716415846016
910000002,710000002,temporal,B0025,2,0.29573430744159557,2,8,10,temporal,0.0,1800.0,0.02000000000000001,0.1489960946361074,True,1.0,15130315,79.00716415846016,85.18953693186018,85.18953693186018
910000002,710000002,temporal,B0025,2,0.29573430744159557,3,10,13,temporal,0.0,1800.0,0.0835,0.917333851479198,True,1.0,15130315,85.18953693186018,91.36557674313224,91.36557674313224
910000002,710000002,temporal,B0045,1,0.9219712786881086,1,1,7,temporal,0.0,732.5,0.02000000000000001,0.4049726733409458,True,1.0,109502766,77.75885333753405,95.28896310227945,95.28896310227945
910000002,710000002,temporal,B0045,1,0.9219712786881086,2,7,9,temporal,0.0,1800.0,0.02000000000000001,0.04367919044172719,True,1.0,109502766,95.28896310227945,139.22031627567947,139.22031627567947
910000002,710000002,temporal,B0045,1,0.9219712786881086,3,9,12,temporal,0.0,1800.0,0.09319999999999999,0.34225693938306134,True,1.0,109502766,139.22031627567947,183.1484194547593,183.1484194547593
910000002,710000002,temporal,B0021,0,0.8676232391066497,1,0,3,temporal,0.0,1327.5,0.02000000000000001,0.7646799775261097,True,1.0,65308116,84.10008595848343,94.56192295446105,94.56192295446105
910000002,710000002,temporal,B0021,0,0.8676232391066497,2,3,9,temporal,0.0,1532.5,0.02000000000000001,0.575463228079443,True,1.0,65308116,94.56192295446105,120.8185219403247,120.8185219403247
910000002,710000002,temporal,B0021,0,0.8676232391066497,3,9,12,temporal,0.0,1800.0,0.09319999999999999,0.6367705170152266,True,1.0,65308116,120.8185219403247,147.06876511940453,147.06876511940453
910000002,710000002,temporal,B0096,1,0.8618223616063629,1,1,7,temporal,0.0,732.5,0.02000000000000001,0.22319225199767068,True,1.0,49200852,101.7174521478043,109.5992556725497,109.5992556725497
910000002,710000002,temporal,B0096,1,0.8618223616063629,2,7,9,temporal,0.0,1800.0,0.02000000000000001,0.4993326829471697,True,1.0,49200852,109.5992556725497,129.40984324594973,129.40984324594973
910000002,710000002,temporal,B0096,1,0.8618223616063629,3,9,12,temporal,0.0,1800.0,0.09319999999999999,0.6295834755562962,True,1.0,49200852,129.40984324594973,149.21718082502957,149.21718082502957
910000002,710000002,temporal,B0059,2,0.8710943451856981,1,2,8,temporal,0.0,1800.0,0.02000000000000001,0.9316720261193064,True,1.0,45100714,116.4304453301787,123.66248066430836,123.66248066430836
910000002,710000002,temporal,B0059,2,0.8710943451856981,2,8,10,temporal,0.0,1800.0,0.02000000000000001,0.6538236935113892,True,1.0,45100714,123.66248066430836,141.83301303770838,141.83301303770838
910000002,710000002,temporal,B0059,2,0.8710943451856981,3,10,13,temporal,0.0,1800.0,0.0835,0.33158090998346823,True,1.0,45100714,141.83301303770838,159.99721244898046,159.99721244898046
910000002,710000002,temporal,B0017,1,0.844059239516349,1,1,7,temporal,0.0,732.5,0.02000000000000001,0.06096769101554145,True,1.0,18916698,121.49053744354251,124.52687632828793,124.52687632828793
910000002,710000002,temporal,B0017,1,0.844059239516349,2,7,9,temporal,0.0,1800.0,0.02000000000000001,0.7304380929036135,True,1.0,18916698,124.52687632828793,132.22380230168795,132.22380230168795
910000002,710000002,temporal,B0017,1,0.844059239516349,3,9,12,temporal,0.0,1800.0,0.09319999999999999,0.43874516711723177,True,1.0,18916698,132.22380230168795,139.9174782807678,139.9174782807678
910000002,710000002,temporal,B0048,0,0.8581546044661102,1,0,3,temporal,0.0,1327.5,0.02000000000000001,0.6088839785617681,True,1.0,54575525,126.81631288369002,135.56093531966766,135.56093531966766
910000002,710000002,temporal,B0048,0,0.8581546044661102,2,3,9,temporal,0.0,1532.5,0.02000000000000001,0.3578369626722937,True,1.0,54575525,135.56093531966766,157.5244979055313,157.5244979055313
910000002,710000002,temporal,B0048,0,0.8581546044661102,3,9,12,temporal,0.0,1800.0,0.09319999999999999,0.6816702958665248,True,1.0,54575525,157.5244979055313,179.48170468461112,179.48170468461112
910000002,710000002,temporal,B0011,1,0.9713459854568325,1,1,7,temporal,0.0,732.5,0.02000000000000001,0.297873876047684,True,1.0,58425603,147.647750258734,157.0055139434794,157.0055139434794
910000002,710000002,temporal,B0011,1,0.9713459854568325,2,7,9,temporal,0.0,1800.0,0.02000000000000001,0.8314769700349325,True,1.0,58425603,157.0055139434794,180.50600191687943,180.50600191687943
910000002,710000002,temporal,B0011,1,0.9713459854568325,3,9,12,temporal,0.0,1800.0,0.09319999999999999,0.1122861055345159,True,1.0,58425603,180.50600191687943,204.00323989595927,204.00323989595927
910000002,710000002,temporal,B0041,0,0.5166290450608674,1,0,12,temporal,197.5,677.5,0.0972,0.24564000369943284,True,1.0,92255550,197.5,215.95544475647037,215.95544475647037
910000002,710000002,temporal,B0085,2,0.3255172284137221,1,2,8,temporal,0.0,1800.0,0.02000000000000001,0.8634243764567823,True,1.0,66794922,159.21457230475016,169.91768091887982,169.91768091887982
910000002,710000002,temporal,B0085,2,0.3255172284137221,2,8,10,temporal,0.0,1800.0,0.02000000000000001,0.4225547764448019,True,1.0,66794922,169.91768091887982,196.76589649227984,196.76589649227984
910000002,710000002,temporal,B0085,2,0.3255172284137221,3,10,13,temporal,0.0,1800.0,0.0835,0.6108439505167544,True,1.0,66794922,196.76589649227984,223.6077791035519,223.6077791035519
910000002,710000002,temporal,B0071,2,0.32305008641660815,1,2,8,temporal,0.0,1800.0,0.02000000000000001,0.04671897018535898,True,1.0,93908039,166.0446887789802,181.08589611310984,181.08589611310984
910000002,710000002,temporal,B0071,2,0.32305008641660815,2,8,10,temporal,0.0,1800.0,0.02000000000000001,0.018521822518889453,False,0.7849901804316846,73716889,181.08589611310984,210.5726515045481,
910000002,710000002,temporal,B0071,2,0.32305008641660815,3,8,10,temporal,0.0,1800.0,0.02000000000000001,0.8377750980506143,True,1.0,93908039,210.5726515045481,248.26611387794813,248.26611387794813
910000002,710000002,temporal,B0071,2,0.32305008641660815,4,10,13,temporal,0.0,1800.0,0.0835,0.7443751876617748,True,1.0,93908039,248.26611387794813,285.9532432892202,285.9532432892202
910000002,710000002,temporal,B0092,1,0.9648660364271492,1,1,7,temporal,0.0,732.5,0.02000000000000001,0.9202143726182628,True,1.0,50250616,172.48463268669622,180.5343984514416,180.5343984514416
910000002,710000002,temporal,B0092,1,0.9648660364271492,2,7,9,temporal,0.0,1800.0,0.02000000000000001,0.9027239612958583,True,1.0,50250616,180.5343984514416,200.76489162484162,200.76489162484162
910000002,710000002,temporal,B0092,1,0.9648660364271492,3,9,12,temporal,0.0,1800.0,0.09319999999999999,0.8557080996700565,True,1.0,50250616,200.76489162484162,220.99213480392146,220.99213480392146
910000002,710000002,temporal,B0079,2,0.3668201980254795,1,2,8,temporal,0.0,1800.0,0.02000000000000001,0.5892306592903329,True,1.0,67574258,175.88782479104515,186.7156271651748,186.7156271651748
910000002,710000002,temporal,B0079,2,0.3668201980254795,2,8,10,temporal,0.0,1800.0,0.02000000000000001,0.8806837062314224,True,1.0,67574258,186.7156271651748,213.8755771385748,213.8755771385748
910000002,710000002,temporal,B0079,2,0.3668201980254795,3,10,13,temporal,0.0,1800.0,0.0835,0.15964038051814933,True,1.0,67574258,213.8755771385748,241.0291941498469,241.0291941498469
910000002,710000002,temporal,B0057,2,0.9937539478558224,1,2,8,temporal,0.0,1800.0,0.02000000000000001,0.986683027139932,True,1.0,72886919,178.32155808402734,189.99938621815699,189.99938621815699
910000002,710000002,temporal,B0057,2,0.9937539478558224,2,8,10,temporal,0.0,1800.0,0.02000000000000001,0.42918468055204284,True,1.0,72886919,189.99938621815699,219.28440059155702,219.28440059155702
910000002,710000002,temporal,B0057,2,0.9937539478558224,3,10,13,temporal,0.0,1800.0,0.0835,0.8423562330848504,True,1.0,72886919,219.28440059155702,248.5630820028291,248.5630820028291
910000002,710000002,temporal,B0003,1,0.3151177346258588,1,1,7,temporal,0.0,732.5,0.02000000000000001,0.5187620407341078,True,1.0,20711653,181.58012327758456,184.90365496232997,184.90365496232997
910000002,710000002,temporal,B0003,1,0.3151177346258588,2,7,9,temporal,0.0,1800.0,0.02000000000000001,0.19759919603610854,True,1.0,20711653,184.90365496232997,193.31856293572997,193.31856293572997
910000002,710000002,temporal,B0003,1,0.3151177346258588,3,9,12,temporal,0.0,1800.0,0.09319999999999999,0.34440767420699914,True,1.0,20711653,193.31856293572997,201.7302209148098,201.7302209148098
910000002,710000002,temporal,B0073,2,0.8985097390457806,1,2,8,temporal,0.0,1800.0,0.02000000000000001,0.3441676218062174,True,1.0,95600499,182.32761838993738,197.63961932406704,197.63961932406704
910000002,710000002,temporal,B0073,2,0.8985097390457806,2,8,10,temporal,0.0,1800.0,0.02000000000000001,0.7915890606651601,True,1.0,95600499,197.63961932406704,236.01006569746704,236.01006569746704
910000002,710000002,temporal,B0073,2,0.8985097390457806,3,10,13,temporal,0.0,1800.0,0.0835,0.10155509806493102,True,1.0,95600499,236.01006569746704,274.3741791087391,274.3741791087391
910000002,710000002,temporal,B0005,2,0.18182159024475492,1,2,8,temporal,0.0,1800.0,0.02000000000000001,0.7965088056599752,True,1.0,30981148,201.51395980992655,206.4868645840562,206.4868645840562
910000002,710000002,temporal,B0005,2,0.18182159024475492,2,8,10,temporal,0.0,1800.0,0.02000000000000001,0.19880517480029158,True,1.0,30981148,206.4868645840562,219.00957055745621,219.00957055745621
910000002,710000002,temporal,B0005,2,0.18182159024475492,3,10,13,temporal,0.0,1800.0,0.0835,0.7591472062585315,True,1.0,30981148,219.00957055745621,231.52594356872828,231.52594356872828
910000002,710000002,temporal,B0004,2,0.5674998881443046,1,2,8,temporal,0.0,1800.0,0.02000000000000001,0.9031423752704162,True,1.0,16728232,203.76002856557216,206.4524667797018,206.4524667797018
910000002,710000002,temporal,B0004,2,0.5674998881443046,2,8,10,temporal,0.0,1800.0,0.02000000000000001,0.046701662529876176,True,1.0,16728232,206.4524667797018,213.27400635310184,213.27400635310184
910000002,710000002,temporal,B0004,2,0.5674998881443046,3,10,13,temporal,0.0,1800.0,0.0835,0.34894468251818167,True,1.0,16728232,213.27400635310184,220.08921296437393,220.08921296437393
910000002,710000002,temporal,B0095,1,0.2879631517105498,1,1,7,temporal,0.0,732.5,0.02000000000000001,0.3825674502949584,True,1.0,58743652,214.55041697754078,223.9590685022862,223.9590685022862
910000002,710000002,temporal,B0095,1,0.2879631517105498,2,7,9,temporal,0.0,1800.0,0.02000000000000001,0.2553778500457857,True,1.0,58743652,223.9590685022862,247.5867760756862,247.5867760756862
910000002,710000002,temporal,B0095,1,0.2879631517105498,3,9,12,temporal,0.0,1800.0,0.09319999999999999,0.1299267141348408,True,1.0,58743652,247.5867760756862,271.21123365476603,271.21123365476603
910000002,710000002,temporal,B0043,0,0.16226073357820092,1,0,12,temporal,197.5,677.5,0.0972,0.1141328420540062,True,1.0,69321707,222.12552134352381,235.9941974999942,235.9941974999942
910000002,710000002,temporal,B0019,1,0.11199985739683434,1,1,7,temporal,0.0,732.5,0.02000000000000001,0.33598040242458105,True,1.0,13606031,231.1703603398739,233.35699250461929,233.35699250461929
910000002,710000002,temporal,B0019,1,0.11199985739683434,2,7,9,temporal,0.0,1800.0,0.02000000000000001,0.8897846401344586,True,1.0,13606031,233.35699250461929,238.9296516780193,238.9296516780193
910000002,710000002,temporal,B0019,1,0.11199985739683434,3,9,12,temporal,0.0,1800.0,0.09319999999999999,0.06714084233147122,False,0.8240399822752837,11211914,238.9296516780193,243.4144170956501,
910000002,710000002,temporal,B0019,1,0.11199985739683434,4,9,12,temporal,0.0,1800.0,0.09319999999999999,0.9487029789008736,True,1.0,13606031,243.4144170956501,248.98382627472992,248.98382627472992
910000002,710000002,temporal,B0086,2,0.461142751375916,1,2,8,temporal,0.0,1800.0,0.02000000000000001,0.69965981381318,True,1.0,94459549,237.7513802569833,252.88082919111295,252.88082919111295
910000002,710000002,temporal,B0086,2,0.461142751375916,2,8,10,temporal,0.0,1800.0,0.02000000000000001,0.7259541256808243,True,1.0,94459549,252.88082919111295,290.79489556451296,290.79489556451296
910000002,710000002,temporal,B0086,2,0.461142751375916,3,10,13,temporal,0.0,1800.0,0.0835,0.3274995329990277,True,1.0,94459549,290.79489556451296,328.70262897578505,328.70262897578505
910000002,710000002,temporal,B0088,0,0.8620928366042447,1,0,12,temporal,197.5,677.5,0.0972,0.7996801781201837,True,1.0,46183676,238.22094716014738,247.46201711661774,247.46201711661774
910000002,710000002,temporal,B0098,1,0.5584180794694392,1,1,7,temporal,0.0,732.5,0.02000000000000001,0.6314814159360349,True,1.0,67820670,243.90545132710383,254.76642573184924,254.76642573184924
910000002,710000002,temporal,B0098,1,0.5584180794694392,2,7,9,temporal,0.0,1800.0,0.02000000000000001,0.20394681368082235,True,1.0,67820670,254.76642573184924,282.0249405052493,282.0249405052493
910000002,710000002,temporal,B0098,1,0.5584180794694392,3,9,12,temporal,0.0,1800.0,0.09319999999999999,0.3569917902032397,True,1.0,67820670,282.0249405052493,309.2802052843291,309.2802052843291
910000002,710000002,temporal,B0054,0,0.7921165242638127,1,0,12,temporal,197.5,677.5,0.0972,0.5915508315671054,True,1.0,21887043,251.18522738694256,255.56697074341292,255.56697074341292
910000002,710000002,temporal,B0058,2,0.21658470901310062,1,2,8,temporal,0.0,1800.0,0.02000000000000001,0.17747054165175713,True,1.0,106322105,264.5983685335645,281.62582642769416,281.62582642769416
910000002,710000002,temporal,B0058,2,0.21658470901310062,2,8,10,temporal,0.0,1800.0,0.02000000000000001,0.11664842671712872,True,1.0,106322105,281.62582642769416,324.2849152010942,324.2849152010942
910000002,710000002,temporal,B0058,2,0.21658470901310062,3,10,13,temporal,0.0,1800.0,0.0835,0.9442363775562295,True,1.0,106322105,324.2849152010942,366.93767101236625,366.93767101236625
910000002,710000002,temporal,B0012,0,0.3545759037943248,1,0,12,temporal,197.5,677.5,0.0972,0.866966349148488,True,1.0,59396205,277.7806513424283,289.66422709889866,289.66422709889866
910000002,710000002,temporal,B0038,1,0.6764507964077126,1,1,7,temporal,0.0,732.5,0.02000000000000001,0.254915334445318,True,1.0,77297428,292.19975820989964,304.57701389464506,304.57701389464506
910000002,710000002,temporal,B0038,1,0.6764507964077126,2,7,9,temporal,0.0,1800.0,0.02000000000000001,0.4400188924057483,True,1.0,77297428,304.57701389464506,335.62623186804507,335.62623186804507
910000002,710000002,temporal,B0038,1,0.6764507964077126,3,9,12,temporal,0.0,1800.0,0.09319999999999999,0.3460748648908505,True,1.0,77297428,335.62623186804507,366.6721998471249,366.6721998471249
910000002,710000002,temporal,B0049,1,0.2768074814770546,1,1,7,temporal,0.0,732.5,0.02000000000000001,0.504460517682464,True,1.0,19288943,302.7007470156048,305.79664510035025,305.79664510035025
910000002,710000002,temporal,B0049,1,0.2768074814770546,2,7,9,temporal,0.0,1800.0,0.02000000000000001,0.3585883260122621,True,1.0,19288943,305.79664510035025,313.64246907375025,313.64246907375025
910000002,710000002,temporal,B0049,1,0.2768074814770546,3,9,12,temporal,0.0,1800.0,0.09319999999999999,0.5748103562374413,True,1.0,19288943,313.64246907375025,321.48504305283006,321.48504305283006
910000002,710000002,temporal,B0026,2,0.39096847412663105,1,2,8,temporal,0.0,1800.0,0.02000000000000001,0.4974080414850396,True,1.0,31550111,326.17530976729574,331.2392486214254,331.2392486214254
910000002,710000002,temporal,B0026,2,0.39096847412663105,2,8,10,temporal,0.0,1800.0,0.02000000000000001,0.6137095659666552,True,1.0,31550111,331.2392486214254,343.9895397948254,343.9895397948254
910000002,710000002,temporal,B0026,2,0.39096847412663105,3,10,13,temporal,0.0,1800.0,0.0835,0.02427039609037218,False,0.5378263234674663,16968481,343.9895397948254,350.7769318764736,
910000002,710000002,temporal,B0026,2,0.39096847412663105,4,10,13,temporal,0.0,1800.0,0.0835,0.9838377824188028,True,1.0,31550111,350.7769318764736,363.52089008774567,363.52089008774567
910000002,710000002,temporal,B0000,0,0.521984852650336,1,0,12,temporal,197.5,677.5,0.0972,0.07521242585167975,False,0.5188393034436455,49109059,330.7092995049879,340.53111129205735,
910000002,710000002,temporal,B0000,0,0.521984852650336,2,0,12,temporal,197.5,677.5,0.0972,0.2800316868879609,True,1.0,94651771,340.53111129205735,359.4658002485277,359.4658002485277
910000002,710000002,temporal,B0039,1,0.2987345454652486,1,1,7,temporal,0.0,732.5,0.02000000000000001,0.32479464945577596,True,1.0,118180687,347.33183292031856,366.250410045064,366.250410045064
910000002,710000002,temporal,B0039,1,0.2987345454652486,2,7,9,temporal,0.0,1800.0,0.02000000000000001,0.676164340948279,True,1.0,118180687,366.250410045064,413.652931618464,413.652931618464
910000002,710000002,temporal,B0039,1,0.2987345454652486,3,9,12,temporal,0.0,1800.0,0.09319999999999999,0.9790260267392901,True,1.0,118180687,413.652931618464,461.0522031975438,461.0522031975438
910000002,710000002,temporal,B0047,0,0.6209736369050118,1,0,12,temporal,197.5,677.5,0.0972,0.9617691897338013,True,1.0,100923936,356.3732817863641,376.5624037428345,376.5624037428345
910000002,710000002,temporal,B0075,0,0.3264748331349915,1,0,12,temporal,197.5,677.5,0.0972,0.487016909481349,True,1.0,10321281,375.1099062616473,377.1784972181177,377.1784972181177
910000002,710000002,temporal,B0027,0,0.6031019722321226,1,0,12,temporal,197.5,677.5,0.0972,0.8138784712665079,True,1.0,36063871,393.25552704347484,400.4726359999452,400.4726359999452
910000002,710000002,temporal,B0056,2,0.7699356684394536,1,2,8,temporal,0.0,1800.0,0.02000000000000001,0.3931254423362974,True,1.0,64329755,393.6791720003287,403.9878538944584,403.9878538944584
910000002,710000002,temporal,B0056,2,0.7699356684394536,2,8,13,temporal,387.5,627.5,0.0835,0.9854656419081145,True,1.0,64329755,403.9878538944584,410.4282195636923,410.4282195636923
910000002,710000002,temporal,B0018,2,0.8394835174533484,1,2,8,temporal,0.0,1800.0,0.02000000000000001,0.5201440275892941,True,1.0,16079750,404.5086549178654,407.0973360119951,407.0973360119951
910000002,710000002,temporal,B0018,2,0.8394835174533484,2,8,13,temporal,387.5,627.5,0.0835,0.6960563227194418,True,1.0,16079750,407.0973360119951,408.712701181229,408.712701181229
910000002,710000002,temporal,B0006,2,0.6552352802955531,1,2,8,temporal,0.0,1800.0,0.02000000000000001,0.44018656843515447,True,1.0,111401934,431.84009480353706,449.6803253376667,449.6803253376667
910000002,710000002,temporal,B0006,2,0.6552352802955531,2,8,13,temporal,387.5,627.5,0.0835,0.3825232161562778,True,1.0,111401934,449.6803253376667,460.82790890690063,460.82790890690063
910000002,710000002,temporal,B0078,2,0.8936462664669779,1,2,8,temporal,0.0,1800.0,0.02000000000000001,0.6112732245049756,True,1.0,48500544,470.18527649233596,477.9612846264656,477.9612846264656
910000002,710000002,temporal,B0078,2,0.8936462664669779,2,8,13,temporal,387.5,627.5,0.0835,0.971236783803922,True,1.0,48500544,477.9612846264656,482.8187291956995,482.8187291956995
910000002,710000002,temporal,B0053,1,0.8897192021585094,1,1,7,temporal,0.0,732.5,0.02000000000000001,0.9715596441360516,True,1.0,49966779,485.92587326571515,493.9302251104606,493.9302251104606
910000002,710000002,temporal,B0053,1,0.8897192021585094,2,7,9,temporal,0.0,1800.0,0.02000000000000001,0.5173899160433796,True,1.0,49966779,493.9302251104606,514.0471834838606,514.0471834838606
910000002,710000002,temporal,B0053,1,0.8897192021585094,3,9,12,temporal,0.0,1800.0,0.09319999999999999,0.1365856636668269,True,1.0,49966779,514.0471834838606,534.1608918629405,534.1608918629405
910000002,710000002,temporal,B0083,0,0.13943177000906204,1,0,12,temporal,197.5,677.5,0.0972,0.31932466805436066,True,1.0,75037035,493.9025587657675,508.91430052223785,508.91430052223785
910000002,710000002,temporal,B0081,1,0.42578413140151095,1,1,7,temporal,0.0,732.5,0.02000000000000001,0.3492872670215862,True,1.0,90344214,503.11637676761325,517.5811182123587,517.5811182123587
910000002,710000002,temporal,B0081,1,0.42578413140151095,2,7,12,temporal,562.5,1157.5,0.09319999999999999,0.9867147040212575,True,1.0,90344214,562.5,571.5397844833293,571.5397844833293
910000002,710000002,temporal,B0063,1,0.9007555258276453,1,1,7,temporal,0.0,732.5,0.02000000000000001,0.5877076704158609,True,1.0,91211565,506.4487824965292,521.0523001012746,521.0523001012746
910000002,710000002,temporal,B0063,1,0.9007555258276453,2,7,12,temporal,562.5,1157.5,0.09319999999999999,0.3147041017415614,True,1.0,91211565,562.5,571.6265195833292,571.6265195833292
910000002,710000002,temporal,B0036,0,0.31377621648372833,1,0,12,temporal,197.5,677.5,0.0972,0.8017623651915927,True,1.0,13382143,531.5686354840897,534.24939884056,534.24939884056
910000002,710000002,temporal,B0029,1,0.9365445867696458,1,1,7,temporal,0.0,732.5,0.02000000000000001,0.1536835455400558,True,1.0,79697156,532.0563222903087,544.8175344550541,544.8175344550541
910000002,710000002,temporal,B0029,1,0.9365445867696458,2,7,12,temporal,562.5,1157.5,0.09319999999999999,0.37468130397386723,True,1.0,79697156,562.5,570.4750786833292,570.4750786833292
910000002,710000002,temporal,B0034,1,0.7501181630381553,1,1,7,temporal,0.0,732.5,0.02000000000000001,0.25472116957292323,True,1.0,61306412,539.0733926366224,548.8920857613678,548.8920857613678
910000002,710000002,temporal,B0034,1,0.7501181630381553,2,7,12,temporal,562.5,1157.5,0.09319999999999999,0.9660759863974445,True,1.0,61306412,562.5,568.6360042833293,568.6360042833293
910000002,710000002,temporal,B0037,2,0.24516151950118015,1,2,8,temporal,0.0,1800.0,0.02000000000000001,0.039499373650746405,True,1.0,38904462,545.1248246536609,551.3654596677906,551.3654596677906
910000002,710000002,temporal,B0037,2,0.24516151950118015,2,8,13,temporal,387.5,627.5,0.0835,0.08745830628029205,True,1.0,38904462,551.3654596677906,555.2632960370246,555.2632960370246
910000002,710000002,temporal,B0024,0,0.14003923222513937,1,0,12,temporal,197.5,677.5,0.0972,0.8101672194256836,True,1.0,109043453,545.7760617806097,567.58908713708,567.58908713708
910000002,710000002,temporal,B0033,1,0.6831490856954132,1,1,7,temporal,0.0,732.5,0.02000000000000001,0.7260135381660396,True,1.0,62309442,547.7196971161072,557.6988750408526,557.6988750408526
910000002,710000002,temporal,B0033,1,0.6831490856954132,2,7,12,temporal,562.5,1157.5,0.09319999999999999,0.6910408558404844,True,1.0,62309442,562.5,568.7363072833292,568.7363072833292
910000002,710000002,temporal,B0050,0,0.3488175701812778,1,0,12,temporal,197.5,677.5,0.0972,0.21713114647473997,True,1.0,100363019,552.2138063244337,572.2907448809041,572.2907448809041
910000002,710000002,temporal,B0099,1,0.9748762367868005,1,1,7,temporal,0.0,732.5,0.02000000000000001,0.7697667073518953,True,1.0,104911785,556.203127443787,572.9986802485324,572.9986802485324
910000002,710000002,temporal,B0099,1,0.9748762367868005,2,7,12,temporal,562.5,1157.5,0.09319999999999999,0.3995288676547041,True,1.0,104911785,572.9986802485324,583.4952218318617,583.4952218318617
910000002,710000002,temporal,B0065,0,0.9626626744825939,1,0,12,temporal,197.5,677.5,0.0972,0.47660293027136635,True,1.0,23504744,586.4642437484943,591.1695273049646,591.1695273049646
910000002,710000002,temporal,B0014,1,0.9128518531671408,1,1,7,temporal,0.0,732.5,0.02000000000000001,0.639837500500465,True,1.0,55620423,606.2706875951644,615.1796224799098,615.1796224799098
910000002,710000002,temporal,B0014,1,0.9128518531671408,2,7,12,temporal,562.5,1157.5,0.09319999999999999,0.7434363741005352,True,1.0,55620423,615.1796224799098,620.747027863239,620.747027863239
910000002,710000002,temporal,B0097,0,0.5927898179804294,1,0,12,temporal,197.5,677.5,0.0972,0.9148662441150904,True,1.0,87151759,608.9467046701407,626.3813912266111,626.3813912266111
910000002,710000002,temporal,B0013,2,0.34819834431450514,1,2,8,temporal,0.0,1800.0,0.02000000000000001,0.8798891600407817,True,1.0,57826407,613.8810342248934,623.1491804390231,623.1491804390231
910000002,710000002,temporal,B0013,2,0.34819834431450514,2,8,10,temporal,0.0,1800.0,0.02000000000000001,0.18164098289130282,True,1.0,57826407,623.1491804390231,646.4099900124231,646.4099900124231
910000002,710000002,temporal,B0013,2,0.34819834431450514,3,10,13,temporal,0.0,1800.0,0.0835,0.09681851467837832,True,1.0,57826407,646.4099900124231,669.6644666236951,669.6644666236951
910000002,710000002,temporal,B0093,0,0.9356602215770053,1,0,12,temporal,197.5,677.5,0.0972,0.2070928403434209,True,1.0,78087327,620.5904958161249,636.2122959725953,636.2122959725953
910000002,710000002,temporal,B0020,1,0.23341827099522947,1,1,7,temporal,0.0,732.5,0.02000000000000001,0.6141159912890027,True,1.0,85876918,623.934287254743,637.6842613394884,637.6842613394884
910000002,710000002,temporal,B0020,1,0.23341827099522947,2,7,12,temporal,562.5,1157.5,0.09319999999999999,0.12236746067596449,True,1.0,85876918,637.6842613394884,646.2773162228177,646.2773162228177
910000002,710000002,temporal,B0051,2,0.12988224096410259,1,2,8,temporal,0.0,1800.0,0.02000000000000001,0.20150128551209912,True,1.0,77157256,636.1480454595512,648.5091275136809,648.5091275136809
910000002,710000002,temporal,B0051,2,0.12988224096410259,2,8,10,temporal,0.0,1800.0,0.02000000000000001,0.37613037854731857,True,1.0,77157256,648.5091275136809,679.502276687081,679.502276687081
910000002,710000002,temporal,B0051,2,0.12988224096410259,3,10,13,temporal,0.0,1800.0,0.0835,0.47121979718998086,True,1.0,77157256,679.502276687081,710.4890928983531,710.4890928983531
910000002,710000002,temporal,B0042,2,0.3353812671525608,1,2,8,temporal,0.0,1800.0,0.02000000000000001,0.6990686404324153,True,1.0,113815846,648.4860985011723,666.7125549553019,666.7125549553019
910000002,710000002,temporal,B0042,2,0.3353812671525608,2,8,10,temporal,0.0,1800.0,0.02000000000000001,0.3725208480532146,True,1.0,113815846,666.7125549553019,712.3691401287019,712.3691401287019
910000002,710000002,temporal,B0042,2,0.3353812671525608,3,10,13,temporal,0.0,1800.0,0.0835,0.862026468399396,True,1.0,113815846,712.3691401287019,758.0193923399739,758.0193923399739
910000002,710000002,temporal,B0072,1,0.5030082223439979,1,1,7,temporal,0.0,732.5,0.02000000000000001,0.10000924571662473,True,1.0,110266751,648.6125323827828,666.2648797475282,666.2648797475282
910000002,710000002,temporal,B0072,1,0.5030082223439979,2,7,12,temporal,562.5,1157.5,0.09319999999999999,0.631526830094818,True,1.0,110266751,666.2648797475282,677.2969179308575,677.2969179308575
910000002,710000002,temporal,B0002,2,0.22920704280528187,1,2,8,temporal,0.0,1800.0,0.02000000000000001,0.3454125740594083,True,1.0,73289873,648.9598112425273,660.702112016657,660.702112016657
910000002,710000002,temporal,B0002,2,0.22920704280528187,2,8,10,temporal,0.0,1800.0,0.02000000000000001,0.047407906623967655,True,1.0,73289873,660.702112016657,690.148307990057,690.148307990057
910000002,710000002,temporal,B0002,2,0.22920704280528187,3,10,13,temporal,0.0,1800.0,0.0835,0.3374253416101538,True,1.0,73289873,690.148307990057,719.588171001329,719.588171001329
910000002,710000002,temporal,B0076,2,0.2970364682810008,1,2,8,temporal,0.0,1800.0,0.02000000000000001,0.4352705928589671,True,1.0,37587988,649.3440897311195,655.3740889052492,655.3740889052492
910000002,710000002,temporal,B0076,2,0.2970364682810008,2,8,10,temporal,0.0,1800.0,0.02000000000000001,0.18555160316839803,True,1.0,37587988,655.3740889052492,670.5395308786492,670.5395308786492
910000002,710000002,temporal,B0076,2,0.2970364682810008,3,10,13,temporal,0.0,1800.0,0.0835,0.25261462418772596,True,1.0,37587988,670.5395308786492,685.6986398899212,685.6986398899212
910000002,710000002,temporal,B0007,0,0.46745186086105894,1,0,12,temporal,197.5,677.5,0.0972,0.2113779345949246,True,1.0,108301845,654.1355191064274,675.8002228628977,675.8002228628977
910000002,710000002,temporal,B0030,1,0.9135623243042319,1,1,7,temporal,0.0,732.5,0.02000000000000001,0.5254747205874739,True,1.0,101662146,654.8117541780493,671.0873647427948,671.0873647427948
910000002,710000002,temporal,B0030,1,0.9135623243042319,2,7,12,temporal,562.5,1157.5,0.09319999999999999,0.49750927408959356,True,1.0,101662146,671.0873647427948,681.258942426124,681.258942426124
910000002,710000002,temporal,B0082,0,0.8308908876148421,1,0,7,temporal,252.5,1122.5,0.02000000000000001,0.7745561367555577,True,1.0,95380258,659.2267527265526,674.4981805161451,674.4981805161451
910000002,710000002,temporal,B0082,0,0.8308908876148421,2,7,12,temporal,562.5,1157.5,0.09319999999999999,0.4873236535666461,True,1.0,95380258,674.4981805161451,684.0415693994744,684.0415693994744
910000002,710000002,temporal,B0055,1,0.5776006687917958,1,1,7,temporal,0.0,732.5,0.02000000000000001,0.01148270879413027,False,0.32291137884340826,23358731,659.7686571225655,663.5060540359616,
910000002,710000002,temporal,B0055,1,0.5776006687917958,2,1,7,temporal,0.0,732.5,0.02000000000000001,0.025439097758720997,True,1.0,72337899,663.5060540359616,675.089785080707,675.089785080707
910000002,710000002,temporal,B0055,1,0.5776006687917958,3,7,12,temporal,562.5,1157.5,0.09319999999999999,0.35457532138041103,True,1.0,72337899,675.089785080707,682.3289380640363,682.3289380640363
910000002,710000002,temporal,B0090,2,0.32037874356265406,1,2,8,temporal,0.0,1800.0,0.02000000000000001,0.5548765665780278,True,1.0,21990608,664.1018457324958,667.6362641066255,667.6362641066255
910000002,710000002,temporal,B0090,2,0.32037874356265406,2,8,10,temporal,0.0,1800.0,0.02000000000000001,0.4482257700781863,True,1.0,21990608,667.6362641066255,676.5627540800256,676.5627540800256
910000002,710000002,temporal,B0090,2,0.32037874356265406,3,10,13,temporal,0.0,1800.0,0.0835,0.27610018934158576,True,1.0,21990608,676.5627540800256,685.4829110912976,685.4829110912976
910000002,710000002,temporal,B0009,1,0.5356029945885274,1,1,7,temporal,0.0,732.5,0.02000000000000001,0.992959964351387,True,1.0,73861483,665.4649011656275,677.2924056503729,677.2924056503729
910000002,710000002,temporal,B0009,1,0.5356029945885274,2,7,12,temporal,562.5,1157.5,0.09319999999999999,0.5412838508933328,True,1.0,73861483,677.2924056503729,684.6839170337021,684.6839170337021
910000002,710000002,temporal,B0044,2,0.8416489728877405,1,2,8,temporal,0.0,1800.0,0.02000000000000001,0.4203150537647119,True,1.0,114152012,667.9052009941624,686.1854440082922,686.1854440082922
910000002,710000002,temporal,B0044,2,0.8416489728877405,2,8,10,temporal,0.0,1800.0,0.02000000000000001,0.9040231495214308,True,1.0,114152012,686.1854440082922,731.9764955816922,731.9764955816922
910000002,710000002,temporal,B0044,2,0.8416489728877405,3,10,13,temporal,0.0,1800.0,0.0835,0.34073257753510366,True,1.0,114152012,731.9764955816922,777.7612141929643,777.7612141929643
910000002,710000002,temporal,B0040,1,0.2718367516094439,1,1,7,temporal,0.0,732.5,0.02000000000000001,0.795929613505654,True,1.0,104328315,669.316791067943,686.0189886726884,686.0189886726884
910000002,710000002,temporal,B0040,1,0.2718367516094439,2,7,12,temporal,562.5,1157.5,0.09319999999999999,0.5384184945577238,True,1.0,104328315,686.0189886726884,696.4571832560176,696.4571832560176
910000002,710000002,temporal,B0016,1,0.9216582683626434,1,1,7,temporal,0.0,732.5,0.02000000000000001,0.21424386149042018,True,1.0,33054852,672.0701496425141,677.3685931672595,677.3685931672595
910000002,710000002,temporal,B0016,1,0.9216582683626434,2,7,12,temporal,562.5,1157.5,0.09319999999999999,0.4475417148902512,True,1.0,33054852,677.3685931672595,680.6794414505888,680.6794414505888
910000002,710000002,temporal,B0023,2,0.8868446619850601,1,2,8,temporal,0.0,1800.0,0.02000000000000001,0.33282333434947253,True,1.0,45042013,690.0957988770198,697.3184420511494,697.3184420511494
910000002,710000002,temporal,B0023,2,0.8868446619850601,2,8,10,temporal,0.0,1800.0,0.02000000000000001,0.4170727245043008,True,1.0,45042013,697.3184420511494,715.4654940245495,715.4654940245495
910000002,710000002,temporal,B0023,2,0.8868446619850601,3,10,13,temporal,0.0,1800.0,0.0835,0.2839114696864158,True,1.0,45042013,715.4654940245495,733.6062130358215,733.6062130358215
910000002,710000002,temporal,B0010,1,0.2528153482034108,1,1,9,temporal,0.0,1800.0,0.022000000000000013,0.7208518610951125,True,1.0,118625408,715.9712104002152,795.1781747179978,795.1781747179978
910000002,710000002,temporal,B0010,1,0.2528153482034108,2,9,12,temporal,0.0,1800.0,0.09319999999999999,0.6889674147116494,True,1.0,118625408,795.1781747179978,842.7553346970776,842.7553346970776
910000002,710000002,temporal,B0035,2,0.3315572457807871,1,2,8,temporal,0.0,1800.0,0.02000000000000001,0.9295850203843904,True,1.0,81707002,723.254599001847,736.3436404159768,736.3436404159768
910000002,710000002,temporal,B0035,2,0.3315572457807871,2,8,10,temporal,0.0,1800.0,0.02000000000000001,0.5972499215302818,True,1.0,81707002,736.3436404159768,769.1566879893768,769.1566879893768
910000002,710000002,temporal,B0035,2,0.3315572457807871,3,10,13,temporal,0.0,1800.0,0.0835,0.39406614539225604,True,1.0,81707002,769.1566879893768,801.9634026006488,801.9634026006488
910000002,710000002,temporal,B0062,1,0.5807846816270357,1,1,7,temporal,0.0,732.5,0.02000000000000001,0.39581034716450836,True,1.0,11863537,723.8408141349541,725.7486472596995,725.7486472596995
910000002,710000002,temporal,B0062,1,0.5807846816270357,2,7,12,temporal,562.5,1157.5,0.09319999999999999,0.33689096520232276,True,1.0,11863537,725.7486472596995,726.9403640430288,726.9403640430288
910000002,710000002,temporal,B0091,0,0.3348808770751406,1,0,7,temporal,252.5,1122.5,0.02000000000000001,0.6346172378152648,True,1.0,53615051,732.9408050250205,741.529799694613,741.529799694613
910000002,710000002,temporal,B0091,0,0.3348808770751406,2,7,12,temporal,562.5,1157.5,0.09319999999999999,0.6105467705059537,True,1.0,53615051,741.529799694613,746.8966678779423,746.8966678779423
910000002,710000002,temporal,B0028,1,0.4292301017787892,1,1,9,temporal,0.0,1800.0,0.022000000000000013,0.16606934158351094,True,1.0,85019108,735.1498201024468,791.9525844202293,791.9525844202293
910000002,710000002,temporal,B0028,1,0.4292301017787892,2,9,12,temporal,0.0,1800.0,0.09319999999999999,0.7839305588292118,True,1.0,85019108,791.9525844202293,826.0872243993091,826.0872243993091
910000002,710000002,temporal,B0080,2,0.49415062335591375,1,2,8,temporal,0.0,1800.0,0.02000000000000001,0.05080178068441743,True,1.0,39775046,735.3434564369076,741.7233848910372,741.7233848910372
910000002,710000002,temporal,B0080,2,0.49415062335591375,2,8,10,temporal,0.0,1800.0,0.02000000000000001,0.4010136411278675,True,1.0,39775046,741.7233848910372,757.7636500644372,757.7636500644372
910000002,710000002,temporal,B0080,2,0.49415062335591375,3,10,13,temporal,0.0,1800.0,0.0835,0.4449962652596914,True,1.0,39775046,757.7636500644372,773.7975822757093,773.7975822757093
910000002,710000002,temporal,B0087,2,0.52884827193445,1,2,8,temporal,0.0,1800.0,0.02000000000000001,0.533488215132154,True,1.0,50316052,762.4874177843706,770.5539071985003,770.5539071985003
910000002,710000002,temporal,B0087,2,0.52884827193445,2,8,10,temporal,0.0,1800.0,0.02000000000000001,0.8779766779866846,True,1.0,50316052,770.5539071985003,790.8105747719003,790.8105747719003
910000002,710000002,temporal,B0087,2,0.52884827193445,3,10,13,temporal,0.0,1800.0,0.0835,0.5173312321830729,True,1.0,50316052,790.8105747719003,811.0609093831723,811.0609093831723
910000002,710000002,temporal,B0094,0,0.9061293807305428,1,0,7,temporal,252.5,1122.5,0.02000000000000001,0.7807916258643888,True,1.0,31859473,769.9095959858923,775.0176981754848,775.0176981754848
910000002,710000002,temporal,B0094,0,0.9061293807305428,2,7,12,temporal,562.5,1157.5,0.09319999999999999,0.41172420513987085,True,1.0,31859473,775.0176981754848,778.209008558814,778.209008558814
910000002,710000002,temporal,B0074,0,0.4749090427570415,1,0,7,temporal,252.5,1122.5,0.02000000000000001,0.9183358393616905,True,1.0,21350611,775.3556895179687,778.7823737875611,778.7823737875611
910000002,710000002,temporal,B0074,0,0.4749090427570415,2,7,12,temporal,562.5,1157.5,0.09319999999999999,0.10561442944611121,True,1.0,21350611,778.7823737875611,780.9227979708904,780.9227979708904
910000002,710000002,temporal,B0031,1,0.32013567293861656,1,1,9,temporal,0.0,1800.0,0.022000000000000013,0.3275099832614401,True,1.0,104938088,775.4180098131098,845.5000941308923,845.5000941308923
910000002,710000002,temporal,B0031,1,0.32013567293861656,2,9,12,temporal,0.0,1800.0,0.09319999999999999,0.4545686669254465,True,1.0,104938088,845.5000941308923,887.6023261099722,887.6023261099722
910000002,710000002,temporal,B0070,2,0.249244476251514,1,2,8,temporal,0.0,1800.0,0.02000000000000001,0.3295691188084712,True,1.0,100555315,786.7937242894469,802.8984957835765,802.8984957835765
910000002,710000002,temporal,B0070,2,0.249244476251514,2,8,10,temporal,0.0,1800.0,0.02000000000000001,0.19772704260038487,True,1.0,100555315,802.8984957835765,843.2508685569766,843.2508685569766
910000002,710000002,temporal,B0070,2,0.249244476251514,3,10,13,temporal,0.0,1800.0,0.0835,0.5832507443342034,True,1.0,100555315,843.2508685569766,883.5969083682486,883.5969083682486
910000002,710000002,temporal,B0022,0,0.47058721024007577,1,0,7,temporal,252.5,1122.5,0.02000000000000001,0.4069927710749789,True,1.0,47152779,790.0507275470788,797.6057586966714,797.6057586966714
910000002,710000002,temporal,B0022,0,0.47058721024007577,2,7,12,temporal,562.5,1157.5,0.09319999999999999,0.30440174437305956,True,1.0,47152779,797.6057586966714,802.3263996800007,802.3263996800007
910000002,710000002,temporal,B0068,2,0.7889444571471421,1,2,8,temporal,0.0,1800.0,0.02000000000000001,0.13258942200988033,True,1.0,89274420,814.4613423643179,828.7611706584477,828.7611706584477
910000002,710000002,temporal,B0068,2,0.7889444571471421,2,8,10,temporal,0.0,1800.0,0.02000000000000001,0.3273110369427017,True,1.0,89274420,828.7611706584477,864.6011854318477,864.6011854318477
910000002,710000002,temporal,B0068,2,0.7889444571471421,3,10,13,temporal,0.0,1800.0,0.0835,0.6347953591347841,True,1.0,89274420,864.6011854318477,900.4348672431198,900.4348672431198
910000002,710000002,temporal,B0089,0,0.31568828403237925,1,0,7,temporal,252.5,1122.5,0.02000000000000001,0.9012516931366029,True,1.0,37398832,814.5089923163167,820.5033919459092,820.5033919459092
910000002,710000002,temporal,B0089,0,0.31568828403237925,2,7,12,temporal,562.5,1157.5,0.09319999999999999,0.7845609445580027,True,1.0,37398832,820.5033919459092,824.2486382292385,824.2486382292385
910000002,710000002,temporal,B0052,2,0.5445945765157327,1,2,8,temporal,0.0,1800.0,0.02000000000000001,0.7555033415261594,True,1.0,86330030,815.5018972508162,829.3306231449459,829.3306231449459
910000002,710000002,temporal,B0052,2,0.5445945765157327,2,8,10,temporal,0.0,1800.0,0.02000000000000001,0.44671079038716943,True,1.0,86330030,829.3306231449459,863.9928819183459,863.9928819183459
910000002,710000002,temporal,B0052,2,0.5445945765157327,3,10,13,temporal,0.0,1800.0,0.0835,0.05246784224963885,False,0.7610101239229616,65698027,863.9928819183459,890.2720926497751,
910000002,710000002,temporal,B0052,2,0.5445945765157327,4,10,13,temporal,0.0,1800.0,0.0835,0.46975233107100944,True,1.0,86330030,890.2720926497751,924.9280184610471,924.9280184610471
910000002,710000002,temporal,B0069,2,0.5917279043343727,1,2,8,temporal,0.0,1800.0,0.02000000000000001,0.2522674990121959,True,1.0,62177575,821.9172505650989,831.8815836592286,831.8815836592286
910000002,710000002,temporal,B0069,2,0.5917279043343727,2,8,10,temporal,0.0,1800.0,0.02000000000000001,0.2977578789824443,True,1.0,62177575,831.8815836592286,856.8828604326286,856.8828604326286
910000002,710000002,temporal,B0069,2,0.5917279043343727,3,10,13,temporal,0.0,1800.0,0.0835,0.8201862660573158,True,1.0,62177575,856.8828604326286,881.8778042439006,881.8778042439006
910000002,710000002,temporal,B0015,2,0.5084262524623684,1,2,8,temporal,0.0,1800.0,0.02000000000000001,0.8707381218731969,True,1.0,57298034,823.1448011406736,832.3284076748033,832.3284076748033
910000002,710000002,temporal,B0015,2,0.5084262524623684,2,8,10,temporal,0.0,1800.0,0.02000000000000001,0.7397154591517158,True,1.0,57298034,832.3284076748033,855.3778680482034,855.3778680482034
910000002,710000002,temporal,B0015,2,0.5084262524623684,3,10,13,temporal,0.0,1800.0,0.0835,0.702944421380423,True,1.0,57298034,855.3778680482034,878.4209954594754,878.4209954594754
910000002,710000002,temporal,B0001,0,0.15711717900098818,1,0,7,temporal,252.5,1122.5,0.02000000000000001,0.33191695231752183,True,1.0,108585681,827.3392355172049,844.7235309867974,844.7235309867974
910000002,710000002,temporal,B0001,0,0.15711717900098818,2,7,12,temporal,562.5,1157.5,0.09319999999999999,0.2630475654060047,True,1.0,108585681,844.7235309867974,855.5874621701266,855.5874621701266
910000002,710000002,temporal,B0046,2,0.8505976173985997,1,2,4,temporal,857.5,1800.0,0.02000000000000001,0.1786655216771159,True,1.0,73352860,870.2989167043986,882.0451006073943,882.0451006073943
910000002,710000002,temporal,B0046,2,0.8505976173985997,2,4,10,temporal,0.0,1532.5,0.02000000000000001,0.7105078937668832,True,1.0,73352860,882.0451006073943,911.5195971932579,911.5195971932579
910000002,710000002,temporal,B0046,2,0.8505976173985997,3,10,13,temporal,0.0,1800.0,0.0835,0.1864911532307746,True,1.0,73352860,911.5195971932579,940.9846550045299,940.9846550045299
910000002,710000002,temporal,B0060,0,0.25483395512366197,1,0,7,temporal,252.5,1122.5,0.02000000000000001,0.28891691480760384,True,1.0,112801448,879.3697782271038,897.4285964166962,897.4285964166962
910000002,710000002,temporal,B0060,0,0.25483395512366197,2,7,12,temporal,562.5,1157.5,0.09319999999999999,0.3786170738095145,True,1.0,112801448,897.4285964166962,908.7141043000255,908.7141043000255
910000002,710000002,temporal,B0008,2,0.44265412502564994,1,2,4,temporal,857.5,1800.0,0.02000000000000001,0.04381442720165851,True,1.0,61664970,884.6898500239347,894.5659715269303,894.5659715269303
910000002,710000002,temporal,B0008,2,0.44265412502564994,2,4,10,temporal,0.0,1532.5,0.02000000000000001,0.6044375543652063,True,1.0,61664970,894.5659715269303,919.365312112794,919.365312112794
910000002,710000002,temporal,B0008,2,0.44265412502564994,3,10,13,temporal,0.0,1800.0,0.0835,0.31373597189198643,True,1.0,61664970,919.365312112794,944.155213924066,944.155213924066
910000002,710000002,temporal,B0084,2,0.2979049976853657,1,2,4,temporal,857.5,1800.0,0.02000000000000001,0.6379688765542741,True,1.0,43916107,890.3361663121883,897.3724697351839,897.3724697351839
910000002,710000002,temporal,B0084,2,0.2979049976853657,2,4,10,temporal,0.0,1532.5,0.02000000000000001,0.11993113515291443,True,1.0,43916107,897.3724697351839,915.0722651210476,915.0722651210476
910000002,710000002,temporal,B0084,2,0.2979049976853657,3,10,13,temporal,0.0,1800.0,0.0835,0.2694890954741803,True,1.0,43916107,915.0722651210476,932.7626217323196,932.7626217323196
910000002,710000002,temporal,B0077,2,0.13555515349068348,1,2,4,temporal,857.5,1800.0,0.02000000000000001,0.9697698959537726,True,1.0,21775833,899.4429683521173,902.936827935113,902.936827935113
910000002,710000002,temporal,B0077,2,0.13555515349068348,2,4,10,temporal,0.0,1532.5,0.02000000000000001,0.4193085059890822,True,1.0,21775833,902.936827935113,911.7805137209767,911.7805137209767
910000002,710000002,temporal,B0077,2,0.13555515349068348,3,10,13,temporal,0.0,1800.0,0.0835,0.16134560677832122,True,1.0,21775833,911.7805137209767,920.6147607322488,920.6147607322488
910000002,710000002,rl_pure,B0066,2,0.37545522360265116,1,2,9,rl,0.0,1800.0,0.022000000000000013,0.7495948600703919,True,1.0,37099757,17.768081136722735,42.6411417125452,42.6411417125452
910000002,710000002,rl_pure,B0066,2,0.37545522360265116,2,9,12,rl,0.0,1800.0,0.09319999999999999,0.07821631463982759,False,0.3285610313020797,12189535,42.6411417125452,47.51695548093582,
910000002,710000002,rl_pure,B0066,2,0.37545522360265116,3,9,12,rl,0.0,1800.0,0.09319999999999999,0.1610735091448915,True,1.0,37099757,47.51695548093582,62.48385506001566,62.48385506001566
910000002,710000002,rl_pure,B0064,1,0.2323273323304487,1,1,9,rl,0.0,1800.0,0.022000000000000013,0.32174211882403037,True,1.0,116412127,17.817733152422388,95.54917680353827,95.54917680353827
910000002,710000002,rl_pure,B0064,1,0.2323273323304487,2,9,12,rl,0.0,1800.0,0.09319999999999999,0.15594358674166497,True,1.0,116412127,95.54917680353827,142.2410243826181,142.2410243826181
910000002,710000002,rl_pure,B0067,1,0.13301740665899836,1,1,9,rl,0.0,1800.0,0.022000000000000013,0.7699105552491051,True,1.0,58954619,28.672952495191105,68.09939081297365,68.09939081297365
910000002,710000002,rl_pure,B0067,1,0.13301740665899836,2,9,12,rl,0.0,1800.0,0.09319999999999999,0.24679172762095924,True,1.0,58954619,68.09939081297365,91.80823519205349,91.80823519205349
910000002,710000002,rl_pure,B0032,0,0.8413247370929655,1,0,12,rl,197.5,677.5,0.0972,0.2884934824637643,True,1.0,38387237,197.5,205.18178215647038,205.18178215647038
910000002,710000002,rl_pure,B0061,1,0.5790535631343932,1,1,9,rl,0.0,1800.0,0.022000000000000013,0.23447377579897566,True,1.0,12235709,56.22433952846008,64.50483784624262,64.50483784624262
910000002,710000002,rl_pure,B0061,1,0.5790535631343932,2,9,12,rl,0.0,1800.0,0.09319999999999999,0.8457737066711903,True,1.0,12235709,64.50483784624262,69.52611822532245,69.52611822532245
910000002,710000002,rl_pure,B0025,2,0.29573430744159557,1,2,9,rl,0.0,1800.0,0.022000000000000013,0.786456769821987,True,1.0,15130315,76.57039266433048,86.79715857348627,86.79715857348627
910000002,710000002,rl_pure,B0025,2,0.29573430744159557,2,9,12,rl,0.0,1800.0,0.09319999999999999,0.8389897200519618,True,1.0,15130315,86.79715857348627,92.9762813525661,92.9762813525661
910000002,710000002,rl_pure,B0045,1,0.9219712786881086,1,1,9,rl,0.0,1800.0,0.022000000000000013,0.9484364256359947,True,1.0,109502766,77.75885333753405,150.88405632198328,150.88405632198328
910000002,710000002,rl_pure,B0045,1,0.9219712786881086,2,9,12,rl,0.0,1800.0,0.09319999999999999,0.34225693938306134,True,1.0,109502766,150.88405632198328,194.81215950106312,194.81215950106312
910000002,710000002,rl_pure,B0021,0,0.8676232391066497,1,0,12,rl,197.5,677.5,0.0972,0.45148878544654936,True,1.0,65308116,197.5,210.56595795647036,210.56595795647036
910000002,710000002,rl_pure,B0096,1,0.8618223616063629,1,1,9,rl,0.0,1800.0,0.022000000000000013,0.8215993532485242,True,1.0,49200852,101.7174521478043,134.64137913225352,134.64137913225352
910000002,710000002,rl_pure,B0096,1,0.8618223616063629,2,9,12,rl,0.0,1800.0,0.09319999999999999,0.6295834755562962,True,1.0,49200852,134.64137913225352,154.44871671133336,154.44871671133336
910000002,710000002,rl_pure,B0059,2,0.8710943451856981,1,2,9,rl,0.0,1800.0,0.022000000000000013,0.23090769990704774,True,1.0,45100714,116.4304453301787,146.6374772393345,146.6374772393345
910000002,710000002,rl_pure,B0059,2,0.8710943451856981,2,9,12,rl,0.0,1800.0,0.09319999999999999,0.5413865561346856,True,1.0,45100714,146.6374772393345,164.80475961841432,164.80475961841432
910000002,710000002,rl_pure,B0017,1,0.844059239516349,1,1,9,rl,0.0,1800.0,0.022000000000000013,0.12361631069441004,True,1.0,18916698,121.49053744354251,134.22502842799173,134.22502842799173
910000002,710000002,rl_pure,B0017,1,0.844059239516349,2,9,12,rl,0.0,1800.0,0.09319999999999999,0.43874516711723177,True,1.0,18916698,134.22502842799173,141.91870440707157,141.91870440707157
910000002,710000002,rl_pure,B0048,0,0.8581546044661102,1,0,12,rl,197.5,677.5,0.0972,0.6041960875605266,True,1.0,54575525,197.5,208.41943975647038,208.41943975647038
910000002,710000002,rl_pure,B0011,1,0.9713459854568325,1,1,9,rl,0.0,1800.0,0.022000000000000013,0.029429091671064445,True,1.0,58425603,147.647750258734,186.72151124318322,186.72151124318322
910000002,710000002,rl_pure,B0011,1,0.9713459854568325,2,9,12,rl,0.0,1800.0,0.09319999999999999,0.1122861055345159,True,1.0,58425603,186.72151124318322,210.21874922226306,210.21874922226306
910000002,710000002,rl_pure,B0041,0,0.5166290450608674,1,0,12,rl,197.5,677.5,0.0972,0.24564000369943284,True,1.0,92255550,197.5,215.95544475647037,215.95544475647037
910000002,710000002,rl_pure,B0085,2,0.3255172284137221,1,2,9,rl,0.0,1800.0,0.022000000000000013,0.8927560106623784,True,1.0,66794922,159.21457230475016,203.88440954723927,203.88440954723927
910000002,710000002,rl_pure,B0085,2,0.3255172284137221,2,9,12,rl,0.0,1800.0,0.09319999999999999,0.8798659025890311,True,1.0,66794922,203.88440954723927,230.7293751263191,230.7293751263191
910000002,710000002,rl_pure,B0071,2,0.32305008641660815,1,2,9,rl,0.0,1800.0,0.022000000000000013,0.41760016554456103,True,1.0,93908039,166.0446887789802,228.78993735480265,228.78993735480265
910000002,710000002,rl_pure,B0071,2,0.32305008641660815,2,9,12,rl,0.0,1800.0,0.09319999999999999,0.5352201179677226,True,1.0,93908039,228.78993735480265,266.48014973388246,266.48014973388246
910000002,710000002,rl_pure,B0092,1,0.9648660364271492,1,1,9,rl,0.0,1800.0,0.022000000000000013,0.6474050198941749,True,1.0,50250616,172.48463268669622,206.1084023378121,206.1084023378121
910000002,710000002,rl_pure,B0092,1,0.9648660364271492,2,9,12,rl,0.0,1800.0,0.09319999999999999,0.8557080996700565,True,1.0,50250616,206.1084023378121,226.33564551689193,226.33564551689193
910000002,710000002,rl_pure,B0079,2,0.3668201980254795,1,2,9,rl,0.0,1800.0,0.022000000000000013,0.9268223562904458,True,1.0,67574258,175.88782479104515,221.0772193668676,221.0772193668676
910000002,710000002,rl_pure,B0079,2,0.3668201980254795,2,9,12,rl,0.0,1800.0,0.09319999999999999,0.1194796195616743,True,1.0,67574258,221.0772193668676,248.23391934594744,248.23391934594744
910000002,710000002,rl_pure,B0057,2,0.9937539478558224,1,2,9,rl,0.0,1800.0,0.022000000000000013,0.2082025721455828,True,1.0,72886919,178.32155808402734,227.05272665984978,227.05272665984978
910000002,710000002,rl_pure,B0057,2,0.9937539478558224,2,9,12,rl,0.0,1800.0,0.09319999999999999,0.26072424803072214,True,1.0,72886919,227.05272665984978,256.3344910389296,256.3344910389296
910000002,710000002,rl_pure,B0003,1,0.3151177346258588,1,1,9,rl,0.0,1800.0,0.022000000000000013,0.0806050524831593,True,1.0,20711653,181.58012327758456,195.51125092870046,195.51125092870046
910000002,710000002,rl_pure,B0003,1,0.3151177346258588,2,9,12,rl,0.0,1800.0,0.09319999999999999,0.34440767420699914,True,1.0,20711653,195.51125092870046,203.92290890778028,203.92290890778028
910000002,710000002,rl_pure,B0073,2,0.8985097390457806,1,2,9,rl,0.0,1800.0,0.022000000000000013,0.10281372662828991,True,1.0,95600499,182.32761838993738,246.2011736324265,246.2011736324265
910000002,710000002,rl_pure,B0073,2,0.8985097390457806,2,9,12,rl,0.0,1800.0,0.09319999999999999,0.08886159537466065,False,0.506564089686961,48427780,246.2011736324265,265.5722855322482,
910000002,710000002,rl_pure,B0073,2,0.8985097390457806,3,9,12,rl,0.0,1800.0,0.09319999999999999,0.20800520360734465,True,1.0,95600499,265.5722855322482,303.939481911328,303.939481911328
910000002,710000002,rl_pure,B0005,2,0.18182159024475492,1,2,9,rl,0.0,1800.0,0.022000000000000013,0.9794625331974428,True,1.0,30981148,201.51395980992655,222.30794771908234,222.30794771908234
910000002,710000002,rl_pure,B0005,2,0.18182159024475492,2,9,12,rl,0.0,1800.0,0.09319999999999999,0.9570156920461996,True,1.0,30981148,222.30794771908234,234.82740369816216,234.82740369816216
910000002,710000002,rl_pure,B0004,2,0.5674998881443046,1,2,9,rl,0.0,1800.0,0.022000000000000013,0.7073713203323964,True,1.0,16728232,203.76002856557216,215.05207247472794,215.05207247472794
910000002,710000002,rl_pure,B0004,2,0.5674998881443046,2,9,12,rl,0.0,1800.0,0.09319999999999999,0.9929863420996601,True,1.0,16728232,215.05207247472794,221.87036205380778,221.87036205380778
910000002,710000002,rl_pure,B0095,1,0.2879631517105498,1,1,9,rl,0.0,1800.0,0.022000000000000013,0.14873250814365513,True,1.0,58743652,214.55041697754078,253.83621062865666,253.83621062865666
910000002,710000002,rl_pure,B0095,1,0.2879631517105498,2,9,12,rl,0.0,1800.0,0.09319999999999999,0.1299267141348408,True,1.0,58743652,253.83621062865666,277.4606682077365,277.4606682077365
910000002,710000002,rl_pure,B0043,0,0.16226073357820092,1,0,12,rl,197.5,677.5,0.0972,0.1141328420540062,True,1.0,69321707,222.12552134352381,235.9941974999942,235.9941974999942
910000002,710000002,rl_pure,B0019,1,0.11199985739683434,1,1,9,rl,0.0,1800.0,0.022000000000000013,0.38866706296315745,True,1.0,13606031,231.1703603398739,240.36440665765645,240.36440665765645
910000002,710000002,rl_pure,B0019,1,0.11199985739683434,2,9,12,rl,0.0,1800.0,0.09319999999999999,0.06714084233147122,False,0.8240399822752837,11211914,240.36440665765645,244.84917207528724,
910000002,710000002,rl_pure,B0019,1,0.11199985739683434,3,9,12,rl,0.0,1800.0,0.09319999999999999,0.9487029789008736,True,1.0,13606031,244.84917207528724,250.41858125436707,250.41858125436707
910000002,710000002,rl_pure,B0086,2,0.461142751375916,1,2,9,rl,0.0,1800.0,0.022000000000000013,0.9211514999328242,True,1.0,94459549,237.7513802569833,300.8643021661391,300.8643021661391
910000002,710000002,rl_pure,B0086,2,0.461142751375916,2,9,12,rl,0.0,1800.0,0.09319999999999999,0.24564572134101048,True,1.0,94459549,300.8643021661391,338.77511854521896,338.77511854521896
910000002,710000002,rl_pure,B0088,0,0.8620928366042447,1,0,12,rl,197.5,677.5,0.0972,0.7996801781201837,True,1.0,46183676,238.22094716014738,247.46201711661774,247.46201711661774
910000002,710000002,rl_pure,B0098,1,0.5584180794694392,1,1,9,rl,0.0,1800.0,0.022000000000000013,0.5386678690104519,True,1.0,67820670,243.90545132710383,289.24259031155304,289.24259031155304
910000002,710000002,rl_pure,B0098,1,0.5584180794694392,2,9,12,rl,0.0,1800.0,0.09319999999999999,0.3569917902032397,True,1.0,67820670,289.24259031155304,316.49785509063287,316.49785509063287
910000002,710000002,rl_pure,B0054,0,0.7921165242638127,1,0,12,rl,197.5,677.5,0.0972,0.5915508315671054,True,1.0,21887043,251.18522738694256,255.56697074341292,255.56697074341292
910000002,710000002,rl_pure,B0058,2,0.21658470901310062,1,2,9,rl,0.0,1800.0,0.022000000000000013,0.10726366415800037,True,1.0,106322105,264.5983685335645,335.619661109387,335.619661109387
910000002,710000002,rl_pure,B0058,2,0.21658470901310062,2,9,12,rl,0.0,1800.0,0.09319999999999999,0.4481794583429023,True,1.0,106322105,335.619661109387,378.2754998884668,378.2754998884668
910000002,710000002,rl_pure,B0012,0,0.3545759037943248,1,0,12,rl,197.5,677.5,0.0972,0.866966349148488,True,1.0,59396205,277.7806513424283,289.66422709889866,289.66422709889866
910000002,710000002,rl_pure,B0038,1,0.6764507964077126,1,1,9,rl,0.0,1800.0,0.022000000000000013,0.810762170673042,True,1.0,77297428,292.19975820989964,343.8547358610155,343.8547358610155
910000002,710000002,rl_pure,B0038,1,0.6764507964077126,2,9,12,rl,0.0,1800.0,0.09319999999999999,0.3460748648908505,True,1.0,77297428,343.8547358610155,374.90070384009533,374.90070384009533
910000002,710000002,rl_pure,B0049,1,0.2768074814770546,1,1,9,rl,0.0,1800.0,0.022000000000000013,0.3715412161204541,True,1.0,19288943,302.7007470156048,315.68340133338734,315.68340133338734
910000002,710000002,rl_pure,B0049,1,0.2768074814770546,2,9,12,rl,0.0,1800.0,0.09319999999999999,0.5748103562374413,True,1.0,19288943,315.68340133338734,323.52597531246715,323.52597531246715
910000002,710000002,rl_pure,B0026,2,0.39096847412663105,1,2,9,rl,0.0,1800.0,0.022000000000000013,0.16372386278288764,True,1.0,31550111,326.17530976729574,347.3486063431182,347.3486063431182
910000002,710000002,rl_pure,B0026,2,0.39096847412663105,2,9,12,rl,0.0,1800.0,0.09319999999999999,0.6684424419484218,True,1.0,31550111,347.3486063431182,360.095647522198,360.095647522198
910000002,710000002,rl_pure,B0000,0,0.521984852650336,1,0,12,rl,197.5,677.5,0.0972,0.07521242585167975,False,0.5188393034436455,49109059,330.7092995049879,340.53111129205735,
910000002,710000002,rl_pure,B0000,0,0.521984852650336,2,0,12,rl,197.5,677.5,0.0972,0.2800316868879609,True,1.0,94651771,340.53111129205735,359.4658002485277,359.4658002485277
910000002,710000002,rl_pure,B0039,1,0.2987345454652486,1,1,9,rl,0.0,1800.0,0.022000000000000013,0.31642692813323314,True,1.0,118180687,347.33183292031856,426.24231657143446,426.24231657143446
910000002,710000002,rl_pure,B0039,1,0.2987345454652486,2,9,12,rl,0.0,1800.0,0.09319999999999999,0.9790260267392901,True,1.0,118180687,426.24231657143446,473.6415881505143,473.6415881505143
910000002,710000002,rl_pure,B0047,0,0.6209736369050118,1,0,12,rl,197.5,677.5,0.0972,0.9617691897338013,True,1.0,100923936,356.3732817863641,376.5624037428345,376.5624037428345
910000002,710000002,rl_pure,B0075,0,0.3264748331349915,1,0,12,rl,197.5,677.5,0.0972,0.487016909481349,True,1.0,10321281,375.1099062616473,377.1784972181177,377.1784972181177
910000002,710000002,rl_pure,B0027,0,0.6031019722321226,1,0,12,rl,197.5,677.5,0.0972,0.8138784712665079,True,1.0,36063871,393.25552704347484,400.4726359999452,400.4726359999452
910000002,710000002,rl_pure,B0056,2,0.7699356684394536,1,2,9,rl,0.0,1800.0,0.022000000000000013,0.31200892131887514,True,1.0,64329755,393.6791720003287,436.7055645761512,436.7055645761512
910000002,710000002,rl_pure,B0056,2,0.7699356684394536,2,9,12,rl,0.0,1800.0,0.09319999999999999,0.3828742884821398,True,1.0,64329755,436.7055645761512,462.564463355231,462.564463355231
910000002,710000002,rl_pure,B0018,2,0.8394835174533484,1,2,9,rl,0.0,1800.0,0.022000000000000013,0.49616873266134964,True,1.0,16079750,404.5086549178654,415.36837749368783,415.36837749368783
910000002,710000002,rl_pure,B0018,2,0.8394835174533484,2,9,12,rl,0.0,1800.0,0.09319999999999999,0.08141283228325347,False,0.6262699311181921,10070264,415.36837749368783,419.39648306364694,
910000002,710000002,rl_pure,B0018,2,0.8394835174533484,3,9,12,rl,0.0,1800.0,0.09319999999999999,0.8546216119578632,True,1.0,16079750,419.39648306364694,425.95537984272676,425.95537984272676
910000002,710000002,rl_pure,B0006,2,0.6552352802955531,1,2,9,rl,0.0,1800.0,0.022000000000000013,0.28717128881640197,True,1.0,111401934,431.84009480353706,506.24794004602614,506.24794004602614
910000002,710000002,rl_pure,B0006,2,0.6552352802955531,2,9,12,rl,0.0,1800.0,0.09319999999999999,0.8836821084965323,True,1.0,111401934,506.24794004602614,550.935710425106,550.935710425106
910000002,710000002,rl_pure,B0078,2,0.8936462664669779,1,2,9,rl,0.0,1800.0,0.022000000000000013,0.5959031139877204,True,1.0,48500544,470.18527649233596,502.65886173482505,502.65886173482505
910000002,710000002,rl_pure,B0078,2,0.8936462664669779,2,9,12,rl,0.0,1800.0,0.09319999999999999,0.8632349671165325,True,1.0,48500544,502.65886173482505,522.1860761139048,522.1860761139048
910000002,710000002,rl_pure,B0053,1,0.8897192021585094,1,1,9,rl,0.0,1800.0,0.022000000000000013,0.717649697406423,True,1.0,49966779,485.92587326571515,519.3604182501643,519.3604182501643
910000002,710000002,rl_pure,B0053,1,0.8897192021585094,2,9,12,rl,0.0,1800.0,0.09319999999999999,0.1365856636668269,True,1.0,49966779,519.3604182501643,539.4741266292442,539.4741266292442
910000002,710000002,rl_pure,B0083,0,0.13943177000906204,1,0,12,rl,197.5,677.5,0.0972,0.31932466805436066,True,1.0,75037035,493.9025587657675,508.91430052223785,508.91430052223785
910000002,710000002,rl_pure,B0081,1,0.42578413140151095,1,1,9,rl,0.0,1800.0,0.022000000000000013,0.41192072883138864,True,1.0,90344214,503.11637676761325,563.4692117520624,563.4692117520624
910000002,710000002,rl_pure,B0081,1,0.42578413140151095,2,9,12,rl,0.0,1800.0,0.09319999999999999,0.010285554770634864,False,0.9038731786364315,81659712,563.4692117520624,596.1330965038984,
910000002,710000002,rl_pure,B0081,1,0.42578413140151095,3,9,12,rl,0.0,1800.0,0.09319999999999999,0.5616941049301737,True,1.0,90344214,596.1330965038984,632.3977788829783,632.3977788829783
910000002,710000002,rl_pure,B0063,1,0.9007555258276453,1,1,9,rl,0.0,1800.0,0.022000000000000013,0.42025674808584157,True,1.0,91211565,506.4487824965292,567.3798514809783,567.3798514809783
910000002,710000002,rl_pure,B0063,1,0.9007555258276453,2,9,12,rl,0.0,1800.0,0.09319999999999999,0.21530030935257805,True,1.0,91211565,567.3798514809783,603.9914742600582,603.9914742600582
910000002,710000002,rl_pure,B0036,0,0.31377621648372833,1,0,12,rl,197.5,677.5,0.0972,0.8017623651915927,True,1.0,13382143,531.5686354840897,534.24939884056,534.24939884056
910000002,710000002,rl_pure,B0029,1,0.9365445867696458,1,1,9,rl,0.0,1800.0,0.022000000000000013,0.3323996716938681,True,1.0,79697156,532.0563222903087,585.3111186080912,585.3111186080912
910000002,710000002,rl_pure,B0029,1,0.9365445867696458,2,9,12,rl,0.0,1800.0,0.09319999999999999,0.9101864915123106,True,1.0,79697156,585.3111186080912,617.316977787171,617.316977787171
910000002,710000002,rl_pure,B0034,1,0.7501181630381553,1,1,9,rl,0.0,1800.0,0.022000000000000013,0.1816405125655376,True,1.0,61306412,539.0733926366224,580.067692954405,580.067692954405
910000002,710000002,rl_pure,B0034,1,0.7501181630381553,2,9,12,rl,0.0,1800.0,0.09319999999999999,0.8602864553174311,True,1.0,61306412,580.067692954405,604.7172545334848,604.7172545334848
910000002,710000002,rl_pure,B0037,2,0.24516151950118015,1,2,9,rl,0.0,1800.0,0.022000000000000013,0.7357472434537656,True,1.0,38904462,545.1248246536609,571.2010218961501,571.2010218961501
910000002,710000002,rl_pure,B0037,2,0.24516151950118015,2,9,12,rl,0.0,1800.0,0.09319999999999999,0.19642032501270268,True,1.0,38904462,571.2010218961501,586.88980347523,586.88980347523
910000002,710000002,rl_pure,B0024,0,0.14003923222513937,1,0,12,rl,197.5,677.5,0.0972,0.8101672194256836,True,1.0,109043453,545.7760617806097,567.58908713708,567.58908713708
910000002,710000002,rl_pure,B0033,1,0.6831490856954132,1,1,9,rl,0.0,1800.0,0.022000000000000013,0.6394126461663039,True,1.0,62309442,547.7196971161072,589.3826841005564,589.3826841005564
910000002,710000002,rl_pure,B0033,1,0.6831490856954132,2,9,12,rl,0.0,1800.0,0.09319999999999999,0.5243156930563311,True,1.0,62309442,589.3826841005564,614.4334576796363,614.4334576796363
910000002,710000002,rl_pure,B0050,0,0.3488175701812778,1,0,12,rl,197.5,677.5,0.0972,0.21713114647473997,True,1.0,100363019,552.2138063244337,572.2907448809041,572.2907448809041
910000002,710000002,rl_pure,B0099,1,0.9748762367868005,1,1,9,rl,0.0,1800.0,0.022000000000000013,0.8202000167226167,True,1.0,104911785,556.203127443787,626.2676764282362,626.2676764282362
910000002,710000002,rl_pure,B0099,1,0.9748762367868005,2,9,12,rl,0.0,1800.0,0.09319999999999999,0.8985522100503005,True,1.0,104911785,626.2676764282362,668.359387207316,668.359387207316
910000002,710000002,rl_pure,B0065,0,0.9626626744825939,1,0,12,rl,197.5,677.5,0.0972,0.47660293027136635,True,1.0,23504744,586.4642437484943,591.1695273049646,591.1695273049646
910000002,710000002,rl_pure,B0014,1,0.9128518531671408,1,1,9,rl,0.0,1800.0,0.022000000000000013,0.3301304425511288,True,1.0,55620423,606.2706875951644,643.4743285796136,643.4743285796136
910000002,710000002,rl_pure,B0014,1,0.9128518531671408,2,9,12,rl,0.0,1800.0,0.09319999999999999,0.7797239350219084,True,1.0,55620423,643.4743285796136,665.8494945586934,665.8494945586934
910000002,710000002,rl_pure,B0097,0,0.5927898179804294,1,0,12,rl,197.5,677.5,0.0972,0.9148662441150904,True,1.0,87151759,608.9467046701407,626.3813912266111,626.3813912266111
910000002,710000002,rl_pure,B0013,2,0.34819834431450514,1,2,9,rl,0.0,1800.0,0.022000000000000013,0.6272321783706876,True,1.0,57826407,613.8810342248934,652.5718614673825,652.5718614673825
910000002,710000002,rl_pure,B0013,2,0.34819834431450514,2,9,12,rl,0.0,1800.0,0.09319999999999999,0.39655449093046435,True,1.0,57826407,652.5718614673825,675.8294210464624,675.8294210464624
910000002,710000002,rl_pure,B0093,0,0.9356602215770053,1,0,12,rl,197.5,677.5,0.0972,0.2070928403434209,True,1.0,78087327,620.5904958161249,636.2122959725953,636.2122959725953
910000002,710000002,rl_pure,B0020,1,0.23341827099522947,1,1,9,rl,0.0,1800.0,0.022000000000000013,0.7004894210183406,True,1.0,85876918,623.934287254743,681.3089249058588,681.3089249058588
910000002,710000002,rl_pure,B0020,1,0.23341827099522947,2,9,12,rl,0.0,1800.0,0.09319999999999999,0.3621491854643204,True,1.0,85876918,681.3089249058588,715.7866888849386,715.7866888849386
910000002,710000002,rl_pure,B0051,2,0.12988224096410259,1,2,9,rl,0.0,1800.0,0.022000000000000013,0.26950251886315957,True,1.0,77157256,636.1480454595512,687.7261053687071,687.7261053687071
910000002,710000002,rl_pure,B0051,2,0.12988224096410259,2,9,12,rl,0.0,1800.0,0.09319999999999999,0.018894633715348053,False,0.4990365403538298,38504291,687.7261053687071,703.1278214076809,
910000002,710000002,rl_pure,B0051,2,0.12988224096410259,3,9,12,rl,0.0,1800.0,0.09319999999999999,0.8942086767634727,True,1.0,77157256,703.1278214076809,734.1177205867608,734.1177205867608
910000002,710000002,rl_pure,B0042,2,0.3353812671525608,1,2,9,rl,0.0,1800.0,0.022000000000000013,0.8662918303804459,True,1.0,113815846,648.4860985011723,724.503218410328,724.503218410328
910000002,710000002,rl_pure,B0042,2,0.3353812671525608,2,9,12,rl,0.0,1800.0,0.09319999999999999,0.33756136106267043,True,1.0,113815846,724.503218410328,770.1565535894078,770.1565535894078
910000002,710000002,rl_pure,B0072,1,0.5030082223439979,1,1,9,rl,0.0,1800.0,0.022000000000000013,0.4319833436125017,True,1.0,110266751,648.6125323827828,722.2470587005653,722.2470587005653
910000002,710000002,rl_pure,B0072,1,0.5030082223439979,2,9,12,rl,0.0,1800.0,0.09319999999999999,0.07651836055597805,False,0.522388457598963,57602078,722.2470587005653,745.2878898923009,
910000002,710000002,rl_pure,B0072,1,0.5030082223439979,3,9,12,rl,0.0,1800.0,0.09319999999999999,0.7095172174108516,True,1.0,110266751,745.2878898923009,789.5215870713807,789.5215870713807
910000002,710000002,rl_pure,B0002,2,0.22920704280528187,1,2,9,rl,0.0,1800.0,0.022000000000000013,0.4612017588349996,True,1.0,73289873,648.9598112425273,697.9596158183498,697.9596158183498
910000002,710000002,rl_pure,B0002,2,0.22920704280528187,2,9,12,rl,0.0,1800.0,0.09319999999999999,0.604912395274966,True,1.0,73289873,697.9596158183498,727.4025617974296,727.4025617974296
910000002,710000002,rl_pure,B0076,2,0.2970364682810008,1,2,9,rl,0.0,1800.0,0.022000000000000013,0.6405450609912411,True,1.0,37587988,649.3440897311195,674.5426376402754,674.5426376402754
910000002,710000002,rl_pure,B0076,2,0.2970364682810008,2,9,12,rl,0.0,1800.0,0.09319999999999999,0.6517914783732683,True,1.0,37587988,674.5426376402754,689.7048296193552,689.7048296193552
910000002,710000002,rl_pure,B0007,0,0.46745186086105894,1,0,12,rl,197.5,677.5,0.0972,0.2113779345949246,True,1.0,108301845,654.1355191064274,675.8002228628977,675.8002228628977
910000002,710000002,rl_pure,B0030,1,0.9135623243042319,1,1,9,rl,0.0,1800.0,0.022000000000000013,0.9058402266104033,True,1.0,101662146,654.8117541780493,722.7098771624985,722.7098771624985
910000002,710000002,rl_pure,B0030,1,0.9135623243042319,2,9,12,rl,0.0,1800.0,0.09319999999999999,0.13002245811213653,True,1.0,101662146,722.7098771624985,763.5017323415783,763.5017323415783
910000002,710000002,rl_pure,B0082,0,0.8308908876148421,1,0,9,rl,0.0,1557.5,0.022000000000000013,0.8236292859123889,True,1.0,95380258,659.2267527265526,722.9474539392194,722.9474539392194
910000002,710000002,rl_pure,B0082,0,0.8308908876148421,2,9,12,rl,0.0,1800.0,0.09319999999999999,0.24553347757062416,True,1.0,95380258,722.9474539392194,761.2265539182991,761.2265539182991
910000002,710000002,rl_pure,B0055,1,0.5776006687917958,1,1,9,rl,0.0,1800.0,0.022000000000000013,0.16473319417653343,True,1.0,72337899,659.7686571225655,708.1172821070147,708.1172821070147
910000002,710000002,rl_pure,B0055,1,0.5776006687917958,2,9,12,rl,0.0,1800.0,0.09319999999999999,0.43514235534977364,True,1.0,72337899,708.1172821070147,737.1794384860946,737.1794384860946
910000002,710000002,rl_pure,B0090,2,0.32037874356265406,1,2,9,rl,0.0,1800.0,0.022000000000000013,0.650371989109464,True,1.0,21990608,664.1018457324958,678.9021403083183,678.9021403083183
910000002,710000002,rl_pure,B0090,2,0.32037874356265406,2,9,12,rl,0.0,1800.0,0.09319999999999999,0.7783545879363444,True,1.0,21990608,678.9021403083183,687.8253802873982,687.8253802873982
910000002,710000002,rl_pure,B0009,1,0.5356029945885274,1,1,9,rl,0.0,1800.0,0.022000000000000013,0.30240590415665614,True,1.0,73861483,665.4649011656275,714.8292488167433,714.8292488167433
910000002,710000002,rl_pure,B0009,1,0.5356029945885274,2,9,12,rl,0.0,1800.0,0.09319999999999999,0.7588427187433168,True,1.0,73861483,714.8292488167433,744.5008387958231,744.5008387958231
910000002,710000002,rl_pure,B0044,2,0.8416489728877405,1,2,9,rl,0.0,1800.0,0.022000000000000013,0.4265259539771745,True,1.0,114152012,667.9052009941624,744.146431569985,744.146431569985
910000002,710000002,rl_pure,B0044,2,0.8416489728877405,2,9,12,rl,0.0,1800.0,0.09319999999999999,0.5135774973080324,True,1.0,114152012,744.146431569985,789.9342331490649,789.9342331490649
910000002,710000002,rl_pure,B0040,1,0.2718367516094439,1,1,9,rl,0.0,1800.0,0.022000000000000013,0.12611325046650157,True,1.0,104328315,669.316791067943,738.9923600523921,738.9923600523921
910000002,710000002,rl_pure,B0040,1,0.2718367516094439,2,9,12,rl,0.0,1800.0,0.09319999999999999,0.7022359766335816,True,1.0,104328315,738.9923600523921,780.8506828314719,780.8506828314719
910000002,710000002,rl_pure,B0016,1,0.9216582683626434,1,1,9,rl,0.0,1800.0,0.022000000000000013,0.8277903248909841,True,1.0,33054852,672.0701496425141,694.2300766269633,694.2300766269633
910000002,710000002,rl_pure,B0016,1,0.9216582683626434,2,9,12,rl,0.0,1800.0,0.09319999999999999,0.28110536391127605,True,1.0,33054852,694.2300766269633,707.5790142060431,707.5790142060431
910000002,710000002,rl_pure,B0023,2,0.8868446619850601,1,2,9,rl,0.0,1800.0,0.022000000000000013,0.7295569661928657,True,1.0,45042013,690.0957988770198,720.2636967861756,720.2636967861756
910000002,710000002,rl_pure,B0023,2,0.8868446619850601,2,9,12,rl,0.0,1800.0,0.09319999999999999,0.9260837777607334,True,1.0,45042013,720.2636967861756,738.4074987652555,738.4074987652555
910000002,710000002,rl_pure,B0010,1,0.2528153482034108,1,1,9,rl,0.0,1800.0,0.022000000000000013,0.7208518610951125,True,1.0,118625408,715.9712104002152,795.1781747179978,795.1781747179978
910000002,710000002,rl_pure,B0010,1,0.2528153482034108,2,9,12,rl,0.0,1800.0,0.09319999999999999,0.6889674147116494,True,1.0,118625408,795.1781747179978,842.7553346970776,842.7553346970776
910000002,710000002,rl_pure,B0035,2,0.3315572457807871,1,2,9,rl,0.0,1800.0,0.022000000000000013,0.8376045271422232,True,1.0,81707002,723.254599001847,777.8658229110029,777.8658229110029
910000002,710000002,rl_pure,B0035,2,0.3315572457807871,2,9,12,rl,0.0,1800.0,0.09319999999999999,0.7837254708137367,True,1.0,81707002,777.8658229110029,810.6756204900827,810.6756204900827
910000002,710000002,rl_pure,B0062,1,0.5807846816270357,1,1,9,rl,0.0,1800.0,0.022000000000000013,0.05627801348701322,True,1.0,11863537,723.8408141349541,731.87319778607,731.87319778607
910000002,710000002,rl_pure,B0062,1,0.5807846816270357,2,9,12,rl,0.0,1800.0,0.09319999999999999,0.6910489946657946,True,1.0,11863537,731.87319778607,736.7456093651499,736.7456093651499
910000002,710000002,rl_pure,B0091,0,0.3348808770751406,1,0,9,rl,0.0,1557.5,0.022000000000000013,0.8745773072379924,True,1.0,53615051,732.9408050250205,768.818034904354,768.818034904354
910000002,710000002,rl_pure,B0091,0,0.3348808770751406,2,9,12,rl,0.0,1800.0,0.09319999999999999,0.6855738555524046,True,1.0,53615051,768.818034904354,790.3910520834338,790.3910520834338
910000002,710000002,rl_pure,B0028,1,0.4292301017787892,1,1,9,rl,0.0,1800.0,0.022000000000000013,0.16606934158351094,True,1.0,85019108,735.1498201024468,791.9525844202293,791.9525844202293
910000002,710000002,rl_pure,B0028,1,0.4292301017787892,2,9,12,rl,0.0,1800.0,0.09319999999999999,0.7839305588292118,True,1.0,85019108,791.9525844202293,826.0872243993091,826.0872243993091
910000002,710000002,rl_pure,B0080,2,0.49415062335591375,1,2,9,rl,0.0,1800.0,0.022000000000000013,0.1780096877598597,True,1.0,39775046,735.3434564369076,762.0000430127301,762.0000430127301
910000002,710000002,rl_pure,B0080,2,0.49415062335591375,2,9,12,rl,0.0,1800.0,0.09319999999999999,0.9496806730192304,True,1.0,39775046,762.0000430127301,778.0370581918099,778.0370581918099
910000002,710000002,rl_pure,B0087,2,0.52884827193445,1,2,9,rl,0.0,1800.0,0.022000000000000013,0.5841263109714342,True,1.0,50316052,762.4874177843706,796.1713416935264,796.1713416935264
910000002,710000002,rl_pure,B0087,2,0.52884827193445,2,9,12,rl,0.0,1800.0,0.09319999999999999,0.4417201296177006,True,1.0,50316052,796.1713416935264,816.4247592726063,816.4247592726063
910000002,710000002,rl_pure,B0094,0,0.9061293807305428,1,0,9,rl,0.0,1557.5,0.022000000000000013,0.8038169429340281,True,1.0,31859473,769.9095959858923,791.2831071985592,791.2831071985592
910000002,710000002,rl_pure,B0094,0,0.9061293807305428,2,9,12,rl,0.0,1800.0,0.09319999999999999,0.9352138824703713,True,1.0,31859473,791.2831071985592,804.153893177639,804.153893177639
910000002,710000002,rl_pure,B0074,0,0.4749090427570415,1,0,9,rl,0.0,1557.5,0.022000000000000013,0.12618409918510287,True,1.0,21350611,775.3556895179687,789.7232927306355,789.7232927306355
910000002,710000002,rl_pure,B0074,0,0.4749090427570415,2,9,12,rl,0.0,1800.0,0.09319999999999999,0.07039553728584891,False,0.8950988812119015,19110909,789.7232927306355,797.3676559383517,
910000002,710000002,rl_pure,B0074,0,0.4749090427570415,3,9,12,rl,0.0,1800.0,0.09319999999999999,0.7298460559725445,True,1.0,21350611,797.3676559383517,806.0348971174316,806.0348971174316
910000002,710000002,rl_pure,B0031,1,0.32013567293861656,1,1,9,rl,0.0,1800.0,0.022000000000000013,0.3275099832614401,True,1.0,104938088,775.4180098131098,845.5000941308923,845.5000941308923
910000002,710000002,rl_pure,B0031,1,0.32013567293861656,2,9,7,rl,0.0,1800.0,0.02000000000000001,0.09332860393957843,True,1.0,104938088,845.5000941308923,887.6055761042924,887.6055761042924
910000002,710000002,rl_pure,B0031,1,0.32013567293861656,3,7,12,rl,562.5,1157.5,0.09319999999999999,0.9819898378899871,True,1.0,104938088,887.6055761042924,898.1047479876216,898.1047479876216
910000002,710000002,rl_pure,B0070,2,0.249244476251514,1,2,9,rl,0.0,1800.0,0.022000000000000013,0.05676555403696115,True,1.0,100555315,786.7937242894469,853.9704901986028,853.9704901986028
910000002,710000002,rl_pure,B0070,2,0.249244476251514,2,9,7,rl,0.0,1800.0,0.02000000000000001,0.3755060564834908,True,1.0,100555315,853.9704901986028,894.3228629720028,894.3228629720028
910000002,710000002,rl_pure,B0070,2,0.249244476251514,3,7,12,rl,562.5,1157.5,0.09319999999999999,0.5070424234098455,True,1.0,100555315,894.3228629720028,904.3837575553321,904.3837575553321
910000002,710000002,rl_pure,B0022,0,0.47058721024007577,1,0,9,rl,0.0,1557.5,0.022000000000000013,0.8624524693587294,True,1.0,47152779,790.0507275470788,821.619776093079,821.619776093079
910000002,710000002,rl_pure,B0022,0,0.47058721024007577,2,9,7,rl,0.0,1800.0,0.02000000000000001,0.9619300686732635,True,1.0,47152779,821.619776093079,840.611134466479,840.611134466479
910000002,710000002,rl_pure,B0022,0,0.47058721024007577,3,7,12,rl,562.5,1157.5,0.09319999999999999,0.30440174437305956,True,1.0,47152779,840.611134466479,845.3317754498083,845.3317754498083
910000002,710000002,rl_pure,B0068,2,0.7889444571471421,1,2,9,rl,0.0,1800.0,0.022000000000000013,0.8949698625183709,True,1.0,89274420,814.4613423643179,874.1175116068072,874.1175116068072
910000002,710000002,rl_pure,B0068,2,0.7889444571471421,2,9,7,rl,0.0,1800.0,0.02000000000000001,0.22076877503055958,True,1.0,89274420,874.1175116068072,909.9575263802072,909.9575263802072
910000002,710000002,rl_pure,B0068,2,0.7889444571471421,3,7,12,rl,562.5,1157.5,0.09319999999999999,0.5137694659853493,True,1.0,89274420,909.9575263802072,918.8903314635365,918.8903314635365
910000002,710000002,rl_pure,B0089,0,0.31568828403237925,1,0,9,rl,0.0,1557.5,0.022000000000000013,0.3129872858679057,True,1.0,37398832,814.5089923163167,839.5754095289835,839.5754095289835
910000002,710000002,rl_pure,B0089,0,0.31568828403237925,2,9,7,rl,0.0,1800.0,0.02000000000000001,0.36152295261138157,True,1.0,37398832,839.5754095289835,854.6651891023836,854.6651891023836
910000002,710000002,rl_pure,B0089,0,0.31568828403237925,3,7,12,rl,562.5,1157.5,0.09319999999999999,0.7845609445580027,True,1.0,37398832,854.6651891023836,858.4104353857128,858.4104353857128
910000002,710000002,rl_pure,B0052,2,0.5445945765157327,1,2,9,rl,0.0,1800.0,0.022000000000000013,0.5827700369318942,True,1.0,86330030,815.5018972508162,873.1951398266388,873.1951398266388
910000002,710000002,rl_pure,B0052,2,0.5445945765157327,2,9,7,rl,0.0,1800.0,0.02000000000000001,0.8252991757096614,True,1.0,86330030,873.1951398266388,907.8573986000388,907.8573986000388
910000002,710000002,rl_pure,B0052,2,0.5445945765157327,3,7,12,rl,562.5,1157.5,0.09319999999999999,0.9891971003536133,True,1.0,86330030,907.8573986000388,916.4957646833681,916.4957646833681
910000002,710000002,rl_pure,B0069,2,0.5917279043343727,1,2,9,rl,0.0,1800.0,0.022000000000000013,0.7305548438549138,True,1.0,62177575,821.9172505650989,863.5088564742548,863.5088564742548
910000002,710000002,rl_pure,B0069,2,0.5917279043343727,2,9,7,rl,0.0,1800.0,0.02000000000000001,0.1380402036519056,True,1.0,62177575,863.5088564742548,888.5101332476548,888.5101332476548
910000002,710000002,rl_pure,B0069,2,0.5917279043343727,3,7,12,rl,562.5,1157.5,0.09319999999999999,0.26579037480196765,True,1.0,62177575,888.5101332476548,894.733253830984,894.733253830984
910000002,710000002,rl_pure,B0015,2,0.5084262524623684,1,2,9,rl,0.0,1800.0,0.022000000000000013,0.8512571297391734,True,1.0,57298034,823.1448011406736,861.4833797164962,861.4833797164962
910000002,710000002,rl_pure,B0015,2,0.5084262524623684,2,9,7,rl,0.0,1800.0,0.02000000000000001,0.6361566919420224,True,1.0,57298034,861.4833797164962,884.5328400898962,884.5328400898962
910000002,710000002,rl_pure,B0015,2,0.5084262524623684,3,7,12,rl,562.5,1157.5,0.09319999999999999,0.634125781844229,True,1.0,57298034,884.5328400898962,890.2680065732255,890.2680065732255
910000002,710000002,rl_pure,B0001,0,0.15711717900098818,1,0,9,rl,0.0,1557.5,0.022000000000000013,0.687136311397858,True,1.0,108585681,827.3392355172049,899.863552063205,899.863552063205
910000002,710000002,rl_pure,B0001,0,0.15711717900098818,2,9,7,rl,0.0,1800.0,0.02000000000000001,0.9122173556815479,True,1.0,108585681,899.863552063205,943.428071236605,943.428071236605
910000002,710000002,rl_pure,B0001,0,0.15711717900098818,3,7,12,rl,562.5,1157.5,0.09319999999999999,0.2630475654060047,True,1.0,108585681,943.428071236605,954.2920024199342,954.2920024199342
910000002,710000002,rl_pure,B0046,2,0.8505976173985997,1,2,9,rl,0.0,1800.0,0.022000000000000013,0.12731956586542836,True,1.0,73352860,870.2989167043986,919.3407126135545,919.3407126135545
910000002,710000002,rl_pure,B0046,2,0.8505976173985997,2,9,7,rl,0.0,1800.0,0.02000000000000001,0.4623574018371015,True,1.0,73352860,919.3407126135545,948.8121033869545,948.8121033869545
910000002,710000002,rl_pure,B0046,2,0.8505976173985997,3,7,12,rl,562.5,1157.5,0.09319999999999999,0.9986481077326396,True,1.0,73352860,948.8121033869545,956.1527524702838,956.1527524702838
910000002,710000002,rl_pure,B0060,0,0.25483395512366197,1,0,9,rl,0.0,1557.5,0.022000000000000013,0.8042536409291683,True,1.0,112801448,879.3697782271038,954.7046061064373,954.7046061064373
910000002,710000002,rl_pure,B0060,0,0.25483395512366197,2,9,7,rl,0.0,1800.0,0.02000000000000001,0.06812104143312159,True,1.0,112801448,954.7046061064373,999.9554320798372,999.9554320798372
910000002,710000002,rl_pure,B0060,0,0.25483395512366197,3,7,12,rl,562.5,1157.5,0.09319999999999999,0.3786170738095145,True,1.0,112801448,999.9554320798372,1011.2409399631665,1011.2409399631665
910000002,710000002,rl_pure,B0008,2,0.44265412502564994,1,2,9,rl,0.0,1800.0,0.022000000000000013,0.6142863697009481,True,1.0,61664970,884.6898500239347,925.9397192664238,925.9397192664238
910000002,710000002,rl_pure,B0008,2,0.44265412502564994,2,9,7,rl,0.0,1800.0,0.02000000000000001,0.9116180624591657,True,1.0,61664970,925.9397192664238,950.7359540398238,950.7359540398238
910000002,710000002,rl_pure,B0008,2,0.44265412502564994,3,7,12,rl,562.5,1157.5,0.09319999999999999,0.5803813187799888,True,1.0,61664970,950.7359540398238,956.9078141231531,956.9078141231531
910000002,710000002,rl_pure,B0084,2,0.2979049976853657,1,2,9,rl,0.0,1800.0,0.022000000000000013,0.8539896610463418,True,1.0,43916107,890.3361663121883,919.7534602213442,919.7534602213442
910000002,710000002,rl_pure,B0084,2,0.2979049976853657,2,9,7,rl,0.0,1800.0,0.02000000000000001,0.642630706336258,True,1.0,43916107,919.7534602213442,937.4501497947442,937.4501497947442
910000002,710000002,rl_pure,B0084,2,0.2979049976853657,3,7,12,rl,562.5,1157.5,0.09319999999999999,0.29196189831802377,True,1.0,43916107,937.4501497947442,941.8471235780735,941.8471235780735
910000002,710000002,rl_pure,B0077,2,0.13555515349068348,1,2,9,rl,0.0,1800.0,0.022000000000000013,0.5703485058640033,True,1.0,21775833,899.4429683521173,914.1000795946064,914.1000795946064
910000002,710000002,rl_pure,B0077,2,0.13555515349068348,2,9,7,rl,0.0,1800.0,0.02000000000000001,0.6146375514606669,True,1.0,21775833,914.1000795946064,922.9406595680065,922.9406595680065
910000002,710000002,rl_pure,B0077,2,0.13555515349068348,3,7,12,rl,562.5,1157.5,0.09319999999999999,0.35641948414892044,True,1.0,21775833,922.9406595680065,925.1236059513358,925.1236059513358
