policy,replicate,episode,event,reward,priority,latency_s,hops,delivered,on_time,path
masked_random,0,0,delivered_on_time,109.65304449152633,0.58686873132588,644.0750941210456,2,True,True,0-2-11
masked_random,0,1,delivered_on_time,91.1297165767854,0.32724517757714733,498.4153188886871,2,True,True,0-9-12
masked_random,0,2,delivered_on_time,150.4248119559226,0.7919794445585358,283.830467666595,2,True,True,0-3-12
masked_random,0,3,missed_deadline,-30.86574688773499,0.7779814545339228,605.3288296740632,1,False,False,0-2
masked_random,0,4,delivered_on_time,71.18539051345897,0.26482603210243216,550.0924161286653,4,True,True,0-4-3-6-11
masked_random,0,5,delivered_on_time,87.80105881005534,0.5338329223410702,821.4142383479068,4,True,True,0-5-8-4-12
masked_random,0,6,delivered_on_time,80.96004701068514,0.3117799091608666,256.5145960183771,5,True,True,0-2-6-1-5-12
masked_random,0,7,delivered_on_time,95.83931966276297,0.5753255489101283,943.7559917479708,2,True,True,0-9-11
masked_random,0,8,missed_deadline,-31.40559287237093,0.5993288347788878,1892.4648748998395,1,False,False,0-6
masked_random,0,9,delivered_late,23.65847342543017,0.8230284542559172,646.7718764501973,3,True,False,0-2-10-13
masked_random,0,10,delivered_on_time,76.91236896026676,0.32285502741351313,524.7707758773035,3,True,True,0-6-3-12
masked_random,0,11,missed_deadline,-30.300668104952592,0.9827665734657165,1280.3420108864736,1,False,False,0-8
masked_random,0,12,delivered_late,48.512605199832926,0.9032947807946551,252.75616864267667,2,True,False,0-1-13
masked_random,0,13,delivered_on_time,74.55871316811549,0.49538078648989226,1147.7803900488973,3,True,True,0-4-2-13
masked_random,0,14,missed_deadline,-32.659561008764925,0.8924726935938925,226.50930526408564,1,False,False,0-4
masked_random,0,15,delivered_late,23.154841376555645,0.7085674482484992,561.8842806670707,3,True,False,0-5-10-12
masked_random,0,16,delivered_on_time,160.59338602802603,0.8970713529208132,118.99007946072277,3,True,True,0-3-9-11
masked_random,0,17,delivered_on_time,60.674602380287126,0.3640146102996342,1113.9308012931335,2,True,True,0-10-13
masked_random,0,18,max_hops,-77.34363975134579,0.38534689545500644,888.6035382534025,8,False,False,0-3-5-4-2-1-5-1-10
masked_random,0,19,missed_deadline,-57.112087456510736,0.40263022499589274,879.7114408920479,4,False,False,0-5-3-5-9
masked_random,0,20,missed_deadline,-31.152032783014178,0.9734759129561705,1181.3762064919852,1,False,False,0-6
masked_random,0,21,missed_deadline,-52.60023933880561,0.4808969333818499,1981.8904635647277,4,False,False,0-8-2-1-8
masked_random,0,22,missed_deadline,-29.629248692183385,0.7243245852915076,219.8354124023198,1,False,False,0-2
masked_random,0,23,delivered_on_time,136.85392584501716,0.7166248708978319,286.4373590938119,2,True,True,0-7-11
masked_random,0,24,delivered_late,1.182735439819755,0.8594388695263648,716.260067972501,5,True,False,0-1-6-8-10-12
baseline_env_rules,0,0,delivered_on_time,134.81704356286448,0.58686873132588,187.4837093959813,2,True,True,0-2-12
baseline_env_rules,0,1,delivered_on_time,110.22987394844432,0.3731711774403993,232.1787258174661,2,True,True,0-10-13
baseline_env_rules,0,2,delivered_on_time,118.15976455123767,0.4162402849928766,139.94155054355437,2,True,True,0-2-12
baseline_env_rules,0,3,delivered_late,12.762174792350507,0.9221860918908711,802.9153801112119,2,True,False,0-6-11
baseline_env_rules,0,4,delivered_on_time,141.15065271927503,0.7019030487559503,315.93383097286056,2,True,True,0-4-13
baseline_env_rules,0,5,delivered_on_time,125.24647336984899,0.4879204182821688,203.18997707831466,2,True,True,0-2-13
baseline_env_rules,0,6,delivered_on_time,98.50019634837162,0.32724517757714733,308.63411472807957,2,True,True,0-8-13
baseline_env_rules,0,7,delivered_on_time,132.34661163387796,0.5123394620406032,54.46030560045386,2,True,True,0-4-12
baseline_env_rules,0,8,delivered_on_time,84.65340591349029,0.1633390431094142,354.9260267522236,2,True,True,0-5-11
baseline_env_rules,0,9,delivered_on_time,156.15211109288242,0.7919794445585358,174.81392445197838,2,True,True,0-5-12
baseline_env_rules,0,10,delivered_on_time,137.71109655275617,0.5366035699772459,114.21663698142537,2,True,True,0-9-13
baseline_env_rules,0,11,delivered_on_time,112.43338940038853,0.44623689619924967,247.91117818762189,2,True,True,0-1-13
baseline_env_rules,0,12,delivered_on_time,150.55849874159244,0.7172436600629449,124.05915097560779,2,True,True,0-1-13
baseline_env_rules,0,13,delivered_on_time,97.38070574783255,0.23951418697548613,149.1202978143463,2,True,True,0-1-12
baseline_env_rules,0,14,delivered_late,38.04246335466841,0.7779814545339228,357.73095069960016,2,True,False,0-8-12
baseline_env_rules,0,15,delivered_on_time,151.02862199254218,0.8377128084752794,289.3664630503496,2,True,True,0-5-11
baseline_env_rules,0,16,delivered_late,47.07688862331637,0.774418332517328,281.183027204578,2,True,False,0-4-13
baseline_env_rules,0,17,delivered_on_time,110.54745838774429,0.42808035718106063,301.8519703504151,2,True,True,0-2-11
baseline_env_rules,0,18,delivered_on_time,90.61814394032162,0.14423530916177438,140.56996817034926,2,True,True,0-8-12
baseline_env_rules,0,19,delivered_on_time,124.11860086818638,0.5381957181241427,186.0466609950098,2,True,True,0-9-13
baseline_env_rules,0,20,delivered_on_time,170.95657087433582,0.9461257201786679,280.8571835278515,2,True,True,0-4-13
baseline_env_rules,0,21,delivered_on_time,101.27261324622295,0.26482603210243216,173.66373142803536,2,True,True,0-6-11
baseline_env_rules,0,22,delivered_on_time,145.4597687245336,0.7348056154573248,128.61362933061554,2,True,True,0-9-11
baseline_env_rules,0,23,delivered_on_time,103.02774398576463,0.19955096316493412,74.40520638972949,2,True,True,0-10-12
baseline_env_rules,0,24,delivered_on_time,152.83185816391176,0.7376414774571487,148.59270574484248,2,True,True,0-4-12
baseline_physical,0,0,delivered_on_time,134.81704356286448,0.58686873132588,187.4837093959813,2,True,True,0-2-12
baseline_physical,0,1,delivered_on_time,110.22987394844432,0.3731711774403993,232.1787258174661,2,True,True,0-10-13
baseline_physical,0,2,delivered_on_time,118.15976455123767,0.4162402849928766,139.94155054355437,2,True,True,0-2-12
baseline_physical,0,3,delivered_late,34.68553452027949,0.9221860918908711,449.4756904172913,2,True,False,0-8-13
baseline_physical,0,4,missed_deadline,-35.30482086730659,0.7019030487559503,4208.200868604186,1,False,False,0-8
baseline_physical,0,5,delivered_on_time,125.24647336984899,0.4879204182821688,203.18997707831466,2,True,True,0-2-13
baseline_physical,0,6,delivered_on_time,91.69722768822442,0.32724517757714733,376.79904592799625,2,True,True,0-8-11
baseline_physical,0,7,delivered_on_time,132.34661163387796,0.5123394620406032,54.46030560045386,2,True,True,0-4-12
baseline_physical,0,8,delivered_on_time,66.62470493885189,0.1633390431094142,583.4276990331853,2,True,True,0-7-12
baseline_physical,0,9,delivered_on_time,156.15211109288242,0.7919794445585358,174.81392445197838,2,True,True,0-5-12
baseline_physical,0,10,delivered_on_time,137.71109655275617,0.5366035699772459,114.21663698142537,2,True,True,0-9-13
baseline_physical,0,11,delivered_on_time,100.27736710045014,0.44623689619924967,416.9131086375685,3,True,True,0-1-10-13
baseline_physical,0,12,delivered_on_time,150.55849874159244,0.7172436600629449,124.05915097560779,2,True,True,0-1-13
baseline_physical,0,13,delivered_on_time,97.38070574783255,0.23951418697548613,149.1202978143463,2,True,True,0-1-12
baseline_physical,0,14,delivered_late,38.38220945433372,0.7779814545339228,380.6319260043422,2,True,False,0-4-13
baseline_physical,0,15,delivered_late,36.014432722294394,0.8377128084752794,464.8129478634639,2,True,False,0-6-11
baseline_physical,0,16,delivered_late,45.880056781134535,0.774418332517328,299.61912066018743,2,True,False,0-10-12
baseline_physical,0,17,delivered_on_time,109.68982801109699,0.42808035718106063,370.55667447429914,2,True,True,0-5-11
baseline_physical,0,18,delivered_on_time,92.82672038336568,0.14423530916177438,155.68106771517733,2,True,True,0-8-11
baseline_physical,0,19,delivered_on_time,124.11860086818638,0.5381957181241427,186.0466609950098,2,True,True,0-9-13
baseline_physical,0,20,delivered_on_time,170.95657087433582,0.9461257201786679,280.8571835278515,2,True,True,0-4-13
baseline_physical,0,21,delivered_on_time,104.14684262256408,0.26482603210243216,189.0340064777788,2,True,True,0-6-12
baseline_physical,0,22,delivered_on_time,145.4597687245336,0.7348056154573248,128.61362933061554,2,True,True,0-9-11
baseline_physical,0,23,delivered_on_time,103.02774398576463,0.19955096316493412,74.40520638972949,2,True,True,0-10-12
baseline_physical,0,24,delivered_late,54.73723487490642,0.7376414774571487,187.90610336007006,2,True,False,0-1-11
rl_seed_7,0,0,delivered_on_time,131.8002222047469,0.58686873132588,228.230860962436,2,True,True,0-10-13
rl_seed_7,0,1,delivered_on_time,110.22987394844432,0.3731711774403993,232.1787258174661,2,True,True,0-10-13
rl_seed_7,0,2,delivered_on_time,114.24354657445342,0.4162402849928766,167.74317665449377,2,True,True,0-10-11
rl_seed_7,0,3,missed_deadline,-33.67985432421781,0.9221860918908711,332.8557529469721,1,False,False,0-9
rl_seed_7,0,4,delivered_on_time,138.08156788013324,0.7019030487559503,336.1435430163919,2,True,True,0-10-12
rl_seed_7,0,5,delivered_on_time,123.59481372289574,0.4879204182821688,212.80275810835928,2,True,True,0-10-12
rl_seed_7,0,6,delivered_on_time,96.65767399505219,0.32724517757714733,365.9346363795076,2,True,True,0-9-11
rl_seed_7,0,7,delivered_on_time,125.63799176586701,0.5123394620406032,147.74312816035803,2,True,True,0-9-11
rl_seed_7,0,8,delivered_on_time,76.55408781103743,0.1633390431094142,459.2364946745731,2,True,True,0-10-12
rl_seed_7,0,9,delivered_late,42.95669570477474,0.7919794445585358,374.91348937588805,2,True,False,0-10-12
rl_seed_7,0,10,delivered_on_time,137.71109655275617,0.5366035699772459,114.21663698142537,2,True,True,0-9-13
rl_seed_7,0,11,delivered_on_time,117.13203564831618,0.44623689619924967,256.05784883167377,2,True,True,0-10-12
rl_seed_7,0,12,delivered_on_time,142.47934434861187,0.7172436600629449,163.61327884781255,2,True,True,0-10-12
rl_seed_7,0,13,delivered_on_time,101.69869134999321,0.23951418697548613,175.4057285036751,2,True,True,0-9-12
rl_seed_7,0,14,delivered_late,34.83714038118934,0.7779814545339228,479.06723191714013,2,True,False,0-9-12
rl_seed_7,0,15,delivered_late,34.38406879127382,0.8377128084752794,468.81148797363034,2,True,False,0-9-12
rl_seed_7,0,16,delivered_late,45.880056781134535,0.774418332517328,299.61912066018743,2,True,False,0-10-12
rl_seed_7,0,17,delivered_on_time,105.00367012325368,0.42808035718106063,417.22661050531275,2,True,True,0-10-12
rl_seed_7,0,18,delivered_on_time,90.00114419877849,0.14423530916177438,168.47478199890642,2,True,True,0-10-12
rl_seed_7,0,19,delivered_on_time,124.11860086818638,0.5381957181241427,186.0466609950098,2,True,True,0-9-13
rl_seed_7,0,20,delivered_late,35.25036030091961,0.9461257201786679,419.33622582812467,2,True,False,0-10-13
rl_seed_7,0,21,delivered_on_time,98.1709604528749,0.26482603210243216,286.9657947767447,2,True,True,0-10-11
rl_seed_7,0,22,delivered_on_time,145.99826477206233,0.7348056154573248,159.9277763419014,2,True,True,0-10-13
rl_seed_7,0,23,delivered_on_time,95.69641000087134,0.19955096316493412,123.59234949732993,2,True,True,0-9-12
rl_seed_7,0,24,delivered_late,44.76725920395441,0.7376414774571487,225.5277458156546,2,True,False,0-9-13
rl_seed_42,0,0,delivered_on_time,131.8002222047469,0.58686873132588,228.230860962436,2,True,True,0-10-13
rl_seed_42,0,1,delivered_on_time,110.22987394844432,0.3731711774403993,232.1787258174661,2,True,True,0-10-13
rl_seed_42,0,2,delivered_on_time,120.4165865437823,0.4162402849928766,168.31026499340177,2,True,True,0-10-13
rl_seed_42,0,3,missed_deadline,-33.67985432421781,0.9221860918908711,332.8557529469721,1,False,False,0-9
rl_seed_42,0,4,delivered_on_time,138.08156788013324,0.7019030487559503,336.1435430163919,2,True,True,0-10-12
rl_seed_42,0,5,delivered_on_time,119.1956780264606,0.4879204182821688,206.43412429640574,2,True,True,0-9-11
rl_seed_42,0,6,delivered_on_time,96.65767399505219,0.32724517757714733,365.9346363795076,2,True,True,0-9-11
rl_seed_42,0,7,delivered_on_time,125.63799176586701,0.5123394620406032,147.74312816035803,2,True,True,0-9-11
rl_seed_42,0,8,delivered_on_time,76.55408781103743,0.1633390431094142,459.2364946745731,2,True,True,0-10-12
rl_seed_42,0,9,delivered_late,42.95669570477474,0.7919794445585358,374.91348937588805,2,True,False,0-10-12
rl_seed_42,0,10,delivered_on_time,137.71109655275617,0.5366035699772459,114.21663698142537,2,True,True,0-9-13
rl_seed_42,0,11,delivered_on_time,117.6867256321855,0.44623689619924967,286.32483825213353,2,True,True,0-10-11
rl_seed_42,0,12,delivered_on_time,142.47934434861187,0.7172436600629449,163.61327884781255,2,True,True,0-10-12
rl_seed_42,0,13,delivered_on_time,101.69869134999321,0.23951418697548613,175.4057285036751,2,True,True,0-9-12
rl_seed_42,0,14,delivered_late,34.83714038118934,0.7779814545339228,479.06723191714013,2,True,False,0-9-12
rl_seed_42,0,15,delivered_late,34.38406879127382,0.8377128084752794,468.81148797363034,2,True,False,0-9-12
rl_seed_42,0,16,delivered_late,45.880056781134535,0.774418332517328,299.61912066018743,2,True,False,0-10-12
rl_seed_42,0,17,delivered_on_time,96.68195301940946,0.42808035718106063,509.93085761482,2,True,True,0-9-11
rl_seed_42,0,18,delivered_on_time,90.00114419877849,0.14423530916177438,168.47478199890642,2,True,True,0-10-12
rl_seed_42,0,19,delivered_on_time,124.11860086818638,0.5381957181241427,186.0466609950098,2,True,True,0-9-13
rl_seed_42,0,20,delivered_late,35.25036030091961,0.9461257201786679,419.33622582812467,2,True,False,0-10-13
rl_seed_42,0,21,delivered_on_time,98.1709604528749,0.26482603210243216,286.9657947767447,2,True,True,0-10-11
rl_seed_42,0,22,delivered_on_time,145.99826477206233,0.7348056154573248,159.9277763419014,2,True,True,0-10-13
rl_seed_42,0,23,delivered_on_time,95.69641000087134,0.19955096316493412,123.59234949732993,2,True,True,0-9-12
rl_seed_42,0,24,delivered_late,44.76725920395441,0.7376414774571487,225.5277458156546,2,True,False,0-9-13
rl_seed_123,0,0,delivered_on_time,131.8002222047469,0.58686873132588,228.230860962436,2,True,True,0-10-13
rl_seed_123,0,1,delivered_on_time,110.22987394844432,0.3731711774403993,232.1787258174661,2,True,True,0-10-13
rl_seed_123,0,2,delivered_on_time,114.24354657445342,0.4162402849928766,167.74317665449377,2,True,True,0-10-11
rl_seed_123,0,3,missed_deadline,-33.67985432421781,0.9221860918908711,332.8557529469721,1,False,False,0-9
rl_seed_123,0,4,delivered_on_time,138.08156788013324,0.7019030487559503,336.1435430163919,2,True,True,0-10-12
rl_seed_123,0,5,delivered_on_time,123.59481372289574,0.4879204182821688,212.80275810835928,2,True,True,0-10-12
rl_seed_123,0,6,delivered_on_time,96.65767399505219,0.32724517757714733,365.9346363795076,2,True,True,0-9-11
rl_seed_123,0,7,delivered_on_time,125.63799176586701,0.5123394620406032,147.74312816035803,2,True,True,0-9-11
rl_seed_123,0,8,delivered_on_time,76.55408781103743,0.1633390431094142,459.2364946745731,2,True,True,0-10-12
rl_seed_123,0,9,delivered_late,42.95669570477474,0.7919794445585358,374.91348937588805,2,True,False,0-10-12
rl_seed_123,0,10,delivered_on_time,137.71109655275617,0.5366035699772459,114.21663698142537,2,True,True,0-9-13
rl_seed_123,0,11,delivered_on_time,117.6867256321855,0.44623689619924967,286.32483825213353,2,True,True,0-10-11
rl_seed_123,0,12,delivered_on_time,142.47934434861187,0.7172436600629449,163.61327884781255,2,True,True,0-10-12
rl_seed_123,0,13,delivered_on_time,101.69869134999321,0.23951418697548613,175.4057285036751,2,True,True,0-9-12
rl_seed_123,0,14,delivered_late,33.99827208734995,0.7779814545339228,502.84182672784823,2,True,False,0-10-11
rl_seed_123,0,15,delivered_late,34.38406879127382,0.8377128084752794,468.81148797363034,2,True,False,0-9-12
rl_seed_123,0,16,delivered_late,45.880056781134535,0.774418332517328,299.61912066018743,2,True,False,0-10-12
rl_seed_123,0,17,delivered_on_time,105.00367012325368,0.42808035718106063,417.22661050531275,2,True,True,0-10-12
rl_seed_123,0,18,delivered_on_time,90.00114419877849,0.14423530916177438,168.47478199890642,2,True,True,0-10-12
rl_seed_123,0,19,delivered_on_time,127.40822451054922,0.5381957181241427,207.83827845423983,2,True,True,0-10-12
rl_seed_123,0,20,delivered_late,35.25036030091961,0.9461257201786679,419.33622582812467,2,True,False,0-10-13
rl_seed_123,0,21,delivered_on_time,98.1709604528749,0.26482603210243216,286.9657947767447,2,True,True,0-10-11
rl_seed_123,0,22,delivered_on_time,145.99826477206233,0.7348056154573248,159.9277763419014,2,True,True,0-10-13
rl_seed_123,0,23,delivered_on_time,95.69641000087134,0.19955096316493412,123.59234949732993,2,True,True,0-9-12
rl_seed_123,0,24,delivered_late,44.76725920395441,0.7376414774571487,225.5277458156546,2,True,False,0-9-13
rl_fallback_invalid,0,0,delivered_on_time,131.8002222047469,0.58686873132588,228.230860962436,2,True,True,0-10-13
rl_fallback_invalid,0,1,delivered_on_time,110.22987394844432,0.3731711774403993,232.1787258174661,2,True,True,0-10-13
rl_fallback_invalid,0,2,delivered_on_time,114.24354657445342,0.4162402849928766,167.74317665449377,2,True,True,0-10-11
rl_fallback_invalid,0,3,missed_deadline,-33.67985432421781,0.9221860918908711,332.8557529469721,1,False,False,0-9
rl_fallback_invalid,0,4,delivered_on_time,138.08156788013324,0.7019030487559503,336.1435430163919,2,True,True,0-10-12
rl_fallback_invalid,0,5,delivered_on_time,123.59481372289574,0.4879204182821688,212.80275810835928,2,True,True,0-10-12
rl_fallback_invalid,0,6,delivered_on_time,96.65767399505219,0.32724517757714733,365.9346363795076,2,True,True,0-9-11
rl_fallback_invalid,0,7,delivered_on_time,125.63799176586701,0.5123394620406032,147.74312816035803,2,True,True,0-9-11
rl_fallback_invalid,0,8,delivered_on_time,76.55408781103743,0.1633390431094142,459.2364946745731,2,True,True,0-10-12
rl_fallback_invalid,0,9,delivered_late,42.95669570477474,0.7919794445585358,374.91348937588805,2,True,False,0-10-12
rl_fallback_invalid,0,10,delivered_on_time,137.71109655275617,0.5366035699772459,114.21663698142537,2,True,True,0-9-13
rl_fallback_invalid,0,11,delivered_on_time,117.13203564831618,0.44623689619924967,256.05784883167377,2,True,True,0-10-12
rl_fallback_invalid,0,12,delivered_on_time,142.47934434861187,0.7172436600629449,163.61327884781255,2,True,True,0-10-12
rl_fallback_invalid,0,13,delivered_on_time,101.69869134999321,0.23951418697548613,175.4057285036751,2,True,True,0-9-12
rl_fallback_invalid,0,14,delivered_late,34.83714038118934,0.7779814545339228,479.06723191714013,2,True,False,0-9-12
rl_fallback_invalid,0,15,delivered_late,34.38406879127382,0.8377128084752794,468.81148797363034,2,True,False,0-9-12
rl_fallback_invalid,0,16,delivered_late,45.880056781134535,0.774418332517328,299.61912066018743,2,True,False,0-10-12
rl_fallback_invalid,0,17,delivered_on_time,105.00367012325368,0.42808035718106063,417.22661050531275,2,True,True,0-10-12
rl_fallback_invalid,0,18,delivered_on_time,90.00114419877849,0.14423530916177438,168.47478199890642,2,True,True,0-10-12
rl_fallback_invalid,0,19,delivered_on_time,124.11860086818638,0.5381957181241427,186.0466609950098,2,True,True,0-9-13
rl_fallback_invalid,0,20,delivered_late,35.25036030091961,0.9461257201786679,419.33622582812467,2,True,False,0-10-13
rl_fallback_invalid,0,21,delivered_on_time,98.1709604528749,0.26482603210243216,286.9657947767447,2,True,True,0-10-11
rl_fallback_invalid,0,22,delivered_on_time,145.99826477206233,0.7348056154573248,159.9277763419014,2,True,True,0-10-13
rl_fallback_invalid,0,23,delivered_on_time,95.69641000087134,0.19955096316493412,123.59234949732993,2,True,True,0-9-12
rl_fallback_invalid,0,24,delivered_late,44.76725920395441,0.7376414774571487,225.5277458156546,2,True,False,0-9-13
rl_fallback_unsafe,0,0,delivered_on_time,131.8002222047469,0.58686873132588,228.230860962436,2,True,True,0-10-13
rl_fallback_unsafe,0,1,delivered_on_time,110.22987394844432,0.3731711774403993,232.1787258174661,2,True,True,0-10-13
rl_fallback_unsafe,0,2,delivered_on_time,114.24354657445342,0.4162402849928766,167.74317665449377,2,True,True,0-10-11
rl_fallback_unsafe,0,3,delivered_late,34.68553452027949,0.9221860918908711,449.4756904172913,2,True,False,0-8-13
rl_fallback_unsafe,0,4,delivered_on_time,138.08156788013324,0.7019030487559503,336.1435430163919,2,True,True,0-10-12
rl_fallback_unsafe,0,5,delivered_on_time,123.59481372289574,0.4879204182821688,212.80275810835928,2,True,True,0-10-12
rl_fallback_unsafe,0,6,delivered_on_time,96.65767399505219,0.32724517757714733,365.9346363795076,2,True,True,0-9-11
rl_fallback_unsafe,0,7,delivered_on_time,125.63799176586701,0.5123394620406032,147.74312816035803,2,True,True,0-9-11
rl_fallback_unsafe,0,8,delivered_on_time,70.06097239974348,0.1633390431094142,568.4451633309386,2,True,True,0-10-11
rl_fallback_unsafe,0,9,delivered_late,42.95669570477474,0.7919794445585358,374.91348937588805,2,True,False,0-10-12
rl_fallback_unsafe,0,10,delivered_on_time,137.71109655275617,0.5366035699772459,114.21663698142537,2,True,True,0-9-13
rl_fallback_unsafe,0,11,delivered_on_time,117.13203564831618,0.44623689619924967,256.05784883167377,2,True,True,0-10-12
rl_fallback_unsafe,0,12,delivered_on_time,142.47934434861187,0.7172436600629449,163.61327884781255,2,True,True,0-10-12
rl_fallback_unsafe,0,13,delivered_on_time,101.69869134999321,0.23951418697548613,175.4057285036751,2,True,True,0-9-12
rl_fallback_unsafe,0,14,delivered_late,34.83714038118934,0.7779814545339228,479.06723191714013,2,True,False,0-9-12
rl_fallback_unsafe,0,15,delivered_late,36.014432722294394,0.8377128084752794,464.8129478634639,2,True,False,0-6-11
rl_fallback_unsafe,0,16,delivered_late,45.880056781134535,0.774418332517328,299.61912066018743,2,True,False,0-10-12
rl_fallback_unsafe,0,17,delivered_on_time,102.79907081677052,0.42808035718106063,475.75716042752856,2,True,True,0-10-13
rl_fallback_unsafe,0,18,delivered_on_time,90.00114419877849,0.14423530916177438,168.47478199890642,2,True,True,0-10-12
rl_fallback_unsafe,0,19,delivered_on_time,124.11860086818638,0.5381957181241427,186.0466609950098,2,True,True,0-9-13
rl_fallback_unsafe,0,20,delivered_late,35.25036030091961,0.9461257201786679,419.33622582812467,2,True,False,0-10-13
rl_fallback_unsafe,0,21,delivered_on_time,98.1709604528749,0.26482603210243216,286.9657947767447,2,True,True,0-10-11
rl_fallback_unsafe,0,22,delivered_on_time,145.99826477206233,0.7348056154573248,159.9277763419014,2,True,True,0-10-13
rl_fallback_unsafe,0,23,delivered_on_time,95.69641000087134,0.19955096316493412,123.59234949732993,2,True,True,0-9-12
rl_fallback_unsafe,0,24,delivered_late,44.76725920395441,0.7376414774571487,225.5277458156546,2,True,False,0-9-13
masked_random,1,0,missed_deadline,-31.11459620786436,0.785665866994439,708.1396906872584,1,False,False,0-2
masked_random,1,1,delivered_on_time,34.90204909401572,0.31021930740779724,1380.032324950329,3,True,True,0-7-9-13
masked_random,1,2,missed_deadline,-44.901922182335454,0.44133803939129834,1387.6184206876967,2,False,False,0-8-1
masked_random,1,3,delivered_on_time,60.757339871437516,0.12779436163160637,684.1059259792125,3,True,True,0-5-8-11
masked_random,1,4,delivered_on_time,114.32819028458435,0.5089425668026079,261.0369219591351,3,True,True,0-3-2-12
masked_random,1,5,delivered_on_time,164.0908234503856,0.8987307047507667,260.264147875431,2,True,True,0-4-11
masked_random,1,6,missed_deadline,-70.7707211868989,0.1502180450504587,1582.2334336911085,5,False,False,0-1-4-3-7-9
masked_random,1,7,missed_deadline,-45.67934349285723,0.21229485568932352,1356.2421785746592,3,False,False,0-5-7-3
masked_random,1,8,missed_deadline,-32.68603309373475,0.24156092236394142,2704.7360186882224,1,False,False,0-1
masked_random,1,9,delivered_on_time,33.72744328011993,0.12675688258562814,960.8307394594048,3,True,True,0-4-3-11
masked_random,1,10,delivered_on_time,98.56289069131414,0.5060253442160915,534.4399506471099,3,True,True,0-2-9-11
masked_random,1,11,delivered_on_time,101.18970589071273,0.3437387357445,385.69410212645147,2,True,True,0-10-13
masked_random,1,12,delivered_on_time,86.24931830731593,0.18010999845318607,319.8913510093168,2,True,True,0-5-12
masked_random,1,13,missed_deadline,-32.66158839942335,0.7281974233284613,806.2951994600206,1,False,False,0-4
masked_random,1,14,delivered_on_time,44.363423655615335,0.14301726450601707,788.1926605140533,4,True,True,0-4-8-10-11
masked_random,1,15,delivered_late,-49.73999838804497,0.23310930657420495,1687.0939297483028,5,True,False,0-5-4-1-3-11
masked_random,1,16,delivered_on_time,129.01397794855495,0.5881409437030114,211.3356910419335,2,True,True,0-10-11
masked_random,1,17,delivered_on_time,86.29691282737457,0.22572922250409824,381.82959604714586,2,True,True,0-5-12
masked_random,1,18,delivered_on_time,93.69964440209883,0.43801558104023797,264.1704385805832,4,True,True,0-6-3-6-12
masked_random,1,19,missed_deadline,-41.75109293653656,0.7369906784527894,652.7771542933986,2,False,False,0-7-9
masked_random,1,20,missed_deadline,-51.900857450479215,0.17174544626762447,919.9606011729151,3,False,False,0-1-3-6
masked_random,1,21,missed_deadline,-34.69177301815448,0.8971769325568776,295.90305889744815,1,False,False,0-10
masked_random,1,22,delivered_on_time,123.6743896730075,0.4801956719392839,111.8769355489272,3,True,True,0-2-9-13
masked_random,1,23,missed_deadline,-31.221853422889136,0.8737460080596036,402.6654252392884,1,False,False,0-2
masked_random,1,24,delivered_on_time,90.34433578203307,0.5072928283496059,662.5516905968356,3,True,True,0-5-2-12
baseline_env_rules,1,0,delivered_on_time,151.22863313284012,0.785665866994439,278.9450728601895,2,True,True,0-10-13
baseline_env_rules,1,1,delivered_on_time,127.21506423534174,0.5682037547548784,274.0089888818354,2,True,True,0-7-11
baseline_env_rules,1,2,delivered_on_time,88.00613194116072,0.19632618648137976,315.1974522630005,2,True,True,0-2-13
baseline_env_rules,1,3,delivered_on_time,102.92401913560478,0.31021930740779724,241.61760399838806,2,True,True,0-7-12
baseline_env_rules,1,4,delivered_on_time,116.30422324025945,0.3785754368845792,71.96104565574876,2,True,True,0-6-11
baseline_env_rules,1,5,delivered_on_time,117.98622588923052,0.5433810111201751,402.8397314667469,2,True,True,0-1-12
baseline_env_rules,1,6,delivered_on_time,167.18339863762603,0.855632274281281,121.22118602807186,2,True,True,0-1-11
baseline_env_rules,1,7,delivered_on_time,155.7660843023615,0.845227660622154,240.78062196475685,2,True,True,0-2-12
baseline_env_rules,1,8,delivered_on_time,122.85521511486604,0.44133803939129834,223.34003005622583,2,True,True,0-7-11
baseline_env_rules,1,9,delivered_late,44.56306846034683,0.7099445933740127,261.56108277723354,2,True,False,0-9-12
baseline_env_rules,1,10,delivered_on_time,180.165820326831,0.9811432272876364,77.21704321433019,2,True,True,0-8-13
baseline_env_rules,1,11,delivered_on_time,99.07677586881357,0.326642071416851,389.8455794759002,2,True,True,0-4-12
baseline_env_rules,1,12,delivered_on_time,84.83848416933165,0.12779436163160637,314.80276904946356,2,True,True,0-4-13
baseline_env_rules,1,13,delivered_on_time,135.66642467827305,0.5728982298109134,54.634764360025976,2,True,True,0-6-11
baseline_env_rules,1,14,delivered_on_time,91.42111564257307,0.17215609097927861,74.32643830984861,3,True,True,0-1-8-12
baseline_env_rules,1,15,delivered_on_time,121.04240450552054,0.557439752779456,339.23060261688704,2,True,True,0-4-12
baseline_env_rules,1,16,delivered_on_time,126.84722841673891,0.5089425668026079,148.88631195664036,2,True,True,0-4-12
baseline_env_rules,1,17,delivered_on_time,81.03926317243284,0.16919923478976354,422.7707656944382,2,True,True,0-4-13
baseline_env_rules,1,18,delivered_on_time,125.46736126896944,0.45380717509039514,78.80921226356678,2,True,True,0-4-11
baseline_env_rules,1,19,delivered_on_time,101.9222183029497,0.26709666221581185,320.0291011775165,2,True,True,0-2-11
baseline_env_rules,1,20,delivered_on_time,145.78002274070678,0.7654031268504242,287.8408181649184,2,True,True,0-1-13
baseline_env_rules,1,21,delivered_on_time,169.19473636918462,0.8987307047507667,85.4443050869717,2,True,True,0-7-12
baseline_env_rules,1,22,delivered_on_time,144.2324159815565,0.7280522627200411,300.9897106773735,2,True,True,0-6-12
baseline_env_rules,1,23,delivered_on_time,106.14453421100706,0.45331423422683537,378.8458528615405,2,True,True,0-4-12
baseline_env_rules,1,24,delivered_on_time,113.00810835316152,0.4189378124151504,252.2462362444553,2,True,True,0-1-12
baseline_physical,1,0,delivered_on_time,151.22863313284012,0.785665866994439,278.9450728601895,2,True,True,0-10-13
baseline_physical,1,1,delivered_on_time,119.47518192803341,0.5682037547548784,385.3472655059386,2,True,True,0-10-13
baseline_physical,1,2,delivered_on_time,87.89248233785659,0.19632618648137976,315.2275028116936,2,True,True,0-8-12
baseline_physical,1,3,delivered_on_time,102.92401913560478,0.31021930740779724,241.61760399838806,2,True,True,0-7-12
baseline_physical,1,4,delivered_on_time,116.30422324025945,0.3785754368845792,71.96104565574876,2,True,True,0-6-11
baseline_physical,1,5,missed_deadline,-33.67818745536271,0.5433810111201751,1956.8570279298974,1,False,False,0-4
baseline_physical,1,6,delivered_on_time,167.18339863762603,0.855632274281281,121.22118602807186,2,True,True,0-1-11
baseline_physical,1,7,delivered_late,39.833917027647615,0.845227660622154,418.31686307889265,2,True,False,0-2-11
baseline_physical,1,8,delivered_on_time,122.85521511486604,0.44133803939129834,223.34003005622583,2,True,True,0-7-11
baseline_physical,1,9,delivered_late,44.56306846034683,0.7099445933740127,261.56108277723354,2,True,False,0-9-12
baseline_physical,1,10,delivered_on_time,180.165820326831,0.9811432272876364,77.21704321433019,2,True,True,0-8-13
baseline_physical,1,11,delivered_on_time,99.07677586881357,0.326642071416851,389.8455794759002,2,True,True,0-4-12
baseline_physical,1,12,delivered_on_time,70.76622890328909,0.12779436163160637,440.7484502895029,2,True,True,0-3-12
baseline_physical,1,13,delivered_on_time,135.66642467827305,0.5728982298109134,54.634764360025976,2,True,True,0-6-11
baseline_physical,1,14,delivered_on_time,91.42111564257307,0.17215609097927861,74.32643830984861,3,True,True,0-1-8-12
baseline_physical,1,15,delivered_on_time,118.76395311809063,0.557439752779456,430.2831995316257,2,True,True,0-8-12
baseline_physical,1,16,delivered_on_time,125.5907115646763,0.5089425668026079,174.3054804802864,2,True,True,0-5-11
baseline_physical,1,17,delivered_on_time,59.75648760499821,0.16919923478976354,897.4273819828398,2,True,True,0-7-13
baseline_physical,1,18,delivered_on_time,125.46736126896944,0.45380717509039514,78.80921226356678,2,True,True,0-4-11
baseline_physical,1,19,delivered_on_time,95.44000708621083,0.26709666221581185,380.3312414742295,2,True,True,0-2-12
baseline_physical,1,20,delivered_late,31.41904921139069,0.7654031268504242,683.7911495976994,2,True,False,0-3-13
baseline_physical,1,21,delivered_on_time,169.19473636918462,0.8987307047507667,85.4443050869717,2,True,True,0-7-12
baseline_physical,1,22,missed_deadline,-32.715447644822795,0.7280522627200411,786.9995096758496,1,False,False,0-5
baseline_physical,1,23,delivered_on_time,80.35846140860369,0.45331423422683537,927.904967570151,2,True,True,0-7-11
baseline_physical,1,24,delivered_on_time,115.1365399435092,0.4189378124151504,258.8397120223955,2,True,True,0-7-11
rl_seed_7,1,0,delivered_on_time,153.39423222446518,0.785665866994439,254.33068031894305,2,True,True,0-10-12
rl_seed_7,1,1,delivered_on_time,119.47518192803341,0.5682037547548784,385.3472655059386,2,True,True,0-10-13
rl_seed_7,1,2,delivered_on_time,78.89753120754655,0.19632618648137976,476.44086342033233,2,True,True,0-9-12
rl_seed_7,1,3,delivered_on_time,95.06304173765061,0.31021930740779724,473.0494837219694,2,True,True,0-9-11
rl_seed_7,1,4,delivered_on_time,118.06755944144207,0.3785754368845792,126.72887376548329,2,True,True,0-9-11
rl_seed_7,1,5,delivered_on_time,110.2399083302117,0.5433810111201751,557.548460193637,2,True,True,0-9-12
rl_seed_7,1,6,delivered_on_time,159.50817152775934,0.855632274281281,238.84186000136614,2,True,True,0-10-13
rl_seed_7,1,7,delivered_late,44.08008155840798,0.845227660622154,302.3484054615935,2,True,False,0-10-11
rl_seed_7,1,8,delivered_late,3.276609205134104,0.44133803939129834,1008.4009555727923,2,True,False,0-10-12
rl_seed_7,1,9,delivered_late,44.56306846034683,0.7099445933740127,261.56108277723354,2,True,False,0-9-12
rl_seed_7,1,10,delivered_on_time,173.68097648831392,0.9811432272876364,122.10475316862814,2,True,True,0-10-11
rl_seed_7,1,11,delivered_on_time,94.2156862269301,0.326642071416851,397.5264013880354,2,True,True,0-10-13
rl_seed_7,1,12,delivered_on_time,68.21980873553443,0.12779436163160637,574.1452817740521,2,True,True,0-9-13
rl_seed_7,1,13,delivered_on_time,129.70012524501823,0.5728982298109134,145.7209855225455,2,True,True,0-9-11
rl_seed_7,1,14,delivered_on_time,95.35392734849091,0.17215609097927861,124.91196831980491,2,True,True,0-10-12
rl_seed_7,1,15,delivered_on_time,118.03667151796655,0.557439752779456,410.5623093740717,2,True,True,0-9-12
rl_seed_7,1,16,delivered_on_time,128.26841759935496,0.5089425668026079,179.13947404230515,2,True,True,0-9-13
rl_seed_7,1,17,delivered_on_time,70.81014762055915,0.16919923478976354,599.3691835868938,2,True,True,0-10-11
rl_seed_7,1,18,delivered_on_time,120.33385747032457,0.45380717509039514,207.05088172946057,2,True,True,0-9-11
rl_seed_7,1,19,delivered_on_time,65.87394950858439,0.26709666221581185,869.7552771615566,2,True,True,0-10-13
rl_seed_7,1,20,missed_deadline,-29.980087214508117,0.7654031268504242,806.5732198035081,1,False,False,0-6
rl_seed_7,1,21,delivered_on_time,163.64164278187232,0.8987307047507667,223.91283242020657,2,True,True,0-10-13
rl_seed_7,1,22,delivered_late,29.42220400848953,0.7280522627200411,503.7773056916337,2,True,False,0-9-11
rl_seed_7,1,23,delivered_on_time,101.81833716922915,0.45331423422683537,614.8268506227571,2,True,True,0-9-12
rl_seed_7,1,24,delivered_on_time,111.86280650753547,0.4189378124151504,329.1919005868465,2,True,True,0-9-11
rl_seed_42,1,0,delivered_on_time,151.22863313284012,0.785665866994439,278.9450728601895,2,True,True,0-10-13
rl_seed_42,1,1,delivered_on_time,119.47518192803341,0.5682037547548784,385.3472655059386,2,True,True,0-10-13
rl_seed_42,1,2,delivered_on_time,78.89753120754655,0.19632618648137976,476.44086342033233,2,True,True,0-9-12
rl_seed_42,1,3,delivered_on_time,95.06304173765061,0.31021930740779724,473.0494837219694,2,True,True,0-9-11
rl_seed_42,1,4,delivered_on_time,118.06755944144207,0.3785754368845792,126.72887376548329,2,True,True,0-9-11
rl_seed_42,1,5,delivered_on_time,112.29981999668387,0.5433810111201751,618.5297102758485,2,True,True,0-10-12
rl_seed_42,1,6,delivered_on_time,159.50817152775934,0.855632274281281,238.84186000136614,2,True,True,0-10-13
rl_seed_42,1,7,delivered_late,44.08008155840798,0.845227660622154,302.3484054615935,2,True,False,0-10-11
rl_seed_42,1,8,delivered_on_time,96.40822282239876,0.44133803939129834,641.5516998255,2,True,True,0-9-12
rl_seed_42,1,9,delivered_late,44.56306846034683,0.7099445933740127,261.56108277723354,2,True,False,0-9-12
rl_seed_42,1,10,delivered_on_time,173.68097648831392,0.9811432272876364,122.10475316862814,2,True,True,0-10-11
rl_seed_42,1,11,delivered_on_time,94.2156862269301,0.326642071416851,397.5264013880354,2,True,True,0-10-13
rl_seed_42,1,12,delivered_on_time,68.21980873553443,0.12779436163160637,574.1452817740521,2,True,True,0-9-13
rl_seed_42,1,13,delivered_on_time,129.70012524501823,0.5728982298109134,145.7209855225455,2,True,True,0-9-11
rl_seed_42,1,14,delivered_on_time,96.89836129389506,0.17215609097927861,125.49024294212427,2,True,True,0-10-13
rl_seed_42,1,15,delivered_on_time,118.03667151796655,0.557439752779456,410.5623093740717,2,True,True,0-9-12
rl_seed_42,1,16,delivered_on_time,128.26841759935496,0.5089425668026079,179.13947404230515,2,True,True,0-9-13
rl_seed_42,1,17,delivered_on_time,65.42138705514255,0.16919923478976354,788.4306876694299,2,True,True,0-9-11
rl_seed_42,1,18,delivered_on_time,119.14176492264757,0.45380717509039514,208.16121359032866,2,True,True,0-9-12
rl_seed_42,1,19,delivered_on_time,96.17602874734366,0.26709666221581185,345.57567171922466,2,True,True,0-9-12
rl_seed_42,1,20,missed_deadline,-32.347172296814236,0.7654031268504242,490.23971080742444,1,False,False,0-9
rl_seed_42,1,21,delivered_on_time,163.64164278187232,0.8987307047507667,223.91283242020657,2,True,True,0-10-13
rl_seed_42,1,22,delivered_late,32.33986069750121,0.7280522627200411,465.3708688227142,2,True,False,0-9-13
rl_seed_42,1,23,delivered_on_time,101.81833716922915,0.45331423422683537,614.8268506227571,2,True,True,0-9-12
rl_seed_42,1,24,delivered_on_time,111.86280650753547,0.4189378124151504,329.1919005868465,2,True,True,0-9-11
rl_seed_123,1,0,delivered_on_time,153.39423222446518,0.785665866994439,254.33068031894305,2,True,True,0-10-12
rl_seed_123,1,1,delivered_on_time,119.47518192803341,0.5682037547548784,385.3472655059386,2,True,True,0-10-13
rl_seed_123,1,2,delivered_on_time,78.89753120754655,0.19632618648137976,476.44086342033233,2,True,True,0-9-12
rl_seed_123,1,3,delivered_on_time,95.06304173765061,0.31021930740779724,473.0494837219694,2,True,True,0-9-11
rl_seed_123,1,4,delivered_on_time,118.06755944144207,0.3785754368845792,126.72887376548329,2,True,True,0-9-11
rl_seed_123,1,5,delivered_on_time,112.29981999668387,0.5433810111201751,618.5297102758485,2,True,True,0-10-12
rl_seed_123,1,6,delivered_on_time,159.50817152775934,0.855632274281281,238.84186000136614,2,True,True,0-10-13
rl_seed_123,1,7,delivered_late,44.08008155840798,0.845227660622154,302.3484054615935,2,True,False,0-10-11
rl_seed_123,1,8,delivered_late,-7.098095501151388,0.44133803939129834,1278.6838773914624,2,True,False,0-10-11
rl_seed_123,1,9,delivered_late,44.56306846034683,0.7099445933740127,261.56108277723354,2,True,False,0-9-12
rl_seed_123,1,10,delivered_on_time,173.68097648831392,0.9811432272876364,122.10475316862814,2,True,True,0-10-11
rl_seed_123,1,11,delivered_on_time,94.2156862269301,0.326642071416851,397.5264013880354,2,True,True,0-10-13
rl_seed_123,1,12,delivered_on_time,68.21980873553443,0.12779436163160637,574.1452817740521,2,True,True,0-9-13
rl_seed_123,1,13,delivered_on_time,129.70012524501823,0.5728982298109134,145.7209855225455,2,True,True,0-9-11
rl_seed_123,1,14,delivered_on_time,95.35392734849091,0.17215609097927861,124.91196831980491,2,True,True,0-10-12
rl_seed_123,1,15,delivered_on_time,118.03667151796655,0.557439752779456,410.5623093740717,2,True,True,0-9-12
rl_seed_123,1,16,delivered_on_time,128.26841759935496,0.5089425668026079,179.13947404230515,2,True,True,0-9-13
rl_seed_123,1,17,delivered_on_time,70.81014762055915,0.16919923478976354,599.3691835868938,2,True,True,0-10-11
rl_seed_123,1,18,delivered_on_time,125.99041647754706,0.45380717509039514,132.49215946764838,2,True,True,0-10-13
rl_seed_123,1,19,delivered_on_time,59.14290099755721,0.26709666221581185,1031.6197058827424,2,True,True,0-10-12
rl_seed_123,1,20,delivered_on_time,145.78002274070678,0.7654031268504242,287.8408181649184,2,True,True,0-1-13
rl_seed_123,1,21,delivered_on_time,163.64164278187232,0.8987307047507667,223.91283242020657,2,True,True,0-10-13
rl_seed_123,1,22,delivered_late,29.42220400848953,0.7280522627200411,503.7773056916337,2,True,False,0-9-11
rl_seed_123,1,23,delivered_on_time,101.81833716922915,0.45331423422683537,614.8268506227571,2,True,True,0-9-12
rl_seed_123,1,24,delivered_on_time,111.86280650753547,0.4189378124151504,329.1919005868465,2,True,True,0-9-11
rl_fallback_invalid,1,0,delivered_on_time,153.39423222446518,0.785665866994439,254.33068031894305,2,True,True,0-10-12
rl_fallback_invalid,1,1,delivered_on_time,119.47518192803341,0.5682037547548784,385.3472655059386,2,True,True,0-10-13
rl_fallback_invalid,1,2,delivered_on_time,78.89753120754655,0.19632618648137976,476.44086342033233,2,True,True,0-9-12
rl_fallback_invalid,1,3,delivered_on_time,95.06304173765061,0.31021930740779724,473.0494837219694,2,True,True,0-9-11
rl_fallback_invalid,1,4,delivered_on_time,118.06755944144207,0.3785754368845792,126.72887376548329,2,True,True,0-9-11
rl_fallback_invalid,1,5,delivered_on_time,110.2399083302117,0.5433810111201751,557.548460193637,2,True,True,0-9-12
rl_fallback_invalid,1,6,delivered_on_time,159.50817152775934,0.855632274281281,238.84186000136614,2,True,True,0-10-13
rl_fallback_invalid,1,7,delivered_late,44.08008155840798,0.845227660622154,302.3484054615935,2,True,False,0-10-11
rl_fallback_invalid,1,8,delivered_late,3.276609205134104,0.44133803939129834,1008.4009555727923,2,True,False,0-10-12
rl_fallback_invalid,1,9,delivered_late,44.56306846034683,0.7099445933740127,261.56108277723354,2,True,False,0-9-12
rl_fallback_invalid,1,10,delivered_on_time,173.68097648831392,0.9811432272876364,122.10475316862814,2,True,True,0-10-11
rl_fallback_invalid,1,11,delivered_on_time,94.2156862269301,0.326642071416851,397.5264013880354,2,True,True,0-10-13
rl_fallback_invalid,1,12,delivered_on_time,68.21980873553443,0.12779436163160637,574.1452817740521,2,True,True,0-9-13
rl_fallback_invalid,1,13,delivered_on_time,129.70012524501823,0.5728982298109134,145.7209855225455,2,True,True,0-9-11
rl_fallback_invalid,1,14,delivered_on_time,95.35392734849091,0.17215609097927861,124.91196831980491,2,True,True,0-10-12
rl_fallback_invalid,1,15,delivered_on_time,118.03667151796655,0.557439752779456,410.5623093740717,2,True,True,0-9-12
rl_fallback_invalid,1,16,delivered_on_time,128.26841759935496,0.5089425668026079,179.13947404230515,2,True,True,0-9-13
rl_fallback_invalid,1,17,delivered_on_time,70.81014762055915,0.16919923478976354,599.3691835868938,2,True,True,0-10-11
rl_fallback_invalid,1,18,delivered_on_time,120.33385747032457,0.45380717509039514,207.05088172946057,2,True,True,0-9-11
rl_fallback_invalid,1,19,delivered_on_time,65.87394950858439,0.26709666221581185,869.7552771615566,2,True,True,0-10-13
rl_fallback_invalid,1,20,missed_deadline,-29.980087214508117,0.7654031268504242,806.5732198035081,1,False,False,0-6
rl_fallback_invalid,1,21,delivered_on_time,163.64164278187232,0.8987307047507667,223.91283242020657,2,True,True,0-10-13
rl_fallback_invalid,1,22,delivered_late,29.42220400848953,0.7280522627200411,503.7773056916337,2,True,False,0-9-11
rl_fallback_invalid,1,23,delivered_on_time,101.81833716922915,0.45331423422683537,614.8268506227571,2,True,True,0-9-12
rl_fallback_invalid,1,24,delivered_on_time,111.86280650753547,0.4189378124151504,329.1919005868465,2,True,True,0-9-11
rl_fallback_unsafe,1,0,delivered_on_time,153.39423222446518,0.785665866994439,254.33068031894305,2,True,True,0-10-12
rl_fallback_unsafe,1,1,delivered_on_time,119.47518192803341,0.5682037547548784,385.3472655059386,2,True,True,0-10-13
rl_fallback_unsafe,1,2,delivered_on_time,78.89753120754655,0.19632618648137976,476.44086342033233,2,True,True,0-9-12
rl_fallback_unsafe,1,3,delivered_on_time,43.99333025136796,0.31021930740779724,1436.5363756333477,2,True,True,0-9-13
rl_fallback_unsafe,1,4,delivered_on_time,118.06755944144207,0.3785754368845792,126.72887376548329,2,True,True,0-9-11
rl_fallback_unsafe,1,5,delivered_on_time,110.2399083302117,0.5433810111201751,557.548460193637,2,True,True,0-9-12
rl_fallback_unsafe,1,6,delivered_on_time,159.50817152775934,0.855632274281281,238.84186000136614,2,True,True,0-10-13
rl_fallback_unsafe,1,7,delivered_late,44.08008155840798,0.845227660622154,302.3484054615935,2,True,False,0-10-11
rl_fallback_unsafe,1,8,delivered_late,3.276609205134104,0.44133803939129834,1008.4009555727923,2,True,False,0-10-12
rl_fallback_unsafe,1,9,delivered_late,44.56306846034683,0.7099445933740127,261.56108277723354,2,True,False,0-9-12
rl_fallback_unsafe,1,10,delivered_on_time,173.68097648831392,0.9811432272876364,122.10475316862814,2,True,True,0-10-11
rl_fallback_unsafe,1,11,delivered_on_time,94.2156862269301,0.326642071416851,397.5264013880354,2,True,True,0-10-13
rl_fallback_unsafe,1,12,delivered_on_time,68.21980873553443,0.12779436163160637,574.1452817740521,2,True,True,0-9-13
rl_fallback_unsafe,1,13,delivered_on_time,129.70012524501823,0.5728982298109134,145.7209855225455,2,True,True,0-9-11
rl_fallback_unsafe,1,14,delivered_on_time,95.35392734849091,0.17215609097927861,124.91196831980491,2,True,True,0-10-12
rl_fallback_unsafe,1,15,delivered_on_time,118.76395311809063,0.557439752779456,430.2831995316257,2,True,True,0-8-12
rl_fallback_unsafe,1,16,delivered_on_time,128.26841759935496,0.5089425668026079,179.13947404230515,2,True,True,0-9-13
rl_fallback_unsafe,1,17,delivered_on_time,70.81014762055915,0.16919923478976354,599.3691835868938,2,True,True,0-10-11
rl_fallback_unsafe,1,18,delivered_on_time,120.33385747032457,0.45380717509039514,207.05088172946057,2,True,True,0-9-11
rl_fallback_unsafe,1,19,delivered_on_time,65.87394950858439,0.26709666221581185,869.7552771615566,2,True,True,0-10-13
rl_fallback_unsafe,1,20,missed_deadline,-29.980087214508117,0.7654031268504242,806.5732198035081,1,False,False,0-6
rl_fallback_unsafe,1,21,delivered_on_time,163.64164278187232,0.8987307047507667,223.91283242020657,2,True,True,0-10-13
rl_fallback_unsafe,1,22,missed_deadline,-32.715447644822795,0.7280522627200411,786.9995096758496,1,False,False,0-5
rl_fallback_unsafe,1,23,delivered_on_time,101.81833716922915,0.45331423422683537,614.8268506227571,2,True,True,0-9-12
rl_fallback_unsafe,1,24,delivered_on_time,111.86280650753547,0.4189378124151504,329.1919005868465,2,True,True,0-9-11
masked_random,2,0,delivered_on_time,119.2323169676793,0.5665321221405256,373.5574722094094,2,True,True,0-9-13
masked_random,2,1,missed_deadline,-40.560672200202674,0.8922310689079054,1909.9249236552432,2,False,False,0-6-3
masked_random,2,2,delivered_late,27.165675064470243,0.8555311683804689,385.957857793329,3,True,False,0-2-5-13
masked_random,2,3,delivered_on_time,100.61663891285696,0.5814842111783952,620.2797063394643,3,True,True,0-3-5-12
masked_random,2,4,delivered_on_time,75.87182846645555,0.2728947891370438,425.16915704341307,4,True,True,0-3-5-10-11
masked_random,2,5,delivered_on_time,35.262924417018496,0.15875094448207608,820.7073736158803,4,True,True,0-7-2-4-12
masked_random,2,6,delivered_on_time,118.25847944906415,0.40856735270270184,126.14032711791853,2,True,True,0-9-11
masked_random,2,7,missed_deadline,-41.02001093624303,0.42916751729319913,3932.1311777417955,2,False,False,0-4-9
masked_random,2,8,delivered_on_time,7.051614881291819,0.2351454400939558,1442.1037130688885,6,True,True,0-3-5-6-4-10-13
masked_random,2,9,missed_deadline,-58.64364294993977,0.2781912188750405,891.7641064324839,4,False,False,0-7-6-2-10
masked_random,2,10,delivered_on_time,95.58219297425676,0.33895317720570284,235.52716804621147,3,True,True,0-5-1-12
masked_random,2,11,delivered_on_time,92.12621126290912,0.36223691351450804,272.48707505134433,4,True,True,0-2-8-10-11
masked_random,2,12,delivered_on_time,63.82955648965203,0.4428175707270252,957.2630084415296,5,True,True,0-4-5-3-9-11
masked_random,2,13,delivered_late,32.672644148724245,0.998416214895078,382.8859530875714,3,True,False,0-3-8-12
masked_random,2,14,missed_deadline,-71.61050253767556,0.2955612393068424,1454.9324413055162,6,False,False,0-3-7-2-5-1-7
masked_random,2,15,delivered_on_time,127.11557071050298,0.5856628083619625,209.0134032181779,2,True,True,0-7-13
masked_random,2,16,missed_deadline,-84.02995290241256,0.5034223204203917,1528.948768060215,7,False,False,0-8-6-8-5-2-3-4
masked_random,2,17,missed_deadline,-58.67951498433833,0.47108332086434,1886.7179646071866,5,False,False,0-6-7-1-3-1
masked_random,2,18,delivered_on_time,83.13320203797244,0.526320015938094,819.9003480247143,4,True,True,0-6-5-3-11
masked_random,2,19,delivered_on_time,114.64776281444648,0.5310251210540029,397.4471087278754,2,True,True,0-3-11
masked_random,2,20,delivered_on_time,53.71260823970032,0.29949661749658385,1048.649007799386,3,True,True,0-2-3-11
masked_random,2,21,missed_deadline,-74.31549786282304,0.4685316899296743,1727.3503150117267,6,False,False,0-4-6-2-3-7-2
masked_random,2,22,delivered_on_time,100.81954061608266,0.437203679277678,429.9091560852777,2,True,True,0-8-13
masked_random,2,23,delivered_on_time,66.89438471018592,0.14396402420588109,477.9588115531552,3,True,True,0-4-1-11
masked_random,2,24,missed_deadline,-32.828555919494335,0.9806602334746526,267.4983693735912,1,False,False,0-4
baseline_env_rules,2,0,delivered_on_time,130.12240829381977,0.5665321221405256,219.5973707296361,2,True,True,0-4-11
baseline_env_rules,2,1,delivered_on_time,145.23216677607647,0.7153021699750453,245.46308988973908,2,True,True,0-2-12
baseline_env_rules,2,2,delivered_on_time,81.37458834944515,0.12098819379028455,332.7951487977807,2,True,True,0-2-12
baseline_env_rules,2,3,delivered_on_time,101.13961018503859,0.24503767643271404,224.4701301748944,2,True,True,0-5-11
baseline_env_rules,2,4,delivered_late,43.94182618875732,0.8922310689079054,291.85063231952813,2,True,False,0-6-12
baseline_env_rules,2,5,delivered_on_time,104.73212186238734,0.2646795197772642,170.2326070739415,2,True,True,0-3-12
baseline_env_rules,2,6,delivered_on_time,160.97533561984315,0.7788169382010955,75.10662407158303,2,True,True,0-1-12
baseline_env_rules,2,7,delivered_on_time,164.25075366618876,0.8555311683804689,105.71242453467912,2,True,True,0-6-11
baseline_env_rules,2,8,delivered_on_time,114.37547789301703,0.4360058507912561,327.5040181472699,2,True,True,0-2-13
baseline_env_rules,2,9,delivered_on_time,124.53938386206423,0.5089517868470863,140.25063106137264,2,True,True,0-5-11
baseline_env_rules,2,10,delivered_on_time,103.88036919260057,0.29726302865652476,110.47991469133167,3,True,True,0-3-5-13
baseline_env_rules,2,11,delivered_on_time,133.6934095791392,0.5814842111783952,213.6565130258922,2,True,True,0-8-11
baseline_env_rules,2,12,delivered_on_time,106.55392329925104,0.38529618088201756,364.96600655377796,2,True,True,0-7-11
baseline_env_rules,2,13,delivered_on_time,116.5135118062134,0.41278658400993407,72.50427831292336,2,True,True,0-6-11
baseline_env_rules,2,14,delivered_on_time,175.23578517804575,0.9295899850463899,34.82205840445906,2,True,True,0-10-12
baseline_env_rules,2,15,delivered_on_time,114.71057515302286,0.4111991996335713,179.86819625815713,2,True,True,0-5-12
baseline_env_rules,2,16,delivered_on_time,103.53665210136276,0.2728947891370438,163.35781763435358,2,True,True,0-9-13
baseline_env_rules,2,17,delivered_on_time,83.40410216628126,0.23059276775844487,430.19474686680644,2,True,True,0-9-12
baseline_env_rules,2,18,delivered_on_time,115.16749112696232,0.3485127414359195,133.39308821520322,2,True,True,0-6-11
baseline_env_rules,2,19,delivered_late,40.68890483384709,0.8953901060437427,348.70667051083274,2,True,False,0-2-12
baseline_env_rules,2,20,delivered_on_time,99.1959508416118,0.20815966240198172,181.23039645144354,2,True,True,0-10-12
baseline_env_rules,2,21,delivered_on_time,114.56821223147975,0.47381575880764826,380.2290311913672,2,True,True,0-3-12
baseline_env_rules,2,22,delivered_on_time,112.97251199298856,0.4416533395081209,216.7113752379381,2,True,True,0-3-12
baseline_env_rules,2,23,delivered_on_time,87.06476065680329,0.15875094448207608,232.72496984083827,2,True,True,0-4-11
baseline_env_rules,2,24,delivered_on_time,124.7967085615189,0.4161347321526211,70.70508706765946,2,True,True,0-3-11
baseline_physical,2,0,delivered_on_time,121.54445423265915,0.5665321221405256,351.28362476606566,2,True,True,0-10-13
baseline_physical,2,1,delivered_on_time,145.23216677607647,0.7153021699750453,245.46308988973908,2,True,True,0-2-12
baseline_physical,2,2,delivered_on_time,80.89486455485654,0.12098819379028455,333.0573747017461,2,True,True,0-2-13
baseline_physical,2,3,delivered_on_time,99.14990763974237,0.24503767643271404,227.6834097321747,2,True,True,0-7-12
baseline_physical,2,4,missed_deadline,-32.67300171381613,0.8922310689079054,271.7500130757296,1,False,False,0-10
baseline_physical,2,5,delivered_on_time,104.73212186238734,0.2646795197772642,170.2326070739415,2,True,True,0-3-12
baseline_physical,2,6,delivered_on_time,160.97533561984315,0.7788169382010955,75.10662407158303,2,True,True,0-1-12
baseline_physical,2,7,delivered_on_time,164.25075366618876,0.8555311683804689,105.71242453467912,2,True,True,0-6-11
baseline_physical,2,8,delivered_on_time,108.81088918026354,0.4360058507912561,371.04387899870716,2,True,True,0-9-12
baseline_physical,2,9,delivered_on_time,124.53938386206423,0.5089517868470863,140.25063106137264,2,True,True,0-5-11
baseline_physical,2,10,delivered_on_time,103.88036919260057,0.29726302865652476,110.47991469133167,3,True,True,0-3-5-13
baseline_physical,2,11,delivered_on_time,131.5003454420021,0.5814842111783952,221.68687290493205,2,True,True,0-8-13
baseline_physical,2,12,delivered_on_time,87.7324218550302,0.38529618088201756,518.7070690911208,3,True,True,0-7-8-11
baseline_physical,2,13,delivered_on_time,116.5135118062134,0.41278658400993407,72.50427831292336,2,True,True,0-6-11
baseline_physical,2,14,delivered_on_time,175.23578517804575,0.9295899850463899,34.82205840445906,2,True,True,0-10-12
baseline_physical,2,15,delivered_on_time,114.71057515302286,0.4111991996335713,179.86819625815713,2,True,True,0-5-12
baseline_physical,2,16,delivered_on_time,90.07559704842322,0.2728947891370438,241.28900116958235,3,True,True,0-5-9-12
baseline_physical,2,17,delivered_on_time,84.09606288764238,0.23059276775844487,461.57611309326944,2,True,True,0-2-11
baseline_physical,2,18,delivered_on_time,115.16749112696232,0.3485127414359195,133.39308821520322,2,True,True,0-6-11
baseline_physical,2,19,delivered_late,39.35626722732856,0.8953901060437427,370.32363602071587,2,True,False,0-10-12
baseline_physical,2,20,delivered_on_time,99.1959508416118,0.20815966240198172,181.23039645144354,2,True,True,0-10-12
baseline_physical,2,21,delivered_on_time,96.27433171133421,0.47381575880764826,756.2805240621267,2,True,True,0-9-13
baseline_physical,2,22,delivered_on_time,116.24263789663263,0.4416533395081209,229.7351138065169,2,True,True,0-9-13
baseline_physical,2,23,delivered_on_time,87.5463605585159,0.15875094448207608,318.99923764718767,2,True,True,0-1-13
baseline_physical,2,24,delivered_on_time,124.7967085615189,0.4161347321526211,70.70508706765946,2,True,True,0-3-11
rl_seed_7,2,0,delivered_on_time,129.4632861808202,0.5665321221405256,285.0074512210543,2,True,True,0-9-12
rl_seed_7,2,1,delivered_on_time,138.28110445083763,0.7153021699750453,345.59541300466526,2,True,True,0-9-11
rl_seed_7,2,2,delivered_on_time,76.56601504658326,0.12098819379028455,463.3553347304425,2,True,True,0-9-12
rl_seed_7,2,3,delivered_on_time,94.52094806401465,0.24503767643271404,388.34328271206874,2,True,True,0-9-11
rl_seed_7,2,4,missed_deadline,-32.67300171381613,0.8922310689079054,271.7500130757296,1,False,False,0-10
rl_seed_7,2,5,delivered_on_time,96.65404386954157,0.2646795197772642,246.07835404246288,2,True,True,0-9-13
rl_seed_7,2,6,delivered_on_time,157.24396177119948,0.7788169382010955,148.2397405678057,2,True,True,0-10-11
rl_seed_7,2,7,delivered_on_time,157.32402577436545,0.8555311683804689,156.0749412956854,2,True,True,0-9-12
rl_seed_7,2,8,delivered_on_time,108.81088918026354,0.4360058507912561,371.04387899870716,2,True,True,0-9-12
rl_seed_7,2,9,delivered_on_time,124.73013128826477,0.5089517868470863,257.57197210913904,2,True,True,0-9-13
rl_seed_7,2,10,delivered_on_time,107.39156045258493,0.29726302865652476,130.52985967423427,2,True,True,0-9-11
rl_seed_7,2,11,delivered_on_time,117.10975040712822,0.5814842111783952,503.2187819673073,2,True,True,0-10-12
rl_seed_7,2,12,delivered_on_time,101.88710801855164,0.38529618088201756,409.8669813321719,2,True,True,0-9-11
rl_seed_7,2,13,delivered_on_time,113.50024067108784,0.41278658400993407,178.3973154480079,2,True,True,0-10-11
rl_seed_7,2,14,delivered_on_time,175.23578517804575,0.9295899850463899,34.82205840445906,2,True,True,0-10-12
rl_seed_7,2,15,delivered_on_time,117.37457718882314,0.4111991996335713,223.87592796522836,2,True,True,0-9-13
rl_seed_7,2,16,delivered_on_time,104.96073192166043,0.2728947891370438,181.16611771715097,2,True,True,0-9-12
rl_seed_7,2,17,delivered_on_time,82.68641660413081,0.23059276775844487,435.3638749426144,2,True,True,0-10-11
rl_seed_7,2,18,delivered_on_time,104.5385241185934,0.3485127414359195,201.66998243732422,2,True,True,0-10-13
rl_seed_7,2,19,delivered_late,39.35626722732856,0.8953901060437427,370.32363602071587,2,True,False,0-10-12
rl_seed_7,2,20,delivered_on_time,99.1959508416118,0.20815966240198172,181.23039645144354,2,True,True,0-10-12
rl_seed_7,2,21,delivered_on_time,98.70583426481801,0.47381575880764826,726.0702888759436,2,True,True,0-9-12
rl_seed_7,2,22,delivered_on_time,116.24263789663263,0.4416533395081209,229.7351138065169,2,True,True,0-9-13
rl_seed_7,2,23,delivered_on_time,84.07810690474497,0.15875094448207608,289.80050881293124,2,True,True,0-10-13
rl_seed_7,2,24,delivered_on_time,115.87238542367496,0.4161347321526211,134.3105268100684,2,True,True,0-10-11
rl_seed_42,2,0,delivered_on_time,129.4632861808202,0.5665321221405256,285.0074512210543,2,True,True,0-9-12
rl_seed_42,2,1,delivered_on_time,138.28110445083763,0.7153021699750453,345.59541300466526,2,True,True,0-9-11
rl_seed_42,2,2,delivered_on_time,76.56601504658326,0.12098819379028455,463.3553347304425,2,True,True,0-9-12
rl_seed_42,2,3,delivered_on_time,94.52094806401465,0.24503767643271404,388.34328271206874,2,True,True,0-9-11
rl_seed_42,2,4,missed_deadline,-32.67300171381613,0.8922310689079054,271.7500130757296,1,False,False,0-10
rl_seed_42,2,5,delivered_on_time,96.65404386954157,0.2646795197772642,246.07835404246288,2,True,True,0-9-13
rl_seed_42,2,6,delivered_on_time,157.24396177119948,0.7788169382010955,148.2397405678057,2,True,True,0-10-11
rl_seed_42,2,7,delivered_on_time,157.32402577436545,0.8555311683804689,156.0749412956854,2,True,True,0-9-12
rl_seed_42,2,8,delivered_on_time,108.81088918026354,0.4360058507912561,371.04387899870716,2,True,True,0-9-12
rl_seed_42,2,9,delivered_on_time,124.73013128826477,0.5089517868470863,257.57197210913904,2,True,True,0-9-13
rl_seed_42,2,10,delivered_on_time,107.39156045258493,0.29726302865652476,130.52985967423427,2,True,True,0-9-11
rl_seed_42,2,11,delivered_on_time,117.70327635461533,0.5814842111783952,472.30980558171495,2,True,True,0-10-13
rl_seed_42,2,12,delivered_on_time,101.88710801855164,0.38529618088201756,409.8669813321719,2,True,True,0-9-11
rl_seed_42,2,13,delivered_on_time,113.50024067108784,0.41278658400993407,178.3973154480079,2,True,True,0-10-11
rl_seed_42,2,14,delivered_on_time,174.32507300837537,0.9295899850463899,122.05071059373809,2,True,True,0-10-13
rl_seed_42,2,15,delivered_on_time,117.37457718882314,0.4111991996335713,223.87592796522836,2,True,True,0-9-13
rl_seed_42,2,16,delivered_on_time,104.96073192166043,0.2728947891370438,181.16611771715097,2,True,True,0-9-12
rl_seed_42,2,17,delivered_on_time,85.449989086213,0.23059276775844487,491.40561077980686,2,True,True,0-10-13
rl_seed_42,2,18,delivered_on_time,104.5385241185934,0.3485127414359195,201.66998243732422,2,True,True,0-10-13
rl_seed_42,2,19,delivered_late,39.35626722732856,0.8953901060437427,370.32363602071587,2,True,False,0-10-12
rl_seed_42,2,20,delivered_on_time,99.1959508416118,0.20815966240198172,181.23039645144354,2,True,True,0-10-12
rl_seed_42,2,21,delivered_on_time,103.11235037517851,0.47381575880764826,586.103057909681,2,True,True,0-10-12
rl_seed_42,2,22,delivered_on_time,116.24263789663263,0.4416533395081209,229.7351138065169,2,True,True,0-9-13
rl_seed_42,2,23,delivered_on_time,84.07810690474497,0.15875094448207608,289.80050881293124,2,True,True,0-10-13
rl_seed_42,2,24,delivered_on_time,115.87238542367496,0.4161347321526211,134.3105268100684,2,True,True,0-10-11
rl_seed_123,2,0,delivered_on_time,129.4632861808202,0.5665321221405256,285.0074512210543,2,True,True,0-9-12
rl_seed_123,2,1,delivered_on_time,138.28110445083763,0.7153021699750453,345.59541300466526,2,True,True,0-9-11
rl_seed_123,2,2,delivered_on_time,76.56601504658326,0.12098819379028455,463.3553347304425,2,True,True,0-9-12
rl_seed_123,2,3,delivered_on_time,94.52094806401465,0.24503767643271404,388.34328271206874,2,True,True,0-9-11
rl_seed_123,2,4,missed_deadline,-32.67300171381613,0.8922310689079054,271.7500130757296,1,False,False,0-10
rl_seed_123,2,5,delivered_on_time,96.65404386954157,0.2646795197772642,246.07835404246288,2,True,True,0-9-13
rl_seed_123,2,6,delivered_on_time,157.24396177119948,0.7788169382010955,148.2397405678057,2,True,True,0-10-11
rl_seed_123,2,7,delivered_on_time,157.32402577436545,0.8555311683804689,156.0749412956854,2,True,True,0-9-12
rl_seed_123,2,8,delivered_on_time,108.81088918026354,0.4360058507912561,371.04387899870716,2,True,True,0-9-12
rl_seed_123,2,9,delivered_on_time,124.73013128826477,0.5089517868470863,257.57197210913904,2,True,True,0-9-13
rl_seed_123,2,10,delivered_on_time,107.39156045258493,0.29726302865652476,130.52985967423427,2,True,True,0-9-11
rl_seed_123,2,11,delivered_on_time,117.10975040712822,0.5814842111783952,503.2187819673073,2,True,True,0-10-12
rl_seed_123,2,12,delivered_on_time,101.88710801855164,0.38529618088201756,409.8669813321719,2,True,True,0-9-11
rl_seed_123,2,13,delivered_on_time,113.50024067108784,0.41278658400993407,178.3973154480079,2,True,True,0-10-11
rl_seed_123,2,14,delivered_on_time,174.32507300837537,0.9295899850463899,122.05071059373809,2,True,True,0-10-13
rl_seed_123,2,15,delivered_on_time,117.37457718882314,0.4111991996335713,223.87592796522836,2,True,True,0-9-13
rl_seed_123,2,16,delivered_on_time,104.96073192166043,0.2728947891370438,181.16611771715097,2,True,True,0-9-12
rl_seed_123,2,17,delivered_on_time,82.68641660413081,0.23059276775844487,435.3638749426144,2,True,True,0-10-11
rl_seed_123,2,18,delivered_on_time,104.5385241185934,0.3485127414359195,201.66998243732422,2,True,True,0-10-13
rl_seed_123,2,19,delivered_late,39.35626722732856,0.8953901060437427,370.32363602071587,2,True,False,0-10-12
rl_seed_123,2,20,delivered_on_time,99.1959508416118,0.20815966240198172,181.23039645144354,2,True,True,0-10-12
rl_seed_123,2,21,delivered_on_time,103.11235037517851,0.47381575880764826,586.103057909681,2,True,True,0-10-12
rl_seed_123,2,22,delivered_on_time,116.24263789663263,0.4416533395081209,229.7351138065169,2,True,True,0-9-13
rl_seed_123,2,23,delivered_on_time,84.07810690474497,0.15875094448207608,289.80050881293124,2,True,True,0-10-13
rl_seed_123,2,24,delivered_on_time,115.87238542367496,0.4161347321526211,134.3105268100684,2,True,True,0-10-11
rl_fallback_invalid,2,0,delivered_on_time,129.4632861808202,0.5665321221405256,285.0074512210543,2,True,True,0-9-12
rl_fallback_invalid,2,1,delivered_on_time,138.28110445083763,0.7153021699750453,345.59541300466526,2,True,True,0-9-11
rl_fallback_invalid,2,2,delivered_on_time,76.56601504658326,0.12098819379028455,463.3553347304425,2,True,True,0-9-12
rl_fallback_invalid,2,3,delivered_on_time,94.52094806401465,0.24503767643271404,388.34328271206874,2,True,True,0-9-11
rl_fallback_invalid,2,4,missed_deadline,-32.67300171381613,0.8922310689079054,271.7500130757296,1,False,False,0-10
rl_fallback_invalid,2,5,delivered_on_time,96.65404386954157,0.2646795197772642,246.07835404246288,2,True,True,0-9-13
rl_fallback_invalid,2,6,delivered_on_time,157.24396177119948,0.7788169382010955,148.2397405678057,2,True,True,0-10-11
rl_fallback_invalid,2,7,delivered_on_time,157.32402577436545,0.8555311683804689,156.0749412956854,2,True,True,0-9-12
rl_fallback_invalid,2,8,delivered_on_time,108.81088918026354,0.4360058507912561,371.04387899870716,2,True,True,0-9-12
rl_fallback_invalid,2,9,delivered_on_time,124.73013128826477,0.5089517868470863,257.57197210913904,2,True,True,0-9-13
rl_fallback_invalid,2,10,delivered_on_time,107.39156045258493,0.29726302865652476,130.52985967423427,2,True,True,0-9-11
rl_fallback_invalid,2,11,delivered_on_time,117.10975040712822,0.5814842111783952,503.2187819673073,2,True,True,0-10-12
rl_fallback_invalid,2,12,delivered_on_time,101.88710801855164,0.38529618088201756,409.8669813321719,2,True,True,0-9-11
rl_fallback_invalid,2,13,delivered_on_time,113.50024067108784,0.41278658400993407,178.3973154480079,2,True,True,0-10-11
rl_fallback_invalid,2,14,delivered_on_time,175.23578517804575,0.9295899850463899,34.82205840445906,2,True,True,0-10-12
rl_fallback_invalid,2,15,delivered_on_time,117.37457718882314,0.4111991996335713,223.87592796522836,2,True,True,0-9-13
rl_fallback_invalid,2,16,delivered_on_time,104.96073192166043,0.2728947891370438,181.16611771715097,2,True,True,0-9-12
rl_fallback_invalid,2,17,delivered_on_time,82.68641660413081,0.23059276775844487,435.3638749426144,2,True,True,0-10-11
rl_fallback_invalid,2,18,delivered_on_time,104.5385241185934,0.3485127414359195,201.66998243732422,2,True,True,0-10-13
rl_fallback_invalid,2,19,delivered_late,39.35626722732856,0.8953901060437427,370.32363602071587,2,True,False,0-10-12
rl_fallback_invalid,2,20,delivered_on_time,99.1959508416118,0.20815966240198172,181.23039645144354,2,True,True,0-10-12
rl_fallback_invalid,2,21,delivered_on_time,98.70583426481801,0.47381575880764826,726.0702888759436,2,True,True,0-9-12
rl_fallback_invalid,2,22,delivered_on_time,116.24263789663263,0.4416533395081209,229.7351138065169,2,True,True,0-9-13
rl_fallback_invalid,2,23,delivered_on_time,84.07810690474497,0.15875094448207608,289.80050881293124,2,True,True,0-10-13
rl_fallback_invalid,2,24,delivered_on_time,115.87238542367496,0.4161347321526211,134.3105268100684,2,True,True,0-10-11
rl_fallback_unsafe,2,0,delivered_on_time,129.4632861808202,0.5665321221405256,285.0074512210543,2,True,True,0-9-12
rl_fallback_unsafe,2,1,delivered_on_time,138.28110445083763,0.7153021699750453,345.59541300466526,2,True,True,0-9-11
rl_fallback_unsafe,2,2,delivered_on_time,78.59252688465898,0.12098819379028455,383.41871221492664,2,True,True,0-2-11
rl_fallback_unsafe,2,3,delivered_on_time,94.52094806401465,0.24503767643271404,388.34328271206874,2,True,True,0-9-11
rl_fallback_unsafe,2,4,missed_deadline,-32.67300171381613,0.8922310689079054,271.7500130757296,1,False,False,0-10
rl_fallback_unsafe,2,5,delivered_on_time,96.65404386954157,0.2646795197772642,246.07835404246288,2,True,True,0-9-13
rl_fallback_unsafe,2,6,delivered_on_time,157.24396177119948,0.7788169382010955,148.2397405678057,2,True,True,0-10-11
rl_fallback_unsafe,2,7,delivered_on_time,157.32402577436545,0.8555311683804689,156.0749412956854,2,True,True,0-9-12
rl_fallback_unsafe,2,8,delivered_on_time,108.81088918026354,0.4360058507912561,371.04387899870716,2,True,True,0-9-12
rl_fallback_unsafe,2,9,delivered_on_time,124.73013128826477,0.5089517868470863,257.57197210913904,2,True,True,0-9-13
rl_fallback_unsafe,2,10,delivered_on_time,107.39156045258493,0.29726302865652476,130.52985967423427,2,True,True,0-9-11
rl_fallback_unsafe,2,11,delivered_on_time,117.10975040712822,0.5814842111783952,503.2187819673073,2,True,True,0-10-12
rl_fallback_unsafe,2,12,delivered_on_time,101.88710801855164,0.38529618088201756,409.8669813321719,2,True,True,0-9-11
rl_fallback_unsafe,2,13,delivered_on_time,113.50024067108784,0.41278658400993407,178.3973154480079,2,True,True,0-10-11
rl_fallback_unsafe,2,14,delivered_on_time,175.23578517804575,0.9295899850463899,34.82205840445906,2,True,True,0-10-12
rl_fallback_unsafe,2,15,delivered_on_time,117.37457718882314,0.4111991996335713,223.87592796522836,2,True,True,0-9-13
rl_fallback_unsafe,2,16,delivered_on_time,104.96073192166043,0.2728947891370438,181.16611771715097,2,True,True,0-9-12
rl_fallback_unsafe,2,17,delivered_on_time,82.68641660413081,0.23059276775844487,435.3638749426144,2,True,True,0-10-11
rl_fallback_unsafe,2,18,delivered_on_time,104.5385241185934,0.3485127414359195,201.66998243732422,2,True,True,0-10-13
rl_fallback_unsafe,2,19,delivered_late,39.35626722732856,0.8953901060437427,370.32363602071587,2,True,False,0-10-12
rl_fallback_unsafe,2,20,delivered_on_time,99.1959508416118,0.20815966240198172,181.23039645144354,2,True,True,0-10-12
rl_fallback_unsafe,2,21,delivered_on_time,96.27433171133421,0.47381575880764826,756.2805240621267,2,True,True,0-9-13
rl_fallback_unsafe,2,22,delivered_on_time,116.24263789663263,0.4416533395081209,229.7351138065169,2,True,True,0-9-13
rl_fallback_unsafe,2,23,delivered_on_time,84.07810690474497,0.15875094448207608,289.80050881293124,2,True,True,0-10-13
rl_fallback_unsafe,2,24,delivered_on_time,115.87238542367496,0.4161347321526211,134.3105268100684,2,True,True,0-10-11
masked_random,3,0,missed_deadline,-49.61725268512178,0.3549497311990615,937.4832971087405,3,False,False,0-7-8-2
masked_random,3,1,missed_deadline,-43.31732596805034,0.17809484737877626,1465.273061019522,2,False,False,0-1-6
masked_random,3,2,missed_deadline,-33.97495301881992,0.3837369567845774,2365.3715923489217,1,False,False,0-4
masked_random,3,3,missed_deadline,-41.45167128441665,0.2903519653929659,1306.18256399027,3,False,False,0-3-5-8
masked_random,3,4,delivered_on_time,73.94610512804567,0.20869171883002882,597.7195110883557,2,True,True,0-10-12
masked_random,3,5,missed_deadline,-33.19365652077744,0.8585576015075423,243.32084347149532,1,False,False,0-10
masked_random,3,6,delivered_on_time,96.72352668162625,0.5295679727665579,473.4037114154366,4,True,True,0-1-5-8-11
masked_random,3,7,delivered_on_time,77.06518046566231,0.3112135119662104,704.8652556059288,2,True,True,0-9-12
masked_random,3,8,delivered_late,28.163804373821325,0.7709050501968591,578.2264590397381,2,True,False,0-1-13
masked_random,3,9,delivered_late,34.24134618237191,0.9309514230083247,504.5976322574179,2,True,False,0-7-13
masked_random,3,10,delivered_on_time,99.87701871206082,0.5983886122777108,774.5231193909331,3,True,True,0-2-9-11
masked_random,3,11,delivered_on_time,146.86868105598057,0.7201915219647673,170.0311173853332,2,True,True,0-10-12
masked_random,3,12,delivered_on_time,68.14915801673502,0.24814501670884245,387.8042401019287,4,True,True,0-4-1-8-11
masked_random,3,13,delivered_on_time,63.940645528393006,0.21042819868867477,802.5519355830606,3,True,True,0-4-10-11
masked_random,3,14,missed_deadline,-45.72013408148398,0.34607333700469667,3345.8140750995317,2,False,False,0-8-2
masked_random,3,15,delivered_on_time,68.89564775216297,0.17325208833314873,666.2797344627327,2,True,True,0-7-11
masked_random,3,16,missed_deadline,-34.11958178633927,0.7222058482881096,211.4901993446746,1,False,False,0-10
masked_random,3,17,delivered_on_time,125.27972472513962,0.5609839330706624,240.41202708601853,2,True,True,0-1-13
masked_random,3,18,missed_deadline,-52.752413738859566,0.7503397613745543,231.16798866965172,3,False,False,0-8-2-4
masked_random,3,19,delivered_on_time,173.26266245801807,0.9881615830706505,170.71434553390912,2,True,True,0-6-12
masked_random,3,20,missed_deadline,-32.553434199149635,0.3114279497204737,4558.799794395658,1,False,False,0-1
masked_random,3,21,missed_deadline,-38.98055796522165,0.898562472329139,412.61860818692503,2,False,False,0-7-10
masked_random,3,22,delivered_on_time,80.78550590334034,0.3006350418625212,552.3818445024822,2,True,True,0-8-12
masked_random,3,23,delivered_on_time,95.50956880811506,0.47898185221931877,575.1126141242631,3,True,True,0-5-10-13
masked_random,3,24,missed_deadline,-50.08711778382732,0.9883150951454094,602.0243956505062,3,False,False,0-3-1-3
baseline_env_rules,3,0,delivered_on_time,101.82398903736177,0.3549497311990615,378.7021905570304,2,True,True,0-7-11
baseline_env_rules,3,1,delivered_on_time,118.86586044835344,0.3680215678003813,102.09847009140717,2,True,True,0-3-13
baseline_env_rules,3,2,delivered_on_time,87.47178852711698,0.12465747888369047,157.25441680764024,2,True,True,0-2-13
baseline_env_rules,3,3,delivered_on_time,125.75406283510029,0.5620077242156503,344.2400095455141,2,True,True,0-10-11
baseline_env_rules,3,4,delivered_on_time,156.99475340751744,0.8723809542390467,303.9619655425405,2,True,True,0-7-12
baseline_env_rules,3,5,delivered_late,42.92215848018421,0.7257752555211314,288.68618634309803,2,True,False,0-5-12
baseline_env_rules,3,6,delivered_on_time,86.06467131544706,0.17809484737877626,376.33014189570497,2,True,True,0-2-13
baseline_env_rules,3,7,delivered_on_time,117.11467346681744,0.38819664404315113,158.80028066954668,2,True,True,0-10-11
baseline_env_rules,3,8,delivered_on_time,122.67996832587956,0.47014936674606755,177.80871300829665,2,True,True,0-3-12
baseline_env_rules,3,9,delivered_on_time,106.1243078702545,0.3837369567845774,317.8843567932595,2,True,True,0-1-11
baseline_env_rules,3,10,delivered_on_time,116.09194501384927,0.48871373753898484,340.9969365493001,2,True,True,0-1-12
baseline_env_rules,3,11,delivered_on_time,105.33340179524338,0.2903519653929659,208.49044624509935,2,True,True,0-8-11
baseline_env_rules,3,12,delivered_on_time,158.51768651494118,0.8480619884015518,88.28773900427825,2,True,True,0-3-12
baseline_env_rules,3,13,delivered_on_time,137.84025584360248,0.5698963396390792,127.68207565830319,2,True,True,0-8-13
baseline_env_rules,3,14,delivered_on_time,92.09389847828155,0.2046221675549523,283.6293929395985,2,True,True,0-7-13
baseline_env_rules,3,15,delivered_on_time,124.08048496531369,0.46597996380369366,179.37539998595258,2,True,True,0-2-11
baseline_env_rules,3,16,delivered_on_time,94.7572445400289,0.20869171883002882,178.924526683565,2,True,True,0-8-13
baseline_env_rules,3,17,delivered_on_time,107.2067677791508,0.29925918016934716,137.3490126231434,2,True,True,0-4-13
baseline_env_rules,3,18,delivered_on_time,82.43788339665754,0.16657527165227617,380.07507164278525,2,True,True,0-2-12
baseline_env_rules,3,19,delivered_on_time,88.70526848835074,0.2596912174465609,343.8473408253743,2,True,True,0-9-12
baseline_env_rules,3,20,delivered_late,41.88332108255803,0.8585576015075423,386.236397459394,2,True,False,0-4-11
baseline_env_rules,3,21,delivered_on_time,84.1764420570697,0.1075299774454628,90.48474399775074,3,True,True,0-5-7-13
baseline_env_rules,3,22,delivered_on_time,90.59890926116259,0.11049464772999582,80.17192191595247,2,True,True,0-10-12
baseline_env_rules,3,23,delivered_on_time,122.33875465802839,0.5295679727665579,150.65196187775538,2,True,True,0-1-11
baseline_env_rules,3,24,delivered_on_time,102.71028753870803,0.30861895588706945,119.1863752250757,2,True,True,0-6-13
baseline_physical,3,0,delivered_on_time,92.69795791259234,0.3549497311990615,598.141360417467,2,True,True,0-8-13
baseline_physical,3,1,delivered_on_time,115.09216264645417,0.3680215678003813,113.4840302648089,2,True,True,0-5-13
baseline_physical,3,2,delivered_on_time,87.47178852711698,0.12465747888369047,157.25441680764024,2,True,True,0-2-13
baseline_physical,3,3,delivered_on_time,117.72924395589834,0.5620077242156503,424.2502561033632,2,True,True,0-2-13
baseline_physical,3,4,delivered_late,35.074274032716744,0.8723809542390467,421.87208382469714,2,True,False,0-6-13
baseline_physical,3,5,missed_deadline,-42.38741888062705,0.7257752555211314,295.93297275060456,2,False,False,0-6-10
baseline_physical,3,6,delivered_on_time,78.27195110663527,0.17809484737877626,488.92025641061934,2,True,True,0-8-12
baseline_physical,3,7,delivered_on_time,117.11467346681744,0.38819664404315113,158.80028066954668,2,True,True,0-10-11
baseline_physical,3,8,delivered_on_time,122.67996832587956,0.47014936674606755,177.80871300829665,2,True,True,0-3-12
baseline_physical,3,9,delivered_on_time,91.3551546957317,0.3837369567845774,549.8672766206319,2,True,True,0-3-12
baseline_physical,3,10,delivered_on_time,113.12119376101612,0.48871373753898484,462.30906405928664,2,True,True,0-2-12
baseline_physical,3,11,delivered_on_time,96.65414837986533,0.2903519653929659,333.55572338768275,2,True,True,0-9-12
baseline_physical,3,12,delivered_on_time,158.51768651494118,0.8480619884015518,88.28773900427825,2,True,True,0-3-12
baseline_physical,3,13,delivered_on_time,137.84025584360248,0.5698963396390792,127.68207565830319,2,True,True,0-8-13
baseline_physical,3,14,delivered_on_time,88.20456956933552,0.2046221675549523,334.4840023695433,2,True,True,0-1-12
baseline_physical,3,15,delivered_on_time,126.24616101125373,0.46597996380369366,189.17867619074795,2,True,True,0-2-13
baseline_physical,3,16,delivered_on_time,93.4294543349627,0.20869171883002882,225.77605147832915,2,True,True,0-1-12
baseline_physical,3,17,delivered_on_time,107.2067677791508,0.29925918016934716,137.3490126231434,2,True,True,0-4-13
baseline_physical,3,18,delivered_on_time,82.43788339665754,0.16657527165227617,380.07507164278525,2,True,True,0-2-12
baseline_physical,3,19,delivered_on_time,84.83478815846121,0.2596912174465609,510.3972251127165,2,True,True,0-1-13
baseline_physical,3,20,missed_deadline,-30.420507912514687,0.8585576015075423,1954.7180647175899,1,False,False,0-8
baseline_physical,3,21,delivered_on_time,84.1764420570697,0.1075299774454628,90.48474399775074,3,True,True,0-5-7-13
baseline_physical,3,22,delivered_on_time,90.59890926116259,0.11049464772999582,80.17192191595247,2,True,True,0-10-12
baseline_physical,3,23,delivered_on_time,116.57274454818103,0.5295679727665579,185.24536259044143,3,True,True,0-1-2-13
baseline_physical,3,24,delivered_on_time,102.71028753870803,0.30861895588706945,119.1863752250757,2,True,True,0-6-13
rl_seed_7,3,0,delivered_on_time,97.14622717511266,0.3549497311990615,448.89698632643615,2,True,True,0-9-13
rl_seed_7,3,1,delivered_on_time,115.05529223185115,0.3680215678003813,137.4827656474011,2,True,True,0-9-11
rl_seed_7,3,2,delivered_on_time,86.56978257070142,0.12465747888369047,229.734070718804,2,True,True,0-9-12
rl_seed_7,3,3,delivered_on_time,125.75406283510029,0.5620077242156503,344.2400095455141,2,True,True,0-10-11
rl_seed_7,3,4,delivered_on_time,152.64101288221312,0.8723809542390467,349.08179108272986,2,True,True,0-10-13
rl_seed_7,3,5,missed_deadline,-33.67691925493529,0.7257752555211314,246.71653485478416,1,False,False,0-10
rl_seed_7,3,6,delivered_on_time,74.8210355406264,0.17809484737877626,535.1325714247644,2,True,True,0-9-12
rl_seed_7,3,7,delivered_on_time,117.11467346681744,0.38819664404315113,158.80028066954668,2,True,True,0-10-11
rl_seed_7,3,8,delivered_on_time,115.98372637779637,0.47014936674606755,264.28316173011183,2,True,True,0-9-12
rl_seed_7,3,9,delivered_on_time,98.78400079476239,0.3837369567845774,455.40035718788266,2,True,True,0-6-12
rl_seed_7,3,10,delivered_on_time,113.13913485651109,0.48871373753898484,418.1396095557401,2,True,True,0-10-11
rl_seed_7,3,11,delivered_on_time,96.65414837986533,0.2903519653929659,333.55572338768275,2,True,True,0-9-12
rl_seed_7,3,12,delivered_on_time,168.21127665453372,0.8480619884015518,95.26705961741335,2,True,True,0-9-12
rl_seed_7,3,13,delivered_on_time,124.75046838427085,0.5698963396390792,243.71575247941217,2,True,True,0-9-12
rl_seed_7,3,14,delivered_on_time,87.825503022283,0.2046221675549523,362.4416870301746,2,True,True,0-9-11
rl_seed_7,3,15,delivered_on_time,112.28441006777855,0.46597996380369366,307.68037258625,2,True,True,0-9-11
rl_seed_7,3,16,delivered_on_time,89.90972922881161,0.20869171883002882,287.1013649512466,2,True,True,0-9-12
rl_seed_7,3,17,delivered_on_time,100.2959445771611,0.29925918016934716,222.87937936778698,2,True,True,0-9-12
rl_seed_7,3,18,delivered_on_time,70.7285493822977,0.16657527165227617,634.611534179005,2,True,True,0-9-12
rl_seed_7,3,19,delivered_on_time,88.70526848835074,0.2596912174465609,343.8473408253743,2,True,True,0-9-12
rl_seed_7,3,20,missed_deadline,-33.19365652077744,0.8585576015075423,243.32084347149532,1,False,False,0-10
rl_seed_7,3,21,delivered_on_time,92.97331668674701,0.1075299774454628,135.6306961617521,2,True,True,0-10-12
rl_seed_7,3,22,delivered_on_time,87.21609976941868,0.11049464772999582,149.5812163296185,2,True,True,0-10-11
rl_seed_7,3,23,delivered_on_time,120.6229193151519,0.5295679727665579,287.0735559125751,2,True,True,0-9-12
rl_seed_7,3,24,delivered_on_time,104.82256476733737,0.30861895588706945,154.58986954359673,2,True,True,0-9-12
rl_seed_42,3,0,delivered_on_time,97.14622717511266,0.3549497311990615,448.89698632643615,2,True,True,0-9-13
rl_seed_42,3,1,delivered_on_time,117.47308563920633,0.3680215678003813,132.67416420995852,2,True,True,0-9-13
rl_seed_42,3,2,delivered_on_time,86.34530851328961,0.12465747888369047,225.0958918658498,2,True,True,0-9-13
rl_seed_42,3,3,delivered_on_time,125.75406283510029,0.5620077242156503,344.2400095455141,2,True,True,0-10-11
rl_seed_42,3,4,delivered_on_time,152.64101288221312,0.8723809542390467,349.08179108272986,2,True,True,0-10-13
rl_seed_42,3,5,delivered_late,36.272964178604475,0.7257752555211314,517.8711403588602,2,True,False,0-9-13
rl_seed_42,3,6,delivered_on_time,74.8210355406264,0.17809484737877626,535.1325714247644,2,True,True,0-9-12
rl_seed_42,3,7,delivered_on_time,117.11467346681744,0.38819664404315113,158.80028066954668,2,True,True,0-10-11
rl_seed_42,3,8,delivered_on_time,115.98372637779637,0.47014936674606755,264.28316173011183,2,True,True,0-9-12
rl_seed_42,3,9,delivered_on_time,99.70878080716675,0.3837369567845774,414.7467193825678,2,True,True,0-8-12
rl_seed_42,3,10,delivered_on_time,113.13913485651109,0.48871373753898484,418.1396095557401,2,True,True,0-10-11
rl_seed_42,3,11,delivered_on_time,96.65414837986533,0.2903519653929659,333.55572338768275,2,True,True,0-9-12
rl_seed_42,3,12,delivered_on_time,160.04540461987486,0.8480619884015518,141.7441905186492,2,True,True,0-9-13
rl_seed_42,3,13,delivered_on_time,124.75046838427085,0.5698963396390792,243.71575247941217,2,True,True,0-9-12
rl_seed_42,3,14,delivered_on_time,87.825503022283,0.2046221675549523,362.4416870301746,2,True,True,0-9-11
rl_seed_42,3,15,delivered_on_time,114.32729206277956,0.46597996380369366,337.2973312974789,2,True,True,0-9-13
rl_seed_42,3,16,delivered_on_time,89.90972922881161,0.20869171883002882,287.1013649512466,2,True,True,0-9-12
rl_seed_42,3,17,delivered_on_time,100.2959445771611,0.29925918016934716,222.87937936778698,2,True,True,0-9-12
rl_seed_42,3,18,delivered_on_time,70.7285493822977,0.16657527165227617,634.611534179005,2,True,True,0-9-12
rl_seed_42,3,19,delivered_on_time,88.70526848835074,0.2596912174465609,343.8473408253743,2,True,True,0-9-12
rl_seed_42,3,20,missed_deadline,-33.19365652077744,0.8585576015075423,243.32084347149532,1,False,False,0-10
rl_seed_42,3,21,delivered_on_time,92.97331668674701,0.1075299774454628,135.6306961617521,2,True,True,0-10-12
rl_seed_42,3,22,delivered_on_time,87.21609976941868,0.11049464772999582,149.5812163296185,2,True,True,0-10-11
rl_seed_42,3,23,delivered_on_time,122.38423813780892,0.5295679727665579,293.0203058849763,2,True,True,0-9-11
rl_seed_42,3,24,delivered_on_time,104.82256476733737,0.30861895588706945,154.58986954359673,2,True,True,0-9-12
rl_seed_123,3,0,delivered_on_time,97.14622717511266,0.3549497311990615,448.89698632643615,2,True,True,0-9-13
rl_seed_123,3,1,delivered_on_time,115.05529223185115,0.3680215678003813,137.4827656474011,2,True,True,0-9-11
rl_seed_123,3,2,delivered_on_time,86.56978257070142,0.12465747888369047,229.734070718804,2,True,True,0-9-12
rl_seed_123,3,3,delivered_on_time,125.75406283510029,0.5620077242156503,344.2400095455141,2,True,True,0-10-11
rl_seed_123,3,4,delivered_on_time,152.64101288221312,0.8723809542390467,349.08179108272986,2,True,True,0-10-13
rl_seed_123,3,5,missed_deadline,-33.67691925493529,0.7257752555211314,246.71653485478416,1,False,False,0-10
rl_seed_123,3,6,delivered_on_time,74.8210355406264,0.17809484737877626,535.1325714247644,2,True,True,0-9-12
rl_seed_123,3,7,delivered_on_time,117.11467346681744,0.38819664404315113,158.80028066954668,2,True,True,0-10-11
rl_seed_123,3,8,delivered_on_time,115.98372637779637,0.47014936674606755,264.28316173011183,2,True,True,0-9-12
rl_seed_123,3,9,missed_deadline,-30.59123606602295,0.3837369567845774,666.4583789736354,1,False,False,0-9
rl_seed_123,3,10,delivered_on_time,113.13913485651109,0.48871373753898484,418.1396095557401,2,True,True,0-10-11
rl_seed_123,3,11,delivered_on_time,96.65414837986533,0.2903519653929659,333.55572338768275,2,True,True,0-9-12
rl_seed_123,3,12,delivered_on_time,162.02969034501135,0.8480619884015518,168.92510233951373,2,True,True,0-10-12
rl_seed_123,3,13,delivered_on_time,124.75046838427085,0.5698963396390792,243.71575247941217,2,True,True,0-9-12
rl_seed_123,3,14,delivered_on_time,87.825503022283,0.2046221675549523,362.4416870301746,2,True,True,0-9-11
rl_seed_123,3,15,delivered_on_time,112.28441006777855,0.46597996380369366,307.68037258625,2,True,True,0-9-11
rl_seed_123,3,16,delivered_on_time,89.90972922881161,0.20869171883002882,287.1013649512466,2,True,True,0-9-12
rl_seed_123,3,17,delivered_on_time,100.2959445771611,0.29925918016934716,222.87937936778698,2,True,True,0-9-12
rl_seed_123,3,18,delivered_on_time,70.7285493822977,0.16657527165227617,634.611534179005,2,True,True,0-9-12
rl_seed_123,3,19,delivered_on_time,88.70526848835074,0.2596912174465609,343.8473408253743,2,True,True,0-9-12
rl_seed_123,3,20,missed_deadline,-33.19365652077744,0.8585576015075423,243.32084347149532,1,False,False,0-10
rl_seed_123,3,21,delivered_on_time,92.97331668674701,0.1075299774454628,135.6306961617521,2,True,True,0-10-12
rl_seed_123,3,22,delivered_on_time,87.21609976941868,0.11049464772999582,149.5812163296185,2,True,True,0-10-11
rl_seed_123,3,23,delivered_on_time,122.38423813780892,0.5295679727665579,293.0203058849763,2,True,True,0-9-11
rl_seed_123,3,24,delivered_on_time,104.82256476733737,0.30861895588706945,154.58986954359673,2,True,True,0-9-12
rl_fallback_invalid,3,0,delivered_on_time,97.14622717511266,0.3549497311990615,448.89698632643615,2,True,True,0-9-13
rl_fallback_invalid,3,1,delivered_on_time,115.05529223185115,0.3680215678003813,137.4827656474011,2,True,True,0-9-11
rl_fallback_invalid,3,2,delivered_on_time,86.56978257070142,0.12465747888369047,229.734070718804,2,True,True,0-9-12
rl_fallback_invalid,3,3,delivered_on_time,125.75406283510029,0.5620077242156503,344.2400095455141,2,True,True,0-10-11
rl_fallback_invalid,3,4,delivered_on_time,152.64101288221312,0.8723809542390467,349.08179108272986,2,True,True,0-10-13
rl_fallback_invalid,3,5,missed_deadline,-33.67691925493529,0.7257752555211314,246.71653485478416,1,False,False,0-10
rl_fallback_invalid,3,6,delivered_on_time,74.8210355406264,0.17809484737877626,535.1325714247644,2,True,True,0-9-12
rl_fallback_invalid,3,7,delivered_on_time,117.11467346681744,0.38819664404315113,158.80028066954668,2,True,True,0-10-11
rl_fallback_invalid,3,8,delivered_on_time,115.98372637779637,0.47014936674606755,264.28316173011183,2,True,True,0-9-12
rl_fallback_invalid,3,9,delivered_on_time,98.78400079476239,0.3837369567845774,455.40035718788266,2,True,True,0-6-12
rl_fallback_invalid,3,10,delivered_on_time,113.13913485651109,0.48871373753898484,418.1396095557401,2,True,True,0-10-11
rl_fallback_invalid,3,11,delivered_on_time,96.65414837986533,0.2903519653929659,333.55572338768275,2,True,True,0-9-12
rl_fallback_invalid,3,12,delivered_on_time,168.21127665453372,0.8480619884015518,95.26705961741335,2,True,True,0-9-12
rl_fallback_invalid,3,13,delivered_on_time,124.75046838427085,0.5698963396390792,243.71575247941217,2,True,True,0-9-12
rl_fallback_invalid,3,14,delivered_on_time,87.825503022283,0.2046221675549523,362.4416870301746,2,True,True,0-9-11
rl_fallback_invalid,3,15,delivered_on_time,112.28441006777855,0.46597996380369366,307.68037258625,2,True,True,0-9-11
rl_fallback_invalid,3,16,delivered_on_time,89.90972922881161,0.20869171883002882,287.1013649512466,2,True,True,0-9-12
rl_fallback_invalid,3,17,delivered_on_time,100.2959445771611,0.29925918016934716,222.87937936778698,2,True,True,0-9-12
rl_fallback_invalid,3,18,delivered_on_time,70.7285493822977,0.16657527165227617,634.611534179005,2,True,True,0-9-12
rl_fallback_invalid,3,19,delivered_on_time,88.70526848835074,0.2596912174465609,343.8473408253743,2,True,True,0-9-12
rl_fallback_invalid,3,20,missed_deadline,-33.19365652077744,0.8585576015075423,243.32084347149532,1,False,False,0-10
rl_fallback_invalid,3,21,delivered_on_time,92.97331668674701,0.1075299774454628,135.6306961617521,2,True,True,0-10-12
rl_fallback_invalid,3,22,delivered_on_time,87.21609976941868,0.11049464772999582,149.5812163296185,2,True,True,0-10-11
rl_fallback_invalid,3,23,delivered_on_time,120.6229193151519,0.5295679727665579,287.0735559125751,2,True,True,0-9-12
rl_fallback_invalid,3,24,delivered_on_time,104.82256476733737,0.30861895588706945,154.58986954359673,2,True,True,0-9-12
rl_fallback_unsafe,3,0,delivered_late,25.237532465213807,0.3549497311990615,750.5441873973697,2,True,False,0-8-12
rl_fallback_unsafe,3,1,delivered_on_time,115.05529223185115,0.3680215678003813,137.4827656474011,2,True,True,0-9-11
rl_fallback_unsafe,3,2,delivered_on_time,86.56978257070142,0.12465747888369047,229.734070718804,2,True,True,0-9-12
rl_fallback_unsafe,3,3,delivered_on_time,120.9436597792334,0.5620077242156503,384.88909385745353,2,True,True,0-2-11
rl_fallback_unsafe,3,4,delivered_on_time,152.64101288221312,0.8723809542390467,349.08179108272986,2,True,True,0-10-13
rl_fallback_unsafe,3,5,missed_deadline,-33.67691925493529,0.7257752555211314,246.71653485478416,1,False,False,0-10
rl_fallback_unsafe,3,6,delivered_on_time,68.50233296497733,0.17809484737877626,654.0535611770435,2,True,True,0-9-11
rl_fallback_unsafe,3,7,delivered_on_time,117.11467346681744,0.38819664404315113,158.80028066954668,2,True,True,0-10-11
rl_fallback_unsafe,3,8,delivered_on_time,115.98372637779637,0.47014936674606755,264.28316173011183,2,True,True,0-9-12
rl_fallback_unsafe,3,9,delivered_late,8.991205891013369,0.3837369567845774,736.8768030794429,3,True,False,0-6-10-11
rl_fallback_unsafe,3,10,delivered_on_time,113.12119376101612,0.48871373753898484,462.30906405928664,2,True,True,0-2-12
rl_fallback_unsafe,3,11,delivered_on_time,96.65414837986533,0.2903519653929659,333.55572338768275,2,True,True,0-9-12
rl_fallback_unsafe,3,12,delivered_on_time,168.21127665453372,0.8480619884015518,95.26705961741335,2,True,True,0-9-12
rl_fallback_unsafe,3,13,delivered_on_time,124.75046838427085,0.5698963396390792,243.71575247941217,2,True,True,0-9-12
rl_fallback_unsafe,3,14,delivered_on_time,87.825503022283,0.2046221675549523,362.4416870301746,2,True,True,0-9-11
rl_fallback_unsafe,3,15,delivered_on_time,112.28441006777855,0.46597996380369366,307.68037258625,2,True,True,0-9-11
rl_fallback_unsafe,3,16,delivered_on_time,89.90972922881161,0.20869171883002882,287.1013649512466,2,True,True,0-9-12
rl_fallback_unsafe,3,17,delivered_on_time,100.2959445771611,0.29925918016934716,222.87937936778698,2,True,True,0-9-12
rl_fallback_unsafe,3,18,delivered_on_time,70.7285493822977,0.16657527165227617,634.611534179005,2,True,True,0-9-12
rl_fallback_unsafe,3,19,delivered_on_time,85.59539390181726,0.2596912174465609,435.755395521775,2,True,True,0-9-11
rl_fallback_unsafe,3,20,missed_deadline,-33.19365652077744,0.8585576015075423,243.32084347149532,1,False,False,0-10
rl_fallback_unsafe,3,21,delivered_on_time,92.97331668674701,0.1075299774454628,135.6306961617521,2,True,True,0-10-12
rl_fallback_unsafe,3,22,delivered_on_time,87.21609976941868,0.11049464772999582,149.5812163296185,2,True,True,0-10-11
rl_fallback_unsafe,3,23,delivered_on_time,120.6229193151519,0.5295679727665579,287.0735559125751,2,True,True,0-9-12
rl_fallback_unsafe,3,24,delivered_on_time,104.82256476733737,0.30861895588706945,154.58986954359673,2,True,True,0-9-12
masked_random,4,0,missed_deadline,-34.91413922144727,0.7480370178014087,2223.0382103604866,1,False,False,0-4
masked_random,4,1,missed_deadline,-30.959261482081224,0.7106847822500238,301.5034018802837,1,False,False,0-5
masked_random,4,2,missed_deadline,-63.7533745233998,0.41173727125708093,1526.906780321561,5,False,False,0-1-4-8-3-2
masked_random,4,3,delivered_on_time,95.90546422845722,0.3308132249217526,434.8119381871516,2,True,True,0-2-11
masked_random,4,4,missed_deadline,-30.915246672261496,0.1403988822257635,3888.499562226403,1,False,False,0-10
masked_random,4,5,delivered_on_time,53.67530836226777,0.34426964891504686,1320.300854314249,2,True,True,0-9-13
masked_random,4,6,delivered_on_time,73.40479471107128,0.5561746029029848,1284.0595607153887,3,True,True,0-8-10-13
masked_random,4,7,delivered_on_time,89.51196719644,0.46857351519970547,494.5475182139176,4,True,True,0-6-8-10-12
masked_random,4,8,delivered_on_time,33.70282314099602,0.49941993633638027,1481.8080198348491,4,True,True,0-5-2-9-12
masked_random,4,9,delivered_on_time,112.61068677088775,0.5797507328351621,585.9087083279107,2,True,True,0-10-13
masked_random,4,10,missed_deadline,-33.70617278288252,0.5665364758314261,1941.516676038429,1,False,False,0-8
masked_random,4,11,delivered_on_time,94.62092753901514,0.40290518401433384,491.49358239931007,2,True,True,0-8-12
masked_random,4,12,delivered_on_time,77.32206248654376,0.1888961383781462,538.9333789835964,2,True,True,0-4-11
masked_random,4,13,delivered_on_time,39.754829376126615,0.49497676140463687,1516.6313683759754,4,True,True,0-3-4-10-13
masked_random,4,14,delivered_on_time,97.15534230370639,0.44061871505426586,371.28322117514756,3,True,True,0-5-6-11
masked_random,4,15,missed_deadline,-31.276542068582728,0.8628741027474296,567.4094687667015,1,False,False,0-6
masked_random,4,16,delivered_on_time,57.48033418557384,0.2885211974854254,952.7046185598447,3,True,True,0-1-9-12
masked_random,4,17,delivered_late,38.711364475764256,0.8970597369683493,291.1910056011837,3,True,False,0-5-4-13
masked_random,4,18,missed_deadline,-40.209019475308075,0.9407570602881571,598.4880867050648,2,False,False,0-2-7
masked_random,4,19,missed_deadline,-49.64197728838461,0.8031074219355521,506.4308514284556,3,False,False,0-3-8-7
masked_random,4,20,missed_deadline,-46.34220002025218,0.3534998143581547,1665.8891865943083,3,False,False,0-7-4-8
masked_random,4,21,delivered_on_time,130.55889974088333,0.5518216282402656,252.29228984551216,2,True,True,0-4-13
masked_random,4,22,delivered_on_time,94.03496020108251,0.26482517308260267,277.7920252461952,2,True,True,0-8-13
masked_random,4,23,delivered_on_time,88.2117953471919,0.2990751288603183,307.92215930715497,3,True,True,0-6-9-12
masked_random,4,24,missed_deadline,-37.52586947257306,0.7586606862162656,376.48319520579713,1,False,False,0-1
baseline_env_rules,4,0,delivered_late,43.668008662376955,0.7480370178014087,330.7658187440633,2,True,False,0-2-12
baseline_env_rules,4,1,delivered_on_time,100.95060518503999,0.26219374319584365,197.12068439269052,2,True,True,0-7-11
baseline_env_rules,4,2,missed_deadline,-33.253280186716,0.7106847822500238,259.40547854660934,1,False,False,0-2
baseline_env_rules,4,3,delivered_on_time,168.80727602695714,0.896173523362916,62.108783153190416,2,True,True,0-3-12
baseline_env_rules,4,4,delivered_on_time,102.34526429455083,0.23929215156856745,142.72802748048096,2,True,True,0-6-12
baseline_env_rules,4,5,delivered_on_time,104.6711416574594,0.41173727125708093,355.03016299821843,2,True,True,0-2-11
baseline_env_rules,4,6,delivered_on_time,116.11299852162503,0.5533593117351676,454.32392884531345,2,True,True,0-6-13
baseline_env_rules,4,7,delivered_on_time,174.91863238816381,0.9284991416552462,81.98191758447082,2,True,True,0-2-12
baseline_env_rules,4,8,delivered_on_time,126.78319474205213,0.5434519702536186,304.8889210638301,2,True,True,0-4-11
baseline_env_rules,4,9,delivered_on_time,112.57764127841442,0.3003842575518998,83.28779712850022,2,True,True,0-1-13
baseline_env_rules,4,10,delivered_on_time,155.837249892211,0.7563771537461657,106.22307558163519,2,True,True,0-5-13
baseline_env_rules,4,11,delivered_on_time,139.2606600801259,0.5672884392150599,89.65828626724198,2,True,True,0-3-13
baseline_env_rules,4,12,delivered_on_time,104.737318952572,0.25834749384635736,206.97611026460083,2,True,True,0-5-13
baseline_env_rules,4,13,delivered_on_time,108.46195482827551,0.3308132249217526,158.3372058953727,2,True,True,0-2-13
baseline_env_rules,4,14,delivered_on_time,123.97605608118221,0.4466356741360431,53.998534584478904,2,True,True,0-10-12
baseline_env_rules,4,15,delivered_on_time,107.3556675250111,0.2912328612377064,133.7753540770828,2,True,True,0-1-12
baseline_env_rules,4,16,delivered_on_time,157.32506950914976,0.7821636987279631,94.82708624836863,2,True,True,0-2-12
baseline_env_rules,4,17,delivered_on_time,77.38436737794585,0.1403988822257635,383.48211118611033,2,True,True,0-3-12
baseline_env_rules,4,18,delivered_on_time,94.7527463232504,0.1902256436558433,163.37293096560097,2,True,True,0-1-11
baseline_env_rules,4,19,delivered_on_time,98.59132184252249,0.18018398950103667,71.17165014753579,2,True,True,0-3-13
baseline_env_rules,4,20,delivered_on_time,110.78292033230248,0.34426964891504686,253.76676547086095,2,True,True,0-10-11
baseline_env_rules,4,21,delivered_late,45.158118203171256,0.7552625302402886,371.5948331386221,2,True,False,0-8-11
baseline_env_rules,4,22,delivered_on_time,95.14067026650247,0.31614935308157877,370.3011421860025,2,True,True,0-3-11
baseline_env_rules,4,23,delivered_on_time,140.7945041862293,0.5561746029029848,100.80807143247102,2,True,True,0-9-12
baseline_env_rules,4,24,delivered_on_time,104.02775708280222,0.4130937528178702,456.6904308381579,2,True,True,0-4-11
baseline_physical,4,0,delivered_late,24.53779603225877,0.7480370178014087,718.8061572657498,2,True,False,0-2-11
baseline_physical,4,1,delivered_on_time,89.59362935803355,0.26219374319584365,361.0600107196016,2,True,True,0-3-11
baseline_physical,4,2,missed_deadline,-31.991754148454373,0.7106847822500238,320.1046014595741,1,False,False,0-6
baseline_physical,4,3,delivered_on_time,167.2395879246798,0.896173523362916,83.2314987669395,3,True,True,0-3-10-12
baseline_physical,4,4,delivered_on_time,102.34526429455083,0.23929215156856745,142.72802748048096,2,True,True,0-6-12
baseline_physical,4,5,delivered_on_time,108.02277150030174,0.41173727125708093,379.95471114585155,2,True,True,0-5-12
baseline_physical,4,6,delivered_on_time,118.21147283170464,0.5533593117351676,400.5525748244561,2,True,True,0-7-11
baseline_physical,4,7,delivered_on_time,174.91863238816381,0.9284991416552462,81.98191758447082,2,True,True,0-2-12
baseline_physical,4,8,delivered_on_time,115.01338569273808,0.5434519702536186,407.12689463254435,2,True,True,0-7-13
baseline_physical,4,9,delivered_on_time,112.57764127841442,0.3003842575518998,83.28779712850022,2,True,True,0-1-13
baseline_physical,4,10,delivered_on_time,155.837249892211,0.7563771537461657,106.22307558163519,2,True,True,0-5-13
baseline_physical,4,11,delivered_on_time,139.2606600801259,0.5672884392150599,89.65828626724198,2,True,True,0-3-13
baseline_physical,4,12,delivered_on_time,104.737318952572,0.25834749384635736,206.97611026460083,2,True,True,0-5-13
baseline_physical,4,13,delivered_on_time,108.46195482827551,0.3308132249217526,158.3372058953727,2,True,True,0-2-13
baseline_physical,4,14,delivered_on_time,123.97605608118221,0.4466356741360431,53.998534584478904,2,True,True,0-10-12
baseline_physical,4,15,delivered_on_time,107.60156678596198,0.2912328612377064,138.2166659564877,2,True,True,0-1-13
baseline_physical,4,16,delivered_on_time,157.32506950914976,0.7821636987279631,94.82708624836863,2,True,True,0-2-12
baseline_physical,4,17,delivered_late,30.38421473256774,0.1403988822257635,626.1440878640983,2,True,False,0-8-11
baseline_physical,4,18,delivered_on_time,90.9871659897291,0.1902256436558433,250.5250535155178,2,True,True,0-3-13
baseline_physical,4,19,delivered_on_time,101.52793767253046,0.18018398950103667,86.82199421071473,2,True,True,0-3-12
baseline_physical,4,20,delivered_on_time,110.78292033230248,0.34426964891504686,253.76676547086095,2,True,True,0-10-11
baseline_physical,4,21,missed_deadline,-34.33966076299965,0.7552625302402886,880.636503881471,1,False,False,0-1
baseline_physical,4,22,delivered_on_time,76.19122649882759,0.31614935308157877,722.30781791833,3,True,True,0-5-9-11
baseline_physical,4,23,delivered_on_time,140.7945041862293,0.5561746029029848,100.80807143247102,2,True,True,0-9-12
baseline_physical,4,24,delivered_on_time,87.14339338109221,0.4130937528178702,767.5059813299204,2,True,True,0-6-11
rl_seed_7,4,0,missed_deadline,-34.56556237537496,0.7480370178014087,596.043408879991,1,False,False,0-9
rl_seed_7,4,1,delivered_on_time,95.25688704387662,0.26219374319584365,343.12803865818785,2,True,True,0-10-12
rl_seed_7,4,2,missed_deadline,-31.991754148454373,0.7106847822500238,320.1046014595741,1,False,False,0-6
rl_seed_7,4,3,delivered_on_time,172.0345473562469,0.896173523362916,120.17134795916667,2,True,True,0-9-11
rl_seed_7,4,4,delivered_on_time,101.1786668298186,0.23929215156856745,226.46458623099608,2,True,True,0-10-11
rl_seed_7,4,5,delivered_on_time,98.08607484753011,0.41173727125708093,572.3632788127927,2,True,True,0-9-11
rl_seed_7,4,6,delivered_on_time,113.57209507595506,0.5533593117351676,464.27747547266483,2,True,True,0-10-12
rl_seed_7,4,7,delivered_on_time,174.40446186931527,0.9284991416552462,111.09293510580703,2,True,True,0-9-12
rl_seed_7,4,8,delivered_on_time,92.06869653341329,0.5434519702536186,866.1868885075924,2,True,True,0-10-12
rl_seed_7,4,9,delivered_on_time,105.0378686843349,0.3003842575518998,147.11744493086638,2,True,True,0-10-11
rl_seed_7,4,10,delivered_late,52.70471351418216,0.7563771537461657,156.98236813689476,2,True,False,0-9-13
rl_seed_7,4,11,delivered_on_time,130.54242813334375,0.5672884392150599,137.1729164867235,2,True,True,0-9-11
rl_seed_7,4,12,delivered_on_time,93.91036745312299,0.25834749384635736,247.765504467853,2,True,True,0-10-12
rl_seed_7,4,13,delivered_on_time,108.50631428908265,0.3308132249217526,165.48335209190813,2,True,True,0-9-11
rl_seed_7,4,14,delivered_on_time,122.37783074602473,0.4466356741360431,63.206064328528,2,True,True,0-10-13
rl_seed_7,4,15,delivered_on_time,101.31773013150077,0.2912328612377064,174.65077574865356,2,True,True,0-10-13
rl_seed_7,4,16,delivered_on_time,152.01923202296777,0.7821636987279631,160.1368909326331,2,True,True,0-10-13
rl_seed_7,4,17,delivered_on_time,75.78270426880859,0.1403988822257635,497.6594582722685,2,True,True,0-9-13
rl_seed_7,4,18,delivered_on_time,86.98406962869177,0.1902256436558433,331.00969641801396,2,True,True,0-10-12
rl_seed_7,4,19,delivered_on_time,101.54406486806963,0.18018398950103667,135.81284456090305,2,True,True,0-10-13
rl_seed_7,4,20,delivered_on_time,110.78292033230248,0.34426964891504686,253.76676547086095,2,True,True,0-10-11
rl_seed_7,4,21,delivered_late,39.532851379159794,0.7552625302402886,422.2761238927667,2,True,False,0-9-13
rl_seed_7,4,22,delivered_on_time,90.83752109570129,0.31614935308157877,426.59408973681064,2,True,True,0-9-12
rl_seed_7,4,23,delivered_on_time,140.7945041862293,0.5561746029029848,100.80807143247102,2,True,True,0-9-12
rl_seed_7,4,24,delivered_on_time,97.65800516152746,0.4130937528178702,508.944806843328,2,True,True,0-10-11
rl_seed_42,4,0,missed_deadline,-31.813740871146454,0.7480370178014087,543.9953484474789,1,False,False,0-10
rl_seed_42,4,1,delivered_on_time,92.8408773121608,0.26219374319584365,301.1897945657727,2,True,True,0-9-13
rl_seed_42,4,2,missed_deadline,-32.614434761383585,0.7106847822500238,687.771795261393,1,False,False,0-9
rl_seed_42,4,3,delivered_on_time,172.0345473562469,0.896173523362916,120.17134795916667,2,True,True,0-9-11
rl_seed_42,4,4,delivered_on_time,101.1786668298186,0.23929215156856745,226.46458623099608,2,True,True,0-10-11
rl_seed_42,4,5,delivered_on_time,99.97178653624418,0.41173727125708093,595.1186446005233,2,True,True,0-9-12
rl_seed_42,4,6,delivered_on_time,97.52915367675168,0.5533593117351676,841.7905452535945,2,True,True,0-9-13
rl_seed_42,4,7,delivered_on_time,174.40446186931527,0.9284991416552462,111.09293510580703,2,True,True,0-9-12
rl_seed_42,4,8,delivered_on_time,108.2332585249317,0.5434519702536186,631.7406368816618,2,True,True,0-9-13
rl_seed_42,4,9,delivered_on_time,105.0378686843349,0.3003842575518998,147.11744493086638,2,True,True,0-10-11
rl_seed_42,4,10,delivered_late,52.70471351418216,0.7563771537461657,156.98236813689476,2,True,False,0-9-13
rl_seed_42,4,11,delivered_on_time,139.26976091209053,0.5672884392150599,138.4267700314751,2,True,True,0-9-12
rl_seed_42,4,12,delivered_on_time,93.91036745312299,0.25834749384635736,247.765504467853,2,True,True,0-10-12
rl_seed_42,4,13,delivered_on_time,108.50631428908265,0.3308132249217526,165.48335209190813,2,True,True,0-9-11
rl_seed_42,4,14,delivered_on_time,122.37783074602473,0.4466356741360431,63.206064328528,2,True,True,0-10-13
rl_seed_42,4,15,delivered_on_time,101.31773013150077,0.2912328612377064,174.65077574865356,2,True,True,0-10-13
rl_seed_42,4,16,delivered_on_time,152.01923202296777,0.7821636987279631,160.1368909326331,2,True,True,0-10-13
rl_seed_42,4,17,delivered_on_time,75.78270426880859,0.1403988822257635,497.6594582722685,2,True,True,0-9-13
rl_seed_42,4,18,delivered_on_time,86.98406962869177,0.1902256436558433,331.00969641801396,2,True,True,0-10-12
rl_seed_42,4,19,delivered_on_time,101.54406486806963,0.18018398950103667,135.81284456090305,2,True,True,0-10-13
rl_seed_42,4,20,delivered_on_time,105.72912757748328,0.34426964891504686,279.93392358987757,2,True,True,0-9-12
rl_seed_42,4,21,delivered_late,39.532851379159794,0.7552625302402886,422.2761238927667,2,True,False,0-9-13
rl_seed_42,4,22,delivered_on_time,90.83752109570129,0.31614935308157877,426.59408973681064,2,True,True,0-9-12
rl_seed_42,4,23,delivered_on_time,140.7945041862293,0.5561746029029848,100.80807143247102,2,True,True,0-9-12
rl_seed_42,4,24,delivered_on_time,97.65800516152746,0.4130937528178702,508.944806843328,2,True,True,0-10-11
rl_seed_123,4,0,missed_deadline,-31.813740871146454,0.7480370178014087,543.9953484474789,1,False,False,0-10
rl_seed_123,4,1,delivered_on_time,95.25688704387662,0.26219374319584365,343.12803865818785,2,True,True,0-10-12
rl_seed_123,4,2,missed_deadline,-30.90064839535486,0.7106847822500238,734.0168846799646,1,False,False,0-10
rl_seed_123,4,3,delivered_on_time,172.0345473562469,0.896173523362916,120.17134795916667,2,True,True,0-9-11
rl_seed_123,4,4,delivered_on_time,101.1786668298186,0.23929215156856745,226.46458623099608,2,True,True,0-10-11
rl_seed_123,4,5,delivered_on_time,98.08607484753011,0.41173727125708093,572.3632788127927,2,True,True,0-9-11
rl_seed_123,4,6,delivered_on_time,113.57209507595506,0.5533593117351676,464.27747547266483,2,True,True,0-10-12
rl_seed_123,4,7,delivered_on_time,174.40446186931527,0.9284991416552462,111.09293510580703,2,True,True,0-9-12
rl_seed_123,4,8,delivered_on_time,108.2332585249317,0.5434519702536186,631.7406368816618,2,True,True,0-9-13
rl_seed_123,4,9,delivered_on_time,105.0378686843349,0.3003842575518998,147.11744493086638,2,True,True,0-10-11
rl_seed_123,4,10,delivered_late,52.70471351418216,0.7563771537461657,156.98236813689476,2,True,False,0-9-13
rl_seed_123,4,11,delivered_on_time,137.78973641826246,0.5672884392150599,163.59840868014572,2,True,True,0-10-11
rl_seed_123,4,12,delivered_on_time,93.91036745312299,0.25834749384635736,247.765504467853,2,True,True,0-10-12
rl_seed_123,4,13,delivered_on_time,104.75574139723552,0.3308132249217526,309.09460340850285,2,True,True,0-10-11
rl_seed_123,4,14,delivered_on_time,122.37783074602473,0.4466356741360431,63.206064328528,2,True,True,0-10-13
rl_seed_123,4,15,delivered_on_time,101.31773013150077,0.2912328612377064,174.65077574865356,2,True,True,0-10-13
rl_seed_123,4,16,delivered_on_time,152.01923202296777,0.7821636987279631,160.1368909326331,2,True,True,0-10-13
rl_seed_123,4,17,delivered_on_time,75.78270426880859,0.1403988822257635,497.6594582722685,2,True,True,0-9-13
rl_seed_123,4,18,delivered_on_time,86.98406962869177,0.1902256436558433,331.00969641801396,2,True,True,0-10-12
rl_seed_123,4,19,delivered_on_time,101.54406486806963,0.18018398950103667,135.81284456090305,2,True,True,0-10-13
rl_seed_123,4,20,delivered_on_time,110.78292033230248,0.34426964891504686,253.76676547086095,2,True,True,0-10-11
rl_seed_123,4,21,delivered_late,39.532851379159794,0.7552625302402886,422.2761238927667,2,True,False,0-9-13
rl_seed_123,4,22,delivered_on_time,98.7391286589242,0.31614935308157877,418.3861598495754,2,True,True,0-10-11
rl_seed_123,4,23,delivered_on_time,140.7945041862293,0.5561746029029848,100.80807143247102,2,True,True,0-9-12
rl_seed_123,4,24,delivered_on_time,97.65800516152746,0.4130937528178702,508.944806843328,2,True,True,0-10-11
rl_fallback_invalid,4,0,missed_deadline,-34.56556237537496,0.7480370178014087,596.043408879991,1,False,False,0-9
rl_fallback_invalid,4,1,delivered_on_time,95.25688704387662,0.26219374319584365,343.12803865818785,2,True,True,0-10-12
rl_fallback_invalid,4,2,missed_deadline,-31.991754148454373,0.7106847822500238,320.1046014595741,1,False,False,0-6
rl_fallback_invalid,4,3,delivered_on_time,172.0345473562469,0.896173523362916,120.17134795916667,2,True,True,0-9-11
rl_fallback_invalid,4,4,delivered_on_time,101.1786668298186,0.23929215156856745,226.46458623099608,2,True,True,0-10-11
rl_fallback_invalid,4,5,delivered_on_time,98.08607484753011,0.41173727125708093,572.3632788127927,2,True,True,0-9-11
rl_fallback_invalid,4,6,delivered_on_time,113.57209507595506,0.5533593117351676,464.27747547266483,2,True,True,0-10-12
rl_fallback_invalid,4,7,delivered_on_time,174.40446186931527,0.9284991416552462,111.09293510580703,2,True,True,0-9-12
rl_fallback_invalid,4,8,delivered_on_time,92.06869653341329,0.5434519702536186,866.1868885075924,2,True,True,0-10-12
rl_fallback_invalid,4,9,delivered_on_time,105.0378686843349,0.3003842575518998,147.11744493086638,2,True,True,0-10-11
rl_fallback_invalid,4,10,delivered_late,52.70471351418216,0.7563771537461657,156.98236813689476,2,True,False,0-9-13
rl_fallback_invalid,4,11,delivered_on_time,130.54242813334375,0.5672884392150599,137.1729164867235,2,True,True,0-9-11
rl_fallback_invalid,4,12,delivered_on_time,93.91036745312299,0.25834749384635736,247.765504467853,2,True,True,0-10-12
rl_fallback_invalid,4,13,delivered_on_time,108.50631428908265,0.3308132249217526,165.48335209190813,2,True,True,0-9-11
rl_fallback_invalid,4,14,delivered_on_time,122.37783074602473,0.4466356741360431,63.206064328528,2,True,True,0-10-13
rl_fallback_invalid,4,15,delivered_on_time,101.31773013150077,0.2912328612377064,174.65077574865356,2,True,True,0-10-13
rl_fallback_invalid,4,16,delivered_on_time,152.01923202296777,0.7821636987279631,160.1368909326331,2,True,True,0-10-13
rl_fallback_invalid,4,17,delivered_on_time,75.78270426880859,0.1403988822257635,497.6594582722685,2,True,True,0-9-13
rl_fallback_invalid,4,18,delivered_on_time,86.98406962869177,0.1902256436558433,331.00969641801396,2,True,True,0-10-12
rl_fallback_invalid,4,19,delivered_on_time,101.54406486806963,0.18018398950103667,135.81284456090305,2,True,True,0-10-13
rl_fallback_invalid,4,20,delivered_on_time,110.78292033230248,0.34426964891504686,253.76676547086095,2,True,True,0-10-11
rl_fallback_invalid,4,21,delivered_late,39.532851379159794,0.7552625302402886,422.2761238927667,2,True,False,0-9-13
rl_fallback_invalid,4,22,delivered_on_time,90.83752109570129,0.31614935308157877,426.59408973681064,2,True,True,0-9-12
rl_fallback_invalid,4,23,delivered_on_time,140.7945041862293,0.5561746029029848,100.80807143247102,2,True,True,0-9-12
rl_fallback_invalid,4,24,delivered_on_time,97.65800516152746,0.4130937528178702,508.944806843328,2,True,True,0-10-11
rl_fallback_unsafe,4,0,missed_deadline,-34.56556237537496,0.7480370178014087,596.043408879991,1,False,False,0-9
rl_fallback_unsafe,4,1,delivered_on_time,95.25688704387662,0.26219374319584365,343.12803865818785,2,True,True,0-10-12
rl_fallback_unsafe,4,2,missed_deadline,-31.991754148454373,0.7106847822500238,320.1046014595741,1,False,False,0-6
rl_fallback_unsafe,4,3,delivered_on_time,172.0345473562469,0.896173523362916,120.17134795916667,2,True,True,0-9-11
rl_fallback_unsafe,4,4,delivered_on_time,101.1786668298186,0.23929215156856745,226.46458623099608,2,True,True,0-10-11
rl_fallback_unsafe,4,5,delivered_on_time,89.3374617822896,0.41173727125708093,781.2714020193603,2,True,True,0-9-13
rl_fallback_unsafe,4,6,delivered_on_time,123.97851340568124,0.5533593117351676,380.3789802854337,2,True,True,0-7-12
rl_fallback_unsafe,4,7,delivered_on_time,174.40446186931527,0.9284991416552462,111.09293510580703,2,True,True,0-9-12
rl_fallback_unsafe,4,8,delivered_on_time,92.06869653341329,0.5434519702536186,866.1868885075924,2,True,True,0-10-12
rl_fallback_unsafe,4,9,delivered_on_time,105.0378686843349,0.3003842575518998,147.11744493086638,2,True,True,0-10-11
rl_fallback_unsafe,4,10,delivered_late,52.70471351418216,0.7563771537461657,156.98236813689476,2,True,False,0-9-13
rl_fallback_unsafe,4,11,delivered_on_time,130.54242813334375,0.5672884392150599,137.1729164867235,2,True,True,0-9-11
rl_fallback_unsafe,4,12,delivered_on_time,93.91036745312299,0.25834749384635736,247.765504467853,2,True,True,0-10-12
rl_fallback_unsafe,4,13,delivered_on_time,108.50631428908265,0.3308132249217526,165.48335209190813,2,True,True,0-9-11
rl_fallback_unsafe,4,14,delivered_on_time,122.37783074602473,0.4466356741360431,63.206064328528,2,True,True,0-10-13
rl_fallback_unsafe,4,15,delivered_on_time,101.31773013150077,0.2912328612377064,174.65077574865356,2,True,True,0-10-13
rl_fallback_unsafe,4,16,delivered_on_time,152.01923202296777,0.7821636987279631,160.1368909326331,2,True,True,0-10-13
rl_fallback_unsafe,4,17,delivered_late,24.903457823223285,0.1403988822257635,685.4419772997663,2,True,False,0-9-12
rl_fallback_unsafe,4,18,delivered_on_time,86.98406962869177,0.1902256436558433,331.00969641801396,2,True,True,0-10-12
rl_fallback_unsafe,4,19,delivered_on_time,101.54406486806963,0.18018398950103667,135.81284456090305,2,True,True,0-10-13
rl_fallback_unsafe,4,20,delivered_on_time,110.78292033230248,0.34426964891504686,253.76676547086095,2,True,True,0-10-11
rl_fallback_unsafe,4,21,missed_deadline,-34.33966076299965,0.7552625302402886,880.636503881471,1,False,False,0-1
rl_fallback_unsafe,4,22,delivered_on_time,90.83752109570129,0.31614935308157877,426.59408973681064,2,True,True,0-9-12
rl_fallback_unsafe,4,23,delivered_on_time,140.7945041862293,0.5561746029029848,100.80807143247102,2,True,True,0-9-12
rl_fallback_unsafe,4,24,delivered_on_time,87.86690110367846,0.4130937528178702,782.6180561468084,2,True,True,0-10-13
masked_random,5,0,missed_deadline,-61.358628526054034,0.25215145046080745,1098.7207733202656,4,False,False,0-3-5-6-7
masked_random,5,1,delivered_on_time,109.70863773517901,0.4252671192565658,313.6323488518924,2,True,True,0-10-12
masked_random,5,2,delivered_on_time,99.27865648276163,0.3190051388963382,328.75959851785296,2,True,True,0-2-11
masked_random,5,3,delivered_late,4.817952921407343,0.39272907790789546,1038.4302143290345,2,True,False,0-8-13
masked_random,5,4,missed_deadline,-42.70435792753072,0.7752307954554329,1113.4089998361646,2,False,False,0-7-2
masked_random,5,5,missed_deadline,-55.70046802222906,0.15067789789721145,1056.8706226296174,4,False,False,0-8-4-2-3
masked_random,5,6,missed_deadline,-42.45094484216875,0.4266863691631131,663.9039056504319,3,False,False,0-6-2-1
masked_random,5,7,missed_deadline,-43.475219785882004,0.8881573817772231,387.61122056616375,2,False,False,0-7-2
masked_random,5,8,max_hops,-84.90267683709406,0.4979292739224146,701.0723694898295,8,False,False,0-3-5-1-2-3-4-3-5
masked_random,5,9,missed_deadline,-30.122712758411865,0.5328797819066775,2868.757395848496,1,False,False,0-2
masked_random,5,10,delivered_late,33.1791818368376,0.8842445211643639,311.9182902755696,4,True,False,0-1-6-5-11
masked_random,5,11,delivered_on_time,49.07955317389173,0.4742150756148571,1476.505793546301,3,True,True,0-4-6-11
masked_random,5,12,missed_deadline,-51.286121079529785,0.13323357827721402,738.7711508446229,4,False,False,0-4-2-6-8
masked_random,5,13,delivered_on_time,126.00508686444522,0.5099156995789601,218.93192559454513,2,True,True,0-6-13
masked_random,5,14,missed_deadline,-57.574452999621066,0.15384686410043355,1104.779385296437,4,False,False,0-4-7-4-9
masked_random,5,15,delivered_on_time,107.41415952454166,0.4627039711051023,562.2094685414424,2,True,True,0-6-11
masked_random,5,16,delivered_on_time,69.10640351850276,0.12018839407785839,550.9785310586333,2,True,True,0-9-13
masked_random,5,17,delivered_on_time,119.49082385311905,0.5132426617469383,358.98992039361843,2,True,True,0-9-11
masked_random,5,18,delivered_on_time,78.96743837951225,0.20842224657749078,522.0016471424199,2,True,True,0-10-13
masked_random,5,19,delivered_on_time,69.77921199866799,0.36701016335888237,698.8631485593248,3,True,True,0-4-7-13
masked_random,5,20,missed_deadline,-48.963883129622246,0.3362404052038551,897.2900068568113,3,False,False,0-4-8-3
masked_random,5,21,delivered_on_time,32.701519151840394,0.2759792952532558,1093.2177212814972,4,True,True,0-3-2-10-11
masked_random,5,22,delivered_on_time,159.73574270348695,0.836446430460796,144.07023654226256,2,True,True,0-8-13
masked_random,5,23,delivered_on_time,130.51701958661258,0.5825218223283815,226.7858556181463,2,True,True,0-1-13
masked_random,5,24,delivered_on_time,106.94264480331924,0.5893183661891077,718.9285828670464,2,True,True,0-10-12
baseline_env_rules,5,0,delivered_on_time,90.31396195109392,0.25215145046080745,371.17563038615623,2,True,True,0-4-11
baseline_env_rules,5,1,delivered_on_time,126.36211682702495,0.4708170195114294,55.0656036815907,2,True,True,0-4-12
baseline_env_rules,5,2,delivered_on_time,113.34432869220566,0.3995348333370695,114.737997611451,2,True,True,0-3-11
baseline_env_rules,5,3,delivered_on_time,101.45197503470025,0.19687561662726813,46.152622512564584,2,True,True,0-8-12
baseline_env_rules,5,4,delivered_on_time,80.20656346883118,0.145951856070525,313.20252427844,2,True,True,0-9-12
baseline_env_rules,5,5,delivered_on_time,104.89151755177286,0.31140641358805843,234.9563624741508,2,True,True,0-8-12
baseline_env_rules,5,6,delivered_on_time,118.96080389679153,0.4252671192565658,189.48485681693197,2,True,True,0-3-13
baseline_env_rules,5,7,delivered_on_time,112.5403275451196,0.4013911991719973,323.520458059602,2,True,True,0-7-11
baseline_env_rules,5,8,delivered_on_time,148.65586123563878,0.8044429656748252,248.10672427331514,2,True,True,0-8-13
baseline_env_rules,5,9,delivered_on_time,104.1297946953977,0.2704317074128886,139.9881675787378,2,True,True,0-8-12
baseline_env_rules,5,10,delivered_on_time,100.81191257533094,0.3190051388963382,287.48505428784256,2,True,True,0-2-13
baseline_env_rules,5,11,delivered_on_time,95.50355881420884,0.1852920159984747,184.55261749274877,2,True,True,0-3-12
baseline_env_rules,5,12,delivered_on_time,82.52639390074177,0.11046828225839053,254.76254013974733,2,True,True,0-9-12
baseline_env_rules,5,13,delivered_on_time,107.23780333434335,0.3435822082860559,96.83520503716028,3,True,True,0-8-1-13
baseline_env_rules,5,14,delivered_on_time,107.03630626838297,0.3046317063190356,153.91282723605414,2,True,True,0-6-12
baseline_env_rules,5,15,delivered_late,50.804846388476456,0.7371864472901853,199.27078672789685,2,True,False,0-1-12
baseline_env_rules,5,16,delivered_on_time,99.67280781667962,0.2573842594042193,244.12275254567882,2,True,True,0-6-12
baseline_env_rules,5,17,delivered_on_time,172.0518486537492,0.978610040441098,248.5427179859248,2,True,True,0-5-13
baseline_env_rules,5,18,delivered_on_time,109.98370404294283,0.39272907790789546,248.95399119108572,2,True,True,0-3-13
baseline_env_rules,5,19,delivered_late,49.45511430636725,0.7321933641342765,201.93542292459665,2,True,False,0-1-12
baseline_env_rules,5,20,delivered_on_time,113.32945702469162,0.36559364015755835,61.14340167419123,2,True,True,0-5-13
baseline_env_rules,5,21,delivered_on_time,92.59042051837366,0.15562770890279307,175.16532003035366,2,True,True,0-8-13
baseline_env_rules,5,22,delivered_on_time,142.2966454578802,0.7752307954554329,293.9569847051216,2,True,True,0-3-13
baseline_env_rules,5,23,delivered_on_time,125.3211150900487,0.5359431852737477,263.34604422842625,2,True,True,0-7-13
baseline_env_rules,5,24,missed_deadline,-30.914805731063172,0.7760903092921303,209.5486112754527,1,False,False,0-8
baseline_physical,5,0,delivered_on_time,67.98264584410478,0.25215145046080745,823.37686757132,2,True,True,0-4-13
baseline_physical,5,1,delivered_on_time,126.36211682702495,0.4708170195114294,55.0656036815907,2,True,True,0-4-12
baseline_physical,5,2,delivered_on_time,113.34432869220566,0.3995348333370695,114.737997611451,2,True,True,0-3-11
baseline_physical,5,3,delivered_on_time,101.45197503470025,0.19687561662726813,46.152622512564584,2,True,True,0-8-12
baseline_physical,5,4,delivered_on_time,77.83622138537616,0.145951856070525,367.3805323922113,2,True,True,0-9-13
baseline_physical,5,5,delivered_on_time,104.89151755177286,0.31140641358805843,234.9563624741508,2,True,True,0-8-12
baseline_physical,5,6,delivered_on_time,118.96080389679153,0.4252671192565658,189.48485681693197,2,True,True,0-3-13
baseline_physical,5,7,delivered_on_time,103.16980717448196,0.4013911991719973,462.3596472460273,2,True,True,0-7-12
baseline_physical,5,8,delivered_late,32.90018031771353,0.8044429656748252,428.3185588625648,2,True,False,0-3-11
baseline_physical,5,9,delivered_on_time,104.1297946953977,0.2704317074128886,139.9881675787378,2,True,True,0-8-12
baseline_physical,5,10,delivered_on_time,95.39802278278721,0.3190051388963382,406.9589099797248,2,True,True,0-1-13
baseline_physical,5,11,delivered_on_time,95.50355881420884,0.1852920159984747,184.55261749274877,2,True,True,0-3-12
baseline_physical,5,12,delivered_on_time,78.20885474015559,0.11046828225839053,271.2693385940327,2,True,True,0-4-12
baseline_physical,5,13,delivered_on_time,107.23780333434335,0.3435822082860559,96.83520503716028,3,True,True,0-8-1-13
baseline_physical,5,14,delivered_on_time,107.03630626838297,0.3046317063190356,153.91282723605414,2,True,True,0-6-12
baseline_physical,5,15,delivered_late,42.116841112953416,0.7371864472901853,275.85899967814595,2,True,False,0-6-12
baseline_physical,5,16,delivered_on_time,99.67280781667962,0.2573842594042193,244.12275254567882,2,True,True,0-6-12
baseline_physical,5,17,delivered_late,36.63225607859819,0.978610040441098,362.5875873151712,3,True,False,0-5-1-11
baseline_physical,5,18,delivered_on_time,113.56678789005316,0.39272907790789546,292.58546621382084,2,True,True,0-8-12
baseline_physical,5,19,delivered_late,40.40807217778412,0.7321933641342765,288.49122816562084,2,True,False,0-7-13
baseline_physical,5,20,delivered_on_time,113.32945702469162,0.36559364015755835,61.14340167419123,2,True,True,0-5-13
baseline_physical,5,21,delivered_on_time,92.42770230324749,0.15562770890279307,201.19231413750515,2,True,True,0-7-12
baseline_physical,5,22,delivered_late,30.69237931105802,0.7752307954554329,477.5366126895102,2,True,False,0-7-11
baseline_physical,5,23,delivered_on_time,79.58219457964806,0.5359431852737477,1200.693976362853,2,True,True,0-7-11
baseline_physical,5,24,missed_deadline,-30.914805731063172,0.7760903092921303,209.5486112754527,1,False,False,0-8
rl_seed_7,5,0,delivered_on_time,73.67918118674017,0.25215145046080745,712.7439481882841,2,True,True,0-10-11
rl_seed_7,5,1,delivered_on_time,128.39949110904396,0.4708170195114294,74.73275123046892,2,True,True,0-9-12
rl_seed_7,5,2,delivered_on_time,115.72129885563122,0.3995348333370695,114.8966175124649,2,True,True,0-10-13
rl_seed_7,5,3,delivered_on_time,99.5411298028404,0.19687561662726813,156.08537376614925,2,True,True,0-9-13
rl_seed_7,5,4,delivered_on_time,78.52531713304437,0.145951856070525,372.78405865002276,2,True,True,0-9-11
rl_seed_7,5,5,delivered_on_time,100.06370595355015,0.31140641358805843,265.58489073726105,2,True,True,0-10-12
rl_seed_7,5,6,delivered_on_time,113.8464372897536,0.4252671192565658,237.37381517150587,2,True,True,0-9-13
rl_seed_7,5,7,delivered_on_time,100.33761414425037,0.4013911991719973,521.058049436424,2,True,True,0-10-13
rl_seed_7,5,8,delivered_on_time,151.03437009649778,0.8044429656748252,301.297744023224,2,True,True,0-10-12
rl_seed_7,5,9,delivered_on_time,96.73496328929087,0.2704317074128886,206.19037254183797,2,True,True,0-9-13
rl_seed_7,5,10,delivered_on_time,94.22931426060163,0.3190051388963382,399.51566870747035,2,True,True,0-9-12
rl_seed_7,5,11,delivered_on_time,86.51849076571241,0.1852920159984747,321.64287830679325,2,True,True,0-10-13
rl_seed_7,5,12,delivered_on_time,82.52639390074177,0.11046828225839053,254.76254013974733,2,True,True,0-9-12
rl_seed_7,5,13,delivered_on_time,109.6448737001648,0.3435822082860559,197.7874457544224,2,True,True,0-10-11
rl_seed_7,5,14,delivered_on_time,102.55934760868342,0.3046317063190356,255.6427737774962,2,True,True,0-9-11
rl_seed_7,5,15,delivered_late,46.33661466015377,0.7371864472901853,264.76879156932796,2,True,False,0-10-11
rl_seed_7,5,16,delivered_on_time,80.69056617964758,0.2573842594042193,560.8885987089814,2,True,True,0-9-13
rl_seed_7,5,17,delivered_on_time,171.8467007943857,0.978610040441098,254.84260582342313,2,True,True,0-10-11
rl_seed_7,5,18,delivered_on_time,100.17653767213987,0.39272907790789546,483.3709085713791,2,True,True,0-6-11
rl_seed_7,5,19,missed_deadline,-32.68353997728059,0.7321933641342765,184.79854133823625,1,False,False,0-10
rl_seed_7,5,20,delivered_on_time,114.7054433210403,0.36559364015755835,168.65167111667543,2,True,True,0-9-12
rl_seed_7,5,21,delivered_on_time,88.93900139309659,0.15562770890279307,244.46332234934388,2,True,True,0-9-12
rl_seed_7,5,22,delivered_late,41.32656345751914,0.7752307954554329,416.871281723939,2,True,False,0-10-12
rl_seed_7,5,23,delivered_on_time,118.08525003400693,0.5359431852737477,302.52018006720544,2,True,True,0-9-11
rl_seed_7,5,24,missed_deadline,-34.53206122340868,0.7760903092921303,223.0265483886888,1,False,False,0-9
rl_seed_42,5,0,delivered_on_time,73.67918118674017,0.25215145046080745,712.7439481882841,2,True,True,0-10-11
rl_seed_42,5,1,delivered_on_time,128.39949110904396,0.4708170195114294,74.73275123046892,2,True,True,0-9-12
rl_seed_42,5,2,delivered_on_time,115.72129885563122,0.3995348333370695,114.8966175124649,2,True,True,0-10-13
rl_seed_42,5,3,delivered_on_time,99.5411298028404,0.19687561662726813,156.08537376614925,2,True,True,0-9-13
rl_seed_42,5,4,delivered_on_time,80.20656346883118,0.145951856070525,313.20252427844,2,True,True,0-9-12
rl_seed_42,5,5,delivered_on_time,101.31100005185914,0.31140641358805843,285.1922193369736,2,True,True,0-10-13
rl_seed_42,5,6,delivered_on_time,113.8464372897536,0.4252671192565658,237.37381517150587,2,True,True,0-9-13
rl_seed_42,5,7,delivered_on_time,100.33761414425037,0.4013911991719973,521.058049436424,2,True,True,0-10-13
rl_seed_42,5,8,delivered_on_time,151.03437009649778,0.8044429656748252,301.297744023224,2,True,True,0-10-12
rl_seed_42,5,9,delivered_on_time,96.73496328929087,0.2704317074128886,206.19037254183797,2,True,True,0-9-13
rl_seed_42,5,10,delivered_on_time,94.22931426060163,0.3190051388963382,399.51566870747035,2,True,True,0-9-12
rl_seed_42,5,11,delivered_on_time,86.51849076571241,0.1852920159984747,321.64287830679325,2,True,True,0-10-13
rl_seed_42,5,12,delivered_on_time,82.52639390074177,0.11046828225839053,254.76254013974733,2,True,True,0-9-12
rl_seed_42,5,13,delivered_on_time,112.54949802909702,0.3435822082860559,128.81699595351338,2,True,True,0-9-12
rl_seed_42,5,14,delivered_on_time,102.55934760868342,0.3046317063190356,255.6427737774962,2,True,True,0-9-11
rl_seed_42,5,15,missed_deadline,-37.05476478340893,0.7371864472901853,233.6989559023515,1,False,False,0-9
rl_seed_42,5,16,delivered_on_time,80.69056617964758,0.2573842594042193,560.8885987089814,2,True,True,0-9-13
rl_seed_42,5,17,delivered_on_time,165.5848891759782,0.978610040441098,254.68782528551503,2,True,True,0-10-13
rl_seed_42,5,18,delivered_on_time,92.75034257530601,0.39272907790789546,547.4666734908994,2,True,True,0-9-13
rl_seed_42,5,19,missed_deadline,-32.68353997728059,0.7321933641342765,184.79854133823625,1,False,False,0-10
rl_seed_42,5,20,delivered_on_time,114.7054433210403,0.36559364015755835,168.65167111667543,2,True,True,0-9-12
rl_seed_42,5,21,delivered_on_time,88.93900139309659,0.15562770890279307,244.46332234934388,2,True,True,0-9-12
rl_seed_42,5,22,delivered_late,41.32656345751914,0.7752307954554329,416.871281723939,2,True,False,0-10-12
rl_seed_42,5,23,delivered_on_time,118.08525003400693,0.5359431852737477,302.52018006720544,2,True,True,0-9-11
rl_seed_42,5,24,missed_deadline,-34.53206122340868,0.7760903092921303,223.0265483886888,1,False,False,0-9
rl_seed_123,5,0,delivered_on_time,73.67918118674017,0.25215145046080745,712.7439481882841,2,True,True,0-10-11
rl_seed_123,5,1,delivered_on_time,128.39949110904396,0.4708170195114294,74.73275123046892,2,True,True,0-9-12
rl_seed_123,5,2,delivered_on_time,115.72129885563122,0.3995348333370695,114.8966175124649,2,True,True,0-10-13
rl_seed_123,5,3,delivered_on_time,99.5411298028404,0.19687561662726813,156.08537376614925,2,True,True,0-9-13
rl_seed_123,5,4,delivered_on_time,77.83622138537616,0.145951856070525,367.3805323922113,2,True,True,0-9-13
rl_seed_123,5,5,delivered_on_time,100.06370595355015,0.31140641358805843,265.58489073726105,2,True,True,0-10-12
rl_seed_123,5,6,delivered_on_time,113.8464372897536,0.4252671192565658,237.37381517150587,2,True,True,0-9-13
rl_seed_123,5,7,delivered_on_time,100.33761414425037,0.4013911991719973,521.058049436424,2,True,True,0-10-13
rl_seed_123,5,8,delivered_on_time,151.03437009649778,0.8044429656748252,301.297744023224,2,True,True,0-10-12
rl_seed_123,5,9,delivered_on_time,96.73496328929087,0.2704317074128886,206.19037254183797,2,True,True,0-9-13
rl_seed_123,5,10,delivered_on_time,94.22931426060163,0.3190051388963382,399.51566870747035,2,True,True,0-9-12
rl_seed_123,5,11,delivered_on_time,86.51849076571241,0.1852920159984747,321.64287830679325,2,True,True,0-10-13
rl_seed_123,5,12,delivered_on_time,80.0966780381679,0.11046828225839053,336.6892297885928,2,True,True,0-10-12
rl_seed_123,5,13,delivered_on_time,109.6448737001648,0.3435822082860559,197.7874457544224,2,True,True,0-10-11
rl_seed_123,5,14,delivered_on_time,98.53569586548832,0.3046317063190356,310.6148893765271,2,True,True,0-10-11
rl_seed_123,5,15,missed_deadline,-37.05476478340893,0.7371864472901853,233.6989559023515,1,False,False,0-9
rl_seed_123,5,16,delivered_on_time,80.69056617964758,0.2573842594042193,560.8885987089814,2,True,True,0-9-13
rl_seed_123,5,17,delivered_on_time,171.8467007943857,0.978610040441098,254.84260582342313,2,True,True,0-10-11
rl_seed_123,5,18,delivered_on_time,92.75034257530601,0.39272907790789546,547.4666734908994,2,True,True,0-9-13
rl_seed_123,5,19,missed_deadline,-32.68353997728059,0.7321933641342765,184.79854133823625,1,False,False,0-10
rl_seed_123,5,20,delivered_on_time,114.7054433210403,0.36559364015755835,168.65167111667543,2,True,True,0-9-12
rl_seed_123,5,21,delivered_on_time,88.93900139309659,0.15562770890279307,244.46332234934388,2,True,True,0-9-12
rl_seed_123,5,22,delivered_late,41.32656345751914,0.7752307954554329,416.871281723939,2,True,False,0-10-12
rl_seed_123,5,23,delivered_on_time,118.08525003400693,0.5359431852737477,302.52018006720544,2,True,True,0-9-11
rl_seed_123,5,24,missed_deadline,-34.53206122340868,0.7760903092921303,223.0265483886888,1,False,False,0-9
rl_fallback_invalid,5,0,delivered_on_time,73.67918118674017,0.25215145046080745,712.7439481882841,2,True,True,0-10-11
rl_fallback_invalid,5,1,delivered_on_time,128.39949110904396,0.4708170195114294,74.73275123046892,2,True,True,0-9-12
rl_fallback_invalid,5,2,delivered_on_time,115.72129885563122,0.3995348333370695,114.8966175124649,2,True,True,0-10-13
rl_fallback_invalid,5,3,delivered_on_time,99.5411298028404,0.19687561662726813,156.08537376614925,2,True,True,0-9-13
rl_fallback_invalid,5,4,delivered_on_time,78.52531713304437,0.145951856070525,372.78405865002276,2,True,True,0-9-11
rl_fallback_invalid,5,5,delivered_on_time,100.06370595355015,0.31140641358805843,265.58489073726105,2,True,True,0-10-12
rl_fallback_invalid,5,6,delivered_on_time,113.8464372897536,0.4252671192565658,237.37381517150587,2,True,True,0-9-13
rl_fallback_invalid,5,7,delivered_on_time,100.33761414425037,0.4013911991719973,521.058049436424,2,True,True,0-10-13
rl_fallback_invalid,5,8,delivered_on_time,151.03437009649778,0.8044429656748252,301.297744023224,2,True,True,0-10-12
rl_fallback_invalid,5,9,delivered_on_time,96.73496328929087,0.2704317074128886,206.19037254183797,2,True,True,0-9-13
rl_fallback_invalid,5,10,delivered_on_time,94.22931426060163,0.3190051388963382,399.51566870747035,2,True,True,0-9-12
rl_fallback_invalid,5,11,delivered_on_time,86.51849076571241,0.1852920159984747,321.64287830679325,2,True,True,0-10-13
rl_fallback_invalid,5,12,delivered_on_time,82.52639390074177,0.11046828225839053,254.76254013974733,2,True,True,0-9-12
rl_fallback_invalid,5,13,delivered_on_time,109.6448737001648,0.3435822082860559,197.7874457544224,2,True,True,0-10-11
rl_fallback_invalid,5,14,delivered_on_time,102.55934760868342,0.3046317063190356,255.6427737774962,2,True,True,0-9-11
rl_fallback_invalid,5,15,delivered_late,46.33661466015377,0.7371864472901853,264.76879156932796,2,True,False,0-10-11
rl_fallback_invalid,5,16,delivered_on_time,80.69056617964758,0.2573842594042193,560.8885987089814,2,True,True,0-9-13
rl_fallback_invalid,5,17,delivered_on_time,171.8467007943857,0.978610040441098,254.84260582342313,2,True,True,0-10-11
rl_fallback_invalid,5,18,delivered_on_time,100.17653767213987,0.39272907790789546,483.3709085713791,2,True,True,0-6-11
rl_fallback_invalid,5,19,missed_deadline,-32.68353997728059,0.7321933641342765,184.79854133823625,1,False,False,0-10
rl_fallback_invalid,5,20,delivered_on_time,114.7054433210403,0.36559364015755835,168.65167111667543,2,True,True,0-9-12
rl_fallback_invalid,5,21,delivered_on_time,88.93900139309659,0.15562770890279307,244.46332234934388,2,True,True,0-9-12
rl_fallback_invalid,5,22,delivered_late,41.32656345751914,0.7752307954554329,416.871281723939,2,True,False,0-10-12
rl_fallback_invalid,5,23,delivered_on_time,118.08525003400693,0.5359431852737477,302.52018006720544,2,True,True,0-9-11
rl_fallback_invalid,5,24,missed_deadline,-34.53206122340868,0.7760903092921303,223.0265483886888,1,False,False,0-9
rl_fallback_unsafe,5,0,delivered_on_time,73.67918118674017,0.25215145046080745,712.7439481882841,2,True,True,0-10-11
rl_fallback_unsafe,5,1,delivered_on_time,128.39949110904396,0.4708170195114294,74.73275123046892,2,True,True,0-9-12
rl_fallback_unsafe,5,2,delivered_on_time,115.72129885563122,0.3995348333370695,114.8966175124649,2,True,True,0-10-13
rl_fallback_unsafe,5,3,delivered_on_time,99.5411298028404,0.19687561662726813,156.08537376614925,2,True,True,0-9-13
rl_fallback_unsafe,5,4,delivered_on_time,78.52531713304437,0.145951856070525,372.78405865002276,2,True,True,0-9-11
rl_fallback_unsafe,5,5,delivered_on_time,100.06370595355015,0.31140641358805843,265.58489073726105,2,True,True,0-10-12
rl_fallback_unsafe,5,6,delivered_on_time,113.8464372897536,0.4252671192565658,237.37381517150587,2,True,True,0-9-13
rl_fallback_unsafe,5,7,delivered_on_time,100.33761414425037,0.4013911991719973,521.058049436424,2,True,True,0-10-13
rl_fallback_unsafe,5,8,delivered_on_time,151.03437009649778,0.8044429656748252,301.297744023224,2,True,True,0-10-12
rl_fallback_unsafe,5,9,delivered_on_time,96.73496328929087,0.2704317074128886,206.19037254183797,2,True,True,0-9-13
rl_fallback_unsafe,5,10,delivered_on_time,94.22931426060163,0.3190051388963382,399.51566870747035,2,True,True,0-9-12
rl_fallback_unsafe,5,11,delivered_on_time,86.51849076571241,0.1852920159984747,321.64287830679325,2,True,True,0-10-13
rl_fallback_unsafe,5,12,delivered_on_time,82.52639390074177,0.11046828225839053,254.76254013974733,2,True,True,0-9-12
rl_fallback_unsafe,5,13,delivered_on_time,109.6448737001648,0.3435822082860559,197.7874457544224,2,True,True,0-10-11
rl_fallback_unsafe,5,14,delivered_on_time,102.55934760868342,0.3046317063190356,255.6427737774962,2,True,True,0-9-11
rl_fallback_unsafe,5,15,delivered_late,46.33661466015377,0.7371864472901853,264.76879156932796,2,True,False,0-10-11
rl_fallback_unsafe,5,16,delivered_on_time,80.69056617964758,0.2573842594042193,560.8885987089814,2,True,True,0-9-13
rl_fallback_unsafe,5,17,delivered_on_time,171.8467007943857,0.978610040441098,254.84260582342313,2,True,True,0-10-11
rl_fallback_unsafe,5,18,delivered_on_time,100.17653767213987,0.39272907790789546,483.3709085713791,2,True,True,0-6-11
rl_fallback_unsafe,5,19,missed_deadline,-32.68353997728059,0.7321933641342765,184.79854133823625,1,False,False,0-10
rl_fallback_unsafe,5,20,delivered_on_time,114.7054433210403,0.36559364015755835,168.65167111667543,2,True,True,0-9-12
rl_fallback_unsafe,5,21,delivered_on_time,88.93900139309659,0.15562770890279307,244.46332234934388,2,True,True,0-9-12
rl_fallback_unsafe,5,22,delivered_late,30.69237931105802,0.7752307954554329,477.5366126895102,2,True,False,0-7-11
rl_fallback_unsafe,5,23,delivered_on_time,118.08525003400693,0.5359431852737477,302.52018006720544,2,True,True,0-9-11
rl_fallback_unsafe,5,24,missed_deadline,-34.53206122340868,0.7760903092921303,223.0265483886888,1,False,False,0-9
masked_random,6,0,delivered_on_time,132.50897017476402,0.5284517640916812,136.86191352642717,2,True,True,0-9-11
masked_random,6,1,missed_deadline,-32.36496715575616,0.9251292935552058,496.71469114021744,1,False,False,0-5
masked_random,6,2,missed_deadline,-34.161429097305344,0.8862676310778214,731.2657713355217,1,False,False,0-8
masked_random,6,3,delivered_late,-21.131348569540854,0.5658264965554449,739.4660972066855,8,True,False,0-8-1-2-7-3-2-9-13
masked_random,6,4,delivered_on_time,100.76703328572707,0.4258773426960337,284.47958936975886,3,True,True,0-5-10-12
masked_random,6,5,missed_deadline,-36.06228296843228,0.7876116428141977,590.8674866622191,2,False,False,0-1-6
masked_random,6,6,missed_deadline,-43.625951617989756,0.8130501525243333,244.03414436945084,2,False,False,0-6-4
masked_random,6,7,missed_deadline,-33.20850016948157,0.9580657236874073,1289.6856728878884,1,False,False,0-2
masked_random,6,8,delivered_late,-77.96576173339002,0.9796725705530629,2752.391626726122,2,True,False,0-7-11
masked_random,6,9,delivered_on_time,143.5181634216874,0.7041992383990998,229.6389887712727,2,True,True,0-6-11
masked_random,6,10,delivered_on_time,128.53304840346797,0.5716343006757075,187.53990715415807,3,True,True,0-8-6-13
masked_random,6,11,delivered_on_time,22.35841297974313,0.10282115601684469,907.732783459936,5,True,True,0-7-3-6-4-12
masked_random,6,12,delivered_on_time,20.032098176341727,0.3058510752542757,1392.2536317114796,5,True,True,0-5-2-5-10-11
masked_random,6,13,delivered_on_time,89.34377167491981,0.5991216019881123,924.2144397862804,3,True,True,0-6-9-13
masked_random,6,14,delivered_on_time,72.84514517098602,0.1968590984686708,594.7888418952402,2,True,True,0-9-11
masked_random,6,15,delivered_late,-41.75198121684684,0.5701121940909895,1719.4999651595645,4,True,False,0-4-3-8-11
masked_random,6,16,delivered_on_time,74.25649701649346,0.34742497414007756,865.0776975890186,2,True,True,0-1-13
masked_random,6,17,delivered_on_time,91.20443446569445,0.5377485822563701,753.5517487618476,3,True,True,0-2-1-13
masked_random,6,18,missed_deadline,-40.580996684719366,0.42326346707100926,2245.8520206809912,2,False,False,0-4-5
masked_random,6,19,delivered_on_time,95.84079930759465,0.3498662198319371,416.9120107712447,2,True,True,0-9-12
masked_random,6,20,missed_deadline,-30.90266714443581,0.9841716859366567,2088.219002612215,1,False,False,0-3
masked_random,6,21,delivered_late,31.52880706727884,0.903167413756623,397.3672072209748,3,True,False,0-1-9-12
masked_random,6,22,missed_deadline,-43.087962219918204,0.50128166656942,5538.791057697054,2,False,False,0-4-10
masked_random,6,23,delivered_on_time,71.47404668608627,0.4060621133184511,614.1736990233195,4,True,True,0-2-6-2-13
masked_random,6,24,delivered_on_time,147.99423409824266,0.7629498554793107,191.04957138193006,2,True,True,0-10-11
baseline_env_rules,6,0,delivered_on_time,132.4935524455941,0.5284517640916812,69.43565784797723,2,True,True,0-2-12
baseline_env_rules,6,1,missed_deadline,-32.88440443043121,0.7605822744235571,217.2946486078889,1,False,False,0-8
baseline_env_rules,6,2,delivered_on_time,102.26702737528349,0.24000125630765298,116.37260598747963,2,True,True,0-3-11
baseline_env_rules,6,3,delivered_on_time,171.50208571987181,0.9251292935552058,146.16484511397255,2,True,True,0-1-12
baseline_env_rules,6,4,delivered_late,46.56793902765953,0.7192786711971634,297.5878011612474,2,True,False,0-9-12
baseline_env_rules,6,5,delivered_on_time,104.83469845040557,0.4221729879832211,387.6345077957368,2,True,True,0-9-11
baseline_env_rules,6,6,delivered_late,52.03673445979222,0.8862676310778214,258.8655594825941,2,True,False,0-3-12
baseline_env_rules,6,7,delivered_on_time,137.78027654090843,0.5430764629121012,57.51003559199906,2,True,True,0-4-11
baseline_env_rules,6,8,delivered_on_time,139.7050901463788,0.5658264965554449,90.46305398989824,2,True,True,0-2-13
baseline_env_rules,6,9,delivered_on_time,90.31664130583457,0.19450875809965593,240.79593165201743,2,True,True,0-3-11
baseline_env_rules,6,10,delivered_on_time,121.87958911011361,0.5500245049945817,277.64279277331667,2,True,True,0-2-13
baseline_env_rules,6,11,delivered_on_time,124.39476590518107,0.5532199103893097,239.01872266331594,2,True,True,0-9-12
baseline_env_rules,6,12,delivered_on_time,140.40655102344476,0.7256739799625741,296.25373817396695,2,True,True,0-5-13
baseline_env_rules,6,13,delivered_on_time,147.40865389710095,0.7084022043433623,155.30505876222048,2,True,True,0-3-11
baseline_env_rules,6,14,delivered_on_time,151.83358091850118,0.7655174151343459,161.22820775735704,2,True,True,0-8-11
baseline_env_rules,6,15,delivered_on_time,118.18622748392264,0.5020596405486263,306.5425077956677,2,True,True,0-1-13
baseline_env_rules,6,16,delivered_late,46.0670768619852,0.8408648258571036,240.40268349982932,2,True,False,0-6-13
baseline_env_rules,6,17,delivered_on_time,125.0040059494638,0.4258773426960337,58.603081920393194,2,True,True,0-8-11
baseline_env_rules,6,18,delivered_on_time,80.15813795294235,0.14629357904881654,375.04305312442614,2,True,True,0-4-11
baseline_env_rules,6,19,delivered_on_time,112.48681096771726,0.41965102160634116,258.8232920628032,2,True,True,0-6-11
baseline_env_rules,6,20,delivered_on_time,161.90929017706077,0.8591563216329717,255.11888188173975,2,True,True,0-9-11
baseline_env_rules,6,21,delivered_on_time,144.75593420723786,0.7876116428141977,102.64884520945385,3,True,True,0-5-10-12
baseline_env_rules,6,22,delivered_late,42.751936542942815,0.7331032328153181,312.69183937958064,2,True,False,0-7-12
baseline_env_rules,6,23,delivered_on_time,170.8494301941147,0.9029853329724542,76.06596047074717,2,True,True,0-4-13
baseline_env_rules,6,24,delivered_on_time,126.65117929995995,0.5802832431410366,192.08310701713833,2,True,True,0-6-12
baseline_physical,6,0,delivered_on_time,132.4935524455941,0.5284517640916812,69.43565784797723,2,True,True,0-2-12
baseline_physical,6,1,missed_deadline,-31.46097431634484,0.7605822744235571,229.31201285801572,1,False,False,0-5
baseline_physical,6,2,delivered_on_time,102.26702737528349,0.24000125630765298,116.37260598747963,2,True,True,0-3-11
baseline_physical,6,3,delivered_on_time,171.50208571987181,0.9251292935552058,146.16484511397255,2,True,True,0-1-12
baseline_physical,6,4,missed_deadline,-31.38748501626977,0.7192786711971634,265.05792558435587,1,False,False,0-10
baseline_physical,6,5,delivered_on_time,96.63310898425549,0.4221729879832211,503.1927986729646,3,True,True,0-3-2-12
baseline_physical,6,6,missed_deadline,-36.91066010701095,0.8862676310778214,562.3508980590717,2,False,False,0-3-4
baseline_physical,6,7,delivered_on_time,137.78027654090843,0.5430764629121012,57.51003559199906,2,True,True,0-4-11
baseline_physical,6,8,delivered_on_time,139.7050901463788,0.5658264965554449,90.46305398989824,2,True,True,0-2-13
baseline_physical,6,9,delivered_on_time,93.9468370520691,0.19450875809965593,249.0714368875836,2,True,True,0-3-13
baseline_physical,6,10,delivered_on_time,117.73451654007785,0.5500245049945817,454.23161019284396,2,True,True,0-6-13
baseline_physical,6,11,delivered_on_time,105.23703428524317,0.5532199103893097,454.72675984368107,3,True,True,0-2-3-11
baseline_physical,6,12,delivered_late,18.90274489491511,0.7256739799625741,640.7855878833334,3,True,False,0-8-1-11
baseline_physical,6,13,delivered_on_time,147.40865389710095,0.7084022043433623,155.30505876222048,2,True,True,0-3-11
baseline_physical,6,14,delivered_on_time,151.83358091850118,0.7655174151343459,161.22820775735704,2,True,True,0-8-11
baseline_physical,6,15,delivered_on_time,119.57926730287588,0.5020596405486263,322.54396293021443,2,True,True,0-4-11
baseline_physical,6,16,delivered_late,42.0449152565014,0.8408648258571036,241.17790253676992,2,True,False,0-6-11
baseline_physical,6,17,delivered_on_time,125.0040059494638,0.4258773426960337,58.603081920393194,2,True,True,0-8-11
baseline_physical,6,18,delivered_on_time,79.21819323315292,0.14629357904881654,403.6635845411067,2,True,True,0-3-13
baseline_physical,6,19,delivered_on_time,103.67352473807024,0.41965102160634116,554.0897148288655,2,True,True,0-9-12
baseline_physical,6,20,delivered_late,44.05630416163129,0.8591563216329717,292.44759373954975,2,True,False,0-1-11
baseline_physical,6,21,delivered_on_time,144.75593420723786,0.7876116428141977,102.64884520945385,3,True,True,0-5-10-12
baseline_physical,6,22,delivered_late,42.751936542942815,0.7331032328153181,312.69183937958064,2,True,False,0-7-12
baseline_physical,6,23,delivered_on_time,170.8494301941147,0.9029853329724542,76.06596047074717,2,True,True,0-4-13
baseline_physical,6,24,delivered_on_time,77.36720383299343,0.5802832431410366,1277.0936707629273,2,True,True,0-10-11
rl_seed_7,6,0,delivered_on_time,131.90526163421367,0.5284517640916812,133.8034126004896,2,True,True,0-9-12
rl_seed_7,6,1,missed_deadline,-30.308594620155553,0.7605822744235571,381.8853366455578,1,False,False,0-9
rl_seed_7,6,2,delivered_on_time,93.89139165222574,0.24000125630765298,227.9023456918795,2,True,True,0-10-11
rl_seed_7,6,3,delivered_on_time,165.3001512557774,0.9251292935552058,278.66346486181584,2,True,True,0-9-12
rl_seed_7,6,4,delivered_late,46.56793902765953,0.7192786711971634,297.5878011612474,2,True,False,0-9-12
rl_seed_7,6,5,delivered_on_time,104.83469845040557,0.4221729879832211,387.6345077957368,2,True,True,0-9-11
rl_seed_7,6,6,missed_deadline,-36.09769994431868,0.8862676310778214,206.57395908926418,1,False,False,0-9
rl_seed_7,6,7,delivered_on_time,135.25553240868877,0.5430764629121012,64.15876604702946,2,True,True,0-9-12
rl_seed_7,6,8,delivered_on_time,132.17319936153933,0.5658264965554449,144.93648529942993,2,True,True,0-10-12
rl_seed_7,6,9,delivered_on_time,82.23711018798718,0.19450875809965593,416.40066197472413,2,True,True,0-10-13
rl_seed_7,6,10,delivered_on_time,121.16475460676556,0.5500245049945817,427.09146261600796,2,True,True,0-9-11
rl_seed_7,6,11,delivered_on_time,124.39476590518107,0.5532199103893097,239.01872266331594,2,True,True,0-9-12
rl_seed_7,6,12,missed_deadline,-32.979764481307235,0.7256739799625741,1016.6922442067198,1,False,False,0-6
rl_seed_7,6,13,delivered_on_time,143.47450764704536,0.7084022043433623,196.3998378940496,2,True,True,0-10-12
rl_seed_7,6,14,delivered_on_time,148.39663265684356,0.7655174151343459,226.5795557476046,2,True,True,0-10-11
rl_seed_7,6,15,delivered_on_time,113.58130207605535,0.5020596405486263,426.55189238007483,2,True,True,0-9-13
rl_seed_7,6,16,delivered_late,42.0449152565014,0.8408648258571036,241.17790253676992,2,True,False,0-6-11
rl_seed_7,6,17,delivered_on_time,114.76924106882271,0.4258773426960337,302.997495461606,2,True,True,0-10-11
rl_seed_7,6,18,delivered_on_time,78.0752579404997,0.14629357904881654,389.8917766963084,2,True,True,0-9-11
rl_seed_7,6,19,delivered_on_time,108.09332631539957,0.41965102160634116,504.41875791650165,2,True,True,0-9-13
rl_seed_7,6,20,delivered_late,47.37767959126134,0.8591563216329717,313.6987919949331,2,True,False,0-10-12
rl_seed_7,6,21,delivered_on_time,153.45281946398507,0.7876116428141977,149.652134329393,2,True,True,0-10-13
rl_seed_7,6,22,delivered_late,42.91312509795377,0.7331032328153181,378.0467097210112,2,True,False,0-6-12
rl_seed_7,6,23,delivered_on_time,169.06970480341644,0.9029853329724542,132.2227214534831,2,True,True,0-9-13
rl_seed_7,6,24,delivered_on_time,128.1363439558837,0.5802832431410366,238.90415339831594,2,True,True,0-10-12
rl_seed_42,6,0,delivered_on_time,131.90526163421367,0.5284517640916812,133.8034126004896,2,True,True,0-9-12
rl_seed_42,6,1,missed_deadline,-30.308594620155553,0.7605822744235571,381.8853366455578,1,False,False,0-9
rl_seed_42,6,2,delivered_on_time,93.89139165222574,0.24000125630765298,227.9023456918795,2,True,True,0-10-11
rl_seed_42,6,3,delivered_on_time,165.3001512557774,0.9251292935552058,278.66346486181584,2,True,True,0-9-12
rl_seed_42,6,4,delivered_late,46.56793902765953,0.7192786711971634,297.5878011612474,2,True,False,0-9-12
rl_seed_42,6,5,delivered_on_time,104.83469845040557,0.4221729879832211,387.6345077957368,2,True,True,0-9-11
rl_seed_42,6,6,missed_deadline,-36.09769994431868,0.8862676310778214,206.57395908926418,1,False,False,0-9
rl_seed_42,6,7,delivered_on_time,135.25553240868877,0.5430764629121012,64.15876604702946,2,True,True,0-9-12
rl_seed_42,6,8,delivered_on_time,132.17319936153933,0.5658264965554449,144.93648529942993,2,True,True,0-10-12
rl_seed_42,6,9,delivered_on_time,82.23711018798718,0.19450875809965593,416.40066197472413,2,True,True,0-10-13
rl_seed_42,6,10,delivered_on_time,121.16475460676556,0.5500245049945817,427.09146261600796,2,True,True,0-9-11
rl_seed_42,6,11,delivered_on_time,124.39476590518107,0.5532199103893097,239.01872266331594,2,True,True,0-9-12
rl_seed_42,6,12,missed_deadline,-33.32425527425562,0.7256739799625741,805.4763165431729,1,False,False,0-9
rl_seed_42,6,13,delivered_on_time,145.73850208184479,0.7084022043433623,207.1427496991409,2,True,True,0-9-13
rl_seed_42,6,14,delivered_on_time,148.39663265684356,0.7655174151343459,226.5795557476046,2,True,True,0-10-11
rl_seed_42,6,15,delivered_on_time,113.58130207605535,0.5020596405486263,426.55189238007483,2,True,True,0-9-13
rl_seed_42,6,16,delivered_late,42.645901537936126,0.8408648258571036,319.8577365402268,2,True,False,0-8-12
rl_seed_42,6,17,delivered_on_time,109.830847638312,0.4258773426960337,312.49054304777343,2,True,True,0-9-11
rl_seed_42,6,18,delivered_on_time,78.0752579404997,0.14629357904881654,389.8917766963084,2,True,True,0-9-11
rl_seed_42,6,19,delivered_on_time,108.09332631539957,0.41965102160634116,504.41875791650165,2,True,True,0-9-13
rl_seed_42,6,20,delivered_late,47.37767959126134,0.8591563216329717,313.6987919949331,2,True,False,0-10-12
rl_seed_42,6,21,delivered_on_time,153.45281946398507,0.7876116428141977,149.652134329393,2,True,True,0-10-13
rl_seed_42,6,22,missed_deadline,-35.79766385047408,0.7331032328153181,695.7804770372397,1,False,False,0-9
rl_seed_42,6,23,delivered_on_time,169.06970480341644,0.9029853329724542,132.2227214534831,2,True,True,0-9-13
rl_seed_42,6,24,delivered_on_time,128.1363439558837,0.5802832431410366,238.90415339831594,2,True,True,0-10-12
rl_seed_123,6,0,delivered_on_time,131.90526163421367,0.5284517640916812,133.8034126004896,2,True,True,0-9-12
rl_seed_123,6,1,missed_deadline,-30.308594620155553,0.7605822744235571,381.8853366455578,1,False,False,0-9
rl_seed_123,6,2,delivered_on_time,93.89139165222574,0.24000125630765298,227.9023456918795,2,True,True,0-10-11
rl_seed_123,6,3,delivered_on_time,169.11857941767727,0.9251292935552058,207.26579188545855,2,True,True,0-9-11
rl_seed_123,6,4,delivered_late,46.56793902765953,0.7192786711971634,297.5878011612474,2,True,False,0-9-12
rl_seed_123,6,5,delivered_on_time,104.83469845040557,0.4221729879832211,387.6345077957368,2,True,True,0-9-11
rl_seed_123,6,6,missed_deadline,-36.09769994431868,0.8862676310778214,206.57395908926418,1,False,False,0-9
rl_seed_123,6,7,delivered_on_time,135.25553240868877,0.5430764629121012,64.15876604702946,2,True,True,0-9-12
rl_seed_123,6,8,delivered_on_time,132.17319936153933,0.5658264965554449,144.93648529942993,2,True,True,0-10-12
rl_seed_123,6,9,delivered_on_time,82.23711018798718,0.19450875809965593,416.40066197472413,2,True,True,0-10-13
rl_seed_123,6,10,delivered_on_time,121.16475460676556,0.5500245049945817,427.09146261600796,2,True,True,0-9-11
rl_seed_123,6,11,delivered_on_time,124.39476590518107,0.5532199103893097,239.01872266331594,2,True,True,0-9-12
rl_seed_123,6,12,missed_deadline,-33.32425527425562,0.7256739799625741,805.4763165431729,1,False,False,0-9
rl_seed_123,6,13,delivered_on_time,143.47450764704536,0.7084022043433623,196.3998378940496,2,True,True,0-10-12
rl_seed_123,6,14,delivered_on_time,148.39663265684356,0.7655174151343459,226.5795557476046,2,True,True,0-10-11
rl_seed_123,6,15,delivered_on_time,113.14207303622445,0.5020596405486263,439.59187327229813,2,True,True,0-10-11
rl_seed_123,6,16,delivered_late,41.58264786987356,0.8408648258571036,349.0383749420372,2,True,False,0-1-13
rl_seed_123,6,17,delivered_on_time,117.24264250947196,0.4258773426960337,198.9446029705427,2,True,True,0-1-11
rl_seed_123,6,18,delivered_on_time,78.0752579404997,0.14629357904881654,389.8917766963084,2,True,True,0-9-11
rl_seed_123,6,19,delivered_on_time,108.89676897474935,0.41965102160634116,449.4962142827591,2,True,True,0-9-11
rl_seed_123,6,20,delivered_late,47.37767959126134,0.8591563216329717,313.6987919949331,2,True,False,0-10-12
rl_seed_123,6,21,delivered_on_time,155.8654611168972,0.7876116428141977,136.53199201022778,2,True,True,0-10-11
rl_seed_123,6,22,missed_deadline,-33.195211921898476,0.7331032328153181,602.4812789887828,1,False,False,0-10
rl_seed_123,6,23,delivered_on_time,171.44482180919962,0.9029853329724542,145.1782940023686,2,True,True,0-9-12
rl_seed_123,6,24,delivered_on_time,128.1363439558837,0.5802832431410366,238.90415339831594,2,True,True,0-10-12
rl_fallback_invalid,6,0,delivered_on_time,131.90526163421367,0.5284517640916812,133.8034126004896,2,True,True,0-9-12
rl_fallback_invalid,6,1,missed_deadline,-30.308594620155553,0.7605822744235571,381.8853366455578,1,False,False,0-9
rl_fallback_invalid,6,2,delivered_on_time,93.89139165222574,0.24000125630765298,227.9023456918795,2,True,True,0-10-11
rl_fallback_invalid,6,3,delivered_on_time,165.3001512557774,0.9251292935552058,278.66346486181584,2,True,True,0-9-12
rl_fallback_invalid,6,4,delivered_late,46.56793902765953,0.7192786711971634,297.5878011612474,2,True,False,0-9-12
rl_fallback_invalid,6,5,delivered_on_time,104.83469845040557,0.4221729879832211,387.6345077957368,2,True,True,0-9-11
rl_fallback_invalid,6,6,missed_deadline,-36.09769994431868,0.8862676310778214,206.57395908926418,1,False,False,0-9
rl_fallback_invalid,6,7,delivered_on_time,135.25553240868877,0.5430764629121012,64.15876604702946,2,True,True,0-9-12
rl_fallback_invalid,6,8,delivered_on_time,132.17319936153933,0.5658264965554449,144.93648529942993,2,True,True,0-10-12
rl_fallback_invalid,6,9,delivered_on_time,82.23711018798718,0.19450875809965593,416.40066197472413,2,True,True,0-10-13
rl_fallback_invalid,6,10,delivered_on_time,121.16475460676556,0.5500245049945817,427.09146261600796,2,True,True,0-9-11
rl_fallback_invalid,6,11,delivered_on_time,124.39476590518107,0.5532199103893097,239.01872266331594,2,True,True,0-9-12
rl_fallback_invalid,6,12,missed_deadline,-32.979764481307235,0.7256739799625741,1016.6922442067198,1,False,False,0-6
rl_fallback_invalid,6,13,delivered_on_time,143.47450764704536,0.7084022043433623,196.3998378940496,2,True,True,0-10-12
rl_fallback_invalid,6,14,delivered_on_time,148.39663265684356,0.7655174151343459,226.5795557476046,2,True,True,0-10-11
rl_fallback_invalid,6,15,delivered_on_time,113.58130207605535,0.5020596405486263,426.55189238007483,2,True,True,0-9-13
rl_fallback_invalid,6,16,delivered_late,42.0449152565014,0.8408648258571036,241.17790253676992,2,True,False,0-6-11
rl_fallback_invalid,6,17,delivered_on_time,114.76924106882271,0.4258773426960337,302.997495461606,2,True,True,0-10-11
rl_fallback_invalid,6,18,delivered_on_time,78.0752579404997,0.14629357904881654,389.8917766963084,2,True,True,0-9-11
rl_fallback_invalid,6,19,delivered_on_time,108.09332631539957,0.41965102160634116,504.41875791650165,2,True,True,0-9-13
rl_fallback_invalid,6,20,delivered_late,47.37767959126134,0.8591563216329717,313.6987919949331,2,True,False,0-10-12
rl_fallback_invalid,6,21,delivered_on_time,153.45281946398507,0.7876116428141977,149.652134329393,2,True,True,0-10-13
rl_fallback_invalid,6,22,delivered_late,42.91312509795377,0.7331032328153181,378.0467097210112,2,True,False,0-6-12
rl_fallback_invalid,6,23,delivered_on_time,169.06970480341644,0.9029853329724542,132.2227214534831,2,True,True,0-9-13
rl_fallback_invalid,6,24,delivered_on_time,128.1363439558837,0.5802832431410366,238.90415339831594,2,True,True,0-10-12
rl_fallback_unsafe,6,0,delivered_on_time,131.90526163421367,0.5284517640916812,133.8034126004896,2,True,True,0-9-12
rl_fallback_unsafe,6,1,missed_deadline,-31.46097431634484,0.7605822744235571,229.31201285801572,1,False,False,0-5
rl_fallback_unsafe,6,2,delivered_on_time,93.89139165222574,0.24000125630765298,227.9023456918795,2,True,True,0-10-11
rl_fallback_unsafe,6,3,delivered_on_time,165.3001512557774,0.9251292935552058,278.66346486181584,2,True,True,0-9-12
rl_fallback_unsafe,6,4,delivered_late,46.56793902765953,0.7192786711971634,297.5878011612474,2,True,False,0-9-12
rl_fallback_unsafe,6,5,delivered_on_time,104.83469845040557,0.4221729879832211,387.6345077957368,2,True,True,0-9-11
rl_fallback_unsafe,6,6,missed_deadline,-36.09769994431868,0.8862676310778214,206.57395908926418,1,False,False,0-9
rl_fallback_unsafe,6,7,delivered_on_time,135.25553240868877,0.5430764629121012,64.15876604702946,2,True,True,0-9-12
rl_fallback_unsafe,6,8,delivered_on_time,132.17319936153933,0.5658264965554449,144.93648529942993,2,True,True,0-10-12
rl_fallback_unsafe,6,9,delivered_on_time,82.23711018798718,0.19450875809965593,416.40066197472413,2,True,True,0-10-13
rl_fallback_unsafe,6,10,delivered_on_time,121.16475460676556,0.5500245049945817,427.09146261600796,2,True,True,0-9-11
rl_fallback_unsafe,6,11,delivered_on_time,124.39476590518107,0.5532199103893097,239.01872266331594,2,True,True,0-9-12
rl_fallback_unsafe,6,12,delivered_on_time,141.2516707683854,0.7256739799625741,323.85363468638366,2,True,True,0-8-11
rl_fallback_unsafe,6,13,delivered_on_time,143.47450764704536,0.7084022043433623,196.3998378940496,2,True,True,0-10-12
rl_fallback_unsafe,6,14,delivered_on_time,148.39663265684356,0.7655174151343459,226.5795557476046,2,True,True,0-10-11
rl_fallback_unsafe,6,15,delivered_on_time,113.58130207605535,0.5020596405486263,426.55189238007483,2,True,True,0-9-13
rl_fallback_unsafe,6,16,delivered_late,42.0449152565014,0.8408648258571036,241.17790253676992,2,True,False,0-6-11
rl_fallback_unsafe,6,17,delivered_on_time,114.76924106882271,0.4258773426960337,302.997495461606,2,True,True,0-10-11
rl_fallback_unsafe,6,18,delivered_on_time,75.6731494080821,0.14629357904881654,463.2815477106218,2,True,True,0-9-13
rl_fallback_unsafe,6,19,delivered_on_time,108.09332631539957,0.41965102160634116,504.41875791650165,2,True,True,0-9-13
rl_fallback_unsafe,6,20,delivered_late,47.37767959126134,0.8591563216329717,313.6987919949331,2,True,False,0-10-12
rl_fallback_unsafe,6,21,delivered_on_time,153.45281946398507,0.7876116428141977,149.652134329393,2,True,True,0-10-13
rl_fallback_unsafe,6,22,missed_deadline,-39.133228196351205,0.7331032328153181,368.0811807727962,2,False,False,0-6-9
rl_fallback_unsafe,6,23,delivered_on_time,169.06970480341644,0.9029853329724542,132.2227214534831,2,True,True,0-9-13
rl_fallback_unsafe,6,24,delivered_on_time,128.1363439558837,0.5802832431410366,238.90415339831594,2,True,True,0-10-12
masked_random,7,0,missed_deadline,-34.194171134800825,0.26573482843218954,1019.1541785282882,2,False,False,0-4-8
masked_random,7,1,missed_deadline,-31.901261548239887,0.7214938482398112,680.2441964127053,1,False,False,0-6
masked_random,7,2,delivered_on_time,101.19714923008262,0.38124648745514667,400.9685374367807,2,True,True,0-10-12
masked_random,7,3,delivered_late,-58.89137971054174,0.595397124362398,2221.129051944757,3,True,False,0-3-1-11
masked_random,7,4,delivered_on_time,82.27128518707895,0.10672046724009351,214.87150132925814,2,True,True,0-6-12
masked_random,7,5,delivered_on_time,48.754089264495605,0.19991987037647593,591.1036374639448,5,True,True,0-4-6-7-9-13
masked_random,7,6,missed_deadline,-37.68214359265982,0.9922544132210379,517.7690735085839,2,False,False,0-1-8
masked_random,7,7,delivered_late,1.2470339987612107,0.31342852577763647,755.4225744093867,5,True,False,0-2-6-7-1-11
masked_random,7,8,delivered_on_time,90.18449856760283,0.3839958035192619,329.0236282827798,4,True,True,0-1-4-9-11
masked_random,7,9,delivered_on_time,106.90846476857024,0.4112813715399597,184.03690675160445,3,True,True,0-5-6-11
masked_random,7,10,delivered_on_time,77.00650755558853,0.1201319212011823,371.65828907618527,2,True,True,0-10-11
masked_random,7,11,delivered_on_time,178.4077833311474,0.9969598391442098,164.91746553240728,2,True,True,0-10-11
masked_random,7,12,delivered_on_time,68.90602888560906,0.12738578070323972,372.33100494976804,3,True,True,0-1-10-11
masked_random,7,13,delivered_late,-12.708143390835524,0.23380259445817256,1297.6785982525657,3,True,False,0-5-1-12
masked_random,7,14,missed_deadline,-32.9074348658022,0.9338783462584833,1150.9853471511303,1,False,False,0-4
masked_random,7,15,missed_deadline,-33.512346364670286,0.9658519647342703,2968.241777148146,1,False,False,0-7
masked_random,7,16,delivered_on_time,114.25225309450175,0.3698330858751391,229.0067536000966,2,True,True,0-7-12
masked_random,7,17,delivered_on_time,113.87730834335468,0.4438585872138887,324.4468057346171,2,True,True,0-9-11
masked_random,7,18,delivered_late,9.566646329014766,0.2527265549106441,826.2968095370829,3,True,False,0-1-9-11
masked_random,7,19,delivered_on_time,129.01317733000454,0.5550325898912235,236.1663586726633,2,True,True,0-5-13
masked_random,7,20,delivered_on_time,45.45827587443746,0.17961921057923944,1162.5000784996078,2,True,True,0-10-12
masked_random,7,21,missed_deadline,-34.996051310693176,0.8691904147987596,352.45416966732273,2,False,False,0-5-10
masked_random,7,22,missed_deadline,-29.705169246076572,0.9572079018621096,301.1728668947873,1,False,False,0-3
masked_random,7,23,delivered_on_time,106.62194746607734,0.32358006031984055,233.39235857183564,2,True,True,0-4-12
masked_random,7,24,delivered_on_time,99.33995619574779,0.24961569636191014,258.59212942516723,2,True,True,0-8-13
baseline_env_rules,7,0,delivered_on_time,98.42086242368036,0.26573482843218954,355.4788239881433,2,True,True,0-7-12
baseline_env_rules,7,1,delivered_on_time,96.86939416838871,0.15956999670716568,55.15303134995637,2,True,True,0-9-13
baseline_env_rules,7,2,delivered_on_time,106.97988160800566,0.30821262128534543,165.3793470959085,2,True,True,0-10-12
baseline_env_rules,7,3,delivered_on_time,140.2581999861961,0.7214938482398112,261.9162044425252,2,True,True,0-9-12
baseline_env_rules,7,4,delivered_late,39.24033288476352,0.9283936753479516,349.4261846419794,2,True,False,0-8-12
baseline_env_rules,7,5,delivered_on_time,108.06788171238381,0.38124648745514667,275.491040928495,2,True,True,0-6-12
baseline_env_rules,7,6,delivered_on_time,124.1126325228552,0.45828560328249823,37.99488365689611,3,True,True,0-7-3-11
baseline_env_rules,7,7,delivered_on_time,116.76436180234566,0.34615542728109894,90.25568837016003,2,True,True,0-1-11
baseline_env_rules,7,8,delivered_on_time,172.10065648339761,0.998768435522102,206.63203940333648,2,True,True,0-2-13
baseline_env_rules,7,9,delivered_late,46.25040575147029,0.9063836668240017,282.88613391864595,2,True,False,0-2-11
baseline_env_rules,7,10,delivered_on_time,120.47521285350986,0.37234431526979783,97.87678392318837,2,True,True,0-2-11
baseline_env_rules,7,11,delivered_on_time,126.03852283670878,0.595397124362398,397.7930425872996,2,True,True,0-3-13
baseline_env_rules,7,12,delivered_on_time,95.16684716438407,0.1473501988974891,163.47250061316143,2,True,True,0-8-12
baseline_env_rules,7,13,delivered_on_time,134.34339902705833,0.5907757833983958,147.88754857460202,2,True,True,0-3-12
baseline_env_rules,7,14,delivered_on_time,91.93628524082251,0.1725314634459413,234.4134993626559,2,True,True,0-10-13
baseline_env_rules,7,15,delivered_on_time,85.99957364277982,0.10672046724009351,123.93963872136005,2,True,True,0-3-13
baseline_env_rules,7,16,delivered_on_time,96.61188549977928,0.3290655185125537,399.82736508338905,2,True,True,0-7-12
baseline_env_rules,7,17,delivered_on_time,90.34148874393487,0.24589091147387795,261.38127255655945,2,True,True,0-5-13
baseline_env_rules,7,18,delivered_on_time,102.24944899673902,0.19991987037647593,87.91953553528424,2,True,True,0-9-11
baseline_env_rules,7,19,delivered_on_time,96.27889180752373,0.28441342317567253,340.1479243788162,2,True,True,0-8-11
baseline_env_rules,7,20,delivered_on_time,111.06159964452557,0.3006101098546815,180.29017242431345,2,True,True,0-8-13
baseline_env_rules,7,21,delivered_on_time,101.63322100993466,0.28660219821921984,111.0102653835979,2,True,True,0-8-11
baseline_env_rules,7,22,delivered_late,36.61596140700856,0.8853430644687927,316.0107209072567,2,True,False,0-9-12
baseline_env_rules,7,23,delivered_on_time,110.61841370032185,0.2933989676326465,68.8638190126882,2,True,True,0-10-13
baseline_env_rules,7,24,delivered_on_time,180.70325935101312,0.9671270615492765,57.075419691338276,2,True,True,0-5-11
baseline_physical,7,0,delivered_on_time,90.80024019131358,0.26573482843218954,394.7514713699833,2,True,True,0-7-13
baseline_physical,7,1,delivered_on_time,96.86939416838871,0.15956999670716568,55.15303134995637,2,True,True,0-9-13
baseline_physical,7,2,delivered_on_time,106.97988160800566,0.30821262128534543,165.3793470959085,2,True,True,0-10-12
baseline_physical,7,3,delivered_on_time,140.2581999861961,0.7214938482398112,261.9162044425252,2,True,True,0-9-12
baseline_physical,7,4,missed_deadline,-27.93705762540193,0.9283936753479516,231.83931977281253,1,False,False,0-5
baseline_physical,7,5,delivered_on_time,108.06788171238381,0.38124648745514667,275.491040928495,2,True,True,0-6-12
baseline_physical,7,6,delivered_on_time,124.1126325228552,0.45828560328249823,37.99488365689611,3,True,True,0-7-3-11
baseline_physical,7,7,delivered_on_time,116.76436180234566,0.34615542728109894,90.25568837016003,2,True,True,0-1-11
baseline_physical,7,8,delivered_on_time,172.10065648339761,0.998768435522102,206.63203940333648,2,True,True,0-2-13
baseline_physical,7,9,missed_deadline,-38.676230235170905,0.9063836668240017,301.1253215839613,2,False,False,0-5-3
baseline_physical,7,10,delivered_on_time,120.47521285350986,0.37234431526979783,97.87678392318837,2,True,True,0-2-11
baseline_physical,7,11,delivered_on_time,109.84859105407347,0.595397124362398,710.975236443957,2,True,True,0-3-12
baseline_physical,7,12,delivered_on_time,88.2294904002452,0.1473501988974891,184.1950419836154,2,True,True,0-6-11
baseline_physical,7,13,delivered_on_time,134.34339902705833,0.5907757833983958,147.88754857460202,2,True,True,0-3-12
baseline_physical,7,14,delivered_on_time,91.93628524082251,0.1725314634459413,234.4134993626559,2,True,True,0-10-13
baseline_physical,7,15,delivered_on_time,85.99957364277982,0.10672046724009351,123.93963872136005,2,True,True,0-3-13
baseline_physical,7,16,delivered_on_time,75.79806276726853,0.3290655185125537,860.425155043873,2,True,True,0-10-11
baseline_physical,7,17,delivered_on_time,90.34148874393487,0.24589091147387795,261.38127255655945,2,True,True,0-5-13
baseline_physical,7,18,delivered_on_time,102.24944899673902,0.19991987037647593,87.91953553528424,2,True,True,0-9-11
baseline_physical,7,19,delivered_on_time,96.27889180752373,0.28441342317567253,340.1479243788162,2,True,True,0-8-11
baseline_physical,7,20,delivered_on_time,103.13179817645722,0.3006101098546815,181.50758006687067,2,True,True,0-3-13
baseline_physical,7,21,delivered_on_time,101.63322100993466,0.28660219821921984,111.0102653835979,2,True,True,0-8-11
baseline_physical,7,22,delivered_late,40.70747855110276,0.8853430644687927,323.9787162272716,2,True,False,0-9-13
baseline_physical,7,23,delivered_on_time,110.61841370032185,0.2933989676326465,68.8638190126882,2,True,True,0-10-13
baseline_physical,7,24,delivered_on_time,180.70325935101312,0.9671270615492765,57.075419691338276,2,True,True,0-5-11
rl_seed_7,7,0,delivered_on_time,91.36620321976436,0.26573482843218954,397.59902326200915,2,True,True,0-10-13
rl_seed_7,7,1,delivered_on_time,96.86939416838871,0.15956999670716568,55.15303134995637,2,True,True,0-9-13
rl_seed_7,7,2,delivered_on_time,106.97988160800566,0.30821262128534543,165.3793470959085,2,True,True,0-10-12
rl_seed_7,7,3,delivered_on_time,140.2581999861961,0.7214938482398112,261.9162044425252,2,True,True,0-9-12
rl_seed_7,7,4,missed_deadline,-33.32378127200757,0.9283936753479516,288.36499276963445,1,False,False,0-9
rl_seed_7,7,5,delivered_on_time,106.04037949701993,0.38124648745514667,288.0376010252221,2,True,True,0-10-13
rl_seed_7,7,6,delivered_on_time,122.33571354560704,0.45828560328249823,140.52444775193615,2,True,True,0-9-11
rl_seed_7,7,7,delivered_on_time,113.10051819780257,0.34615542728109894,116.57055064256767,2,True,True,0-9-12
rl_seed_7,7,8,delivered_on_time,170.6997277235242,0.998768435522102,277.46647878914206,2,True,True,0-10-13
rl_seed_7,7,9,delivered_late,39.67249107864064,0.9063836668240017,381.2361577991153,2,True,False,0-10-13
rl_seed_7,7,10,delivered_on_time,106.26009032187379,0.37234431526979783,137.56810101347753,2,True,True,0-9-13
rl_seed_7,7,11,delivered_on_time,118.92776565984492,0.595397124362398,475.6723385084584,2,True,True,0-9-11
rl_seed_7,7,12,delivered_on_time,82.73066087156695,0.1473501988974891,275.31365595952116,2,True,True,0-9-11
rl_seed_7,7,13,delivered_on_time,128.1723235046173,0.5907757833983958,313.5341775399868,2,True,True,0-10-13
rl_seed_7,7,14,delivered_on_time,91.93628524082251,0.1725314634459413,234.4134993626559,2,True,True,0-10-13
rl_seed_7,7,15,delivered_on_time,89.22541392204519,0.10672046724009351,190.2560165812444,2,True,True,0-10-13
rl_seed_7,7,16,delivered_on_time,92.41331841237835,0.3290655185125537,505.65928878133934,2,True,True,0-10-13
rl_seed_7,7,17,delivered_on_time,88.82246865339614,0.24589091147387795,445.7468885897118,2,True,True,0-10-13
rl_seed_7,7,18,delivered_on_time,101.11880993066643,0.19991987037647593,92.40577598485423,2,True,True,0-9-13
rl_seed_7,7,19,delivered_on_time,78.03199032511529,0.28441342317567253,686.091473466814,2,True,True,0-9-13
rl_seed_7,7,20,delivered_on_time,98.86771101735353,0.3006101098546815,230.31428948646922,2,True,True,0-9-11
rl_seed_7,7,21,delivered_on_time,103.71706999537312,0.28660219821921984,205.01100518476525,2,True,True,0-10-11
rl_seed_7,7,22,delivered_late,36.61596140700856,0.8853430644687927,316.0107209072567,2,True,False,0-9-12
rl_seed_7,7,23,delivered_on_time,110.61841370032185,0.2933989676326465,68.8638190126882,2,True,True,0-10-13
rl_seed_7,7,24,delivered_on_time,173.51448874022935,0.9671270615492765,183.3206436535993,2,True,True,0-9-12
rl_seed_42,7,0,delivered_on_time,91.36620321976436,0.26573482843218954,397.59902326200915,2,True,True,0-10-13
rl_seed_42,7,1,delivered_on_time,96.86939416838871,0.15956999670716568,55.15303134995637,2,True,True,0-9-13
rl_seed_42,7,2,delivered_on_time,106.97988160800566,0.30821262128534543,165.3793470959085,2,True,True,0-10-12
rl_seed_42,7,3,delivered_on_time,140.2581999861961,0.7214938482398112,261.9162044425252,2,True,True,0-9-12
rl_seed_42,7,4,missed_deadline,-33.32378127200757,0.9283936753479516,288.36499276963445,1,False,False,0-9
rl_seed_42,7,5,delivered_on_time,106.04037949701993,0.38124648745514667,288.0376010252221,2,True,True,0-10-13
rl_seed_42,7,6,delivered_on_time,122.33571354560704,0.45828560328249823,140.52444775193615,2,True,True,0-9-11
rl_seed_42,7,7,delivered_on_time,113.10051819780257,0.34615542728109894,116.57055064256767,2,True,True,0-9-12
rl_seed_42,7,8,delivered_on_time,170.6997277235242,0.998768435522102,277.46647878914206,2,True,True,0-10-13
rl_seed_42,7,9,delivered_late,39.67249107864064,0.9063836668240017,381.2361577991153,2,True,False,0-10-13
rl_seed_42,7,10,delivered_on_time,106.26009032187379,0.37234431526979783,137.56810101347753,2,True,True,0-9-13
rl_seed_42,7,11,delivered_on_time,118.92776565984492,0.595397124362398,475.6723385084584,2,True,True,0-9-11
rl_seed_42,7,12,delivered_on_time,82.73066087156695,0.1473501988974891,275.31365595952116,2,True,True,0-9-11
rl_seed_42,7,13,delivered_on_time,128.1723235046173,0.5907757833983958,313.5341775399868,2,True,True,0-10-13
rl_seed_42,7,14,delivered_on_time,91.93628524082251,0.1725314634459413,234.4134993626559,2,True,True,0-10-13
rl_seed_42,7,15,delivered_on_time,89.22541392204519,0.10672046724009351,190.2560165812444,2,True,True,0-10-13
rl_seed_42,7,16,delivered_on_time,100.78496232888017,0.3290655185125537,411.7219418061976,2,True,True,0-9-13
rl_seed_42,7,17,delivered_on_time,88.82246865339614,0.24589091147387795,445.7468885897118,2,True,True,0-10-13
rl_seed_42,7,18,delivered_on_time,101.11880993066643,0.19991987037647593,92.40577598485423,2,True,True,0-9-13
rl_seed_42,7,19,delivered_on_time,78.03199032511529,0.28441342317567253,686.091473466814,2,True,True,0-9-13
rl_seed_42,7,20,delivered_on_time,98.86771101735353,0.3006101098546815,230.31428948646922,2,True,True,0-9-11
rl_seed_42,7,21,delivered_on_time,101.84917268078222,0.28660219821921984,143.6054244298013,2,True,True,0-8-13
rl_seed_42,7,22,delivered_late,36.61596140700856,0.8853430644687927,316.0107209072567,2,True,False,0-9-12
rl_seed_42,7,23,delivered_on_time,110.61841370032185,0.2933989676326465,68.8638190126882,2,True,True,0-10-13
rl_seed_42,7,24,delivered_on_time,174.77205996063896,0.9671270615492765,157.92126100672172,2,True,True,0-9-13
rl_seed_123,7,0,delivered_on_time,91.36620321976436,0.26573482843218954,397.59902326200915,2,True,True,0-10-13
rl_seed_123,7,1,delivered_on_time,96.86939416838871,0.15956999670716568,55.15303134995637,2,True,True,0-9-13
rl_seed_123,7,2,delivered_on_time,106.97988160800566,0.30821262128534543,165.3793470959085,2,True,True,0-10-12
rl_seed_123,7,3,delivered_on_time,140.2581999861961,0.7214938482398112,261.9162044425252,2,True,True,0-9-12
rl_seed_123,7,4,missed_deadline,-33.32378127200757,0.9283936753479516,288.36499276963445,1,False,False,0-9
rl_seed_123,7,5,delivered_on_time,106.04037949701993,0.38124648745514667,288.0376010252221,2,True,True,0-10-13
rl_seed_123,7,6,delivered_on_time,122.33571354560704,0.45828560328249823,140.52444775193615,2,True,True,0-9-11
rl_seed_123,7,7,delivered_on_time,113.10051819780257,0.34615542728109894,116.57055064256767,2,True,True,0-9-12
rl_seed_123,7,8,delivered_on_time,170.6997277235242,0.998768435522102,277.46647878914206,2,True,True,0-10-13
rl_seed_123,7,9,delivered_late,39.67249107864064,0.9063836668240017,381.2361577991153,2,True,False,0-10-13
rl_seed_123,7,10,delivered_on_time,106.26009032187379,0.37234431526979783,137.56810101347753,2,True,True,0-9-13
rl_seed_123,7,11,delivered_on_time,118.92776565984492,0.595397124362398,475.6723385084584,2,True,True,0-9-11
rl_seed_123,7,12,delivered_on_time,82.73066087156695,0.1473501988974891,275.31365595952116,2,True,True,0-9-11
rl_seed_123,7,13,delivered_on_time,128.1723235046173,0.5907757833983958,313.5341775399868,2,True,True,0-10-13
rl_seed_123,7,14,delivered_on_time,91.93628524082251,0.1725314634459413,234.4134993626559,2,True,True,0-10-13
rl_seed_123,7,15,delivered_on_time,78.78799619131021,0.10672046724009351,368.7533886897772,2,True,True,0-10-11
rl_seed_123,7,16,delivered_on_time,94.66625740938667,0.3290655185125537,500.26129872854904,2,True,True,0-10-12
rl_seed_123,7,17,delivered_on_time,88.82246865339614,0.24589091147387795,445.7468885897118,2,True,True,0-10-13
rl_seed_123,7,18,delivered_on_time,101.11880993066643,0.19991987037647593,92.40577598485423,2,True,True,0-9-13
rl_seed_123,7,19,delivered_on_time,78.03199032511529,0.28441342317567253,686.091473466814,2,True,True,0-9-13
rl_seed_123,7,20,delivered_on_time,98.86771101735353,0.3006101098546815,230.31428948646922,2,True,True,0-9-11
rl_seed_123,7,21,delivered_on_time,103.71706999537312,0.28660219821921984,205.01100518476525,2,True,True,0-10-11
rl_seed_123,7,22,delivered_late,40.70747855110276,0.8853430644687927,323.9787162272716,2,True,False,0-9-13
rl_seed_123,7,23,delivered_on_time,110.61841370032185,0.2933989676326465,68.8638190126882,2,True,True,0-10-13
rl_seed_123,7,24,delivered_on_time,173.94608651840701,0.9671270615492765,137.95186739222135,2,True,True,0-10-12
rl_fallback_invalid,7,0,delivered_on_time,91.36620321976436,0.26573482843218954,397.59902326200915,2,True,True,0-10-13
rl_fallback_invalid,7,1,delivered_on_time,96.86939416838871,0.15956999670716568,55.15303134995637,2,True,True,0-9-13
rl_fallback_invalid,7,2,delivered_on_time,106.97988160800566,0.30821262128534543,165.3793470959085,2,True,True,0-10-12
rl_fallback_invalid,7,3,delivered_on_time,140.2581999861961,0.7214938482398112,261.9162044425252,2,True,True,0-9-12
rl_fallback_invalid,7,4,missed_deadline,-33.32378127200757,0.9283936753479516,288.36499276963445,1,False,False,0-9
rl_fallback_invalid,7,5,delivered_on_time,106.04037949701993,0.38124648745514667,288.0376010252221,2,True,True,0-10-13
rl_fallback_invalid,7,6,delivered_on_time,122.33571354560704,0.45828560328249823,140.52444775193615,2,True,True,0-9-11
rl_fallback_invalid,7,7,delivered_on_time,113.10051819780257,0.34615542728109894,116.57055064256767,2,True,True,0-9-12
rl_fallback_invalid,7,8,delivered_on_time,170.6997277235242,0.998768435522102,277.46647878914206,2,True,True,0-10-13
rl_fallback_invalid,7,9,delivered_late,39.67249107864064,0.9063836668240017,381.2361577991153,2,True,False,0-10-13
rl_fallback_invalid,7,10,delivered_on_time,106.26009032187379,0.37234431526979783,137.56810101347753,2,True,True,0-9-13
rl_fallback_invalid,7,11,delivered_on_time,118.92776565984492,0.595397124362398,475.6723385084584,2,True,True,0-9-11
rl_fallback_invalid,7,12,delivered_on_time,82.73066087156695,0.1473501988974891,275.31365595952116,2,True,True,0-9-11
rl_fallback_invalid,7,13,delivered_on_time,128.1723235046173,0.5907757833983958,313.5341775399868,2,True,True,0-10-13
rl_fallback_invalid,7,14,delivered_on_time,91.93628524082251,0.1725314634459413,234.4134993626559,2,True,True,0-10-13
rl_fallback_invalid,7,15,delivered_on_time,89.22541392204519,0.10672046724009351,190.2560165812444,2,True,True,0-10-13
rl_fallback_invalid,7,16,delivered_on_time,92.41331841237835,0.3290655185125537,505.65928878133934,2,True,True,0-10-13
rl_fallback_invalid,7,17,delivered_on_time,88.82246865339614,0.24589091147387795,445.7468885897118,2,True,True,0-10-13
rl_fallback_invalid,7,18,delivered_on_time,101.11880993066643,0.19991987037647593,92.40577598485423,2,True,True,0-9-13
rl_fallback_invalid,7,19,delivered_on_time,78.03199032511529,0.28441342317567253,686.091473466814,2,True,True,0-9-13
rl_fallback_invalid,7,20,delivered_on_time,98.86771101735353,0.3006101098546815,230.31428948646922,2,True,True,0-9-11
rl_fallback_invalid,7,21,delivered_on_time,103.71706999537312,0.28660219821921984,205.01100518476525,2,True,True,0-10-11
rl_fallback_invalid,7,22,delivered_late,36.61596140700856,0.8853430644687927,316.0107209072567,2,True,False,0-9-12
rl_fallback_invalid,7,23,delivered_on_time,110.61841370032185,0.2933989676326465,68.8638190126882,2,True,True,0-10-13
rl_fallback_invalid,7,24,delivered_on_time,173.51448874022935,0.9671270615492765,183.3206436535993,2,True,True,0-9-12
rl_fallback_unsafe,7,0,delivered_on_time,90.80024019131358,0.26573482843218954,394.7514713699833,2,True,True,0-7-13
rl_fallback_unsafe,7,1,delivered_on_time,96.86939416838871,0.15956999670716568,55.15303134995637,2,True,True,0-9-13
rl_fallback_unsafe,7,2,delivered_on_time,106.97988160800566,0.30821262128534543,165.3793470959085,2,True,True,0-10-12
rl_fallback_unsafe,7,3,delivered_on_time,140.2581999861961,0.7214938482398112,261.9162044425252,2,True,True,0-9-12
rl_fallback_unsafe,7,4,missed_deadline,-33.32378127200757,0.9283936753479516,288.36499276963445,1,False,False,0-9
rl_fallback_unsafe,7,5,delivered_on_time,106.04037949701993,0.38124648745514667,288.0376010252221,2,True,True,0-10-13
rl_fallback_unsafe,7,6,delivered_on_time,122.33571354560704,0.45828560328249823,140.52444775193615,2,True,True,0-9-11
rl_fallback_unsafe,7,7,delivered_on_time,113.10051819780257,0.34615542728109894,116.57055064256767,2,True,True,0-9-12
rl_fallback_unsafe,7,8,delivered_on_time,170.6997277235242,0.998768435522102,277.46647878914206,2,True,True,0-10-13
rl_fallback_unsafe,7,9,delivered_late,39.67249107864064,0.9063836668240017,381.2361577991153,2,True,False,0-10-13
rl_fallback_unsafe,7,10,delivered_on_time,106.26009032187379,0.37234431526979783,137.56810101347753,2,True,True,0-9-13
rl_fallback_unsafe,7,11,delivered_on_time,123.90508305362385,0.595397124362398,424.0387177512328,2,True,True,0-3-11
rl_fallback_unsafe,7,12,delivered_on_time,82.73066087156695,0.1473501988974891,275.31365595952116,2,True,True,0-9-11
rl_fallback_unsafe,7,13,delivered_on_time,128.1723235046173,0.5907757833983958,313.5341775399868,2,True,True,0-10-13
rl_fallback_unsafe,7,14,delivered_on_time,91.93628524082251,0.1725314634459413,234.4134993626559,2,True,True,0-10-13
rl_fallback_unsafe,7,15,delivered_on_time,89.22541392204519,0.10672046724009351,190.2560165812444,2,True,True,0-10-13
rl_fallback_unsafe,7,16,delivered_on_time,75.79806276726853,0.3290655185125537,860.425155043873,2,True,True,0-10-11
rl_fallback_unsafe,7,17,delivered_on_time,88.82246865339614,0.24589091147387795,445.7468885897118,2,True,True,0-10-13
rl_fallback_unsafe,7,18,delivered_on_time,101.11880993066643,0.19991987037647593,92.40577598485423,2,True,True,0-9-13
rl_fallback_unsafe,7,19,delivered_on_time,96.27889180752373,0.28441342317567253,340.1479243788162,2,True,True,0-8-11
rl_fallback_unsafe,7,20,delivered_on_time,98.86771101735353,0.3006101098546815,230.31428948646922,2,True,True,0-9-11
rl_fallback_unsafe,7,21,delivered_on_time,103.71706999537312,0.28660219821921984,205.01100518476525,2,True,True,0-10-11
rl_fallback_unsafe,7,22,delivered_late,40.70747855110276,0.8853430644687927,323.9787162272716,2,True,False,0-9-13
rl_fallback_unsafe,7,23,delivered_on_time,110.61841370032185,0.2933989676326465,68.8638190126882,2,True,True,0-10-13
rl_fallback_unsafe,7,24,delivered_on_time,173.51448874022935,0.9671270615492765,183.3206436535993,2,True,True,0-9-12
masked_random,8,0,delivered_on_time,76.96444040917017,0.19926538342863273,528.5327991728757,2,True,True,0-3-13
masked_random,8,1,delivered_on_time,60.999307992900995,0.14055267314859834,470.30908900824124,4,True,True,0-1-3-9-11
masked_random,8,2,delivered_on_time,102.6779169805119,0.34295890761290415,361.9124266631061,2,True,True,0-3-13
masked_random,8,3,delivered_on_time,98.33637450779517,0.5068738968506337,596.4140698915522,3,True,True,0-8-4-11
masked_random,8,4,delivered_on_time,78.68182701691804,0.10071113692020842,193.85603890836825,2,True,True,0-10-12
masked_random,8,5,missed_deadline,-43.13099777705693,0.46489368090861927,1175.4139827242764,2,False,False,0-2-10
masked_random,8,6,delivered_on_time,105.82345378722289,0.34759708505457554,278.50421918660743,2,True,True,0-7-11
masked_random,8,7,delivered_on_time,120.3364297369904,0.4442215721181155,276.0408221325513,2,True,True,0-9-13
masked_random,8,8,missed_deadline,-34.2084034540396,0.1788004410425688,4355.995422233573,1,False,False,0-3
masked_random,8,9,missed_deadline,-39.18929202525843,0.3255452474058049,910.2067083673542,2,False,False,0-2-5
masked_random,8,10,missed_deadline,-56.39536678466428,0.5650366534207045,691.8846857228566,5,False,False,0-6-1-4-6-10
masked_random,8,11,delivered_on_time,73.45861353686945,0.1508807617799601,411.80223271137305,2,True,True,0-4-13
masked_random,8,12,delivered_late,24.34262815761835,0.8938062211348011,306.97779177895416,4,True,False,0-6-4-9-11
masked_random,8,13,missed_deadline,-34.39162530817293,0.31587808707999643,858.3970627868227,1,False,False,0-4
masked_random,8,14,delivered_on_time,58.26681265253059,0.27240502636335806,447.5454657304053,6,True,True,0-1-7-2-3-6-11
masked_random,8,15,delivered_on_time,99.40587650946298,0.3669635938089718,440.3643214824608,2,True,True,0-10-13
masked_random,8,16,delivered_on_time,113.6141586440236,0.3552723165020434,129.789792557898,2,True,True,0-9-11
masked_random,8,17,missed_deadline,-62.73652459406303,0.4977405363872469,1369.5299925137613,5,False,False,0-6-5-7-6-8
masked_random,8,18,missed_deadline,-34.49020541659344,0.8420582540319417,1855.0777523420738,1,False,False,0-5
masked_random,8,19,delivered_on_time,22.822659574620182,0.2045696434703089,1174.9082667137436,4,True,True,0-5-1-4-12
masked_random,8,20,delivered_on_time,39.20003451255207,0.29733206226887565,1061.9384829023966,5,True,True,0-2-6-5-10-13
masked_random,8,21,delivered_on_time,159.42701148669352,0.8417255927905949,134.77197591902024,2,True,True,0-10-11
masked_random,8,22,delivered_on_time,106.39591389623256,0.26001050697646766,99.63706212629677,2,True,True,0-9-13
masked_random,8,23,delivered_on_time,90.16262069985643,0.3308387484005093,476.2497737347304,2,True,True,0-10-11
masked_random,8,24,missed_deadline,-45.85070854465265,0.32592819551031305,976.3233293708674,2,False,False,0-1-7
baseline_env_rules,8,0,delivered_on_time,89.56276985848166,0.19926538342863273,286.02066338820697,2,True,True,0-7-12
baseline_env_rules,8,1,delivered_on_time,114.41114684551806,0.44415490456108064,268.10889428544374,2,True,True,0-5-12
baseline_env_rules,8,2,delivered_on_time,93.33234515910881,0.1276825380676946,165.98571633581196,2,True,True,0-9-11
baseline_env_rules,8,3,delivered_on_time,85.71016348106038,0.14055267314859834,232.59160032010962,2,True,True,0-9-13
baseline_env_rules,8,4,delivered_on_time,80.64007317245533,0.1125110183640338,277.77636235965144,2,True,True,0-3-13
baseline_env_rules,8,5,delivered_on_time,110.75221037418933,0.4381080189133909,298.6170555463407,2,True,True,0-7-13
baseline_env_rules,8,6,delivered_on_time,165.71554439343114,0.9483339657150113,190.77519515337093,2,True,True,0-2-13
baseline_env_rules,8,7,delivered_on_time,102.78803791871421,0.24980332548700926,122.91381556195661,2,True,True,0-9-12
baseline_env_rules,8,8,delivered_on_time,99.53801887997624,0.34295890761290415,286.65910135968466,2,True,True,0-2-13
baseline_env_rules,8,9,delivered_late,48.984069632915,0.7116549311004682,227.8129387185922,2,True,False,0-1-12
baseline_env_rules,8,10,delivered_on_time,111.27933242709744,0.3232866457905267,67.94326120486426,2,True,True,0-1-12
baseline_env_rules,8,11,delivered_on_time,132.42128300590986,0.5666046190679255,157.38889880191857,2,True,True,0-1-13
baseline_env_rules,8,12,delivered_on_time,103.03527700160107,0.31051634828592445,203.03535505692523,2,True,True,0-7-11
baseline_env_rules,8,13,missed_deadline,-31.159494403399194,0.7959825155162443,248.83056454151662,1,False,False,0-8
baseline_env_rules,8,14,delivered_on_time,117.41390341007882,0.5068738968506337,310.91015238383227,2,True,True,0-2-12
baseline_env_rules,8,15,delivered_on_time,163.0318346388777,0.887719361222756,120.70202058389557,2,True,True,0-10-13
baseline_env_rules,8,16,delivered_on_time,158.14795488114336,0.8444115242229717,186.55203873490692,2,True,True,0-3-12
baseline_env_rules,8,17,delivered_on_time,96.43757441463657,0.18054353885890304,189.21526404524272,2,True,True,0-10-12
baseline_env_rules,8,18,delivered_on_time,84.8908517804895,0.15631152034858473,343.16634216455736,2,True,True,0-9-12
baseline_env_rules,8,19,delivered_on_time,88.543299207126,0.13599290289210755,185.92103008558874,2,True,True,0-2-11
baseline_env_rules,8,20,delivered_on_time,121.70658668037356,0.4173428327954082,92.9979906808995,2,True,True,0-5-11
baseline_env_rules,8,21,delivered_on_time,90.83042579464092,0.10071113692020842,67.90039022109666,2,True,True,0-9-11
baseline_env_rules,8,22,delivered_on_time,102.19590939458504,0.2729820961994731,153.1824223488744,2,True,True,0-1-11
baseline_env_rules,8,23,delivered_on_time,172.7292304702681,0.9126069219396824,68.32506315768424,2,True,True,0-4-12
baseline_env_rules,8,24,delivered_on_time,95.13151883160549,0.3156301024003908,413.0589330857682,2,True,True,0-10-12
baseline_physical,8,0,delivered_on_time,88.12158280703233,0.19926538342863273,335.945196433373,2,True,True,0-8-12
baseline_physical,8,1,delivered_on_time,113.1429010645646,0.44415490456108064,284.4876432959249,2,True,True,0-5-13
baseline_physical,8,2,delivered_on_time,95.13560693541778,0.1276825380676946,171.1104861463291,2,True,True,0-9-12
baseline_physical,8,3,delivered_on_time,86.2930204643342,0.14055267314859834,286.2104445229789,2,True,True,0-1-11
baseline_physical,8,4,delivered_on_time,85.17673285032807,0.1125110183640338,284.3766199879313,2,True,True,0-7-13
baseline_physical,8,5,delivered_on_time,71.29871051579215,0.4381080189133909,1100.2037027261497,2,True,True,0-7-12
baseline_physical,8,6,delivered_on_time,171.38670353700653,0.9483339657150113,194.3408762303833,2,True,True,0-9-12
baseline_physical,8,7,delivered_on_time,102.78803791871421,0.24980332548700926,122.91381556195661,2,True,True,0-9-12
baseline_physical,8,8,delivered_on_time,95.23469243301986,0.34295890761290415,352.47656409126137,3,True,True,0-8-2-11
baseline_physical,8,9,missed_deadline,-35.454215111064116,0.7116549311004682,182.32831783342388,1,False,False,0-3
baseline_physical,8,10,delivered_on_time,111.27933242709744,0.3232866457905267,67.94326120486426,2,True,True,0-1-12
baseline_physical,8,11,delivered_on_time,131.507078722661,0.5666046190679255,186.10758300813842,2,True,True,0-1-11
baseline_physical,8,12,delivered_on_time,103.03527700160107,0.31051634828592445,203.03535505692523,2,True,True,0-7-11
baseline_physical,8,13,missed_deadline,-29.021896047691506,0.7959825155162443,157.03155715987918,1,False,False,0-3
baseline_physical,8,14,delivered_on_time,115.09323954057969,0.5068738968506337,340.3546307484235,2,True,True,0-4-12
baseline_physical,8,15,delivered_on_time,166.12316986537203,0.887719361222756,152.77577266892843,2,True,True,0-9-13
baseline_physical,8,16,delivered_on_time,158.14795488114336,0.8444115242229717,186.55203873490692,2,True,True,0-3-12
baseline_physical,8,17,delivered_on_time,91.88554557426434,0.18054353885890304,216.7814275533363,2,True,True,0-2-11
baseline_physical,8,18,delivered_late,-6.348633639535094,0.15631152034858473,1422.6335821669454,2,True,False,0-1-11
baseline_physical,8,19,delivered_on_time,88.543299207126,0.13599290289210755,185.92103008558874,2,True,True,0-2-11
baseline_physical,8,20,delivered_on_time,121.70658668037356,0.4173428327954082,92.9979906808995,2,True,True,0-5-11
baseline_physical,8,21,delivered_on_time,90.83042579464092,0.10071113692020842,67.90039022109666,2,True,True,0-9-11
baseline_physical,8,22,delivered_on_time,101.87661992380997,0.2729820961994731,209.5993558307955,2,True,True,0-7-13
baseline_physical,8,23,delivered_on_time,172.7292304702681,0.9126069219396824,68.32506315768424,2,True,True,0-4-12
baseline_physical,8,24,delivered_on_time,85.96866986645335,0.3156301024003908,530.722163426333,2,True,True,0-9-13
rl_seed_7,8,0,delivered_on_time,75.90064191378448,0.19926538342863273,578.0439088580993,2,True,True,0-9-13
rl_seed_7,8,1,delivered_on_time,113.11918119231092,0.44415490456108064,379.4149686224224,2,True,True,0-10-12
rl_seed_7,8,2,delivered_on_time,95.13560693541778,0.1276825380676946,171.1104861463291,2,True,True,0-9-12
rl_seed_7,8,3,delivered_on_time,85.83545894802822,0.14055267314859834,238.537848863823,2,True,True,0-9-11
rl_seed_7,8,4,delivered_on_time,64.63044692362217,0.1125110183640338,611.168558039231,2,True,True,0-9-13
rl_seed_7,8,5,delivered_on_time,111.35396190370565,0.4381080189133909,367.6701619930003,2,True,True,0-9-13
rl_seed_7,8,6,delivered_on_time,171.38670353700653,0.9483339657150113,194.3408762303833,2,True,True,0-9-12
rl_seed_7,8,7,delivered_on_time,106.03405540860692,0.24980332548700926,130.81613761040632,2,True,True,0-9-11
rl_seed_7,8,8,delivered_on_time,103.92960847266569,0.34295890761290415,319.001838729396,2,True,True,0-9-13
rl_seed_7,8,9,missed_deadline,-33.142446901292466,0.7116549311004682,249.63212350209676,1,False,False,0-9
rl_seed_7,8,10,delivered_on_time,109.15631908143152,0.3232866457905267,190.4539953411644,2,True,True,0-10-13
rl_seed_7,8,11,delivered_on_time,135.71337539706485,0.5666046190679255,196.04851493146776,2,True,True,0-10-11
rl_seed_7,8,12,delivered_on_time,101.9301019349922,0.31051634828592445,277.9395047210227,2,True,True,0-10-12
rl_seed_7,8,13,missed_deadline,-31.410624456091192,0.7959825155162443,258.75638344102566,1,False,False,0-10
rl_seed_7,8,14,delivered_on_time,113.67539124823784,0.5068738968506337,415.93948783960184,2,True,True,0-9-11
rl_seed_7,8,15,delivered_on_time,163.0318346388777,0.887719361222756,120.70202058389557,2,True,True,0-10-13
rl_seed_7,8,16,delivered_on_time,157.559338112814,0.8444115242229717,195.30506958767708,2,True,True,0-10-12
rl_seed_7,8,17,delivered_on_time,92.17622705092187,0.18054353885890304,215.32942921843673,2,True,True,0-10-11
rl_seed_7,8,18,delivered_on_time,84.8908517804895,0.15631152034858473,343.16634216455736,2,True,True,0-9-12
rl_seed_7,8,19,delivered_on_time,91.85059045089939,0.13599290289210755,193.8648878028282,2,True,True,0-10-11
rl_seed_7,8,20,delivered_on_time,117.33478112806115,0.4173428327954082,133.31811102197497,2,True,True,0-9-13
rl_seed_7,8,21,delivered_on_time,90.83042579464092,0.10071113692020842,67.90039022109666,2,True,True,0-9-11
rl_seed_7,8,22,delivered_on_time,105.23600102709219,0.2729820961994731,191.2398348152832,2,True,True,0-9-13
rl_seed_7,8,23,delivered_on_time,171.59748510871643,0.9126069219396824,135.83625540178846,2,True,True,0-9-11
rl_seed_7,8,24,delivered_on_time,95.87414064104576,0.3156301024003908,427.88413789500083,2,True,True,0-10-11
rl_seed_42,8,0,delivered_on_time,75.90064191378448,0.19926538342863273,578.0439088580993,2,True,True,0-9-13
rl_seed_42,8,1,delivered_on_time,113.11918119231092,0.44415490456108064,379.4149686224224,2,True,True,0-10-12
rl_seed_42,8,2,delivered_on_time,95.13560693541778,0.1276825380676946,171.1104861463291,2,True,True,0-9-12
rl_seed_42,8,3,delivered_on_time,85.71016348106038,0.14055267314859834,232.59160032010962,2,True,True,0-9-13
rl_seed_42,8,4,delivered_on_time,64.63044692362217,0.1125110183640338,611.168558039231,2,True,True,0-9-13
rl_seed_42,8,5,delivered_on_time,111.35396190370565,0.4381080189133909,367.6701619930003,2,True,True,0-9-13
rl_seed_42,8,6,delivered_on_time,171.38670353700653,0.9483339657150113,194.3408762303833,2,True,True,0-9-12
rl_seed_42,8,7,delivered_on_time,106.03405540860692,0.24980332548700926,130.81613761040632,2,True,True,0-9-11
rl_seed_42,8,8,delivered_on_time,103.92960847266569,0.34295890761290415,319.001838729396,2,True,True,0-9-13
rl_seed_42,8,9,missed_deadline,-33.142446901292466,0.7116549311004682,249.63212350209676,1,False,False,0-9
rl_seed_42,8,10,delivered_on_time,109.15631908143152,0.3232866457905267,190.4539953411644,2,True,True,0-10-13
rl_seed_42,8,11,delivered_on_time,135.71337539706485,0.5666046190679255,196.04851493146776,2,True,True,0-10-11
rl_seed_42,8,12,delivered_on_time,101.9301019349922,0.31051634828592445,277.9395047210227,2,True,True,0-10-12
rl_seed_42,8,13,missed_deadline,-31.816241340015242,0.7959825155162443,296.41099461274246,1,False,False,0-9
rl_seed_42,8,14,delivered_on_time,113.67539124823784,0.5068738968506337,415.93948783960184,2,True,True,0-9-11
rl_seed_42,8,15,delivered_on_time,163.0318346388777,0.887719361222756,120.70202058389557,2,True,True,0-10-13
rl_seed_42,8,16,delivered_on_time,157.559338112814,0.8444115242229717,195.30506958767708,2,True,True,0-10-12
rl_seed_42,8,17,delivered_on_time,88.92717280553185,0.18054353885890304,271.6175605180652,2,True,True,0-9-12
rl_seed_42,8,18,delivered_on_time,84.8908517804895,0.15631152034858473,343.16634216455736,2,True,True,0-9-12
rl_seed_42,8,19,delivered_on_time,91.85059045089939,0.13599290289210755,193.8648878028282,2,True,True,0-10-11
rl_seed_42,8,20,delivered_on_time,117.33478112806115,0.4173428327954082,133.31811102197497,2,True,True,0-9-13
rl_seed_42,8,21,delivered_on_time,90.83042579464092,0.10071113692020842,67.90039022109666,2,True,True,0-9-11
rl_seed_42,8,22,delivered_on_time,105.23600102709219,0.2729820961994731,191.2398348152832,2,True,True,0-9-13
rl_seed_42,8,23,delivered_on_time,174.16518720092716,0.9126069219396824,118.63632038679687,2,True,True,0-9-13
rl_seed_42,8,24,delivered_on_time,95.87414064104576,0.3156301024003908,427.88413789500083,2,True,True,0-10-11
rl_seed_123,8,0,delivered_on_time,75.90064191378448,0.19926538342863273,578.0439088580993,2,True,True,0-9-13
rl_seed_123,8,1,delivered_on_time,113.11918119231092,0.44415490456108064,379.4149686224224,2,True,True,0-10-12
rl_seed_123,8,2,delivered_on_time,95.13560693541778,0.1276825380676946,171.1104861463291,2,True,True,0-9-12
rl_seed_123,8,3,delivered_on_time,85.71016348106038,0.14055267314859834,232.59160032010962,2,True,True,0-9-13
rl_seed_123,8,4,delivered_on_time,64.63044692362217,0.1125110183640338,611.168558039231,2,True,True,0-9-13
rl_seed_123,8,5,delivered_on_time,108.89722383502136,0.4381080189133909,379.5185094909982,2,True,True,0-10-11
rl_seed_123,8,6,delivered_on_time,171.38670353700653,0.9483339657150113,194.3408762303833,2,True,True,0-9-12
rl_seed_123,8,7,delivered_on_time,106.03405540860692,0.24980332548700926,130.81613761040632,2,True,True,0-9-11
rl_seed_123,8,8,delivered_on_time,103.92960847266569,0.34295890761290415,319.001838729396,2,True,True,0-9-13
rl_seed_123,8,9,missed_deadline,-33.142446901292466,0.7116549311004682,249.63212350209676,1,False,False,0-9
rl_seed_123,8,10,delivered_on_time,109.15631908143152,0.3232866457905267,190.4539953411644,2,True,True,0-10-13
rl_seed_123,8,11,delivered_on_time,135.71337539706485,0.5666046190679255,196.04851493146776,2,True,True,0-10-11
rl_seed_123,8,12,delivered_on_time,101.9301019349922,0.31051634828592445,277.9395047210227,2,True,True,0-10-12
rl_seed_123,8,13,missed_deadline,-31.410624456091192,0.7959825155162443,258.75638344102566,1,False,False,0-10
rl_seed_123,8,14,delivered_on_time,113.67539124823784,0.5068738968506337,415.93948783960184,2,True,True,0-9-11
rl_seed_123,8,15,delivered_on_time,163.0318346388777,0.887719361222756,120.70202058389557,2,True,True,0-10-13
rl_seed_123,8,16,delivered_on_time,159.80505233241269,0.8444115242229717,200.47998523314226,2,True,True,0-10-13
rl_seed_123,8,17,delivered_on_time,92.17622705092187,0.18054353885890304,215.32942921843673,2,True,True,0-10-11
rl_seed_123,8,18,delivered_on_time,84.8908517804895,0.15631152034858473,343.16634216455736,2,True,True,0-9-12
rl_seed_123,8,19,delivered_on_time,91.85059045089939,0.13599290289210755,193.8648878028282,2,True,True,0-10-11
rl_seed_123,8,20,delivered_on_time,117.33478112806115,0.4173428327954082,133.31811102197497,2,True,True,0-9-13
rl_seed_123,8,21,delivered_on_time,90.83042579464092,0.10071113692020842,67.90039022109666,2,True,True,0-9-11
rl_seed_123,8,22,delivered_on_time,105.23600102709219,0.2729820961994731,191.2398348152832,2,True,True,0-9-13
rl_seed_123,8,23,delivered_on_time,171.59748510871643,0.9126069219396824,135.83625540178846,2,True,True,0-9-11
rl_seed_123,8,24,delivered_on_time,95.87414064104576,0.3156301024003908,427.88413789500083,2,True,True,0-10-11
rl_fallback_invalid,8,0,delivered_on_time,75.90064191378448,0.19926538342863273,578.0439088580993,2,True,True,0-9-13
rl_fallback_invalid,8,1,delivered_on_time,113.11918119231092,0.44415490456108064,379.4149686224224,2,True,True,0-10-12
rl_fallback_invalid,8,2,delivered_on_time,95.13560693541778,0.1276825380676946,171.1104861463291,2,True,True,0-9-12
rl_fallback_invalid,8,3,delivered_on_time,85.83545894802822,0.14055267314859834,238.537848863823,2,True,True,0-9-11
rl_fallback_invalid,8,4,delivered_on_time,64.63044692362217,0.1125110183640338,611.168558039231,2,True,True,0-9-13
rl_fallback_invalid,8,5,delivered_on_time,111.35396190370565,0.4381080189133909,367.6701619930003,2,True,True,0-9-13
rl_fallback_invalid,8,6,delivered_on_time,171.38670353700653,0.9483339657150113,194.3408762303833,2,True,True,0-9-12
rl_fallback_invalid,8,7,delivered_on_time,106.03405540860692,0.24980332548700926,130.81613761040632,2,True,True,0-9-11
rl_fallback_invalid,8,8,delivered_on_time,103.92960847266569,0.34295890761290415,319.001838729396,2,True,True,0-9-13
rl_fallback_invalid,8,9,missed_deadline,-33.142446901292466,0.7116549311004682,249.63212350209676,1,False,False,0-9
rl_fallback_invalid,8,10,delivered_on_time,109.15631908143152,0.3232866457905267,190.4539953411644,2,True,True,0-10-13
rl_fallback_invalid,8,11,delivered_on_time,135.71337539706485,0.5666046190679255,196.04851493146776,2,True,True,0-10-11
rl_fallback_invalid,8,12,delivered_on_time,101.9301019349922,0.31051634828592445,277.9395047210227,2,True,True,0-10-12
rl_fallback_invalid,8,13,missed_deadline,-31.410624456091192,0.7959825155162443,258.75638344102566,1,False,False,0-10
rl_fallback_invalid,8,14,delivered_on_time,113.67539124823784,0.5068738968506337,415.93948783960184,2,True,True,0-9-11
rl_fallback_invalid,8,15,delivered_on_time,163.0318346388777,0.887719361222756,120.70202058389557,2,True,True,0-10-13
rl_fallback_invalid,8,16,delivered_on_time,157.559338112814,0.8444115242229717,195.30506958767708,2,True,True,0-10-12
rl_fallback_invalid,8,17,delivered_on_time,92.17622705092187,0.18054353885890304,215.32942921843673,2,True,True,0-10-11
rl_fallback_invalid,8,18,delivered_on_time,84.8908517804895,0.15631152034858473,343.16634216455736,2,True,True,0-9-12
rl_fallback_invalid,8,19,delivered_on_time,91.85059045089939,0.13599290289210755,193.8648878028282,2,True,True,0-10-11
rl_fallback_invalid,8,20,delivered_on_time,117.33478112806115,0.4173428327954082,133.31811102197497,2,True,True,0-9-13
rl_fallback_invalid,8,21,delivered_on_time,90.83042579464092,0.10071113692020842,67.90039022109666,2,True,True,0-9-11
rl_fallback_invalid,8,22,delivered_on_time,105.23600102709219,0.2729820961994731,191.2398348152832,2,True,True,0-9-13
rl_fallback_invalid,8,23,delivered_on_time,171.59748510871643,0.9126069219396824,135.83625540178846,2,True,True,0-9-11
rl_fallback_invalid,8,24,delivered_on_time,95.87414064104576,0.3156301024003908,427.88413789500083,2,True,True,0-10-11
rl_fallback_unsafe,8,0,delivered_late,-109.9950149809793,0.19926538342863273,3422.271284391087,2,True,False,0-9-12
rl_fallback_unsafe,8,1,delivered_on_time,91.6482509710065,0.44415490456108064,776.2231586507,2,True,True,0-10-11
rl_fallback_unsafe,8,2,delivered_on_time,95.13560693541778,0.1276825380676946,171.1104861463291,2,True,True,0-9-12
rl_fallback_unsafe,8,3,delivered_on_time,85.83545894802822,0.14055267314859834,238.537848863823,2,True,True,0-9-11
rl_fallback_unsafe,8,4,delivered_on_time,43.49841077412111,0.1125110183640338,997.7997047429244,2,True,True,0-9-11
rl_fallback_unsafe,8,5,delivered_on_time,111.35396190370565,0.4381080189133909,367.6701619930003,2,True,True,0-9-13
rl_fallback_unsafe,8,6,delivered_on_time,171.38670353700653,0.9483339657150113,194.3408762303833,2,True,True,0-9-12
rl_fallback_unsafe,8,7,delivered_on_time,106.03405540860692,0.24980332548700926,130.81613761040632,2,True,True,0-9-11
rl_fallback_unsafe,8,8,delivered_on_time,103.92960847266569,0.34295890761290415,319.001838729396,2,True,True,0-9-13
rl_fallback_unsafe,8,9,missed_deadline,-33.142446901292466,0.7116549311004682,249.63212350209676,1,False,False,0-9
rl_fallback_unsafe,8,10,delivered_on_time,109.15631908143152,0.3232866457905267,190.4539953411644,2,True,True,0-10-13
rl_fallback_unsafe,8,11,delivered_on_time,135.71337539706485,0.5666046190679255,196.04851493146776,2,True,True,0-10-11
rl_fallback_unsafe,8,12,delivered_on_time,101.9301019349922,0.31051634828592445,277.9395047210227,2,True,True,0-10-12
rl_fallback_unsafe,8,13,missed_deadline,-31.410624456091192,0.7959825155162443,258.75638344102566,1,False,False,0-10
rl_fallback_unsafe,8,14,delivered_on_time,113.67539124823784,0.5068738968506337,415.93948783960184,2,True,True,0-9-11
rl_fallback_unsafe,8,15,delivered_on_time,163.0318346388777,0.887719361222756,120.70202058389557,2,True,True,0-10-13
rl_fallback_unsafe,8,16,delivered_on_time,157.559338112814,0.8444115242229717,195.30506958767708,2,True,True,0-10-12
rl_fallback_unsafe,8,17,delivered_on_time,92.17622705092187,0.18054353885890304,215.32942921843673,2,True,True,0-10-11
rl_fallback_unsafe,8,18,delivered_on_time,84.8908517804895,0.15631152034858473,343.16634216455736,2,True,True,0-9-12
rl_fallback_unsafe,8,19,delivered_on_time,91.85059045089939,0.13599290289210755,193.8648878028282,2,True,True,0-10-11
rl_fallback_unsafe,8,20,delivered_on_time,117.33478112806115,0.4173428327954082,133.31811102197497,2,True,True,0-9-13
rl_fallback_unsafe,8,21,delivered_on_time,90.83042579464092,0.10071113692020842,67.90039022109666,2,True,True,0-9-11
rl_fallback_unsafe,8,22,delivered_on_time,105.23600102709219,0.2729820961994731,191.2398348152832,2,True,True,0-9-13
rl_fallback_unsafe,8,23,delivered_on_time,171.59748510871643,0.9126069219396824,135.83625540178846,2,True,True,0-9-11
rl_fallback_unsafe,8,24,delivered_on_time,95.87414064104576,0.3156301024003908,427.88413789500083,2,True,True,0-10-11
masked_random,9,0,delivered_late,-28.271882794735966,0.38819825750918535,1172.292111760421,5,True,False,0-5-4-2-3-11
masked_random,9,1,missed_deadline,-32.91549075376951,0.8080146866579965,874.2643334160687,1,False,False,0-7
masked_random,9,2,delivered_on_time,61.926818145483146,0.25598347359944373,752.8114285272176,4,True,True,0-3-4-6-12
masked_random,9,3,delivered_late,-2.2688457368051056,0.2179704704374574,1284.6809772365104,2,True,False,0-10-12
masked_random,9,4,delivered_on_time,85.18051843483639,0.15917154009134546,334.24128379574074,2,True,True,0-8-11
masked_random,9,5,delivered_on_time,118.9522573965219,0.5173332702515873,235.21201357868563,3,True,True,0-8-2-13
masked_random,9,6,delivered_late,36.136228336601874,0.83930764074137,441.3827828897354,2,True,False,0-9-11
masked_random,9,7,delivered_on_time,68.23706521652022,0.34150237672622474,994.5303267733134,2,True,True,0-10-11
masked_random,9,8,delivered_on_time,66.93974429735631,0.35127306709720096,730.3054481807941,4,True,True,0-5-6-8-11
masked_random,9,9,delivered_on_time,73.64990834948553,0.156033943716296,483.2137816226939,2,True,True,0-9-11
masked_random,9,10,missed_deadline,-54.40655397533557,0.15195044072542355,902.8768166810132,4,False,False,0-3-7-2-6
masked_random,9,11,delivered_late,44.91096917781093,0.8911971352229348,248.66765418148984,3,True,False,0-6-4-11
masked_random,9,12,delivered_on_time,112.6797598567606,0.3667953347850109,130.59453671158144,2,True,True,0-5-12
masked_random,9,13,missed_deadline,-40.656184385317765,0.8910073207547913,351.7500686713051,2,False,False,0-4-10
masked_random,9,14,delivered_late,-86.71348297890123,0.8517550711876145,2972.6847112337678,2,True,False,0-3-12
masked_random,9,15,delivered_on_time,57.85269359961807,0.18951626642709898,642.9682985063275,4,True,True,0-2-5-8-11
masked_random,9,16,missed_deadline,-32.33360495322399,0.8521814621226652,354.6666994806092,1,False,False,0-4
masked_random,9,17,missed_deadline,-35.080842703189205,0.9750769639482073,203.71472020491774,1,False,False,0-5
masked_random,9,18,missed_deadline,-33.18492778475239,0.8304196583101227,333.1038837071175,1,False,False,0-7
masked_random,9,19,delivered_on_time,63.33636912051153,0.2390196252089716,689.3668971429672,3,True,True,0-5-2-12
masked_random,9,20,delivered_late,-11.578286741809405,0.3474637144294187,1418.000353596908,2,True,False,0-10-12
masked_random,9,21,delivered_on_time,95.69555866053686,0.36051826040973534,254.36379201130094,3,True,True,0-4-10-11
masked_random,9,22,delivered_late,-12.700744117541056,0.39780893747219337,1100.0213753051687,4,True,False,0-6-4-6-11
masked_random,9,23,missed_deadline,-69.37566149982707,0.9030523615217112,321.6650341784464,5,False,False,0-3-4-1-2-8
masked_random,9,24,delivered_on_time,51.2379560402984,0.14584768517680288,718.7633015568831,3,True,True,0-7-4-13
baseline_env_rules,9,0,delivered_on_time,109.7514710093084,0.38819825750918535,287.7354611301263,2,True,True,0-5-13
baseline_env_rules,9,1,delivered_on_time,103.64986151557585,0.2861256274855397,191.42471178121622,2,True,True,0-5-13
baseline_env_rules,9,2,delivered_on_time,126.7562830144575,0.4719473353750452,114.88318699636869,2,True,True,0-6-12
baseline_env_rules,9,3,delivered_on_time,93.1635827320137,0.14851157499554132,98.83177044120798,2,True,True,0-10-11
baseline_env_rules,9,4,delivered_on_time,151.6528113453669,0.7320147596785722,184.78948298951272,2,True,True,0-7-11
baseline_env_rules,9,5,delivered_on_time,123.1162972457448,0.5867763745871064,366.01104252646616,2,True,True,0-8-12
baseline_env_rules,9,6,delivered_on_time,114.67772791651,0.39422643608913976,201.93816639410517,2,True,True,0-2-13
baseline_env_rules,9,7,delivered_late,50.791699238898495,0.8080146866579965,266.8599868253074,2,True,False,0-8-13
baseline_env_rules,9,8,missed_deadline,-31.45974157280809,0.9146983419517912,209.5537122234822,1,False,False,0-1
baseline_env_rules,9,9,delivered_on_time,99.85115836143282,0.25598347359944373,171.27435208532836,2,True,True,0-2-11
baseline_env_rules,9,10,missed_deadline,-34.858704045959634,0.8503280217094087,139.31815829168116,1,False,False,0-9
baseline_env_rules,9,11,delivered_on_time,126.31560411838821,0.38633478208367045,25.913906775086595,2,True,True,0-10-13
baseline_env_rules,9,12,delivered_on_time,114.12362267826678,0.42419512295978934,261.6590529944049,2,True,True,0-10-12
baseline_env_rules,9,13,delivered_on_time,104.98539677957932,0.3897167681353122,374.17764899215376,2,True,True,0-3-13
baseline_env_rules,9,14,delivered_on_time,83.25435772790239,0.10717871005815474,260.25248210361286,2,True,True,0-1-13
baseline_env_rules,9,15,delivered_on_time,87.07693138618214,0.14939289581601076,210.84170634318633,2,True,True,0-9-11
baseline_env_rules,9,16,delivered_on_time,113.20914558903122,0.46655780997253393,314.5407510642525,2,True,True,0-1-12
baseline_env_rules,9,17,delivered_on_time,92.2850933514087,0.2179704704374574,271.4371335313982,2,True,True,0-6-12
baseline_env_rules,9,18,delivered_on_time,127.15114229529031,0.597033139880659,294.5997272380328,2,True,True,0-9-11
baseline_env_rules,9,19,delivered_late,46.57258873766814,0.8372632326366668,253.66120797178903,2,True,False,0-8-13
baseline_env_rules,9,20,delivered_on_time,85.62411316451235,0.220753037890189,437.93093076890926,2,True,True,0-10-11
baseline_env_rules,9,21,delivered_on_time,88.66423997316573,0.15917154009134546,171.28304127006055,2,True,True,0-1-12
baseline_env_rules,9,22,delivered_on_time,166.206716586979,0.8774692249151888,138.63763650045072,2,True,True,0-3-13
baseline_env_rules,9,23,delivered_on_time,89.80617634949542,0.12203343319993329,173.14240168368778,2,True,True,0-2-11
baseline_env_rules,9,24,delivered_on_time,129.90955666396874,0.5173332702515873,68.94978470556651,2,True,True,0-3-12
baseline_physical,9,0,delivered_on_time,101.79863722540449,0.38819825750918535,372.30610165503305,2,True,True,0-7-11
baseline_physical,9,1,delivered_on_time,103.64986151557585,0.2861256274855397,191.42471178121622,2,True,True,0-5-13
baseline_physical,9,2,delivered_on_time,126.7562830144575,0.4719473353750452,114.88318699636869,2,True,True,0-6-12
baseline_physical,9,3,delivered_on_time,93.1635827320137,0.14851157499554132,98.83177044120798,2,True,True,0-10-11
baseline_physical,9,4,delivered_on_time,146.64792519113485,0.7320147596785722,187.35157423340138,2,True,True,0-6-12
baseline_physical,9,5,delivered_on_time,109.27688428721451,0.5867763745871064,684.2611210865473,2,True,True,0-4-12
baseline_physical,9,6,delivered_on_time,110.73047709617295,0.39422643608913976,245.75904594604367,2,True,True,0-5-13
baseline_physical,9,7,delivered_late,47.34815949809545,0.8080146866579965,332.4110322692382,2,True,False,0-8-12
baseline_physical,9,8,missed_deadline,-31.869499117968328,0.9146983419517912,418.49722253545684,1,False,False,0-6
baseline_physical,9,9,delivered_on_time,99.85115836143282,0.25598347359944373,171.27435208532836,2,True,True,0-2-11
baseline_physical,9,10,missed_deadline,-34.858704045959634,0.8503280217094087,139.31815829168116,1,False,False,0-9
baseline_physical,9,11,delivered_on_time,126.31560411838821,0.38633478208367045,25.913906775086595,2,True,True,0-10-13
baseline_physical,9,12,delivered_on_time,112.7269042944685,0.42419512295978934,339.5187355057916,2,True,True,0-7-13
baseline_physical,9,13,delivered_on_time,104.26666118970174,0.3897167681353122,399.2439040509132,2,True,True,0-4-11
baseline_physical,9,14,delivered_on_time,84.4259812917371,0.10717871005815474,266.6236897686944,2,True,True,0-9-11
baseline_physical,9,15,delivered_on_time,86.83847401461755,0.14939289581601076,256.2797351076923,2,True,True,0-2-12
baseline_physical,9,16,delivered_on_time,76.25618805521354,0.46655780997253393,1194.9992669114308,2,True,True,0-4-12
baseline_physical,9,17,delivered_on_time,71.94972710945406,0.2179704704374574,491.9079903310161,3,True,True,0-8-10-12
baseline_physical,9,18,delivered_on_time,115.98903470097989,0.597033139880659,420.87000086125255,3,True,True,0-3-5-13
baseline_physical,9,19,delivered_late,44.6714259798157,0.8372632326366668,260.22389394178106,2,True,False,0-8-12
baseline_physical,9,20,delivered_on_time,83.0499403695428,0.220753037890189,467.43585635622344,2,True,True,0-4-13
baseline_physical,9,21,delivered_on_time,88.66423997316573,0.15917154009134546,171.28304127006055,2,True,True,0-1-12
baseline_physical,9,22,delivered_on_time,166.206716586979,0.8774692249151888,138.63763650045072,2,True,True,0-3-13
baseline_physical,9,23,delivered_on_time,89.80617634949542,0.12203343319993329,173.14240168368778,2,True,True,0-2-11
baseline_physical,9,24,delivered_on_time,129.90955666396874,0.5173332702515873,68.94978470556651,2,True,True,0-3-12
rl_seed_7,9,0,delivered_on_time,89.29709733133001,0.38819825750918535,626.6970932609287,2,True,True,0-9-12
rl_seed_7,9,1,delivered_on_time,91.49830802851139,0.2861256274855397,340.75794812049566,2,True,True,0-9-13
rl_seed_7,9,2,delivered_on_time,124.72446062039317,0.4719473353750452,157.93914882770042,2,True,True,0-10-13
rl_seed_7,9,3,delivered_on_time,93.1635827320137,0.14851157499554132,98.83177044120798,2,True,True,0-10-11
rl_seed_7,9,4,delivered_on_time,141.21829012225672,0.7320147596785722,290.842004385095,2,True,True,0-10-11
rl_seed_7,9,5,delivered_on_time,117.73418511194919,0.5867763745871064,503.0200154821593,2,True,True,0-10-12
rl_seed_7,9,6,delivered_on_time,102.96355254291132,0.39422643608913976,387.2757872344771,2,True,True,0-9-11
rl_seed_7,9,7,missed_deadline,-32.970009749140424,0.8080146866579965,327.9016733862706,1,False,False,0-9
rl_seed_7,9,8,missed_deadline,-32.66286931829984,0.9146983419517912,249.95439169042706,1,False,False,0-9
rl_seed_7,9,9,delivered_on_time,94.99814688685589,0.25598347359944373,299.4479077685012,2,True,True,0-10-12
rl_seed_7,9,10,missed_deadline,-34.858704045959634,0.8503280217094087,139.31815829168116,1,False,False,0-9
rl_seed_7,9,11,delivered_on_time,126.31560411838821,0.38633478208367045,25.913906775086595,2,True,True,0-10-13
rl_seed_7,9,12,delivered_on_time,114.12362267826678,0.42419512295978934,261.6590529944049,2,True,True,0-10-12
rl_seed_7,9,13,delivered_on_time,88.14293990579934,0.3897167681353122,684.5545520314115,2,True,True,0-10-12
rl_seed_7,9,14,delivered_on_time,84.4259812917371,0.10717871005815474,266.6236897686944,2,True,True,0-9-11
rl_seed_7,9,15,delivered_on_time,87.07693138618214,0.14939289581601076,210.84170634318633,2,True,True,0-9-11
rl_seed_7,9,16,delivered_on_time,104.68691568014161,0.46655780997253393,501.44523157188996,2,True,True,0-9-12
rl_seed_7,9,17,delivered_on_time,86.98576208039927,0.2179704704374574,362.9879162307743,2,True,True,0-9-11
rl_seed_7,9,18,delivered_on_time,127.15114229529031,0.597033139880659,294.5997272380328,2,True,True,0-9-11
rl_seed_7,9,19,missed_deadline,-34.88842247343632,0.8372632326366668,209.86595200221635,1,False,False,0-9
rl_seed_7,9,20,delivered_on_time,85.62411316451235,0.220753037890189,437.93093076890926,2,True,True,0-10-11
rl_seed_7,9,21,delivered_on_time,90.77329853577638,0.15917154009134546,245.79764870619843,2,True,True,0-10-11
rl_seed_7,9,22,delivered_on_time,162.2421651785409,0.8774692249151888,184.76163897175613,2,True,True,0-9-13
rl_seed_7,9,23,delivered_on_time,80.15622780839317,0.12203343319993329,227.79394502006207,2,True,True,0-10-11
rl_seed_7,9,24,delivered_on_time,134.44873342378844,0.5173332702515873,73.99134296578855,2,True,True,0-10-13
rl_seed_42,9,0,delivered_on_time,86.07051263256196,0.38819825750918535,677.2585940912279,2,True,True,0-9-11
rl_seed_42,9,1,delivered_on_time,91.49830802851139,0.2861256274855397,340.75794812049566,2,True,True,0-9-13
rl_seed_42,9,2,delivered_on_time,124.72446062039317,0.4719473353750452,157.93914882770042,2,True,True,0-10-13
rl_seed_42,9,3,delivered_on_time,93.1635827320137,0.14851157499554132,98.83177044120798,2,True,True,0-10-11
rl_seed_42,9,4,delivered_on_time,141.21829012225672,0.7320147596785722,290.842004385095,2,True,True,0-10-11
rl_seed_42,9,5,delivered_on_time,117.73418511194919,0.5867763745871064,503.0200154821593,2,True,True,0-10-12
rl_seed_42,9,6,delivered_on_time,102.96355254291132,0.39422643608913976,387.2757872344771,2,True,True,0-9-11
rl_seed_42,9,7,missed_deadline,-32.970009749140424,0.8080146866579965,327.9016733862706,1,False,False,0-9
rl_seed_42,9,8,missed_deadline,-32.66286931829984,0.9146983419517912,249.95439169042706,1,False,False,0-9
rl_seed_42,9,9,delivered_on_time,94.99814688685589,0.25598347359944373,299.4479077685012,2,True,True,0-10-12
rl_seed_42,9,10,missed_deadline,-34.858704045959634,0.8503280217094087,139.31815829168116,1,False,False,0-9
rl_seed_42,9,11,delivered_on_time,126.31560411838821,0.38633478208367045,25.913906775086595,2,True,True,0-10-13
rl_seed_42,9,12,delivered_on_time,114.12362267826678,0.42419512295978934,261.6590529944049,2,True,True,0-10-12
rl_seed_42,9,13,delivered_on_time,98.02693663566873,0.3897167681353122,396.02952656834145,2,True,True,0-8-13
rl_seed_42,9,14,delivered_on_time,86.10740163105842,0.10717871005815474,270.1700750963911,2,True,True,0-9-12
rl_seed_42,9,15,delivered_on_time,87.07693138618214,0.14939289581601076,210.84170634318633,2,True,True,0-9-11
rl_seed_42,9,16,delivered_on_time,104.68691568014161,0.46655780997253393,501.44523157188996,2,True,True,0-9-12
rl_seed_42,9,17,delivered_on_time,86.98576208039927,0.2179704704374574,362.9879162307743,2,True,True,0-9-11
rl_seed_42,9,18,delivered_on_time,127.15114229529031,0.597033139880659,294.5997272380328,2,True,True,0-9-11
rl_seed_42,9,19,missed_deadline,-34.88842247343632,0.8372632326366668,209.86595200221635,1,False,False,0-9
rl_seed_42,9,20,delivered_on_time,85.62411316451235,0.220753037890189,437.93093076890926,2,True,True,0-10-11
rl_seed_42,9,21,delivered_on_time,84.22985650467038,0.15917154009134546,292.7725229931591,2,True,True,0-9-13
rl_seed_42,9,22,delivered_on_time,162.2421651785409,0.8774692249151888,184.76163897175613,2,True,True,0-9-13
rl_seed_42,9,23,delivered_on_time,80.15622780839317,0.12203343319993329,227.79394502006207,2,True,True,0-10-11
rl_seed_42,9,24,delivered_on_time,134.44873342378844,0.5173332702515873,73.99134296578855,2,True,True,0-10-13
rl_seed_123,9,0,delivered_on_time,86.07051263256196,0.38819825750918535,677.2585940912279,2,True,True,0-9-11
rl_seed_123,9,1,delivered_on_time,98.58385127844898,0.2861256274855397,257.51544343204046,2,True,True,0-10-12
rl_seed_123,9,2,delivered_on_time,124.72446062039317,0.4719473353750452,157.93914882770042,2,True,True,0-10-13
rl_seed_123,9,3,delivered_on_time,93.1635827320137,0.14851157499554132,98.83177044120798,2,True,True,0-10-11
rl_seed_123,9,4,delivered_on_time,141.21829012225672,0.7320147596785722,290.842004385095,2,True,True,0-10-11
rl_seed_123,9,5,delivered_on_time,117.73418511194919,0.5867763745871064,503.0200154821593,2,True,True,0-10-12
rl_seed_123,9,6,delivered_on_time,102.96355254291132,0.39422643608913976,387.2757872344771,2,True,True,0-9-11
rl_seed_123,9,7,missed_deadline,-32.970009749140424,0.8080146866579965,327.9016733862706,1,False,False,0-9
rl_seed_123,9,8,missed_deadline,-32.66286931829984,0.9146983419517912,249.95439169042706,1,False,False,0-9
rl_seed_123,9,9,delivered_on_time,94.99814688685589,0.25598347359944373,299.4479077685012,2,True,True,0-10-12
rl_seed_123,9,10,missed_deadline,-34.858704045959634,0.8503280217094087,139.31815829168116,1,False,False,0-9
rl_seed_123,9,11,delivered_on_time,126.31560411838821,0.38633478208367045,25.913906775086595,2,True,True,0-10-13
rl_seed_123,9,12,delivered_on_time,114.12362267826678,0.42419512295978934,261.6590529944049,2,True,True,0-10-12
rl_seed_123,9,13,delivered_on_time,88.14293990579934,0.3897167681353122,684.5545520314115,2,True,True,0-10-12
rl_seed_123,9,14,delivered_on_time,84.4259812917371,0.10717871005815474,266.6236897686944,2,True,True,0-9-11
rl_seed_123,9,15,delivered_on_time,87.07693138618214,0.14939289581601076,210.84170634318633,2,True,True,0-9-11
rl_seed_123,9,16,delivered_on_time,104.68691568014161,0.46655780997253393,501.44523157188996,2,True,True,0-9-12
rl_seed_123,9,17,delivered_on_time,86.98576208039927,0.2179704704374574,362.9879162307743,2,True,True,0-9-11
rl_seed_123,9,18,delivered_on_time,127.15114229529031,0.597033139880659,294.5997272380328,2,True,True,0-9-11
rl_seed_123,9,19,missed_deadline,-34.88842247343632,0.8372632326366668,209.86595200221635,1,False,False,0-9
rl_seed_123,9,20,delivered_on_time,85.62411316451235,0.220753037890189,437.93093076890926,2,True,True,0-10-11
rl_seed_123,9,21,delivered_on_time,90.77329853577638,0.15917154009134546,245.79764870619843,2,True,True,0-10-11
rl_seed_123,9,22,delivered_on_time,162.2421651785409,0.8774692249151888,184.76163897175613,2,True,True,0-9-13
rl_seed_123,9,23,delivered_on_time,80.15622780839317,0.12203343319993329,227.79394502006207,2,True,True,0-10-11
rl_seed_123,9,24,delivered_on_time,134.44873342378844,0.5173332702515873,73.99134296578855,2,True,True,0-10-13
rl_fallback_invalid,9,0,delivered_on_time,89.29709733133001,0.38819825750918535,626.6970932609287,2,True,True,0-9-12
rl_fallback_invalid,9,1,delivered_on_time,91.49830802851139,0.2861256274855397,340.75794812049566,2,True,True,0-9-13
rl_fallback_invalid,9,2,delivered_on_time,124.72446062039317,0.4719473353750452,157.93914882770042,2,True,True,0-10-13
rl_fallback_invalid,9,3,delivered_on_time,93.1635827320137,0.14851157499554132,98.83177044120798,2,True,True,0-10-11
rl_fallback_invalid,9,4,delivered_on_time,141.21829012225672,0.7320147596785722,290.842004385095,2,True,True,0-10-11
rl_fallback_invalid,9,5,delivered_on_time,117.73418511194919,0.5867763745871064,503.0200154821593,2,True,True,0-10-12
rl_fallback_invalid,9,6,delivered_on_time,102.96355254291132,0.39422643608913976,387.2757872344771,2,True,True,0-9-11
rl_fallback_invalid,9,7,missed_deadline,-32.970009749140424,0.8080146866579965,327.9016733862706,1,False,False,0-9
rl_fallback_invalid,9,8,missed_deadline,-32.66286931829984,0.9146983419517912,249.95439169042706,1,False,False,0-9
rl_fallback_invalid,9,9,delivered_on_time,94.99814688685589,0.25598347359944373,299.4479077685012,2,True,True,0-10-12
rl_fallback_invalid,9,10,missed_deadline,-34.858704045959634,0.8503280217094087,139.31815829168116,1,False,False,0-9
rl_fallback_invalid,9,11,delivered_on_time,126.31560411838821,0.38633478208367045,25.913906775086595,2,True,True,0-10-13
rl_fallback_invalid,9,12,delivered_on_time,114.12362267826678,0.42419512295978934,261.6590529944049,2,True,True,0-10-12
rl_fallback_invalid,9,13,delivered_on_time,88.14293990579934,0.3897167681353122,684.5545520314115,2,True,True,0-10-12
rl_fallback_invalid,9,14,delivered_on_time,84.4259812917371,0.10717871005815474,266.6236897686944,2,True,True,0-9-11
rl_fallback_invalid,9,15,delivered_on_time,87.07693138618214,0.14939289581601076,210.84170634318633,2,True,True,0-9-11
rl_fallback_invalid,9,16,delivered_on_time,104.68691568014161,0.46655780997253393,501.44523157188996,2,True,True,0-9-12
rl_fallback_invalid,9,17,delivered_on_time,86.98576208039927,0.2179704704374574,362.9879162307743,2,True,True,0-9-11
rl_fallback_invalid,9,18,delivered_on_time,127.15114229529031,0.597033139880659,294.5997272380328,2,True,True,0-9-11
rl_fallback_invalid,9,19,missed_deadline,-34.88842247343632,0.8372632326366668,209.86595200221635,1,False,False,0-9
rl_fallback_invalid,9,20,delivered_on_time,85.62411316451235,0.220753037890189,437.93093076890926,2,True,True,0-10-11
rl_fallback_invalid,9,21,delivered_on_time,90.77329853577638,0.15917154009134546,245.79764870619843,2,True,True,0-10-11
rl_fallback_invalid,9,22,delivered_on_time,162.2421651785409,0.8774692249151888,184.76163897175613,2,True,True,0-9-13
rl_fallback_invalid,9,23,delivered_on_time,80.15622780839317,0.12203343319993329,227.79394502006207,2,True,True,0-10-11
rl_fallback_invalid,9,24,delivered_on_time,134.44873342378844,0.5173332702515873,73.99134296578855,2,True,True,0-10-13
rl_fallback_unsafe,9,0,delivered_on_time,89.29709733133001,0.38819825750918535,626.6970932609287,2,True,True,0-9-12
rl_fallback_unsafe,9,1,delivered_on_time,91.49830802851139,0.2861256274855397,340.75794812049566,2,True,True,0-9-13
rl_fallback_unsafe,9,2,delivered_on_time,124.72446062039317,0.4719473353750452,157.93914882770042,2,True,True,0-10-13
rl_fallback_unsafe,9,3,delivered_on_time,93.1635827320137,0.14851157499554132,98.83177044120798,2,True,True,0-10-11
rl_fallback_unsafe,9,4,delivered_on_time,141.21829012225672,0.7320147596785722,290.842004385095,2,True,True,0-10-11
rl_fallback_unsafe,9,5,delivered_on_time,117.73418511194919,0.5867763745871064,503.0200154821593,2,True,True,0-10-12
rl_fallback_unsafe,9,6,delivered_on_time,102.96355254291132,0.39422643608913976,387.2757872344771,2,True,True,0-9-11
rl_fallback_unsafe,9,7,missed_deadline,-32.970009749140424,0.8080146866579965,327.9016733862706,1,False,False,0-9
rl_fallback_unsafe,9,8,missed_deadline,-32.66286931829984,0.9146983419517912,249.95439169042706,1,False,False,0-9
rl_fallback_unsafe,9,9,delivered_on_time,94.99814688685589,0.25598347359944373,299.4479077685012,2,True,True,0-10-12
rl_fallback_unsafe,9,10,missed_deadline,-34.858704045959634,0.8503280217094087,139.31815829168116,1,False,False,0-9
rl_fallback_unsafe,9,11,delivered_on_time,126.31560411838821,0.38633478208367045,25.913906775086595,2,True,True,0-10-13
rl_fallback_unsafe,9,12,delivered_on_time,114.12362267826678,0.42419512295978934,261.6590529944049,2,True,True,0-10-12
rl_fallback_unsafe,9,13,delivered_on_time,88.14293990579934,0.3897167681353122,684.5545520314115,2,True,True,0-10-12
rl_fallback_unsafe,9,14,delivered_on_time,84.4259812917371,0.10717871005815474,266.6236897686944,2,True,True,0-9-11
rl_fallback_unsafe,9,15,delivered_on_time,87.07693138618214,0.14939289581601076,210.84170634318633,2,True,True,0-9-11
rl_fallback_unsafe,9,16,delivered_on_time,102.65487920117802,0.46655780997253393,560.6180528528898,2,True,True,0-9-13
rl_fallback_unsafe,9,17,delivered_on_time,86.98576208039927,0.2179704704374574,362.9879162307743,2,True,True,0-9-11
rl_fallback_unsafe,9,18,delivered_on_time,127.15114229529031,0.597033139880659,294.5997272380328,2,True,True,0-9-11
rl_fallback_unsafe,9,19,missed_deadline,-34.88842247343632,0.8372632326366668,209.86595200221635,1,False,False,0-9
rl_fallback_unsafe,9,20,delivered_late,-228.06854202420362,0.220753037890189,5870.012753513544,2,True,False,0-10-13
rl_fallback_unsafe,9,21,delivered_on_time,90.77329853577638,0.15917154009134546,245.79764870619843,2,True,True,0-10-11
rl_fallback_unsafe,9,22,delivered_on_time,162.2421651785409,0.8774692249151888,184.76163897175613,2,True,True,0-9-13
rl_fallback_unsafe,9,23,delivered_on_time,80.15622780839317,0.12203343319993329,227.79394502006207,2,True,True,0-10-11
rl_fallback_unsafe,9,24,delivered_on_time,134.44873342378844,0.5173332702515873,73.99134296578855,2,True,True,0-10-13
masked_random,10,0,missed_deadline,-42.89247906353273,0.8645664702548481,371.1857684465689,2,False,False,0-8-7
masked_random,10,1,delivered_on_time,100.04276881169322,0.2939265184372549,311.6022854800168,2,True,True,0-10-12
masked_random,10,2,delivered_on_time,49.48203633423417,0.18410081296388872,308.48709295721955,6,True,True,0-3-5-4-8-10-11
masked_random,10,3,delivered_late,-102.4736479299255,0.4399553125442367,3130.1415317495907,3,True,False,0-2-1-12
masked_random,10,4,delivered_on_time,164.22672438200132,0.8887002069270805,293.1676711931596,2,True,True,0-10-12
masked_random,10,5,missed_deadline,-60.807721436210144,0.7957545168010138,307.05177219002155,4,False,False,0-1-2-5-6
masked_random,10,6,delivered_on_time,113.11341259425933,0.40457309759937166,233.87466954608126,2,True,True,0-10-11
masked_random,10,7,delivered_on_time,17.512965770219378,0.208086878610609,1381.7161684691587,5,True,True,0-2-6-4-10-13
masked_random,10,8,delivered_on_time,42.802256912302965,0.49607361126097604,1068.1284730734715,6,True,True,0-1-5-7-5-6-11
masked_random,10,9,delivered_late,-110.1464272519688,0.4169826504722386,3038.2117282346767,4,True,False,0-6-7-3-13
masked_random,10,10,missed_deadline,-35.64693746343237,0.7681035694852821,784.1845663701847,1,False,False,0-9
masked_random,10,11,delivered_on_time,109.37209644006145,0.5290508418968343,361.27784981474235,3,True,True,0-7-10-12
masked_random,10,12,delivered_on_time,91.62877965228115,0.3901240393731551,364.243341357103,4,True,True,0-6-8-9-12
masked_random,10,13,missed_deadline,-52.69066848863807,0.5349760364151601,1581.7984141927368,3,False,False,0-6-5-9
masked_random,10,14,missed_deadline,-40.336926003919885,0.8737817286155208,483.5513469885814,2,False,False,0-7-6
masked_random,10,15,delivered_on_time,96.99422042682303,0.3557282249366669,240.93447251251277,3,True,True,0-4-10-12
masked_random,10,16,missed_deadline,-46.31309980478761,0.8275704425398134,216.37745323285748,3,False,False,0-2-6-8
masked_random,10,17,delivered_on_time,59.65893062104307,0.18986427693511995,610.4912405792164,3,True,True,0-8-4-13
masked_random,10,18,delivered_on_time,93.28661115299461,0.536559273609957,828.8421705272606,3,True,True,0-5-3-13
masked_random,10,19,delivered_late,4.3999352660465085,0.3979264955885681,1031.837870796733,2,True,False,0-7-13
masked_random,10,20,delivered_on_time,144.54910066143708,0.7220496577482812,247.41573586073474,2,True,True,0-9-12
masked_random,10,21,missed_deadline,-47.45179731530885,0.24095595081435364,1356.8172236591618,3,False,False,0-1-5-2
masked_random,10,22,delivered_on_time,154.1354652660692,0.8221922596744401,176.04771101609447,2,True,True,0-2-13
masked_random,10,23,delivered_on_time,102.64697510842802,0.5292094685189471,461.26745428601737,3,True,True,0-5-3-12
masked_random,10,24,missed_deadline,-52.543672197569364,0.26437875903386143,3321.5137123906015,4,False,False,0-2-5-7-9
baseline_env_rules,10,0,delivered_on_time,164.67558151527467,0.8645664702548481,134.80436349639308,2,True,True,0-5-13
baseline_env_rules,10,1,delivered_on_time,127.08299205895938,0.5383651133692681,203.7584009869659,2,True,True,0-2-13
baseline_env_rules,10,2,delivered_on_time,175.87032080032026,0.9908781388730574,161.39549722509614,2,True,True,0-6-12
baseline_env_rules,10,3,delivered_on_time,98.96775718777145,0.2939265184372549,199.65455164199363,2,True,True,0-3-12
baseline_env_rules,10,4,delivered_on_time,156.31685390393994,0.8083799494714575,220.36507365286428,2,True,True,0-4-13
baseline_env_rules,10,5,delivered_on_time,169.378474337183,0.8657403161236277,71.71860184372142,2,True,True,0-6-12
baseline_env_rules,10,6,delivered_on_time,97.24682629237591,0.18410081296388872,60.52489499873254,2,True,True,0-3-13
baseline_env_rules,10,7,delivered_on_time,96.81942422605033,0.28197364714551065,234.24967709882205,2,True,True,0-8-12
baseline_env_rules,10,8,delivered_on_time,106.05919438886932,0.3440974628370782,111.63827471739589,3,True,True,0-1-4-11
baseline_env_rules,10,9,delivered_on_time,89.25638119958384,0.16634927363627897,247.82233171432483,2,True,True,0-7-13
baseline_env_rules,10,10,delivered_on_time,91.3321819801555,0.13437101390214026,145.10906119103083,2,True,True,0-6-11
baseline_env_rules,10,11,delivered_on_time,98.36465631662529,0.2224065667413078,218.79145419034018,2,True,True,0-1-11
baseline_env_rules,10,12,delivered_on_time,116.00748845307291,0.35498543570104624,128.43335630300345,2,True,True,0-8-12
baseline_env_rules,10,13,delivered_on_time,115.99352037143773,0.4399553125442367,294.6545345089631,2,True,True,0-7-12
baseline_env_rules,10,14,delivered_on_time,109.56453842320074,0.4320182148404399,421.43326949276263,2,True,True,0-5-12
baseline_env_rules,10,15,delivered_on_time,152.41702913585917,0.7575873747777073,242.6089671274692,2,True,True,0-1-12
baseline_env_rules,10,16,delivered_on_time,128.83246058071023,0.511587062459667,63.33476873871516,2,True,True,0-10-13
baseline_env_rules,10,17,delivered_on_time,126.25503158568367,0.4668158394083787,103.92722544970152,2,True,True,0-9-11
baseline_env_rules,10,18,delivered_on_time,170.15944874642713,0.8887002069270805,139.48283038310763,2,True,True,0-1-11
baseline_env_rules,10,19,delivered_on_time,114.09081389564722,0.3826437083849086,200.97086831123536,2,True,True,0-9-12
baseline_env_rules,10,20,delivered_late,45.55971755891912,0.990028369651883,308.54490917870413,2,True,False,0-6-13
baseline_env_rules,10,21,delivered_on_time,162.47926606364632,0.7957545168010138,82.41325598488996,2,True,True,0-2-11
baseline_env_rules,10,22,delivered_on_time,125.72108442529047,0.5223089154396648,172.50677154420663,2,True,True,0-10-12
baseline_env_rules,10,23,delivered_on_time,94.14197243503995,0.22322041671079593,263.1869421886885,2,True,True,0-9-13
baseline_env_rules,10,24,delivered_late,31.964325400316902,0.8629156956476565,570.7384748427794,2,True,False,0-3-13
baseline_physical,10,0,delivered_on_time,164.67558151527467,0.8645664702548481,134.80436349639308,2,True,True,0-5-13
baseline_physical,10,1,delivered_on_time,127.34189433097015,0.5383651133692681,257.7815039613286,2,True,True,0-1-13
baseline_physical,10,2,delivered_on_time,169.48659760647146,0.9908781388730574,189.05987388409213,2,True,True,0-1-13
baseline_physical,10,3,delivered_on_time,98.96775718777145,0.2939265184372549,199.65455164199363,2,True,True,0-3-12
baseline_physical,10,4,delivered_on_time,153.25505337367684,0.8083799494714575,227.28028028753417,2,True,True,0-5-11
baseline_physical,10,5,delivered_on_time,169.378474337183,0.8657403161236277,71.71860184372142,2,True,True,0-6-12
baseline_physical,10,6,delivered_on_time,97.24682629237591,0.18410081296388872,60.52489499873254,2,True,True,0-3-13
baseline_physical,10,7,delivered_on_time,100.7540055059625,0.28197364714551065,311.54117998375773,2,True,True,0-1-11
baseline_physical,10,8,delivered_on_time,106.05919438886932,0.3440974628370782,111.63827471739589,3,True,True,0-1-4-11
baseline_physical,10,9,delivered_on_time,80.14717697767311,0.16634927363627897,444.9431303686107,2,True,True,0-8-13
baseline_physical,10,10,delivered_on_time,87.038656879617,0.13437101390214026,167.71152375222184,2,True,True,0-10-13
baseline_physical,10,11,delivered_on_time,96.3033498701865,0.2224065667413078,258.7392133712741,2,True,True,0-10-13
baseline_physical,10,12,delivered_on_time,116.00748845307291,0.35498543570104624,128.43335630300345,2,True,True,0-8-12
baseline_physical,10,13,delivered_on_time,109.99037981716361,0.4399553125442367,335.96094015200083,2,True,True,0-7-11
baseline_physical,10,14,delivered_on_time,109.56453842320074,0.4320182148404399,421.43326949276263,2,True,True,0-5-12
baseline_physical,10,15,delivered_on_time,152.41702913585917,0.7575873747777073,242.6089671274692,2,True,True,0-1-12
baseline_physical,10,16,delivered_on_time,128.83246058071023,0.511587062459667,63.33476873871516,2,True,True,0-10-13
baseline_physical,10,17,delivered_on_time,128.8680462272567,0.4668158394083787,107.12659527973223,2,True,True,0-9-12
baseline_physical,10,18,delivered_on_time,170.15944874642713,0.8887002069270805,139.48283038310763,2,True,True,0-1-11
baseline_physical,10,19,delivered_on_time,109.32983940558488,0.3826437083849086,245.50147222504052,2,True,True,0-2-13
baseline_physical,10,20,missed_deadline,-31.92094440172817,0.990028369651883,220.6609209361211,1,False,False,0-1
baseline_physical,10,21,delivered_on_time,162.47926606364632,0.7957545168010138,82.41325598488996,2,True,True,0-2-11
baseline_physical,10,22,delivered_on_time,125.72108442529047,0.5223089154396648,172.50677154420663,2,True,True,0-10-12
baseline_physical,10,23,delivered_on_time,76.74856448200308,0.22322041671079593,555.0508427564098,3,True,True,0-1-4-13
baseline_physical,10,24,delivered_late,26.698232124985992,0.8629156956476565,587.5085978871812,2,True,False,0-9-11
rl_seed_7,10,0,delivered_on_time,155.58572628979184,0.8645664702548481,226.04519709962048,2,True,True,0-10-13
rl_seed_7,10,1,delivered_on_time,123.2615271759367,0.5383651133692681,296.03176092456135,2,True,True,0-10-12
rl_seed_7,10,2,delivered_on_time,171.23275191497564,0.9908781388730574,254.5019202486443,2,True,True,0-10-11
rl_seed_7,10,3,delivered_on_time,103.40016588434314,0.2939265184372549,236.9537768040691,2,True,True,0-10-13
rl_seed_7,10,4,missed_deadline,-34.249971410303395,0.8083799494714575,317.00083603093685,1,False,False,0-9
rl_seed_7,10,5,delivered_on_time,167.40173612034098,0.8657403161236277,100.09517924113545,2,True,True,0-9-11
rl_seed_7,10,6,delivered_on_time,97.79504894932855,0.18410081296388872,145.17817448270193,2,True,True,0-9-13
rl_seed_7,10,7,delivered_on_time,84.60126703580755,0.28197364714551065,476.4103209760118,2,True,True,0-10-11
rl_seed_7,10,8,delivered_on_time,118.1383607675727,0.3440974628370782,146.20137684901093,2,True,True,0-10-12
rl_seed_7,10,9,delivered_on_time,87.33589646628417,0.16634927363627897,315.5308611729016,2,True,True,0-10-13
rl_seed_7,10,10,delivered_on_time,87.8366539190253,0.13437101390214026,169.9013731096839,2,True,True,0-10-12
rl_seed_7,10,11,delivered_on_time,96.3033498701865,0.2224065667413078,258.7392133712741,2,True,True,0-10-13
rl_seed_7,10,12,delivered_on_time,108.06358248283459,0.35498543570104624,226.95958654070665,2,True,True,0-9-13
rl_seed_7,10,13,delivered_on_time,105.32651981083025,0.4399553125442367,466.424089966588,2,True,True,0-9-11
rl_seed_7,10,14,delivered_on_time,104.57574747946995,0.4320182148404399,445.872265731074,2,True,True,0-9-13
rl_seed_7,10,15,missed_deadline,-31.331733214952184,0.7575873747777073,330.82909149091984,1,False,False,0-10
rl_seed_7,10,16,delivered_on_time,128.7846905055289,0.511587062459667,113.48929917747103,2,True,True,0-9-12
rl_seed_7,10,17,delivered_on_time,126.25503158568367,0.4668158394083787,103.92722544970152,2,True,True,0-9-11
rl_seed_7,10,18,delivered_on_time,164.22672438200132,0.8887002069270805,293.1676711931596,2,True,True,0-10-12
rl_seed_7,10,19,delivered_on_time,114.09081389564722,0.3826437083849086,200.97086831123536,2,True,True,0-9-12
rl_seed_7,10,20,delivered_late,46.78338436085507,0.990028369651883,345.07017147659747,2,True,False,0-6-12
rl_seed_7,10,21,delivered_on_time,161.0984722624217,0.7957545168010138,132.86784365639085,2,True,True,0-9-11
rl_seed_7,10,22,delivered_on_time,125.72108442529047,0.5223089154396648,172.50677154420663,2,True,True,0-10-12
rl_seed_7,10,23,delivered_on_time,94.14197243503995,0.22322041671079593,263.1869421886885,2,True,True,0-9-13
rl_seed_7,10,24,delivered_late,38.398770714547965,0.8629156956476565,411.56224097550023,2,True,False,0-9-12
rl_seed_42,10,0,delivered_on_time,155.58572628979184,0.8645664702548481,226.04519709962048,2,True,True,0-10-13
rl_seed_42,10,1,delivered_on_time,123.2615271759367,0.5383651133692681,296.03176092456135,2,True,True,0-10-12
rl_seed_42,10,2,delivered_on_time,171.23275191497564,0.9908781388730574,254.5019202486443,2,True,True,0-10-11
rl_seed_42,10,3,delivered_on_time,101.0954880198184,0.2939265184372549,224.52701427272584,2,True,True,0-9-12
rl_seed_42,10,4,missed_deadline,-34.249971410303395,0.8083799494714575,317.00083603093685,1,False,False,0-9
rl_seed_42,10,5,delivered_on_time,167.40173612034098,0.8657403161236277,100.09517924113545,2,True,True,0-9-11
rl_seed_42,10,6,delivered_on_time,97.79504894932855,0.18410081296388872,145.17817448270193,2,True,True,0-9-13
rl_seed_42,10,7,delivered_on_time,89.01702940306355,0.28197364714551065,367.96844337668557,2,True,True,0-9-13
rl_seed_42,10,8,delivered_on_time,118.1383607675727,0.3440974628370782,146.20137684901093,2,True,True,0-10-12
rl_seed_42,10,9,delivered_on_time,87.33589646628417,0.16634927363627897,315.5308611729016,2,True,True,0-10-13
rl_seed_42,10,10,delivered_on_time,87.8366539190253,0.13437101390214026,169.9013731096839,2,True,True,0-10-12
rl_seed_42,10,11,delivered_on_time,96.3033498701865,0.2224065667413078,258.7392133712741,2,True,True,0-10-13
rl_seed_42,10,12,delivered_on_time,108.06358248283459,0.35498543570104624,226.95958654070665,2,True,True,0-9-13
rl_seed_42,10,13,delivered_on_time,105.32651981083025,0.4399553125442367,466.424089966588,2,True,True,0-9-11
rl_seed_42,10,14,delivered_on_time,104.57574747946995,0.4320182148404399,445.872265731074,2,True,True,0-9-13
rl_seed_42,10,15,missed_deadline,-31.331733214952184,0.7575873747777073,330.82909149091984,1,False,False,0-10
rl_seed_42,10,16,delivered_on_time,128.7846905055289,0.511587062459667,113.48929917747103,2,True,True,0-9-12
rl_seed_42,10,17,delivered_on_time,126.25503158568367,0.4668158394083787,103.92722544970152,2,True,True,0-9-11
rl_seed_42,10,18,delivered_on_time,152.22019455053436,0.8887002069270805,341.59639347704643,2,True,True,0-9-12
rl_seed_42,10,19,delivered_on_time,114.09081389564722,0.3826437083849086,200.97086831123536,2,True,True,0-9-12
rl_seed_42,10,20,missed_deadline,-32.11237304310219,0.990028369651883,721.7826097743877,1,False,False,0-10
rl_seed_42,10,21,delivered_on_time,161.0984722624217,0.7957545168010138,132.86784365639085,2,True,True,0-9-11
rl_seed_42,10,22,delivered_on_time,125.72108442529047,0.5223089154396648,172.50677154420663,2,True,True,0-10-12
rl_seed_42,10,23,delivered_on_time,94.14197243503995,0.22322041671079593,263.1869421886885,2,True,True,0-9-13
rl_seed_42,10,24,delivered_late,38.398770714547965,0.8629156956476565,411.56224097550023,2,True,False,0-9-12
rl_seed_123,10,0,delivered_on_time,155.58572628979184,0.8645664702548481,226.04519709962048,2,True,True,0-10-13
rl_seed_123,10,1,delivered_on_time,123.2615271759367,0.5383651133692681,296.03176092456135,2,True,True,0-10-12
rl_seed_123,10,2,delivered_on_time,171.23275191497564,0.9908781388730574,254.5019202486443,2,True,True,0-10-11
rl_seed_123,10,3,delivered_on_time,103.40016588434314,0.2939265184372549,236.9537768040691,2,True,True,0-10-13
rl_seed_123,10,4,missed_deadline,-34.249971410303395,0.8083799494714575,317.00083603093685,1,False,False,0-9
rl_seed_123,10,5,delivered_on_time,167.40173612034098,0.8657403161236277,100.09517924113545,2,True,True,0-9-11
rl_seed_123,10,6,delivered_on_time,97.79504894932855,0.18410081296388872,145.17817448270193,2,True,True,0-9-13
rl_seed_123,10,7,delivered_on_time,84.60126703580755,0.28197364714551065,476.4103209760118,2,True,True,0-10-11
rl_seed_123,10,8,delivered_on_time,118.1383607675727,0.3440974628370782,146.20137684901093,2,True,True,0-10-12
rl_seed_123,10,9,delivered_on_time,87.33589646628417,0.16634927363627897,315.5308611729016,2,True,True,0-10-13
rl_seed_123,10,10,delivered_on_time,87.8366539190253,0.13437101390214026,169.9013731096839,2,True,True,0-10-12
rl_seed_123,10,11,delivered_on_time,96.3033498701865,0.2224065667413078,258.7392133712741,2,True,True,0-10-13
rl_seed_123,10,12,delivered_on_time,108.06358248283459,0.35498543570104624,226.95958654070665,2,True,True,0-9-13
rl_seed_123,10,13,delivered_on_time,105.32651981083025,0.4399553125442367,466.424089966588,2,True,True,0-9-11
rl_seed_123,10,14,delivered_on_time,103.67834477876085,0.4320182148404399,440.8970119778637,2,True,True,0-10-13
rl_seed_123,10,15,missed_deadline,-31.331733214952184,0.7575873747777073,330.82909149091984,1,False,False,0-10
rl_seed_123,10,16,delivered_on_time,128.7846905055289,0.511587062459667,113.48929917747103,2,True,True,0-9-12
rl_seed_123,10,17,delivered_on_time,126.25503158568367,0.4668158394083787,103.92722544970152,2,True,True,0-9-11
rl_seed_123,10,18,delivered_on_time,164.22672438200132,0.8887002069270805,293.1676711931596,2,True,True,0-10-12
rl_seed_123,10,19,delivered_on_time,114.09081389564722,0.3826437083849086,200.97086831123536,2,True,True,0-9-12
rl_seed_123,10,20,missed_deadline,-32.11237304310219,0.990028369651883,721.7826097743877,1,False,False,0-10
rl_seed_123,10,21,delivered_on_time,161.0984722624217,0.7957545168010138,132.86784365639085,2,True,True,0-9-11
rl_seed_123,10,22,delivered_on_time,125.72108442529047,0.5223089154396648,172.50677154420663,2,True,True,0-10-12
rl_seed_123,10,23,delivered_on_time,87.87404859420351,0.22322041671079593,361.85948624391756,2,True,True,0-10-13
rl_seed_123,10,24,delivered_late,38.398770714547965,0.8629156956476565,411.56224097550023,2,True,False,0-9-12
rl_fallback_invalid,10,0,delivered_on_time,155.58572628979184,0.8645664702548481,226.04519709962048,2,True,True,0-10-13
rl_fallback_invalid,10,1,delivered_on_time,123.2615271759367,0.5383651133692681,296.03176092456135,2,True,True,0-10-12
rl_fallback_invalid,10,2,delivered_on_time,171.23275191497564,0.9908781388730574,254.5019202486443,2,True,True,0-10-11
rl_fallback_invalid,10,3,delivered_on_time,103.40016588434314,0.2939265184372549,236.9537768040691,2,True,True,0-10-13
rl_fallback_invalid,10,4,missed_deadline,-34.249971410303395,0.8083799494714575,317.00083603093685,1,False,False,0-9
rl_fallback_invalid,10,5,delivered_on_time,167.40173612034098,0.8657403161236277,100.09517924113545,2,True,True,0-9-11
rl_fallback_invalid,10,6,delivered_on_time,97.79504894932855,0.18410081296388872,145.17817448270193,2,True,True,0-9-13
rl_fallback_invalid,10,7,delivered_on_time,84.60126703580755,0.28197364714551065,476.4103209760118,2,True,True,0-10-11
rl_fallback_invalid,10,8,delivered_on_time,118.1383607675727,0.3440974628370782,146.20137684901093,2,True,True,0-10-12
rl_fallback_invalid,10,9,delivered_on_time,87.33589646628417,0.16634927363627897,315.5308611729016,2,True,True,0-10-13
rl_fallback_invalid,10,10,delivered_on_time,87.8366539190253,0.13437101390214026,169.9013731096839,2,True,True,0-10-12
rl_fallback_invalid,10,11,delivered_on_time,96.3033498701865,0.2224065667413078,258.7392133712741,2,True,True,0-10-13
rl_fallback_invalid,10,12,delivered_on_time,108.06358248283459,0.35498543570104624,226.95958654070665,2,True,True,0-9-13
rl_fallback_invalid,10,13,delivered_on_time,105.32651981083025,0.4399553125442367,466.424089966588,2,True,True,0-9-11
rl_fallback_invalid,10,14,delivered_on_time,104.57574747946995,0.4320182148404399,445.872265731074,2,True,True,0-9-13
rl_fallback_invalid,10,15,missed_deadline,-31.331733214952184,0.7575873747777073,330.82909149091984,1,False,False,0-10
rl_fallback_invalid,10,16,delivered_on_time,128.7846905055289,0.511587062459667,113.48929917747103,2,True,True,0-9-12
rl_fallback_invalid,10,17,delivered_on_time,126.25503158568367,0.4668158394083787,103.92722544970152,2,True,True,0-9-11
rl_fallback_invalid,10,18,delivered_on_time,164.22672438200132,0.8887002069270805,293.1676711931596,2,True,True,0-10-12
rl_fallback_invalid,10,19,delivered_on_time,114.09081389564722,0.3826437083849086,200.97086831123536,2,True,True,0-9-12
rl_fallback_invalid,10,20,delivered_late,46.78338436085507,0.990028369651883,345.07017147659747,2,True,False,0-6-12
rl_fallback_invalid,10,21,delivered_on_time,161.0984722624217,0.7957545168010138,132.86784365639085,2,True,True,0-9-11
rl_fallback_invalid,10,22,delivered_on_time,125.72108442529047,0.5223089154396648,172.50677154420663,2,True,True,0-10-12
rl_fallback_invalid,10,23,delivered_on_time,94.14197243503995,0.22322041671079593,263.1869421886885,2,True,True,0-9-13
rl_fallback_invalid,10,24,delivered_late,38.398770714547965,0.8629156956476565,411.56224097550023,2,True,False,0-9-12
rl_fallback_unsafe,10,0,delivered_on_time,155.58572628979184,0.8645664702548481,226.04519709962048,2,True,True,0-10-13
rl_fallback_unsafe,10,1,delivered_on_time,123.2615271759367,0.5383651133692681,296.03176092456135,2,True,True,0-10-12
rl_fallback_unsafe,10,2,delivered_on_time,171.23275191497564,0.9908781388730574,254.5019202486443,2,True,True,0-10-11
rl_fallback_unsafe,10,3,delivered_on_time,103.40016588434314,0.2939265184372549,236.9537768040691,2,True,True,0-10-13
rl_fallback_unsafe,10,4,missed_deadline,-34.249971410303395,0.8083799494714575,317.00083603093685,1,False,False,0-9
rl_fallback_unsafe,10,5,delivered_on_time,167.40173612034098,0.8657403161236277,100.09517924113545,2,True,True,0-9-11
rl_fallback_unsafe,10,6,delivered_on_time,97.79504894932855,0.18410081296388872,145.17817448270193,2,True,True,0-9-13
rl_fallback_unsafe,10,7,delivered_on_time,84.60126703580755,0.28197364714551065,476.4103209760118,2,True,True,0-10-11
rl_fallback_unsafe,10,8,delivered_on_time,118.1383607675727,0.3440974628370782,146.20137684901093,2,True,True,0-10-12
rl_fallback_unsafe,10,9,delivered_on_time,87.33589646628417,0.16634927363627897,315.5308611729016,2,True,True,0-10-13
rl_fallback_unsafe,10,10,delivered_on_time,87.8366539190253,0.13437101390214026,169.9013731096839,2,True,True,0-10-12
rl_fallback_unsafe,10,11,delivered_on_time,96.3033498701865,0.2224065667413078,258.7392133712741,2,True,True,0-10-13
rl_fallback_unsafe,10,12,delivered_on_time,108.06358248283459,0.35498543570104624,226.95958654070665,2,True,True,0-9-13
rl_fallback_unsafe,10,13,delivered_on_time,115.99352037143773,0.4399553125442367,294.6545345089631,2,True,True,0-7-12
rl_fallback_unsafe,10,14,delivered_on_time,100.09719338355004,0.4320182148404399,534.7651906873612,2,True,True,0-9-11
rl_fallback_unsafe,10,15,missed_deadline,-31.331733214952184,0.7575873747777073,330.82909149091984,1,False,False,0-10
rl_fallback_unsafe,10,16,delivered_on_time,128.7846905055289,0.511587062459667,113.48929917747103,2,True,True,0-9-12
rl_fallback_unsafe,10,17,delivered_on_time,126.25503158568367,0.4668158394083787,103.92722544970152,2,True,True,0-9-11
rl_fallback_unsafe,10,18,delivered_on_time,164.22672438200132,0.8887002069270805,293.1676711931596,2,True,True,0-10-12
rl_fallback_unsafe,10,19,delivered_on_time,114.09081389564722,0.3826437083849086,200.97086831123536,2,True,True,0-9-12
rl_fallback_unsafe,10,20,delivered_late,46.78338436085507,0.990028369651883,345.07017147659747,2,True,False,0-6-12
rl_fallback_unsafe,10,21,delivered_on_time,161.0984722624217,0.7957545168010138,132.86784365639085,2,True,True,0-9-11
rl_fallback_unsafe,10,22,delivered_on_time,125.72108442529047,0.5223089154396648,172.50677154420663,2,True,True,0-10-12
rl_fallback_unsafe,10,23,delivered_on_time,94.14197243503995,0.22322041671079593,263.1869421886885,2,True,True,0-9-13
rl_fallback_unsafe,10,24,delivered_late,38.398770714547965,0.8629156956476565,411.56224097550023,2,True,False,0-9-12
masked_random,11,0,delivered_on_time,79.83126423092129,0.20000557805733812,460.4859666305118,2,True,True,0-4-11
masked_random,11,1,delivered_on_time,6.84549411618476,0.16810162477361898,1029.9280484541737,8,True,True,0-6-2-6-7-8-1-9-11
masked_random,11,2,delivered_on_time,97.57840664796382,0.339835492163962,479.96598399599236,2,True,True,0-4-11
masked_random,11,3,delivered_on_time,71.95385560464914,0.1593598226675252,591.7244612693089,2,True,True,0-9-13
masked_random,11,4,missed_deadline,-35.303040088302794,0.9937965091572296,2137.0701583578016,1,False,False,0-5
masked_random,11,5,delivered_on_time,121.7203753982478,0.4924021766438965,179.85771151093616,2,True,True,0-6-13
masked_random,11,6,delivered_on_time,54.893244831122544,0.3705856041772201,623.6374057761406,7,True,True,0-2-6-8-4-8-2-12
masked_random,11,7,delivered_on_time,126.33261751613273,0.5932460464097218,308.866404218712,3,True,True,0-2-5-13
masked_random,11,8,missed_deadline,-48.363800308102604,0.5988753531223902,1679.1500957356513,3,False,False,0-8-2-6
masked_random,11,9,missed_deadline,-37.81143589107963,0.8753378141368081,824.5686067775857,2,False,False,0-5-2
masked_random,11,10,delivered_on_time,54.398793058185554,0.3756790615547513,1319.3576333616886,2,True,True,0-10-13
masked_random,11,11,missed_deadline,-72.25766871144218,0.11794269342859046,1037.632411967716,7,False,False,0-6-5-6-5-1-6-1
masked_random,11,12,delivered_late,35.2569765557929,0.9933494655253012,490.3193432517517,2,True,False,0-10-11
masked_random,11,13,delivered_on_time,89.11439508030352,0.3286055990283495,484.36498377550873,3,True,True,0-7-3-11
masked_random,11,14,missed_deadline,-44.44783772433357,0.7776969889664347,630.7558015093344,3,False,False,0-1-6-7
masked_random,11,15,missed_deadline,-44.12508217944411,0.24456297096090215,1158.6043181099349,2,False,False,0-5-7
masked_random,11,16,missed_deadline,-59.75672200433627,0.39975772861847514,816.671595760921,4,False,False,0-2-8-2-7
masked_random,11,17,missed_deadline,-31.532931429897257,0.8294204005468673,134.423340117439,1,False,False,0-4
masked_random,11,18,delivered_on_time,85.67770608183227,0.2972605436531769,502.8946759605576,2,True,True,0-9-13
masked_random,11,19,delivered_on_time,69.2096785894463,0.1950480219358933,529.4988903675523,3,True,True,0-5-8-11
masked_random,11,20,delivered_on_time,125.47601775429547,0.45965684843374877,146.78746161237768,2,True,True,0-9-11
masked_random,11,21,delivered_on_time,103.04932405344434,0.45461539160563125,556.2974693123459,2,True,True,0-9-13
masked_random,11,22,delivered_on_time,150.05627015042546,0.7614192812919492,198.55082572768185,2,True,True,0-2-11
masked_random,11,23,missed_deadline,-50.20146900437755,0.837222677563181,202.68583772000613,3,False,False,0-2-1-8
masked_random,11,24,missed_deadline,-34.85055412861162,0.7946533604800162,550.5181427814261,1,False,False,0-4
baseline_env_rules,11,0,delivered_on_time,86.44594472570246,0.20000557805733812,343.35233573646906,2,True,True,0-8-13
baseline_env_rules,11,1,delivered_on_time,133.23697642477723,0.5674288324252421,58.132284856179965,3,True,True,0-1-3-12
baseline_env_rules,11,2,delivered_on_time,160.0187258219759,0.8130776815579335,282.9377037323176,2,True,True,0-3-13
baseline_env_rules,11,3,delivered_on_time,97.13931859740958,0.16810162477361898,101.89453817695959,2,True,True,0-4-12
baseline_env_rules,11,4,delivered_on_time,124.01312504802512,0.48673542847985596,160.4119207356623,2,True,True,0-7-11
baseline_env_rules,11,5,delivered_on_time,162.71369401569626,0.9436495504391853,196.9537419883715,2,True,True,0-9-11
baseline_env_rules,11,6,delivered_on_time,154.69849324763,0.8163097782347498,155.3499546450479,2,True,True,0-10-12
baseline_env_rules,11,7,delivered_on_time,100.7146221862023,0.27383160385597927,253.8777398915692,2,True,True,0-10-12
baseline_env_rules,11,8,delivered_on_time,154.31212333362456,0.7989802865860766,191.50460692938438,2,True,True,0-6-13
baseline_env_rules,11,9,delivered_on_time,122.02182340489608,0.5254001790980235,341.53596140151836,2,True,True,0-7-13
baseline_env_rules,11,10,delivered_on_time,144.0318454144046,0.7150694508924428,138.31501691449827,2,True,True,0-2-12
baseline_env_rules,11,11,delivered_on_time,94.80627042432327,0.15447138351281295,113.90758827488135,2,True,True,0-9-13
baseline_env_rules,11,12,delivered_on_time,100.14699848503653,0.19865979348738624,99.39355212622075,2,True,True,0-5-12
baseline_env_rules,11,13,delivered_on_time,128.445005333752,0.5018541355442103,193.44701261543304,2,True,True,0-9-13
baseline_env_rules,11,14,delivered_on_time,137.93792747073698,0.5786988624870144,75.281323326503,2,True,True,0-7-11
baseline_env_rules,11,15,delivered_on_time,108.90552728821638,0.339835492163962,174.70112142890804,2,True,True,0-1-13
baseline_env_rules,11,16,delivered_on_time,166.49784863039616,0.8365985928800359,52.09738820969042,2,True,True,0-9-12
baseline_env_rules,11,17,delivered_on_time,95.09612453159575,0.29112609112385346,312.8356904519516,2,True,True,0-6-11
baseline_env_rules,11,18,delivered_late,51.42076809009437,0.7042130487468954,153.56181513809622,2,True,False,0-3-11
baseline_env_rules,11,19,delivered_on_time,76.72609065991439,0.1593598226675252,386.7683054038349,2,True,True,0-8-13
baseline_env_rules,11,20,missed_deadline,-33.56289828461499,0.7976410060826978,239.47932618000607,1,False,False,0-8
baseline_env_rules,11,21,delivered_on_time,117.21143484343939,0.42533986560904036,188.35042799764162,2,True,True,0-5-12
baseline_env_rules,11,22,delivered_on_time,116.345868277743,0.42259863614144866,175.02934695928622,2,True,True,0-8-12
baseline_env_rules,11,23,delivered_on_time,177.46381845279734,0.9937965091572296,175.72390542482952,2,True,True,0-10-12
baseline_env_rules,11,24,delivered_on_time,108.19637232003164,0.3741468487260051,240.07307033338944,2,True,True,0-1-12
baseline_physical,11,0,delivered_on_time,88.00529469454156,0.20000557805733812,374.5773808923208,2,True,True,0-3-13
baseline_physical,11,1,delivered_on_time,133.23697642477723,0.5674288324252421,58.132284856179965,3,True,True,0-1-3-12
baseline_physical,11,2,delivered_on_time,160.0187258219759,0.8130776815579335,282.9377037323176,2,True,True,0-3-13
baseline_physical,11,3,delivered_on_time,97.13931859740958,0.16810162477361898,101.89453817695959,2,True,True,0-4-12
baseline_physical,11,4,delivered_on_time,124.01312504802512,0.48673542847985596,160.4119207356623,2,True,True,0-7-11
baseline_physical,11,5,delivered_on_time,163.26743149815937,0.9436495504391853,204.23919783838315,2,True,True,0-9-13
baseline_physical,11,6,delivered_on_time,155.74166271893716,0.8163097782347498,156.61479014820526,2,True,True,0-3-11
baseline_physical,11,7,delivered_on_time,66.83783976367684,0.27383160385597927,922.0159763999222,2,True,True,0-7-11
baseline_physical,11,8,delivered_on_time,154.31212333362456,0.7989802865860766,191.50460692938438,2,True,True,0-6-13
baseline_physical,11,9,delivered_on_time,116.06558174290888,0.5254001790980235,489.0660794927976,2,True,True,0-7-12
baseline_physical,11,10,delivered_on_time,144.0318454144046,0.7150694508924428,138.31501691449827,2,True,True,0-2-12
baseline_physical,11,11,delivered_on_time,94.80627042432327,0.15447138351281295,113.90758827488135,2,True,True,0-9-13
baseline_physical,11,12,delivered_on_time,100.14699848503653,0.19865979348738624,99.39355212622075,2,True,True,0-5-12
baseline_physical,11,13,delivered_on_time,128.445005333752,0.5018541355442103,193.44701261543304,2,True,True,0-9-13
baseline_physical,11,14,delivered_on_time,137.93792747073698,0.5786988624870144,75.281323326503,2,True,True,0-7-11
baseline_physical,11,15,delivered_on_time,108.90552728821638,0.339835492163962,174.70112142890804,2,True,True,0-1-13
baseline_physical,11,16,delivered_on_time,166.49784863039616,0.8365985928800359,52.09738820969042,2,True,True,0-9-12
baseline_physical,11,17,delivered_on_time,42.06328779675265,0.29112609112385346,1329.3640724175164,3,True,True,0-5-8-11
baseline_physical,11,18,missed_deadline,-31.48081466037975,0.7042130487468954,188.46166324795263,1,False,False,0-2
baseline_physical,11,19,missed_deadline,-30.250460787737758,0.1593598226675252,2966.2153974922617,1,False,False,0-7
baseline_physical,11,20,missed_deadline,-33.56289828461499,0.7976410060826978,239.47932618000607,1,False,False,0-8
baseline_physical,11,21,delivered_on_time,117.21143484343939,0.42533986560904036,188.35042799764162,2,True,True,0-5-12
baseline_physical,11,22,delivered_on_time,116.345868277743,0.42259863614144866,175.02934695928622,2,True,True,0-8-12
baseline_physical,11,23,delivered_on_time,177.46381845279734,0.9937965091572296,175.72390542482952,2,True,True,0-10-12
baseline_physical,11,24,delivered_on_time,109.98352591236343,0.3741468487260051,290.4042666743237,2,True,True,0-10-12
rl_seed_7,11,0,delivered_on_time,75.34236324176806,0.20000557805733812,548.8049060732976,2,True,True,0-6-11
rl_seed_7,11,1,delivered_on_time,129.81244261097194,0.5674288324252421,126.26361913160959,2,True,True,0-6-11
rl_seed_7,11,2,delivered_on_time,149.42161811594224,0.8130776815579335,293.8493857908793,2,True,True,0-10-12
rl_seed_7,11,3,delivered_on_time,91.58740524992002,0.16810162477361898,225.1619808043182,2,True,True,0-10-13
rl_seed_7,11,4,delivered_on_time,121.24593245407665,0.48673542847985596,178.49177197604345,2,True,True,0-10-11
rl_seed_7,11,5,delivered_on_time,162.71369401569626,0.9436495504391853,196.9537419883715,2,True,True,0-9-11
rl_seed_7,11,6,delivered_late,40.71517792779136,0.8163097782347498,230.0632983410741,2,True,False,0-9-11
rl_seed_7,11,7,delivered_on_time,100.7146221862023,0.27383160385597927,253.8777398915692,2,True,True,0-10-12
rl_seed_7,11,8,missed_deadline,-32.06872259565614,0.7989802865860766,299.12031994114807,1,False,False,0-10
rl_seed_7,11,9,delivered_on_time,104.5246906750632,0.5254001790980235,637.5804373629403,2,True,True,0-9-11
rl_seed_7,11,10,delivered_on_time,151.88203479690554,0.7150694508924428,203.48764046983123,2,True,True,0-10-13
rl_seed_7,11,11,delivered_on_time,92.36125547823778,0.15447138351281295,127.24364400515651,2,True,True,0-9-12
rl_seed_7,11,12,delivered_on_time,97.85627080736329,0.19865979348738624,154.6879970046092,2,True,True,0-9-13
rl_seed_7,11,13,delivered_on_time,114.73542717545055,0.5018541355442103,356.81203579387693,2,True,True,0-10-13
rl_seed_7,11,14,delivered_on_time,134.2045861835847,0.5786988624870144,121.16050765960019,2,True,True,0-9-13
rl_seed_7,11,15,delivered_on_time,108.84131220372059,0.339835492163962,175.61556304822568,2,True,True,0-9-12
rl_seed_7,11,16,delivered_on_time,166.49784863039616,0.8365985928800359,52.09738820969042,2,True,True,0-9-12
rl_seed_7,11,17,delivered_on_time,88.67472198842023,0.29112609112385346,485.9256021483769,2,True,True,0-9-11
rl_seed_7,11,18,missed_deadline,-31.495185963877397,0.7042130487468954,150.32194533072072,1,False,False,0-9
rl_seed_7,11,19,delivered_on_time,73.6933954551446,0.1593598226675252,429.21069873811786,2,True,True,0-10-11
rl_seed_7,11,20,missed_deadline,-33.00901254348794,0.7976410060826978,249.13898670259866,1,False,False,0-6
rl_seed_7,11,21,delivered_on_time,111.68517540506147,0.42533986560904036,338.13804168959683,2,True,True,0-10-13
rl_seed_7,11,22,delivered_on_time,113.18938568059086,0.42259863614144866,229.08413867033056,2,True,True,0-9-11
rl_seed_7,11,23,delivered_on_time,177.46381845279734,0.9937965091572296,175.72390542482952,2,True,True,0-10-12
rl_seed_7,11,24,delivered_on_time,109.42035691835169,0.3741468487260051,275.7795278690773,2,True,True,0-10-13
rl_seed_42,11,0,delivered_on_time,86.44594472570246,0.20000557805733812,343.35233573646906,2,True,True,0-8-13
rl_seed_42,11,1,delivered_on_time,136.41626331872806,0.5674288324252421,88.2057887311087,2,True,True,0-9-13
rl_seed_42,11,2,delivered_on_time,144.90674555421353,0.8130776815579335,319.7989125139436,2,True,True,0-9-13
rl_seed_42,11,3,delivered_on_time,91.58740524992002,0.16810162477361898,225.1619808043182,2,True,True,0-10-13
rl_seed_42,11,4,delivered_on_time,126.72542052733651,0.48673542847985596,186.30127735475875,2,True,True,0-10-13
rl_seed_42,11,5,delivered_on_time,163.26743149815937,0.9436495504391853,204.23919783838315,2,True,True,0-9-13
rl_seed_42,11,6,delivered_late,40.71517792779136,0.8163097782347498,230.0632983410741,2,True,False,0-9-11
rl_seed_42,11,7,delivered_on_time,100.2823421945569,0.27383160385597927,255.1703325048219,2,True,True,0-10-13
rl_seed_42,11,8,missed_deadline,-32.06872259565614,0.7989802865860766,299.12031994114807,1,False,False,0-10
rl_seed_42,11,9,delivered_on_time,104.5246906750632,0.5254001790980235,637.5804373629403,2,True,True,0-9-11
rl_seed_42,11,10,delivered_on_time,151.88203479690554,0.7150694508924428,203.48764046983123,2,True,True,0-10-13
rl_seed_42,11,11,delivered_on_time,92.36125547823778,0.15447138351281295,127.24364400515651,2,True,True,0-9-12
rl_seed_42,11,12,delivered_on_time,97.85627080736329,0.19865979348738624,154.6879970046092,2,True,True,0-9-13
rl_seed_42,11,13,delivered_on_time,114.73542717545055,0.5018541355442103,356.81203579387693,2,True,True,0-10-13
rl_seed_42,11,14,delivered_on_time,134.2045861835847,0.5786988624870144,121.16050765960019,2,True,True,0-9-13
rl_seed_42,11,15,delivered_on_time,108.84131220372059,0.339835492163962,175.61556304822568,2,True,True,0-9-12
rl_seed_42,11,16,delivered_on_time,166.49784863039616,0.8365985928800359,52.09738820969042,2,True,True,0-9-12
rl_seed_42,11,17,delivered_on_time,88.67472198842023,0.29112609112385346,485.9256021483769,2,True,True,0-9-11
rl_seed_42,11,18,missed_deadline,-31.495185963877397,0.7042130487468954,150.32194533072072,1,False,False,0-9
rl_seed_42,11,19,delivered_on_time,74.2059671846657,0.1593598226675252,537.1552313855328,2,True,True,0-9-12
rl_seed_42,11,20,missed_deadline,-32.53575044027264,0.7976410060826978,925.1919773127655,1,False,False,0-9
rl_seed_42,11,21,delivered_on_time,100.82903654630726,0.42533986560904036,425.961271103332,2,True,True,0-9-13
rl_seed_42,11,22,delivered_on_time,113.18938568059086,0.42259863614144866,229.08413867033056,2,True,True,0-9-11
rl_seed_42,11,23,delivered_on_time,177.46381845279734,0.9937965091572296,175.72390542482952,2,True,True,0-10-12
rl_seed_42,11,24,delivered_on_time,109.42035691835169,0.3741468487260051,275.7795278690773,2,True,True,0-10-13
rl_seed_123,11,0,delivered_late,4.681750999009598,0.20000557805733812,1113.1715705990414,2,True,False,0-9-12
rl_seed_123,11,1,delivered_on_time,132.01408436849016,0.5674288324252421,149.15289492564773,2,True,True,0-10-12
rl_seed_123,11,2,delivered_on_time,149.42161811594224,0.8130776815579335,293.8493857908793,2,True,True,0-10-12
rl_seed_123,11,3,delivered_on_time,91.58740524992002,0.16810162477361898,225.1619808043182,2,True,True,0-10-13
rl_seed_123,11,4,delivered_on_time,121.24593245407665,0.48673542847985596,178.49177197604345,2,True,True,0-10-11
rl_seed_123,11,5,delivered_on_time,162.71369401569626,0.9436495504391853,196.9537419883715,2,True,True,0-9-11
rl_seed_123,11,6,delivered_on_time,154.69849324763,0.8163097782347498,155.3499546450479,2,True,True,0-10-12
rl_seed_123,11,7,delivered_on_time,100.7146221862023,0.27383160385597927,253.8777398915692,2,True,True,0-10-12
rl_seed_123,11,8,missed_deadline,-32.06872259565614,0.7989802865860766,299.12031994114807,1,False,False,0-10
rl_seed_123,11,9,delivered_on_time,104.5246906750632,0.5254001790980235,637.5804373629403,2,True,True,0-9-11
rl_seed_123,11,10,delivered_on_time,151.88203479690554,0.7150694508924428,203.48764046983123,2,True,True,0-10-13
rl_seed_123,11,11,delivered_on_time,92.36125547823778,0.15447138351281295,127.24364400515651,2,True,True,0-9-12
rl_seed_123,11,12,delivered_on_time,97.85627080736329,0.19865979348738624,154.6879970046092,2,True,True,0-9-13
rl_seed_123,11,13,delivered_on_time,114.73542717545055,0.5018541355442103,356.81203579387693,2,True,True,0-10-13
rl_seed_123,11,14,delivered_on_time,134.2045861835847,0.5786988624870144,121.16050765960019,2,True,True,0-9-13
rl_seed_123,11,15,delivered_on_time,108.84131220372059,0.339835492163962,175.61556304822568,2,True,True,0-9-12
rl_seed_123,11,16,delivered_on_time,166.49784863039616,0.8365985928800359,52.09738820969042,2,True,True,0-9-12
rl_seed_123,11,17,delivered_on_time,88.67472198842023,0.29112609112385346,485.9256021483769,2,True,True,0-9-11
rl_seed_123,11,18,missed_deadline,-35.063228677521096,0.7042130487468954,189.11091632235735,1,False,False,0-10
rl_seed_123,11,19,delivered_on_time,73.6933954551446,0.1593598226675252,429.21069873811786,2,True,True,0-10-11
rl_seed_123,11,20,missed_deadline,-32.57045399290021,0.7976410060826978,529.6261545951425,1,False,False,0-10
rl_seed_123,11,21,delivered_on_time,111.68517540506147,0.42533986560904036,338.13804168959683,2,True,True,0-10-13
rl_seed_123,11,22,delivered_on_time,113.18938568059086,0.42259863614144866,229.08413867033056,2,True,True,0-9-11
rl_seed_123,11,23,delivered_on_time,177.46381845279734,0.9937965091572296,175.72390542482952,2,True,True,0-10-12
rl_seed_123,11,24,delivered_on_time,109.98352591236343,0.3741468487260051,290.4042666743237,2,True,True,0-10-12
rl_fallback_invalid,11,0,delivered_on_time,75.34236324176806,0.20000557805733812,548.8049060732976,2,True,True,0-6-11
rl_fallback_invalid,11,1,delivered_on_time,129.81244261097194,0.5674288324252421,126.26361913160959,2,True,True,0-6-11
rl_fallback_invalid,11,2,delivered_on_time,149.42161811594224,0.8130776815579335,293.8493857908793,2,True,True,0-10-12
rl_fallback_invalid,11,3,delivered_on_time,91.58740524992002,0.16810162477361898,225.1619808043182,2,True,True,0-10-13
rl_fallback_invalid,11,4,delivered_on_time,121.24593245407665,0.48673542847985596,178.49177197604345,2,True,True,0-10-11
rl_fallback_invalid,11,5,delivered_on_time,162.71369401569626,0.9436495504391853,196.9537419883715,2,True,True,0-9-11
rl_fallback_invalid,11,6,delivered_late,40.71517792779136,0.8163097782347498,230.0632983410741,2,True,False,0-9-11
rl_fallback_invalid,11,7,delivered_on_time,100.7146221862023,0.27383160385597927,253.8777398915692,2,True,True,0-10-12
rl_fallback_invalid,11,8,missed_deadline,-32.06872259565614,0.7989802865860766,299.12031994114807,1,False,False,0-10
rl_fallback_invalid,11,9,delivered_on_time,104.5246906750632,0.5254001790980235,637.5804373629403,2,True,True,0-9-11
rl_fallback_invalid,11,10,delivered_on_time,151.88203479690554,0.7150694508924428,203.48764046983123,2,True,True,0-10-13
rl_fallback_invalid,11,11,delivered_on_time,92.36125547823778,0.15447138351281295,127.24364400515651,2,True,True,0-9-12
rl_fallback_invalid,11,12,delivered_on_time,97.85627080736329,0.19865979348738624,154.6879970046092,2,True,True,0-9-13
rl_fallback_invalid,11,13,delivered_on_time,114.73542717545055,0.5018541355442103,356.81203579387693,2,True,True,0-10-13
rl_fallback_invalid,11,14,delivered_on_time,134.2045861835847,0.5786988624870144,121.16050765960019,2,True,True,0-9-13
rl_fallback_invalid,11,15,delivered_on_time,108.84131220372059,0.339835492163962,175.61556304822568,2,True,True,0-9-12
rl_fallback_invalid,11,16,delivered_on_time,166.49784863039616,0.8365985928800359,52.09738820969042,2,True,True,0-9-12
rl_fallback_invalid,11,17,delivered_on_time,88.67472198842023,0.29112609112385346,485.9256021483769,2,True,True,0-9-11
rl_fallback_invalid,11,18,missed_deadline,-31.495185963877397,0.7042130487468954,150.32194533072072,1,False,False,0-9
rl_fallback_invalid,11,19,delivered_on_time,73.6933954551446,0.1593598226675252,429.21069873811786,2,True,True,0-10-11
rl_fallback_invalid,11,20,missed_deadline,-33.00901254348794,0.7976410060826978,249.13898670259866,1,False,False,0-6
rl_fallback_invalid,11,21,delivered_on_time,111.68517540506147,0.42533986560904036,338.13804168959683,2,True,True,0-10-13
rl_fallback_invalid,11,22,delivered_on_time,113.18938568059086,0.42259863614144866,229.08413867033056,2,True,True,0-9-11
rl_fallback_invalid,11,23,delivered_on_time,177.46381845279734,0.9937965091572296,175.72390542482952,2,True,True,0-10-12
rl_fallback_invalid,11,24,delivered_on_time,109.42035691835169,0.3741468487260051,275.7795278690773,2,True,True,0-10-13
rl_fallback_unsafe,11,0,delivered_on_time,75.34236324176806,0.20000557805733812,548.8049060732976,2,True,True,0-6-11
rl_fallback_unsafe,11,1,delivered_on_time,129.81244261097194,0.5674288324252421,126.26361913160959,2,True,True,0-6-11
rl_fallback_unsafe,11,2,delivered_on_time,149.42161811594224,0.8130776815579335,293.8493857908793,2,True,True,0-10-12
rl_fallback_unsafe,11,3,delivered_on_time,91.58740524992002,0.16810162477361898,225.1619808043182,2,True,True,0-10-13
rl_fallback_unsafe,11,4,delivered_on_time,121.24593245407665,0.48673542847985596,178.49177197604345,2,True,True,0-10-11
rl_fallback_unsafe,11,5,delivered_on_time,162.71369401569626,0.9436495504391853,196.9537419883715,2,True,True,0-9-11
rl_fallback_unsafe,11,6,delivered_late,40.71517792779136,0.8163097782347498,230.0632983410741,2,True,False,0-9-11
rl_fallback_unsafe,11,7,delivered_on_time,100.7146221862023,0.27383160385597927,253.8777398915692,2,True,True,0-10-12
rl_fallback_unsafe,11,8,missed_deadline,-32.06872259565614,0.7989802865860766,299.12031994114807,1,False,False,0-10
rl_fallback_unsafe,11,9,delivered_on_time,116.06558174290888,0.5254001790980235,489.0660794927976,2,True,True,0-7-12
rl_fallback_unsafe,11,10,delivered_on_time,151.88203479690554,0.7150694508924428,203.48764046983123,2,True,True,0-10-13
rl_fallback_unsafe,11,11,delivered_on_time,92.36125547823778,0.15447138351281295,127.24364400515651,2,True,True,0-9-12
rl_fallback_unsafe,11,12,delivered_on_time,97.85627080736329,0.19865979348738624,154.6879970046092,2,True,True,0-9-13
rl_fallback_unsafe,11,13,delivered_on_time,114.73542717545055,0.5018541355442103,356.81203579387693,2,True,True,0-10-13
rl_fallback_unsafe,11,14,delivered_on_time,134.2045861835847,0.5786988624870144,121.16050765960019,2,True,True,0-9-13
rl_fallback_unsafe,11,15,delivered_on_time,108.84131220372059,0.339835492163962,175.61556304822568,2,True,True,0-9-12
rl_fallback_unsafe,11,16,delivered_on_time,166.49784863039616,0.8365985928800359,52.09738820969042,2,True,True,0-9-12
rl_fallback_unsafe,11,17,delivered_on_time,88.67472198842023,0.29112609112385346,485.9256021483769,2,True,True,0-9-11
rl_fallback_unsafe,11,18,missed_deadline,-31.495185963877397,0.7042130487468954,150.32194533072072,1,False,False,0-9
rl_fallback_unsafe,11,19,delivered_on_time,73.6933954551446,0.1593598226675252,429.21069873811786,2,True,True,0-10-11
rl_fallback_unsafe,11,20,missed_deadline,-33.00901254348794,0.7976410060826978,249.13898670259866,1,False,False,0-6
rl_fallback_unsafe,11,21,delivered_on_time,111.68517540506147,0.42533986560904036,338.13804168959683,2,True,True,0-10-13
rl_fallback_unsafe,11,22,delivered_on_time,113.18938568059086,0.42259863614144866,229.08413867033056,2,True,True,0-9-11
rl_fallback_unsafe,11,23,delivered_on_time,177.46381845279734,0.9937965091572296,175.72390542482952,2,True,True,0-10-12
rl_fallback_unsafe,11,24,delivered_on_time,109.42035691835169,0.3741468487260051,275.7795278690773,2,True,True,0-10-13
masked_random,12,0,missed_deadline,-34.97307014171214,0.8381405203671579,529.3435696098968,1,False,False,0-8
masked_random,12,1,delivered_on_time,61.42364071714064,0.10955243483973517,667.0118797017155,2,True,True,0-8-11
masked_random,12,2,delivered_late,-136.06132613707996,0.15918887256319933,3879.184035049515,2,True,False,0-4-12
masked_random,12,3,missed_deadline,-49.80216236405637,0.3633664237983617,1860.4476529640474,3,False,False,0-5-8-9
masked_random,12,4,missed_deadline,-48.234428334962544,0.20818701381327262,2061.1395127170736,3,False,False,0-5-2-6
masked_random,12,5,delivered_on_time,45.7673653677553,0.331825118488835,1025.8769498267984,4,True,True,0-5-8-9-13
masked_random,12,6,delivered_on_time,96.00192825170845,0.41061255087204174,436.31603846339243,3,True,True,0-1-10-12
masked_random,12,7,delivered_on_time,50.48592281514213,0.4226201527214999,1165.2387110720967,4,True,True,0-1-4-10-11
masked_random,12,8,delivered_on_time,92.44747857189208,0.41305256359081965,710.8870114852411,2,True,True,0-10-11
masked_random,12,9,missed_deadline,-47.40563817817828,0.4791593981996354,1251.476442680981,3,False,False,0-6-3-10
masked_random,12,10,missed_deadline,-42.219002526042836,0.9142693657415704,640.7962897357404,2,False,False,0-2-5
masked_random,12,11,missed_deadline,-41.535236256360285,0.8849445007556564,175.64435491700493,2,False,False,0-4-10
masked_random,12,12,delivered_on_time,102.21340909045458,0.5032143726665153,489.34168973422027,3,True,True,0-5-4-12
masked_random,12,13,delivered_on_time,118.41595327196627,0.48502649977678636,265.3812502957756,2,True,True,0-9-11
masked_random,12,14,delivered_on_time,61.77207330088176,0.3721494283977069,615.1374010121615,5,True,True,0-3-7-4-5-12
masked_random,12,15,missed_deadline,-33.42624777060154,0.8797052843008009,285.79719016646646,1,False,False,0-3
masked_random,12,16,missed_deadline,-33.076788357242336,0.9802981035245409,325.5299660803251,1,False,False,0-1
masked_random,12,17,delivered_on_time,110.3620300514903,0.4741765196234473,406.6018840024652,2,True,True,0-10-13
masked_random,12,18,missed_deadline,-31.492163145448657,0.7074914855923311,225.87013801058708,1,False,False,0-4
masked_random,12,19,delivered_on_time,41.29555941898373,0.28362476914250545,974.3007120202099,5,True,True,0-8-3-4-6-13
masked_random,12,20,delivered_on_time,67.48022379485478,0.1301627087875836,551.5564492003774,2,True,True,0-1-12
masked_random,12,21,delivered_on_time,37.421103189308184,0.31945448454669,1130.6074149204344,4,True,True,0-1-5-10-13
masked_random,12,22,delivered_on_time,150.43898374576875,0.9934091499859994,384.95971528352146,4,True,True,0-7-5-7-11
masked_random,12,23,delivered_on_time,151.8758343336186,0.9533359799735929,236.8907676484621,4,True,True,0-8-7-9-12
masked_random,12,24,missed_deadline,-42.95579670365713,0.11284918113231132,1286.563612605644,2,False,False,0-6-9
baseline_env_rules,12,0,delivered_on_time,159.14548920566745,0.8381405203671579,192.40531677734555,2,True,True,0-6-11
baseline_env_rules,12,1,delivered_on_time,110.64771749810161,0.3603283110299682,213.46957220575416,2,True,True,0-5-13
baseline_env_rules,12,2,delivered_on_time,84.4365606053624,0.10955243483973517,237.74836786319594,2,True,True,0-4-11
baseline_env_rules,12,3,delivered_on_time,160.74320865272034,0.7833302916697684,81.44133563089936,2,True,True,0-5-13
baseline_env_rules,12,4,delivered_on_time,96.15936040726568,0.25618004724744736,281.50746144995065,2,True,True,0-3-11
baseline_env_rules,12,5,delivered_on_time,84.02926508901119,0.15918887256319933,328.51372216399125,2,True,True,0-1-12
baseline_env_rules,12,6,delivered_on_time,153.11286454199586,0.7894316773407313,177.44453887850932,2,True,True,0-8-11
baseline_env_rules,12,7,delivered_on_time,112.85685397533642,0.4453266052101571,258.67519498972194,2,True,True,0-1-11
baseline_env_rules,12,8,delivered_on_time,107.67311196277022,0.3633664237983617,238.34701583726104,2,True,True,0-10-11
baseline_env_rules,12,9,delivered_on_time,86.11103580404834,0.16240145142531262,245.21287721782494,2,True,True,0-5-11
baseline_env_rules,12,10,delivered_on_time,89.50881730922134,0.17581277853369678,242.1350532227541,2,True,True,0-9-13
baseline_env_rules,12,11,delivered_on_time,134.58107951950652,0.5453823939090756,116.57121294817662,2,True,True,0-1-12
baseline_env_rules,12,12,delivered_on_time,112.94553882377096,0.45092310913017497,275.89165038788906,2,True,True,0-4-13
baseline_env_rules,12,13,delivered_late,47.83307056007641,0.807320210368629,308.6210181004018,2,True,False,0-4-13
baseline_env_rules,12,14,delivered_on_time,90.59665686004043,0.20818701381327262,222.65647358292648,2,True,True,0-1-12
baseline_env_rules,12,15,delivered_on_time,128.45067490357312,0.5540666512187611,175.4216598575672,2,True,True,0-7-12
baseline_env_rules,12,16,delivered_on_time,88.52637644905474,0.24918573690897192,354.44278270449934,2,True,True,0-5-11
baseline_env_rules,12,17,delivered_on_time,94.59580932582168,0.24762472426728607,288.0901614521402,2,True,True,0-1-12
baseline_env_rules,12,18,delivered_on_time,117.40176275526902,0.4909252052941089,281.9828939945185,2,True,True,0-10-11
baseline_env_rules,12,19,delivered_on_time,117.43232776523689,0.5018041836629525,302.34540914750295,2,True,True,0-6-12
baseline_env_rules,12,20,delivered_on_time,82.62656830630527,0.13525280029410383,245.87850390231074,2,True,True,0-6-12
baseline_env_rules,12,21,delivered_on_time,102.81670108394351,0.331825118488835,311.49772943205994,2,True,True,0-10-13
baseline_env_rules,12,22,delivered_on_time,113.89126302472306,0.30636026646857695,73.40156603829746,2,True,True,0-6-11
baseline_env_rules,12,23,delivered_on_time,122.55224052322075,0.45612976358682367,126.80287645354963,2,True,True,0-2-13
baseline_env_rules,12,24,delivered_on_time,129.24971882965545,0.5058116687773789,115.98281932442106,2,True,True,0-9-12
baseline_physical,12,0,delivered_late,42.31205132363659,0.8381405203671579,315.783592713487,2,True,False,0-9-13
baseline_physical,12,1,delivered_on_time,102.3274484358797,0.3603283110299682,297.11415327536827,2,True,True,0-1-12
baseline_physical,12,2,delivered_on_time,82.28428023588934,0.10955243483973517,254.12084762459165,2,True,True,0-2-11
baseline_physical,12,3,delivered_on_time,160.74320865272034,0.7833302916697684,81.44133563089936,2,True,True,0-5-13
baseline_physical,12,4,delivered_on_time,94.8738210587147,0.25618004724744736,375.6036554152772,2,True,True,0-5-13
baseline_physical,12,5,delivered_on_time,83.31488914618845,0.15918887256319933,336.62254221952935,2,True,True,0-1-13
baseline_physical,12,6,delivered_on_time,153.11286454199586,0.7894316773407313,177.44453887850932,2,True,True,0-8-11
baseline_physical,12,7,delivered_on_time,112.85685397533642,0.4453266052101571,258.67519498972194,2,True,True,0-1-11
baseline_physical,12,8,delivered_on_time,99.8792131763031,0.3633664237983617,313.7695173275241,2,True,True,0-1-13
baseline_physical,12,9,delivered_on_time,89.98829740305469,0.16240145142531262,283.9863807283788,2,True,True,0-6-12
baseline_physical,12,10,delivered_on_time,85.29299947648818,0.17581277853369678,418.3327869452654,2,True,True,0-9-12
baseline_physical,12,11,delivered_on_time,134.58107951950652,0.5453823939090756,116.57121294817662,2,True,True,0-1-12
baseline_physical,12,12,delivered_on_time,106.05976531683405,0.45092310913017497,302.9711935267935,3,True,True,0-4-10-13
baseline_physical,12,13,delivered_late,46.50140220850382,0.807320210368629,312.209316906578,2,True,False,0-4-11
baseline_physical,12,14,delivered_on_time,90.59665686004043,0.20818701381327262,222.65647358292648,2,True,True,0-1-12
baseline_physical,12,15,delivered_on_time,128.45067490357312,0.5540666512187611,175.4216598575672,2,True,True,0-7-12
baseline_physical,12,16,delivered_on_time,45.94706853393384,0.24918573690897192,1039.4462923039123,3,True,True,0-1-8-12
baseline_physical,12,17,delivered_on_time,88.0118453542076,0.24762472426728607,392.76210194090083,2,True,True,0-4-11
baseline_physical,12,18,delivered_on_time,109.44917410856975,0.4909252052941089,462.34168759016956,2,True,True,0-1-13
baseline_physical,12,19,delivered_on_time,109.47468819656297,0.5018041836629525,513.3753085066686,2,True,True,0-2-13
baseline_physical,12,20,delivered_on_time,83.48690528375761,0.13525280029410383,293.0508342194597,2,True,True,0-6-11
baseline_physical,12,21,delivered_on_time,96.05890336999578,0.331825118488835,341.860672599767,2,True,True,0-7-12
baseline_physical,12,22,delivered_on_time,113.89126302472306,0.30636026646857695,73.40156603829746,2,True,True,0-6-11
baseline_physical,12,23,delivered_on_time,122.55224052322075,0.45612976358682367,126.80287645354963,2,True,True,0-2-13
baseline_physical,12,24,delivered_on_time,129.24971882965545,0.5058116687773789,115.98281932442106,2,True,True,0-9-12
rl_seed_7,12,0,delivered_late,42.31205132363659,0.8381405203671579,315.783592713487,2,True,False,0-9-13
rl_seed_7,12,1,delivered_on_time,105.77557102352765,0.3603283110299682,276.09623781249115,2,True,True,0-6-12
rl_seed_7,12,2,delivered_on_time,56.472745758904196,0.10955243483973517,780.2921193235484,2,True,True,0-9-13
rl_seed_7,12,3,delivered_on_time,154.88197213327635,0.7833302916697684,93.89348089486603,2,True,True,0-9-12
rl_seed_7,12,4,delivered_on_time,87.93183995855199,0.25618004724744736,455.49299247776145,2,True,True,0-9-11
rl_seed_7,12,5,delivered_on_time,63.423857214878744,0.15918887256319933,749.3564591711079,2,True,True,0-10-13
rl_seed_7,12,6,delivered_on_time,147.66419406684633,0.7894316773407313,277.96364971539793,2,True,True,0-10-13
rl_seed_7,12,7,delivered_on_time,107.62716376237864,0.4453266052101571,431.10510342810875,2,True,True,0-9-13
rl_seed_7,12,8,delivered_on_time,107.67311196277022,0.3633664237983617,238.34701583726104,2,True,True,0-10-11
rl_seed_7,12,9,delivered_on_time,86.45283744783889,0.16240145142531262,267.43592151417363,2,True,True,0-10-11
rl_seed_7,12,10,delivered_on_time,89.50881730922134,0.17581277853369678,242.1350532227541,2,True,True,0-9-13
rl_seed_7,12,11,delivered_on_time,124.80877233407959,0.5453823939090756,225.96199213027353,2,True,True,0-10-13
rl_seed_7,12,12,delivered_on_time,108.39497509220847,0.45092310913017497,365.3472467742438,2,True,True,0-10-13
rl_seed_7,12,13,delivered_late,30.26698090037617,0.807320210368629,554.1193505664405,2,True,False,0-9-11
rl_seed_7,12,14,delivered_on_time,90.67544852589882,0.20818701381327262,271.37016940056196,2,True,True,0-10-13
rl_seed_7,12,15,delivered_on_time,130.37491838541777,0.5540666512187611,180.7411621369129,2,True,True,0-10-13
rl_seed_7,12,16,delivered_on_time,90.23947533966245,0.24918573690897192,371.43296107807504,2,True,True,0-10-11
rl_seed_7,12,17,delivered_on_time,89.38169641094038,0.24762472426728607,313.298409252572,2,True,True,0-9-12
rl_seed_7,12,18,delivered_on_time,117.40176275526902,0.4909252052941089,281.9828939945185,2,True,True,0-10-11
rl_seed_7,12,19,delivered_on_time,109.28520592643976,0.5018041836629525,398.7273561940979,2,True,True,0-9-11
rl_seed_7,12,20,delivered_on_time,80.07877670461413,0.13525280029410383,386.11461889610894,2,True,True,0-9-12
rl_seed_7,12,21,delivered_on_time,102.81670108394351,0.331825118488835,311.49772943205994,2,True,True,0-10-13
rl_seed_7,12,22,delivered_on_time,113.00808146377375,0.30636026646857695,82.32358178035084,2,True,True,0-10-11
rl_seed_7,12,23,delivered_on_time,122.23049184641404,0.45612976358682367,207.15144207422674,2,True,True,0-10-11
rl_seed_7,12,24,delivered_on_time,125.73919643430253,0.5058116687773789,172.37993212094585,2,True,True,0-10-11
rl_seed_42,12,0,delivered_late,42.31205132363659,0.8381405203671579,315.783592713487,2,True,False,0-9-13
rl_seed_42,12,1,delivered_on_time,89.07612866510061,0.3603283110299682,541.4120122485492,2,True,True,0-9-11
rl_seed_42,12,2,delivered_on_time,56.472745758904196,0.10955243483973517,780.2921193235484,2,True,True,0-9-13
rl_seed_42,12,3,delivered_on_time,157.15356382975807,0.7833302916697684,97.989294675261,2,True,True,0-9-13
rl_seed_42,12,4,delivered_on_time,85.64273936528913,0.25618004724744736,460.40055588766495,2,True,True,0-9-13
rl_seed_42,12,5,delivered_on_time,63.423857214878744,0.15918887256319933,749.3564591711079,2,True,True,0-10-13
rl_seed_42,12,6,delivered_on_time,147.66419406684633,0.7894316773407313,277.96364971539793,2,True,True,0-10-13
rl_seed_42,12,7,delivered_on_time,107.62716376237864,0.4453266052101571,431.10510342810875,2,True,True,0-9-13
rl_seed_42,12,8,delivered_on_time,107.67311196277022,0.3633664237983617,238.34701583726104,2,True,True,0-10-11
rl_seed_42,12,9,delivered_on_time,86.45283744783889,0.16240145142531262,267.43592151417363,2,True,True,0-10-11
rl_seed_42,12,10,delivered_on_time,89.50881730922134,0.17581277853369678,242.1350532227541,2,True,True,0-9-13
rl_seed_42,12,11,delivered_on_time,124.80877233407959,0.5453823939090756,225.96199213027353,2,True,True,0-10-13
rl_seed_42,12,12,delivered_on_time,105.62904601742879,0.45092310913017497,440.11271154023876,2,True,True,0-9-11
rl_seed_42,12,13,delivered_late,30.26698090037617,0.807320210368629,554.1193505664405,2,True,False,0-9-11
rl_seed_42,12,14,delivered_on_time,88.67806648155863,0.20818701381327262,279.7419563382008,2,True,True,0-9-12
rl_seed_42,12,15,delivered_on_time,130.37491838541777,0.5540666512187611,180.7411621369129,2,True,True,0-10-13
rl_seed_42,12,16,delivered_on_time,90.23947533966245,0.24918573690897192,371.43296107807504,2,True,True,0-10-11
rl_seed_42,12,17,delivered_on_time,89.38169641094038,0.24762472426728607,313.298409252572,2,True,True,0-9-12
rl_seed_42,12,18,delivered_on_time,117.40176275526902,0.4909252052941089,281.9828939945185,2,True,True,0-10-11
rl_seed_42,12,19,delivered_on_time,113.04851780609293,0.5018041836629525,412.91768905491165,2,True,True,0-9-12
rl_seed_42,12,20,delivered_on_time,80.07877670461413,0.13525280029410383,386.11461889610894,2,True,True,0-9-12
rl_seed_42,12,21,delivered_on_time,102.81670108394351,0.331825118488835,311.49772943205994,2,True,True,0-10-13
rl_seed_42,12,22,delivered_on_time,114.17472417733956,0.30636026646857695,122.47378230604706,2,True,True,0-10-13
rl_seed_42,12,23,delivered_on_time,121.61496696145362,0.45612976358682367,189.07321020430112,2,True,True,0-10-13
rl_seed_42,12,24,delivered_on_time,125.73919643430253,0.5058116687773789,172.37993212094585,2,True,True,0-10-11
rl_seed_123,12,0,delivered_late,42.31205132363659,0.8381405203671579,315.783592713487,2,True,False,0-9-13
rl_seed_123,12,1,delivered_on_time,89.07612866510061,0.3603283110299682,541.4120122485492,2,True,True,0-9-11
rl_seed_123,12,2,delivered_on_time,85.04945213890582,0.10955243483973517,267.4525055845835,2,True,True,0-10-11
rl_seed_123,12,3,delivered_on_time,155.83849346072068,0.7833302916697684,136.24196878201187,2,True,True,0-9-11
rl_seed_123,12,4,delivered_on_time,87.93183995855199,0.25618004724744736,455.49299247776145,2,True,True,0-9-11
rl_seed_123,12,5,delivered_on_time,63.423857214878744,0.15918887256319933,749.3564591711079,2,True,True,0-10-13
rl_seed_123,12,6,delivered_late,41.76341160857817,0.7894316773407313,390.91966567725694,2,True,False,0-10-11
rl_seed_123,12,7,delivered_on_time,107.62716376237864,0.4453266052101571,431.10510342810875,2,True,True,0-9-13
rl_seed_123,12,8,delivered_on_time,107.67311196277022,0.3633664237983617,238.34701583726104,2,True,True,0-10-11
rl_seed_123,12,9,delivered_on_time,86.45283744783889,0.16240145142531262,267.43592151417363,2,True,True,0-10-11
rl_seed_123,12,10,delivered_on_time,89.50881730922134,0.17581277853369678,242.1350532227541,2,True,True,0-9-13
rl_seed_123,12,11,delivered_on_time,125.66757909775602,0.5453823939090756,232.84047385914306,2,True,True,0-10-11
rl_seed_123,12,12,delivered_on_time,108.39497509220847,0.45092310913017497,365.3472467742438,2,True,True,0-10-13
rl_seed_123,12,13,delivered_late,30.26698090037617,0.807320210368629,554.1193505664405,2,True,False,0-9-11
rl_seed_123,12,14,delivered_on_time,90.67544852589882,0.20818701381327262,271.37016940056196,2,True,True,0-10-13
rl_seed_123,12,15,delivered_on_time,130.37491838541777,0.5540666512187611,180.7411621369129,2,True,True,0-10-13
rl_seed_123,12,16,delivered_on_time,90.23947533966245,0.24918573690897192,371.43296107807504,2,True,True,0-10-11
rl_seed_123,12,17,delivered_on_time,89.38169641094038,0.24762472426728607,313.298409252572,2,True,True,0-9-12
rl_seed_123,12,18,delivered_on_time,117.40176275526902,0.4909252052941089,281.9828939945185,2,True,True,0-10-11
rl_seed_123,12,19,delivered_on_time,111.61895361341429,0.5018041836629525,365.1366016594563,2,True,True,0-10-11
rl_seed_123,12,20,delivered_on_time,80.07877670461413,0.13525280029410383,386.11461889610894,2,True,True,0-9-12
rl_seed_123,12,21,delivered_on_time,102.81670108394351,0.331825118488835,311.49772943205994,2,True,True,0-10-13
rl_seed_123,12,22,delivered_on_time,113.00808146377375,0.30636026646857695,82.32358178035084,2,True,True,0-10-11
rl_seed_123,12,23,delivered_on_time,122.23049184641404,0.45612976358682367,207.15144207422674,2,True,True,0-10-11
rl_seed_123,12,24,delivered_on_time,125.73919643430253,0.5058116687773789,172.37993212094585,2,True,True,0-10-11
rl_fallback_invalid,12,0,delivered_late,42.31205132363659,0.8381405203671579,315.783592713487,2,True,False,0-9-13
rl_fallback_invalid,12,1,delivered_on_time,105.77557102352765,0.3603283110299682,276.09623781249115,2,True,True,0-6-12
rl_fallback_invalid,12,2,delivered_on_time,56.472745758904196,0.10955243483973517,780.2921193235484,2,True,True,0-9-13
rl_fallback_invalid,12,3,delivered_on_time,154.88197213327635,0.7833302916697684,93.89348089486603,2,True,True,0-9-12
rl_fallback_invalid,12,4,delivered_on_time,87.93183995855199,0.25618004724744736,455.49299247776145,2,True,True,0-9-11
rl_fallback_invalid,12,5,delivered_on_time,63.423857214878744,0.15918887256319933,749.3564591711079,2,True,True,0-10-13
rl_fallback_invalid,12,6,delivered_on_time,147.66419406684633,0.7894316773407313,277.96364971539793,2,True,True,0-10-13
rl_fallback_invalid,12,7,delivered_on_time,107.62716376237864,0.4453266052101571,431.10510342810875,2,True,True,0-9-13
rl_fallback_invalid,12,8,delivered_on_time,107.67311196277022,0.3633664237983617,238.34701583726104,2,True,True,0-10-11
rl_fallback_invalid,12,9,delivered_on_time,86.45283744783889,0.16240145142531262,267.43592151417363,2,True,True,0-10-11
rl_fallback_invalid,12,10,delivered_on_time,89.50881730922134,0.17581277853369678,242.1350532227541,2,True,True,0-9-13
rl_fallback_invalid,12,11,delivered_on_time,124.80877233407959,0.5453823939090756,225.96199213027353,2,True,True,0-10-13
rl_fallback_invalid,12,12,delivered_on_time,108.39497509220847,0.45092310913017497,365.3472467742438,2,True,True,0-10-13
rl_fallback_invalid,12,13,delivered_late,30.26698090037617,0.807320210368629,554.1193505664405,2,True,False,0-9-11
rl_fallback_invalid,12,14,delivered_on_time,90.67544852589882,0.20818701381327262,271.37016940056196,2,True,True,0-10-13
rl_fallback_invalid,12,15,delivered_on_time,130.37491838541777,0.5540666512187611,180.7411621369129,2,True,True,0-10-13
rl_fallback_invalid,12,16,delivered_on_time,90.23947533966245,0.24918573690897192,371.43296107807504,2,True,True,0-10-11
rl_fallback_invalid,12,17,delivered_on_time,89.38169641094038,0.24762472426728607,313.298409252572,2,True,True,0-9-12
rl_fallback_invalid,12,18,delivered_on_time,117.40176275526902,0.4909252052941089,281.9828939945185,2,True,True,0-10-11
rl_fallback_invalid,12,19,delivered_on_time,109.28520592643976,0.5018041836629525,398.7273561940979,2,True,True,0-9-11
rl_fallback_invalid,12,20,delivered_on_time,80.07877670461413,0.13525280029410383,386.11461889610894,2,True,True,0-9-12
rl_fallback_invalid,12,21,delivered_on_time,102.81670108394351,0.331825118488835,311.49772943205994,2,True,True,0-10-13
rl_fallback_invalid,12,22,delivered_on_time,113.00808146377375,0.30636026646857695,82.32358178035084,2,True,True,0-10-11
rl_fallback_invalid,12,23,delivered_on_time,122.23049184641404,0.45612976358682367,207.15144207422674,2,True,True,0-10-11
rl_fallback_invalid,12,24,delivered_on_time,125.73919643430253,0.5058116687773789,172.37993212094585,2,True,True,0-10-11
rl_fallback_unsafe,12,0,delivered_late,42.31205132363659,0.8381405203671579,315.783592713487,2,True,False,0-9-13
rl_fallback_unsafe,12,1,delivered_on_time,105.77557102352765,0.3603283110299682,276.09623781249115,2,True,True,0-6-12
rl_fallback_unsafe,12,2,delivered_on_time,56.472745758904196,0.10955243483973517,780.2921193235484,2,True,True,0-9-13
rl_fallback_unsafe,12,3,delivered_on_time,154.88197213327635,0.7833302916697684,93.89348089486603,2,True,True,0-9-12
rl_fallback_unsafe,12,4,delivered_on_time,87.93183995855199,0.25618004724744736,455.49299247776145,2,True,True,0-9-11
rl_fallback_unsafe,12,5,delivered_on_time,63.423857214878744,0.15918887256319933,749.3564591711079,2,True,True,0-10-13
rl_fallback_unsafe,12,6,delivered_on_time,147.66419406684633,0.7894316773407313,277.96364971539793,2,True,True,0-10-13
rl_fallback_unsafe,12,7,delivered_on_time,107.62716376237864,0.4453266052101571,431.10510342810875,2,True,True,0-9-13
rl_fallback_unsafe,12,8,delivered_on_time,107.67311196277022,0.3633664237983617,238.34701583726104,2,True,True,0-10-11
rl_fallback_unsafe,12,9,delivered_on_time,86.45283744783889,0.16240145142531262,267.43592151417363,2,True,True,0-10-11
rl_fallback_unsafe,12,10,delivered_on_time,89.50881730922134,0.17581277853369678,242.1350532227541,2,True,True,0-9-13
rl_fallback_unsafe,12,11,delivered_on_time,124.80877233407959,0.5453823939090756,225.96199213027353,2,True,True,0-10-13
rl_fallback_unsafe,12,12,delivered_on_time,108.39497509220847,0.45092310913017497,365.3472467742438,2,True,True,0-10-13
rl_fallback_unsafe,12,13,delivered_late,46.50140220850382,0.807320210368629,312.209316906578,2,True,False,0-4-11
rl_fallback_unsafe,12,14,delivered_on_time,90.67544852589882,0.20818701381327262,271.37016940056196,2,True,True,0-10-13
rl_fallback_unsafe,12,15,delivered_on_time,130.37491838541777,0.5540666512187611,180.7411621369129,2,True,True,0-10-13
rl_fallback_unsafe,12,16,delivered_on_time,90.23947533966245,0.24918573690897192,371.43296107807504,2,True,True,0-10-11
rl_fallback_unsafe,12,17,delivered_on_time,89.38169641094038,0.24762472426728607,313.298409252572,2,True,True,0-9-12
rl_fallback_unsafe,12,18,delivered_on_time,107.37353317737382,0.4909252052941089,548.9991004421893,2,True,True,0-10-13
rl_fallback_unsafe,12,19,delivered_on_time,109.28520592643976,0.5018041836629525,398.7273561940979,2,True,True,0-9-11
rl_fallback_unsafe,12,20,delivered_on_time,80.07877670461413,0.13525280029410383,386.11461889610894,2,True,True,0-9-12
rl_fallback_unsafe,12,21,delivered_on_time,101.92531210422534,0.331825118488835,329.1443570432044,2,True,True,0-10-11
rl_fallback_unsafe,12,22,delivered_on_time,113.00808146377375,0.30636026646857695,82.32358178035084,2,True,True,0-10-11
rl_fallback_unsafe,12,23,delivered_on_time,122.23049184641404,0.45612976358682367,207.15144207422674,2,True,True,0-10-11
rl_fallback_unsafe,12,24,delivered_on_time,125.73919643430253,0.5058116687773789,172.37993212094585,2,True,True,0-10-11
masked_random,13,0,delivered_late,-15.51748089382074,0.14429739633189967,1541.3246655560874,2,True,False,0-7-11
masked_random,13,1,missed_deadline,-48.298303325628254,0.35047353474094833,885.5364754703304,3,False,False,0-7-6-2
masked_random,13,2,missed_deadline,-30.34421677678249,0.9217475131876389,584.9860269679007,1,False,False,0-5
masked_random,13,3,missed_deadline,-38.15888674899572,0.8168861118511577,318.1828575313254,2,False,False,0-7-2
masked_random,13,4,missed_deadline,-53.23037287191438,0.3637568997342494,1302.7095830918756,3,False,False,0-5-4-5
masked_random,13,5,delivered_on_time,112.98164200757762,0.5925947827304021,264.51758996630105,3,True,True,0-6-8-12
masked_random,13,6,delivered_on_time,50.55123624147694,0.1454426935304717,909.738006739295,3,True,True,0-5-10-11
masked_random,13,7,delivered_late,-39.89840891035262,0.31155444108379693,1768.2940729388056,3,True,False,0-7-3-11
masked_random,13,8,delivered_on_time,18.89814615357514,0.3169967436067074,1337.1699883968968,6,True,True,0-4-7-1-7-9-12
masked_random,13,9,missed_deadline,-38.927280718265514,0.8588297248324234,1086.0164873597103,2,False,False,0-5-7
masked_random,13,10,delivered_on_time,130.5823692335217,0.568200759978356,128.79948487977873,2,True,True,0-9-13
masked_random,13,11,delivered_on_time,113.26291918869083,0.5163944538502929,177.99363579152524,4,True,True,0-1-3-10-13
masked_random,13,12,missed_deadline,-37.44503315570971,0.9903126471391297,612.8761980298349,2,False,False,0-2-3
masked_random,13,13,delivered_on_time,109.50705578577401,0.3401727516198254,202.01152038269,2,True,True,0-9-13
masked_random,13,14,missed_deadline,-58.22628709350623,0.22418724957510575,813.0203815933612,5,False,False,0-8-5-3-1-10
masked_random,13,15,delivered_on_time,161.23097275926764,0.9551174080236622,201.1570238365959,3,True,True,0-2-3-11
masked_random,13,16,delivered_on_time,120.54969472712425,0.5339726750951533,422.27656675087655,2,True,True,0-9-13
masked_random,13,17,delivered_on_time,58.20495211664326,0.15648259233574427,866.2700198308211,2,True,True,0-8-11
masked_random,13,18,delivered_late,42.246020540547974,0.9342624243818561,303.2036115261678,3,True,False,0-4-3-13
masked_random,13,19,delivered_on_time,37.99861872942769,0.3193860065966092,1340.9730615713856,3,True,True,0-5-4-12
masked_random,13,20,missed_deadline,-38.83623660819052,0.4792022476632589,1954.7589201993635,2,False,False,0-5-3
masked_random,13,21,delivered_on_time,76.51765117466408,0.2948830541752402,608.6427719352589,3,True,True,0-6-3-11
masked_random,13,22,delivered_on_time,31.31536484911542,0.13508002875705025,472.43906861383414,7,True,True,0-5-8-6-4-2-10-12
masked_random,13,23,delivered_late,-0.8742268653598373,0.12761552577043891,815.414010795884,4,True,False,0-1-2-10-11
masked_random,13,24,delivered_on_time,82.22625103203097,0.12183320893517627,285.65380234299266,2,True,True,0-10-11
baseline_env_rules,13,0,delivered_on_time,81.39281433543084,0.14429739633189967,347.82947876642595,2,True,True,0-4-12
baseline_env_rules,13,1,missed_deadline,-31.649646354223115,0.8125033962186965,207.3755602131368,1,False,False,0-6
baseline_env_rules,13,2,delivered_on_time,140.51206238395804,0.738206101499392,340.4864685734457,2,True,True,0-5-11
baseline_env_rules,13,3,delivered_on_time,96.52997808558062,0.3018217198753994,374.6946936810343,2,True,True,0-10-11
baseline_env_rules,13,4,delivered_on_time,102.12006427985031,0.35047353474094833,353.9238900062405,2,True,True,0-4-11
baseline_env_rules,13,5,delivered_on_time,98.7240610458366,0.26277724804696834,237.219729804132,2,True,True,0-10-12
baseline_env_rules,13,6,delivered_on_time,105.60493461595027,0.42671280658857325,367.5852160466438,2,True,True,0-1-12
baseline_env_rules,13,7,delivered_on_time,122.56089763568647,0.4774773625373646,186.07282941508123,2,True,True,0-7-13
baseline_env_rules,13,8,missed_deadline,-36.882966386945235,0.9217475131876389,246.8945905324924,1,False,False,0-4
baseline_env_rules,13,9,delivered_on_time,127.57948779821744,0.5821615977555712,317.08243080811997,2,True,True,0-7-13
baseline_env_rules,13,10,delivered_on_time,140.10190778890146,0.5766642301964339,58.56162705397114,2,True,True,0-6-13
baseline_env_rules,13,11,delivered_on_time,150.70616228614878,0.7654162793704931,198.35055444008208,2,True,True,0-7-13
baseline_env_rules,13,12,delivered_on_time,162.44429797118352,0.8168861118511577,94.43322186676271,2,True,True,0-10-11
baseline_env_rules,13,13,delivered_on_time,96.3942714785772,0.22735023623795028,150.96548191086538,2,True,True,0-4-13
baseline_env_rules,13,14,delivered_on_time,102.90264805119935,0.28826546350411786,297.841127717835,2,True,True,0-8-12
baseline_env_rules,13,15,delivered_on_time,100.09258148390977,0.3637568997342494,372.3020905192222,2,True,True,0-5-12
baseline_env_rules,13,16,delivered_on_time,157.80742641572164,0.837917800194548,181.83628456831343,2,True,True,0-8-13
baseline_env_rules,13,17,delivered_on_time,117.95346852798713,0.36805681079571506,38.47227495901268,2,True,True,0-8-12
baseline_env_rules,13,18,delivered_on_time,173.22646312949604,0.9753372847481655,101.80329791214893,2,True,True,0-9-11
baseline_env_rules,13,19,delivered_on_time,134.04606844576656,0.5925947827304021,120.87223094924808,2,True,True,0-6-11
baseline_env_rules,13,20,delivered_on_time,103.93225901036553,0.31873741803034317,232.38620801124134,2,True,True,0-10-13
baseline_env_rules,13,21,delivered_on_time,102.79005208703389,0.28530055325276427,273.35080218068816,2,True,True,0-8-12
baseline_env_rules,13,22,delivered_on_time,142.47936318359635,0.7400739675598296,251.002044027036,2,True,True,0-3-11
baseline_env_rules,13,23,delivered_on_time,157.31724135178467,0.8548228932846477,161.49504925592737,2,True,True,0-5-11
baseline_env_rules,13,24,delivered_on_time,79.22520323661946,0.1454426935304717,357.5501790817601,2,True,True,0-8-12
baseline_physical,13,0,delivered_on_time,75.57150932596457,0.14429739633189967,396.59139776276083,2,True,True,0-10-11
baseline_physical,13,1,missed_deadline,-31.649646354223115,0.8125033962186965,207.3755602131368,1,False,False,0-6
baseline_physical,13,2,delivered_late,37.22680667466707,0.738206101499392,368.80152053440816,2,True,False,0-4-12
baseline_physical,13,3,delivered_late,-50.65107815167324,0.3018217198753994,2224.3796738977044,2,True,False,0-9-11
baseline_physical,13,4,delivered_on_time,98.81476721306257,0.35047353474094833,442.46569589486273,2,True,True,0-7-12
baseline_physical,13,5,delivered_on_time,95.96695093883963,0.26277724804696834,272.3576281574918,2,True,True,0-8-11
baseline_physical,13,6,delivered_late,-113.89703093156555,0.42671280658857325,3379.5171959422823,2,True,False,0-1-11
baseline_physical,13,7,delivered_on_time,125.94212148162983,0.4774773625373646,196.87073609807393,2,True,True,0-9-11
baseline_physical,13,8,missed_deadline,-41.77289110572866,0.9217475131876389,309.5553821453725,2,False,False,0-2-8
baseline_physical,13,9,delivered_on_time,116.70439360790984,0.5821615977555712,431.2720306502621,2,True,True,0-10-13
baseline_physical,13,10,delivered_on_time,140.10190778890146,0.5766642301964339,58.56162705397114,2,True,True,0-6-13
baseline_physical,13,11,delivered_late,43.6652654090981,0.7654162793704931,285.2561736016837,2,True,False,0-4-12
baseline_physical,13,12,delivered_on_time,162.44429797118352,0.8168861118511577,94.43322186676271,2,True,True,0-10-11
baseline_physical,13,13,delivered_on_time,96.3942714785772,0.22735023623795028,150.96548191086538,2,True,True,0-4-13
baseline_physical,13,14,delivered_on_time,84.42210112596015,0.28826546350411786,625.2032169458216,2,True,True,0-8-13
baseline_physical,13,15,delivered_on_time,100.09258148390977,0.3637568997342494,372.3020905192222,2,True,True,0-5-12
baseline_physical,13,16,delivered_on_time,157.80742641572164,0.837917800194548,181.83628456831343,2,True,True,0-8-13
baseline_physical,13,17,delivered_on_time,117.95346852798713,0.36805681079571506,38.47227495901268,2,True,True,0-8-12
baseline_physical,13,18,delivered_on_time,173.22646312949604,0.9753372847481655,101.80329791214893,2,True,True,0-9-11
baseline_physical,13,19,delivered_on_time,134.04606844576656,0.5925947827304021,120.87223094924808,2,True,True,0-6-11
baseline_physical,13,20,delivered_on_time,105.32223356588668,0.31873741803034317,256.56270751137413,2,True,True,0-9-13
baseline_physical,13,21,delivered_on_time,102.79005208703389,0.28530055325276427,273.35080218068816,2,True,True,0-8-12
baseline_physical,13,22,delivered_late,40.17412769829439,0.7400739675598296,304.92293650795307,2,True,False,0-8-11
baseline_physical,13,23,delivered_on_time,158.7978929547519,0.8548228932846477,161.84448339307608,2,True,True,0-3-13
baseline_physical,13,24,delivered_on_time,79.22520323661946,0.1454426935304717,357.5501790817601,2,True,True,0-8-12
rl_seed_7,13,0,delivered_on_time,75.57150932596457,0.14429739633189967,396.59139776276083,2,True,True,0-10-11
rl_seed_7,13,1,missed_deadline,-30.63600218181613,0.8125033962186965,177.65888226877837,1,False,False,0-9
rl_seed_7,13,2,delivered_on_time,140.47045439183995,0.738206101499392,353.26517873520913,2,True,True,0-10-13
rl_seed_7,13,3,delivered_on_time,96.52997808558062,0.3018217198753994,374.6946936810343,2,True,True,0-10-11
rl_seed_7,13,4,delivered_on_time,95.33694440213807,0.35047353474094833,447.71764005485466,2,True,True,0-10-13
rl_seed_7,13,5,delivered_on_time,98.7240610458366,0.26277724804696834,237.219729804132,2,True,True,0-10-12
rl_seed_7,13,6,delivered_on_time,104.68830288345883,0.42671280658857325,448.9857415944988,2,True,True,0-9-12
rl_seed_7,13,7,delivered_on_time,125.94212148162983,0.4774773625373646,196.87073609807393,2,True,True,0-9-11
rl_seed_7,13,8,missed_deadline,-32.239092112553806,0.9217475131876389,353.30825742270275,1,False,False,0-10
rl_seed_7,13,9,delivered_on_time,124.06991115755284,0.5821615977555712,336.9390347579073,2,True,True,0-9-13
rl_seed_7,13,10,delivered_on_time,140.0777468065606,0.5766642301964339,60.4221476017836,2,True,True,0-9-13
rl_seed_7,13,11,missed_deadline,-32.61164532356327,0.7654162793704931,359.05702181789565,1,False,False,0-9
rl_seed_7,13,12,delivered_on_time,162.44429797118352,0.8168861118511577,94.43322186676271,2,True,True,0-10-11
rl_seed_7,13,13,delivered_on_time,92.45336810502697,0.22735023623795028,172.35706240287146,2,True,True,0-9-13
rl_seed_7,13,14,delivered_on_time,98.17055342691303,0.28826546350411786,329.3457745092618,2,True,True,0-10-12
rl_seed_7,13,15,delivered_on_time,101.66289583375972,0.3637568997342494,459.1004820368081,2,True,True,0-9-13
rl_seed_7,13,16,delivered_on_time,149.7532792207324,0.837917800194548,327.0339472908575,2,True,True,0-10-11
rl_seed_7,13,17,delivered_on_time,121.53759549607804,0.36805681079571506,81.50819967754826,2,True,True,0-10-12
rl_seed_7,13,18,delivered_on_time,176.29300609497855,0.9753372847481655,142.23650079356477,2,True,True,0-9-12
rl_seed_7,13,19,delivered_on_time,128.11431296612824,0.5925947827304021,279.06053519383136,2,True,True,0-9-12
rl_seed_7,13,20,delivered_on_time,103.93225901036553,0.31873741803034317,232.38620801124134,2,True,True,0-10-13
rl_seed_7,13,21,delivered_on_time,99.95238341283601,0.28530055325276427,278.0762958280047,2,True,True,0-10-12
rl_seed_7,13,22,delivered_late,34.48495305544169,0.7400739675598296,404.6784607557314,2,True,False,0-10-11
rl_seed_7,13,23,delivered_late,44.78404878000539,0.8548228932846477,225.18956161577972,2,True,False,0-9-12
rl_seed_7,13,24,delivered_on_time,79.8016937694148,0.1454426935304717,373.66236119737096,2,True,True,0-9-11
rl_seed_42,13,0,delivered_on_time,75.57150932596457,0.14429739633189967,396.59139776276083,2,True,True,0-10-11
rl_seed_42,13,1,missed_deadline,-30.63600218181613,0.8125033962186965,177.65888226877837,1,False,False,0-9
rl_seed_42,13,2,delivered_on_time,140.47045439183995,0.738206101499392,353.26517873520913,2,True,True,0-10-13
rl_seed_42,13,3,delivered_on_time,96.52997808558062,0.3018217198753994,374.6946936810343,2,True,True,0-10-11
rl_seed_42,13,4,delivered_on_time,95.33694440213807,0.35047353474094833,447.71764005485466,2,True,True,0-10-13
rl_seed_42,13,5,delivered_on_time,100.49875154986174,0.26277724804696834,280.6004808823901,2,True,True,0-9-12
rl_seed_42,13,6,delivered_on_time,104.68830288345883,0.42671280658857325,448.9857415944988,2,True,True,0-9-12
rl_seed_42,13,7,delivered_on_time,125.94212148162983,0.4774773625373646,196.87073609807393,2,True,True,0-9-11
rl_seed_42,13,8,missed_deadline,-32.239092112553806,0.9217475131876389,353.30825742270275,1,False,False,0-10
rl_seed_42,13,9,delivered_on_time,124.06991115755284,0.5821615977555712,336.9390347579073,2,True,True,0-9-13
rl_seed_42,13,10,delivered_on_time,140.0777468065606,0.5766642301964339,60.4221476017836,2,True,True,0-9-13
rl_seed_42,13,11,missed_deadline,-32.61164532356327,0.7654162793704931,359.05702181789565,1,False,False,0-9
rl_seed_42,13,12,delivered_on_time,162.44429797118352,0.8168861118511577,94.43322186676271,2,True,True,0-10-11
rl_seed_42,13,13,delivered_on_time,92.45336810502697,0.22735023623795028,172.35706240287146,2,True,True,0-9-13
rl_seed_42,13,14,delivered_on_time,98.17055342691303,0.28826546350411786,329.3457745092618,2,True,True,0-10-12
rl_seed_42,13,15,delivered_on_time,101.66289583375972,0.3637568997342494,459.1004820368081,2,True,True,0-9-13
rl_seed_42,13,16,delivered_on_time,149.7532792207324,0.837917800194548,327.0339472908575,2,True,True,0-10-11
rl_seed_42,13,17,delivered_on_time,121.53759549607804,0.36805681079571506,81.50819967754826,2,True,True,0-10-12
rl_seed_42,13,18,delivered_on_time,176.29300609497855,0.9753372847481655,142.23650079356477,2,True,True,0-9-12
rl_seed_42,13,19,delivered_on_time,128.11431296612824,0.5925947827304021,279.06053519383136,2,True,True,0-9-12
rl_seed_42,13,20,delivered_on_time,105.32223356588668,0.31873741803034317,256.56270751137413,2,True,True,0-9-13
rl_seed_42,13,21,delivered_on_time,99.95238341283601,0.28530055325276427,278.0762958280047,2,True,True,0-10-12
rl_seed_42,13,22,delivered_late,32.85311648857251,0.7400739675598296,471.1427306208594,2,True,False,0-10-13
rl_seed_42,13,23,delivered_late,44.78404878000539,0.8548228932846477,225.18956161577972,2,True,False,0-9-12
rl_seed_42,13,24,delivered_on_time,79.8016937694148,0.1454426935304717,373.66236119737096,2,True,True,0-9-11
rl_seed_123,13,0,delivered_on_time,75.57150932596457,0.14429739633189967,396.59139776276083,2,True,True,0-10-11
rl_seed_123,13,1,missed_deadline,-30.63600218181613,0.8125033962186965,177.65888226877837,1,False,False,0-9
rl_seed_123,13,2,delivered_on_time,140.47045439183995,0.738206101499392,353.26517873520913,2,True,True,0-10-13
rl_seed_123,13,3,delivered_on_time,96.52997808558062,0.3018217198753994,374.6946936810343,2,True,True,0-10-11
rl_seed_123,13,4,delivered_on_time,95.33694440213807,0.35047353474094833,447.71764005485466,2,True,True,0-10-13
rl_seed_123,13,5,delivered_on_time,98.7240610458366,0.26277724804696834,237.219729804132,2,True,True,0-10-12
rl_seed_123,13,6,delivered_on_time,104.68830288345883,0.42671280658857325,448.9857415944988,2,True,True,0-9-12
rl_seed_123,13,7,delivered_on_time,125.94212148162983,0.4774773625373646,196.87073609807393,2,True,True,0-9-11
rl_seed_123,13,8,missed_deadline,-32.239092112553806,0.9217475131876389,353.30825742270275,1,False,False,0-10
rl_seed_123,13,9,delivered_on_time,124.06991115755284,0.5821615977555712,336.9390347579073,2,True,True,0-9-13
rl_seed_123,13,10,delivered_on_time,140.0777468065606,0.5766642301964339,60.4221476017836,2,True,True,0-9-13
rl_seed_123,13,11,missed_deadline,-32.61164532356327,0.7654162793704931,359.05702181789565,1,False,False,0-9
rl_seed_123,13,12,delivered_on_time,162.44429797118352,0.8168861118511577,94.43322186676271,2,True,True,0-10-11
rl_seed_123,13,13,delivered_on_time,92.45336810502697,0.22735023623795028,172.35706240287146,2,True,True,0-9-13
rl_seed_123,13,14,delivered_on_time,98.17055342691303,0.28826546350411786,329.3457745092618,2,True,True,0-10-12
rl_seed_123,13,15,delivered_on_time,101.66289583375972,0.3637568997342494,459.1004820368081,2,True,True,0-9-13
rl_seed_123,13,16,delivered_on_time,149.7532792207324,0.837917800194548,327.0339472908575,2,True,True,0-10-11
rl_seed_123,13,17,delivered_on_time,121.53759549607804,0.36805681079571506,81.50819967754826,2,True,True,0-10-12
rl_seed_123,13,18,delivered_on_time,176.29300609497855,0.9753372847481655,142.23650079356477,2,True,True,0-9-12
rl_seed_123,13,19,delivered_on_time,128.11431296612824,0.5925947827304021,279.06053519383136,2,True,True,0-9-12
rl_seed_123,13,20,delivered_on_time,103.93225901036553,0.31873741803034317,232.38620801124134,2,True,True,0-10-13
rl_seed_123,13,21,delivered_on_time,99.95238341283601,0.28530055325276427,278.0762958280047,2,True,True,0-10-12
rl_seed_123,13,22,delivered_late,34.48495305544169,0.7400739675598296,404.6784607557314,2,True,False,0-10-11
rl_seed_123,13,23,missed_deadline,-32.96536656500912,0.8548228932846477,224.91379192854316,1,False,False,0-10
rl_seed_123,13,24,delivered_on_time,79.8016937694148,0.1454426935304717,373.66236119737096,2,True,True,0-9-11
rl_fallback_invalid,13,0,delivered_on_time,75.57150932596457,0.14429739633189967,396.59139776276083,2,True,True,0-10-11
rl_fallback_invalid,13,1,missed_deadline,-30.63600218181613,0.8125033962186965,177.65888226877837,1,False,False,0-9
rl_fallback_invalid,13,2,delivered_on_time,140.47045439183995,0.738206101499392,353.26517873520913,2,True,True,0-10-13
rl_fallback_invalid,13,3,delivered_on_time,96.52997808558062,0.3018217198753994,374.6946936810343,2,True,True,0-10-11
rl_fallback_invalid,13,4,delivered_on_time,95.33694440213807,0.35047353474094833,447.71764005485466,2,True,True,0-10-13
rl_fallback_invalid,13,5,delivered_on_time,98.7240610458366,0.26277724804696834,237.219729804132,2,True,True,0-10-12
rl_fallback_invalid,13,6,delivered_on_time,104.68830288345883,0.42671280658857325,448.9857415944988,2,True,True,0-9-12
rl_fallback_invalid,13,7,delivered_on_time,125.94212148162983,0.4774773625373646,196.87073609807393,2,True,True,0-9-11
rl_fallback_invalid,13,8,missed_deadline,-32.239092112553806,0.9217475131876389,353.30825742270275,1,False,False,0-10
rl_fallback_invalid,13,9,delivered_on_time,124.06991115755284,0.5821615977555712,336.9390347579073,2,True,True,0-9-13
rl_fallback_invalid,13,10,delivered_on_time,140.0777468065606,0.5766642301964339,60.4221476017836,2,True,True,0-9-13
rl_fallback_invalid,13,11,missed_deadline,-32.61164532356327,0.7654162793704931,359.05702181789565,1,False,False,0-9
rl_fallback_invalid,13,12,delivered_on_time,162.44429797118352,0.8168861118511577,94.43322186676271,2,True,True,0-10-11
rl_fallback_invalid,13,13,delivered_on_time,92.45336810502697,0.22735023623795028,172.35706240287146,2,True,True,0-9-13
rl_fallback_invalid,13,14,delivered_on_time,98.17055342691303,0.28826546350411786,329.3457745092618,2,True,True,0-10-12
rl_fallback_invalid,13,15,delivered_on_time,101.66289583375972,0.3637568997342494,459.1004820368081,2,True,True,0-9-13
rl_fallback_invalid,13,16,delivered_on_time,149.7532792207324,0.837917800194548,327.0339472908575,2,True,True,0-10-11
rl_fallback_invalid,13,17,delivered_on_time,121.53759549607804,0.36805681079571506,81.50819967754826,2,True,True,0-10-12
rl_fallback_invalid,13,18,delivered_on_time,176.29300609497855,0.9753372847481655,142.23650079356477,2,True,True,0-9-12
rl_fallback_invalid,13,19,delivered_on_time,128.11431296612824,0.5925947827304021,279.06053519383136,2,True,True,0-9-12
rl_fallback_invalid,13,20,delivered_on_time,103.93225901036553,0.31873741803034317,232.38620801124134,2,True,True,0-10-13
rl_fallback_invalid,13,21,delivered_on_time,99.95238341283601,0.28530055325276427,278.0762958280047,2,True,True,0-10-12
rl_fallback_invalid,13,22,delivered_late,34.48495305544169,0.7400739675598296,404.6784607557314,2,True,False,0-10-11
rl_fallback_invalid,13,23,delivered_late,44.78404878000539,0.8548228932846477,225.18956161577972,2,True,False,0-9-12
rl_fallback_invalid,13,24,delivered_on_time,79.8016937694148,0.1454426935304717,373.66236119737096,2,True,True,0-9-11
rl_fallback_unsafe,13,0,delivered_on_time,75.57150932596457,0.14429739633189967,396.59139776276083,2,True,True,0-10-11
rl_fallback_unsafe,13,1,missed_deadline,-30.63600218181613,0.8125033962186965,177.65888226877837,1,False,False,0-9
rl_fallback_unsafe,13,2,delivered_late,37.22680667466707,0.738206101499392,368.80152053440816,2,True,False,0-4-12
rl_fallback_unsafe,13,3,delivered_late,-50.65107815167324,0.3018217198753994,2224.3796738977044,2,True,False,0-9-11
rl_fallback_unsafe,13,4,delivered_on_time,91.34189443184215,0.35047353474094833,618.5033889206808,2,True,True,0-10-12
rl_fallback_unsafe,13,5,delivered_on_time,98.7240610458366,0.26277724804696834,237.219729804132,2,True,True,0-10-12
rl_fallback_unsafe,13,6,delivered_late,-113.89703093156555,0.42671280658857325,3379.5171959422823,2,True,False,0-1-11
rl_fallback_unsafe,13,7,delivered_on_time,125.94212148162983,0.4774773625373646,196.87073609807393,2,True,True,0-9-11
rl_fallback_unsafe,13,8,missed_deadline,-32.239092112553806,0.9217475131876389,353.30825742270275,1,False,False,0-10
rl_fallback_unsafe,13,9,delivered_on_time,124.06991115755284,0.5821615977555712,336.9390347579073,2,True,True,0-9-13
rl_fallback_unsafe,13,10,delivered_on_time,140.0777468065606,0.5766642301964339,60.4221476017836,2,True,True,0-9-13
rl_fallback_unsafe,13,11,missed_deadline,-32.61164532356327,0.7654162793704931,359.05702181789565,1,False,False,0-9
rl_fallback_unsafe,13,12,delivered_on_time,162.44429797118352,0.8168861118511577,94.43322186676271,2,True,True,0-10-11
rl_fallback_unsafe,13,13,delivered_on_time,92.45336810502697,0.22735023623795028,172.35706240287146,2,True,True,0-9-13
rl_fallback_unsafe,13,14,delivered_on_time,98.17055342691303,0.28826546350411786,329.3457745092618,2,True,True,0-10-12
rl_fallback_unsafe,13,15,delivered_on_time,101.66289583375972,0.3637568997342494,459.1004820368081,2,True,True,0-9-13
rl_fallback_unsafe,13,16,delivered_on_time,149.7532792207324,0.837917800194548,327.0339472908575,2,True,True,0-10-11
rl_fallback_unsafe,13,17,delivered_on_time,121.53759549607804,0.36805681079571506,81.50819967754826,2,True,True,0-10-12
rl_fallback_unsafe,13,18,delivered_on_time,176.29300609497855,0.9753372847481655,142.23650079356477,2,True,True,0-9-12
rl_fallback_unsafe,13,19,delivered_on_time,128.11431296612824,0.5925947827304021,279.06053519383136,2,True,True,0-9-12
rl_fallback_unsafe,13,20,delivered_on_time,103.93225901036553,0.31873741803034317,232.38620801124134,2,True,True,0-10-13
rl_fallback_unsafe,13,21,delivered_on_time,99.95238341283601,0.28530055325276427,278.0762958280047,2,True,True,0-10-12
rl_fallback_unsafe,13,22,delivered_late,34.48495305544169,0.7400739675598296,404.6784607557314,2,True,False,0-10-11
rl_fallback_unsafe,13,23,delivered_late,44.78404878000539,0.8548228932846477,225.18956161577972,2,True,False,0-9-12
rl_fallback_unsafe,13,24,delivered_on_time,74.67106699891202,0.1454426935304717,469.97775013742614,2,True,True,0-9-13
masked_random,14,0,delivered_on_time,66.28762084365064,0.46938739929263595,778.4817066209138,5,True,True,0-3-7-8-9-11
masked_random,14,1,delivered_on_time,88.07079065034964,0.17595627693555302,136.93180599012055,3,True,True,0-3-8-12
masked_random,14,2,missed_deadline,-34.56734956829986,0.8728232956461848,287.5344763270028,1,False,False,0-3
masked_random,14,3,delivered_on_time,57.125134989470965,0.23230261299724583,572.0012737520584,4,True,True,0-3-5-10-13
masked_random,14,4,missed_deadline,-34.23211545882454,0.917601800902645,391.11283525895743,1,False,False,0-6
masked_random,14,5,missed_deadline,-33.310021061126136,0.8107388000745948,286.4199455886187,1,False,False,0-4
masked_random,14,6,delivered_on_time,109.40613077509808,0.440716638580136,335.37845522623854,2,True,True,0-9-13
masked_random,14,7,missed_deadline,-40.557694762005724,0.941744604739557,383.22684297723407,2,False,False,0-8-2
masked_random,14,8,delivered_on_time,69.5544147362535,0.3823589881989009,814.4950662140627,4,True,True,0-8-5-2-11
masked_random,14,9,missed_deadline,-33.77876005579262,0.9310726566504602,378.5954857784306,1,False,False,0-5
masked_random,14,10,delivered_on_time,94.51163003983073,0.43646129188591165,498.70151722149797,3,True,True,0-5-4-12
masked_random,14,11,missed_deadline,-50.27282953835501,0.48558279330024023,2031.338278562546,3,False,False,0-5-1-8
masked_random,14,12,delivered_on_time,117.3447653585618,0.4925567656630305,315.99094386478373,2,True,True,0-10-12
masked_random,14,13,delivered_on_time,108.25733445301101,0.3195361507546801,199.50326297819885,2,True,True,0-2-11
masked_random,14,14,delivered_on_time,83.88764605090125,0.4072099573507948,601.1274860540482,4,True,True,0-2-5-10-12
masked_random,14,15,missed_deadline,-39.09347876360955,0.8934056988352134,442.7760318491535,2,False,False,0-3-1
masked_random,14,16,delivered_late,4.208806911582119,0.39980238942244517,1101.5863556132406,2,True,False,0-4-11
masked_random,14,17,missed_deadline,-35.24176551287932,0.8458101575833126,447.9035715780017,1,False,False,0-5
masked_random,14,18,missed_deadline,-33.541767965501364,0.21055759617233924,851.4697657650397,1,False,False,0-7
masked_random,14,19,missed_deadline,-29.427205418539437,0.21342726319205277,2594.69150898758,1,False,False,0-6
masked_random,14,20,missed_deadline,-42.25474768974124,0.8011418275242536,504.4320878639324,2,False,False,0-1-8
masked_random,14,21,delivered_late,-35.82008252044216,0.449567660633715,1916.5993114374908,2,True,False,0-4-13
masked_random,14,22,missed_deadline,-31.966964529527516,0.8757906037323001,328.3060098716892,1,False,False,0-5
masked_random,14,23,delivered_on_time,136.25698091610204,0.5541993055148162,54.264790330376755,2,True,True,0-9-12
masked_random,14,24,missed_deadline,-60.62219795000088,0.31746310815268053,1342.8774026526492,4,False,False,0-2-5-8-3
baseline_env_rules,14,0,delivered_on_time,100.45367176288929,0.46938739929263595,370.9336773883654,3,True,True,0-3-6-11
baseline_env_rules,14,1,delivered_on_time,100.33969240369879,0.3797236191302258,408.9206043345213,2,True,True,0-7-11
baseline_env_rules,14,2,delivered_on_time,103.41457744729816,0.34321261393166536,340.6491663109789,2,True,True,0-4-11
baseline_env_rules,14,3,delivered_on_time,181.73228156960383,0.9987152018021195,54.41102198831154,2,True,True,0-9-12
baseline_env_rules,14,4,delivered_late,38.46240643867241,0.9463861693420438,338.28027923909576,2,True,False,0-3-12
baseline_env_rules,14,5,delivered_on_time,115.18585140649387,0.5171795941898768,291.45503335037523,2,True,True,0-4-13
baseline_env_rules,14,6,delivered_on_time,134.37486331438694,0.5689495902972407,217.60336550876045,2,True,True,0-9-11
baseline_env_rules,14,7,delivered_on_time,106.16279417933767,0.4006007806919354,338.22836272810554,2,True,True,0-10-13
baseline_env_rules,14,8,delivered_on_time,97.83064170037422,0.17595627693555302,61.99036051040368,3,True,True,0-8-6-13
baseline_env_rules,14,9,delivered_on_time,101.58195708177233,0.2728013361295486,269.45011869274725,2,True,True,0-4-11
baseline_env_rules,14,10,delivered_on_time,95.45557661584239,0.25222585795541475,278.2111434692215,2,True,True,0-8-12
baseline_env_rules,14,11,delivered_on_time,102.22768943446798,0.1902757713058095,66.0192527971134,2,True,True,0-7-13
baseline_env_rules,14,12,delivered_on_time,91.75154211843653,0.13138201572568595,83.1195237056202,2,True,True,0-1-13
baseline_env_rules,14,13,delivered_on_time,152.32858049888694,0.7484673889203496,153.25007763010515,2,True,True,0-7-12
baseline_env_rules,14,14,delivered_on_time,85.59777195960864,0.1861411494333481,298.0255599742476,2,True,True,0-2-13
baseline_env_rules,14,15,missed_deadline,-28.174651268381975,0.8728232956461848,230.51438036877497,1,False,False,0-10
baseline_env_rules,14,16,delivered_on_time,126.84057763811659,0.5792139464216297,285.63630160355,2,True,True,0-1-12
baseline_env_rules,14,17,delivered_on_time,102.97142306892557,0.23230261299724583,138.3547571449849,2,True,True,0-9-11
baseline_env_rules,14,18,delivered_on_time,94.11872267670736,0.2734069877823062,280.4053585386832,2,True,True,0-6-11
baseline_env_rules,14,19,missed_deadline,-32.04803143638321,0.8895157219893773,253.66810755105922,1,False,False,0-6
baseline_env_rules,14,20,delivered_on_time,90.86721646619685,0.17499911517206343,193.54377439087568,2,True,True,0-10-13
baseline_env_rules,14,21,delivered_on_time,106.05917819471121,0.34236911878933785,247.26374367239575,2,True,True,0-10-11
baseline_env_rules,14,22,delivered_on_time,119.78583265124294,0.4933797513868854,369.2043625655964,2,True,True,0-8-11
baseline_env_rules,14,23,delivered_late,40.353352336876796,0.917601800902645,281.20243706799613,2,True,False,0-7-12
baseline_env_rules,14,24,delivered_on_time,117.2585387909556,0.3414182987430382,48.467817260882114,2,True,True,0-2-13
baseline_physical,14,0,delivered_on_time,111.49999107929759,0.46938739929263595,345.42947097223237,2,True,True,0-10-13
baseline_physical,14,1,delivered_on_time,96.84039063337954,0.3797236191302258,537.3173701154213,2,True,True,0-3-12
baseline_physical,14,2,delivered_on_time,96.28732258789934,0.34321261393166536,446.25576108491504,2,True,True,0-7-11
baseline_physical,14,3,delivered_on_time,181.73228156960383,0.9987152018021195,54.41102198831154,2,True,True,0-9-12
baseline_physical,14,4,delivered_late,41.715626757045634,0.9463861693420438,364.2428843507108,2,True,False,0-3-13
baseline_physical,14,5,delivered_on_time,86.29102855205797,0.5171795941898768,947.2070534400461,2,True,True,0-5-12
baseline_physical,14,6,delivered_on_time,134.37486331438694,0.5689495902972407,217.60336550876045,2,True,True,0-9-11
baseline_physical,14,7,delivered_on_time,103.69666951905299,0.4006007806919354,413.9382221130944,2,True,True,0-4-11
baseline_physical,14,8,delivered_on_time,97.83064170037422,0.17595627693555302,61.99036051040368,3,True,True,0-8-6-13
baseline_physical,14,9,delivered_late,-39.602869877292925,0.2728013361295486,1925.9686053483956,3,True,False,0-4-3-11
baseline_physical,14,10,delivered_on_time,89.01852648230143,0.25222585795541475,444.49870844935674,2,True,True,0-6-13
baseline_physical,14,11,delivered_on_time,102.22768943446798,0.1902757713058095,66.0192527971134,2,True,True,0-7-13
baseline_physical,14,12,delivered_on_time,91.75154211843653,0.13138201572568595,83.1195237056202,2,True,True,0-1-13
baseline_physical,14,13,delivered_on_time,154.31882400440182,0.7484673889203496,156.33269181928145,2,True,True,0-9-13
baseline_physical,14,14,delivered_on_time,81.63333656814518,0.1861411494333481,481.25231758237135,2,True,True,0-8-12
baseline_physical,14,15,missed_deadline,-28.174651268381975,0.8728232956461848,230.51438036877497,1,False,False,0-10
baseline_physical,14,16,delivered_on_time,120.45952957247879,0.5792139464216297,416.86351893867146,2,True,True,0-5-13
baseline_physical,14,17,delivered_on_time,102.97142306892557,0.23230261299724583,138.3547571449849,2,True,True,0-9-11
baseline_physical,14,18,delivered_on_time,85.22487228746962,0.2734069877823062,494.598079536447,2,True,True,0-6-13
baseline_physical,14,19,missed_deadline,-33.71023617844036,0.8895157219893773,356.5345673902691,1,False,False,0-8
baseline_physical,14,20,delivered_on_time,90.86721646619685,0.17499911517206343,193.54377439087568,2,True,True,0-10-13
baseline_physical,14,21,delivered_on_time,105.65273089772455,0.34236911878933785,273.9274778752576,2,True,True,0-8-13
baseline_physical,14,22,delivered_late,-180.20768653283884,0.4933797513868854,4762.326787807547,3,True,False,0-7-8-13
baseline_physical,14,23,delivered_late,40.353352336876796,0.917601800902645,281.20243706799613,2,True,False,0-7-12
baseline_physical,14,24,delivered_on_time,117.2585387909556,0.3414182987430382,48.467817260882114,2,True,True,0-2-13
rl_seed_7,14,0,delivered_on_time,114.22928404376549,0.46938739929263595,356.02751398579676,2,True,True,0-9-11
rl_seed_7,14,1,delivered_on_time,95.10395081479214,0.3797236191302258,601.7237931436557,2,True,True,0-6-12
rl_seed_7,14,2,delivered_on_time,98.99900814645603,0.34321261393166536,368.7901734731944,2,True,True,0-10-12
rl_seed_7,14,3,delivered_on_time,181.73228156960383,0.9987152018021195,54.41102198831154,2,True,True,0-9-12
rl_seed_7,14,4,missed_deadline,-32.93510269397751,0.9463861693420438,382.35616823009036,1,False,False,0-6
rl_seed_7,14,5,delivered_on_time,104.64787114486626,0.5171795941898768,565.4354304144517,2,True,True,0-9-13
rl_seed_7,14,6,delivered_on_time,134.37486331438694,0.5689495902972407,217.60336550876045,2,True,True,0-9-11
rl_seed_7,14,7,delivered_on_time,106.16279417933767,0.4006007806919354,338.22836272810554,2,True,True,0-10-13
rl_seed_7,14,8,delivered_on_time,92.17425438859719,0.17595627693555302,138.77339895963635,2,True,True,0-10-12
rl_seed_7,14,9,delivered_on_time,77.4645348750804,0.2728013361295486,698.5315810278371,2,True,True,0-9-13
rl_seed_7,14,10,delivered_on_time,85.70779368727113,0.25222585795541475,343.33236191308595,2,True,True,0-9-13
rl_seed_7,14,11,delivered_on_time,89.03304526694137,0.1902757713058095,256.92061521048106,2,True,True,0-9-13
rl_seed_7,14,12,delivered_on_time,88.16839432663632,0.13138201572568595,186.63586506089106,2,True,True,0-10-12
rl_seed_7,14,13,delivered_on_time,154.31882400440182,0.7484673889203496,156.33269181928145,2,True,True,0-9-13
rl_seed_7,14,14,delivered_on_time,80.42619095302364,0.1861411494333481,528.3515274332186,2,True,True,0-10-12
rl_seed_7,14,15,missed_deadline,-28.174651268381975,0.8728232956461848,230.51438036877497,1,False,False,0-10
rl_seed_7,14,16,delivered_on_time,110.68350347164271,0.5792139464216297,661.2293533181705,2,True,True,0-9-12
rl_seed_7,14,17,delivered_on_time,102.97142306892557,0.23230261299724583,138.3547571449849,2,True,True,0-9-11
rl_seed_7,14,18,delivered_on_time,91.1014194951679,0.2734069877823062,363.25724745090275,2,True,True,0-9-13
rl_seed_7,14,19,missed_deadline,-32.216040902462964,0.8895157219893773,414.3368063668092,1,False,False,0-9
rl_seed_7,14,20,delivered_on_time,90.86721646619685,0.17499911517206343,193.54377439087568,2,True,True,0-10-13
rl_seed_7,14,21,delivered_on_time,106.05917819471121,0.34236911878933785,247.26374367239575,2,True,True,0-10-11
rl_seed_7,14,22,delivered_on_time,107.50302092896717,0.4933797513868854,446.54905656642666,2,True,True,0-9-13
rl_seed_7,14,23,delivered_late,46.40048732830354,0.917601800902645,285.2144973559952,2,True,False,0-9-13
rl_seed_7,14,24,delivered_on_time,111.57857698791713,0.3414182987430382,120.49466534635766,2,True,True,0-9-12
rl_seed_42,14,0,delivered_on_time,114.90816257377796,0.46938739929263595,382.2397416765042,2,True,True,0-9-13
rl_seed_42,14,1,delivered_late,8.90307571003328,0.3797236191302258,1002.0073986283905,2,True,False,0-10-13
rl_seed_42,14,2,delivered_on_time,96.01605788613236,0.34321261393166536,434.00727620490335,2,True,True,0-9-13
rl_seed_42,14,3,delivered_on_time,181.73228156960383,0.9987152018021195,54.41102198831154,2,True,True,0-9-12
rl_seed_42,14,4,missed_deadline,-34.78524902809809,0.9463861693420438,381.26877879037386,1,False,False,0-10
rl_seed_42,14,5,delivered_on_time,104.64787114486626,0.5171795941898768,565.4354304144517,2,True,True,0-9-13
rl_seed_42,14,6,delivered_on_time,133.6730732267206,0.5689495902972407,220.07631465405717,2,True,True,0-9-12
rl_seed_42,14,7,delivered_on_time,106.16279417933767,0.4006007806919354,338.22836272810554,2,True,True,0-10-13
rl_seed_42,14,8,delivered_on_time,94.25974941987374,0.17595627693555302,136.90358050622294,2,True,True,0-10-13
rl_seed_42,14,9,delivered_on_time,77.4645348750804,0.2728013361295486,698.5315810278371,2,True,True,0-9-13
rl_seed_42,14,10,delivered_on_time,85.70779368727113,0.25222585795541475,343.33236191308595,2,True,True,0-9-13
rl_seed_42,14,11,delivered_on_time,89.03304526694137,0.1902757713058095,256.92061521048106,2,True,True,0-9-13
rl_seed_42,14,12,delivered_on_time,88.16839432663632,0.13138201572568595,186.63586506089106,2,True,True,0-10-12
rl_seed_42,14,13,delivered_on_time,154.31882400440182,0.7484673889203496,156.33269181928145,2,True,True,0-9-13
rl_seed_42,14,14,delivered_on_time,81.3217597956843,0.1861411494333481,477.30520660030095,2,True,True,0-10-13
rl_seed_42,14,15,missed_deadline,-28.174651268381975,0.8728232956461848,230.51438036877497,1,False,False,0-10
rl_seed_42,14,16,delivered_on_time,110.68350347164271,0.5792139464216297,661.2293533181705,2,True,True,0-9-12
rl_seed_42,14,17,delivered_on_time,102.97142306892557,0.23230261299724583,138.3547571449849,2,True,True,0-9-11
rl_seed_42,14,18,delivered_on_time,91.1014194951679,0.2734069877823062,363.25724745090275,2,True,True,0-9-13
rl_seed_42,14,19,missed_deadline,-32.216040902462964,0.8895157219893773,414.3368063668092,1,False,False,0-9
rl_seed_42,14,20,delivered_on_time,90.86721646619685,0.17499911517206343,193.54377439087568,2,True,True,0-10-13
rl_seed_42,14,21,delivered_on_time,106.05917819471121,0.34236911878933785,247.26374367239575,2,True,True,0-10-11
rl_seed_42,14,22,delivered_on_time,107.50302092896717,0.4933797513868854,446.54905656642666,2,True,True,0-9-13
rl_seed_42,14,23,delivered_late,46.40048732830354,0.917601800902645,285.2144973559952,2,True,False,0-9-13
rl_seed_42,14,24,delivered_on_time,111.57857698791713,0.3414182987430382,120.49466534635766,2,True,True,0-9-12
rl_seed_123,14,0,delivered_on_time,114.22928404376549,0.46938739929263595,356.02751398579676,2,True,True,0-9-11
rl_seed_123,14,1,delivered_on_time,81.19137743198935,0.3797236191302258,765.7200554474442,2,True,True,0-1-13
rl_seed_123,14,2,delivered_on_time,98.99900814645603,0.34321261393166536,368.7901734731944,2,True,True,0-10-12
rl_seed_123,14,3,delivered_on_time,181.73228156960383,0.9987152018021195,54.41102198831154,2,True,True,0-9-12
rl_seed_123,14,4,missed_deadline,-34.78524902809809,0.9463861693420438,381.26877879037386,1,False,False,0-10
rl_seed_123,14,5,delivered_on_time,92.32226185539736,0.5171795941898768,760.8706764730964,2,True,True,0-10-13
rl_seed_123,14,6,delivered_on_time,134.37486331438694,0.5689495902972407,217.60336550876045,2,True,True,0-9-11
rl_seed_123,14,7,delivered_on_time,106.16279417933767,0.4006007806919354,338.22836272810554,2,True,True,0-10-13
rl_seed_123,14,8,delivered_on_time,94.25974941987374,0.17595627693555302,136.90358050622294,2,True,True,0-10-13
rl_seed_123,14,9,delivered_on_time,77.4645348750804,0.2728013361295486,698.5315810278371,2,True,True,0-9-13
rl_seed_123,14,10,delivered_on_time,85.70779368727113,0.25222585795541475,343.33236191308595,2,True,True,0-9-13
rl_seed_123,14,11,delivered_on_time,87.59155733513646,0.1902757713058095,236.853622204456,2,True,True,0-9-11
rl_seed_123,14,12,delivered_on_time,88.16839432663632,0.13138201572568595,186.63586506089106,2,True,True,0-10-12
rl_seed_123,14,13,delivered_on_time,145.75717122554778,0.7484673889203496,251.3285223188686,2,True,True,0-10-13
rl_seed_123,14,14,delivered_on_time,80.42619095302364,0.1861411494333481,528.3515274332186,2,True,True,0-10-12
rl_seed_123,14,15,missed_deadline,-28.174651268381975,0.8728232956461848,230.51438036877497,1,False,False,0-10
rl_seed_123,14,16,delivered_on_time,110.68350347164271,0.5792139464216297,661.2293533181705,2,True,True,0-9-12
rl_seed_123,14,17,delivered_on_time,102.97142306892557,0.23230261299724583,138.3547571449849,2,True,True,0-9-11
rl_seed_123,14,18,delivered_on_time,91.1014194951679,0.2734069877823062,363.25724745090275,2,True,True,0-9-13
rl_seed_123,14,19,missed_deadline,-32.216040902462964,0.8895157219893773,414.3368063668092,1,False,False,0-9
rl_seed_123,14,20,delivered_on_time,90.86721646619685,0.17499911517206343,193.54377439087568,2,True,True,0-10-13
rl_seed_123,14,21,delivered_on_time,106.05917819471121,0.34236911878933785,247.26374367239575,2,True,True,0-10-11
rl_seed_123,14,22,delivered_on_time,107.50302092896717,0.4933797513868854,446.54905656642666,2,True,True,0-9-13
rl_seed_123,14,23,delivered_late,46.40048732830354,0.917601800902645,285.2144973559952,2,True,False,0-9-13
rl_seed_123,14,24,delivered_on_time,108.85511962700579,0.3414182987430382,123.38916807734577,2,True,True,0-9-11
rl_fallback_invalid,14,0,delivered_on_time,114.22928404376549,0.46938739929263595,356.02751398579676,2,True,True,0-9-11
rl_fallback_invalid,14,1,delivered_on_time,95.10395081479214,0.3797236191302258,601.7237931436557,2,True,True,0-6-12
rl_fallback_invalid,14,2,delivered_on_time,98.99900814645603,0.34321261393166536,368.7901734731944,2,True,True,0-10-12
rl_fallback_invalid,14,3,delivered_on_time,181.73228156960383,0.9987152018021195,54.41102198831154,2,True,True,0-9-12
rl_fallback_invalid,14,4,missed_deadline,-32.93510269397751,0.9463861693420438,382.35616823009036,1,False,False,0-6
rl_fallback_invalid,14,5,delivered_on_time,104.64787114486626,0.5171795941898768,565.4354304144517,2,True,True,0-9-13
rl_fallback_invalid,14,6,delivered_on_time,134.37486331438694,0.5689495902972407,217.60336550876045,2,True,True,0-9-11
rl_fallback_invalid,14,7,delivered_on_time,106.16279417933767,0.4006007806919354,338.22836272810554,2,True,True,0-10-13
rl_fallback_invalid,14,8,delivered_on_time,92.17425438859719,0.17595627693555302,138.77339895963635,2,True,True,0-10-12
rl_fallback_invalid,14,9,delivered_on_time,77.4645348750804,0.2728013361295486,698.5315810278371,2,True,True,0-9-13
rl_fallback_invalid,14,10,delivered_on_time,85.70779368727113,0.25222585795541475,343.33236191308595,2,True,True,0-9-13
rl_fallback_invalid,14,11,delivered_on_time,89.03304526694137,0.1902757713058095,256.92061521048106,2,True,True,0-9-13
rl_fallback_invalid,14,12,delivered_on_time,88.16839432663632,0.13138201572568595,186.63586506089106,2,True,True,0-10-12
rl_fallback_invalid,14,13,delivered_on_time,154.31882400440182,0.7484673889203496,156.33269181928145,2,True,True,0-9-13
rl_fallback_invalid,14,14,delivered_on_time,80.42619095302364,0.1861411494333481,528.3515274332186,2,True,True,0-10-12
rl_fallback_invalid,14,15,missed_deadline,-28.174651268381975,0.8728232956461848,230.51438036877497,1,False,False,0-10
rl_fallback_invalid,14,16,delivered_on_time,110.68350347164271,0.5792139464216297,661.2293533181705,2,True,True,0-9-12
rl_fallback_invalid,14,17,delivered_on_time,102.97142306892557,0.23230261299724583,138.3547571449849,2,True,True,0-9-11
rl_fallback_invalid,14,18,delivered_on_time,91.1014194951679,0.2734069877823062,363.25724745090275,2,True,True,0-9-13
rl_fallback_invalid,14,19,missed_deadline,-32.216040902462964,0.8895157219893773,414.3368063668092,1,False,False,0-9
rl_fallback_invalid,14,20,delivered_on_time,90.86721646619685,0.17499911517206343,193.54377439087568,2,True,True,0-10-13
rl_fallback_invalid,14,21,delivered_on_time,106.05917819471121,0.34236911878933785,247.26374367239575,2,True,True,0-10-11
rl_fallback_invalid,14,22,delivered_on_time,107.50302092896717,0.4933797513868854,446.54905656642666,2,True,True,0-9-13
rl_fallback_invalid,14,23,delivered_late,46.40048732830354,0.917601800902645,285.2144973559952,2,True,False,0-9-13
rl_fallback_invalid,14,24,delivered_on_time,111.57857698791713,0.3414182987430382,120.49466534635766,2,True,True,0-9-12
rl_fallback_unsafe,14,0,delivered_on_time,114.22928404376549,0.46938739929263595,356.02751398579676,2,True,True,0-9-11
rl_fallback_unsafe,14,1,delivered_on_time,95.45150531945593,0.3797236191302258,597.7943560688605,2,True,True,0-3-11
rl_fallback_unsafe,14,2,delivered_on_time,96.28732258789934,0.34321261393166536,446.25576108491504,2,True,True,0-7-11
rl_fallback_unsafe,14,3,delivered_on_time,181.73228156960383,0.9987152018021195,54.41102198831154,2,True,True,0-9-12
rl_fallback_unsafe,14,4,delivered_late,38.46240643867241,0.9463861693420438,338.28027923909576,2,True,False,0-3-12
rl_fallback_unsafe,14,5,delivered_on_time,114.97916183793153,0.5171795941898768,382.47310999924775,2,True,True,0-5-11
rl_fallback_unsafe,14,6,delivered_on_time,134.37486331438694,0.5689495902972407,217.60336550876045,2,True,True,0-9-11
rl_fallback_unsafe,14,7,delivered_on_time,106.16279417933767,0.4006007806919354,338.22836272810554,2,True,True,0-10-13
rl_fallback_unsafe,14,8,delivered_on_time,92.17425438859719,0.17595627693555302,138.77339895963635,2,True,True,0-10-12
rl_fallback_unsafe,14,9,delivered_on_time,77.4645348750804,0.2728013361295486,698.5315810278371,2,True,True,0-9-13
rl_fallback_unsafe,14,10,delivered_on_time,85.70779368727113,0.25222585795541475,343.33236191308595,2,True,True,0-9-13
rl_fallback_unsafe,14,11,delivered_on_time,89.03304526694137,0.1902757713058095,256.92061521048106,2,True,True,0-9-13
rl_fallback_unsafe,14,12,delivered_on_time,88.16839432663632,0.13138201572568595,186.63586506089106,2,True,True,0-10-12
rl_fallback_unsafe,14,13,delivered_on_time,154.31882400440182,0.7484673889203496,156.33269181928145,2,True,True,0-9-13
rl_fallback_unsafe,14,14,delivered_on_time,80.42619095302364,0.1861411494333481,528.3515274332186,2,True,True,0-10-12
rl_fallback_unsafe,14,15,missed_deadline,-28.174651268381975,0.8728232956461848,230.51438036877497,1,False,False,0-10
rl_fallback_unsafe,14,16,delivered_on_time,96.81690748697015,0.5792139464216297,889.7498190810704,2,True,True,0-9-11
rl_fallback_unsafe,14,17,delivered_on_time,102.97142306892557,0.23230261299724583,138.3547571449849,2,True,True,0-9-11
rl_fallback_unsafe,14,18,delivered_on_time,91.1014194951679,0.2734069877823062,363.25724745090275,2,True,True,0-9-13
rl_fallback_unsafe,14,19,missed_deadline,-32.216040902462964,0.8895157219893773,414.3368063668092,1,False,False,0-9
rl_fallback_unsafe,14,20,delivered_on_time,90.86721646619685,0.17499911517206343,193.54377439087568,2,True,True,0-10-13
rl_fallback_unsafe,14,21,delivered_on_time,106.05917819471121,0.34236911878933785,247.26374367239575,2,True,True,0-10-11
rl_fallback_unsafe,14,22,delivered_late,-72.99583716364427,0.4933797513868854,2681.3193653969856,2,True,False,0-9-11
rl_fallback_unsafe,14,23,delivered_late,46.40048732830354,0.917601800902645,285.2144973559952,2,True,False,0-9-13
rl_fallback_unsafe,14,24,delivered_on_time,111.57857698791713,0.3414182987430382,120.49466534635766,2,True,True,0-9-12
masked_random,15,0,delivered_on_time,88.02656943060876,0.2677049148483833,431.53804007206656,2,True,True,0-8-13
masked_random,15,1,delivered_on_time,96.31593475376137,0.5022444701243762,754.7480051357935,2,True,True,0-5-13
masked_random,15,2,delivered_late,-10.65685690218345,0.4207361383479329,734.8651396024663,6,True,False,0-6-3-8-7-10-11
masked_random,15,3,delivered_on_time,85.49176911014361,0.2739540066978954,582.0432001121172,2,True,True,0-7-13
masked_random,15,4,delivered_on_time,134.25525169392517,0.8367137111340132,335.2690992959267,4,True,True,0-5-3-2-13
masked_random,15,5,missed_deadline,-37.722053594063624,0.45803748563322266,1809.652484394509,2,False,False,0-5-8
masked_random,15,6,missed_deadline,-72.47439230708142,0.13182788736122833,1289.172759248235,5,False,False,0-3-4-8-2-10
masked_random,15,7,delivered_on_time,64.27731653568785,0.17317198812375098,479.18654084684016,4,True,True,0-3-1-3-11
masked_random,15,8,missed_deadline,-30.62082244709223,0.8570530211222673,281.54159733252055,1,False,False,0-2
masked_random,15,9,delivered_on_time,113.0674724609311,0.43942514477749206,232.1842502962345,2,True,True,0-10-11
masked_random,15,10,delivered_on_time,100.74159817487919,0.49146798598302677,395.8627266529212,4,True,True,0-8-5-10-12
masked_random,15,11,missed_deadline,-29.88616215956021,0.3133245190204553,1325.0405264883532,1,False,False,0-6
masked_random,15,12,delivered_on_time,69.00343244652821,0.3340626312998535,811.2604762102185,4,True,True,0-5-3-2-12
masked_random,15,13,delivered_on_time,70.70800887534648,0.1626195252260784,699.7338166133953,2,True,True,0-10-12
masked_random,15,14,missed_deadline,-57.633253993935924,0.21106974681415788,1483.0862807094825,4,False,False,0-8-2-8-1
masked_random,15,15,delivered_on_time,109.09712562497178,0.4932639718781243,489.31291912221957,2,True,True,0-9-11
masked_random,15,16,delivered_on_time,100.1063697772305,0.2104651029024928,149.99459528974592,2,True,True,0-8-12
masked_random,15,17,delivered_on_time,69.74874163663918,0.1956687069815485,608.1024820068903,3,True,True,0-4-10-13
masked_random,15,18,delivered_late,-11.821582935826655,0.5085391322407389,1014.5823419240332,4,True,False,0-7-3-10-12
masked_random,15,19,delivered_late,31.03255942410611,0.8549815899480208,536.2807693691606,2,True,False,0-9-12
masked_random,15,20,missed_deadline,-32.988143052128684,0.969612572565762,326.80743948909446,1,False,False,0-4
masked_random,15,21,delivered_on_time,102.51602534964854,0.3973134353305485,426.32877354844567,2,True,True,0-10-11
masked_random,15,22,delivered_on_time,81.7608780075146,0.3198957584650882,349.8281319857813,4,True,True,0-3-5-1-11
masked_random,15,23,delivered_on_time,94.34606466415363,0.43203926875012344,632.4657574895658,2,True,True,0-1-11
masked_random,15,24,delivered_on_time,93.35913698531303,0.5096755472557604,825.0791619964367,2,True,True,0-10-12
baseline_env_rules,15,0,delivered_on_time,99.66702118002823,0.2677049148483833,145.98800902948466,2,True,True,0-8-11
baseline_env_rules,15,1,delivered_on_time,146.75214116751746,0.810996315354944,319.4715476141903,2,True,True,0-2-12
baseline_env_rules,15,2,delivered_on_time,83.31390135225224,0.10196989593442443,202.69235168938565,2,True,True,0-8-11
baseline_env_rules,15,3,delivered_on_time,118.02334597355197,0.5022444701243762,267.053411881126,2,True,True,0-3-12
baseline_env_rules,15,4,delivered_on_time,80.52287828636979,0.11556223896055742,333.20242291194813,2,True,True,0-10-11
baseline_env_rules,15,5,delivered_on_time,108.4970169891891,0.47467479487574205,397.95043143926716,2,True,True,0-6-13
baseline_env_rules,15,6,delivered_on_time,123.38505049779566,0.4207361383479329,97.0072782947851,2,True,True,0-2-11
baseline_env_rules,15,7,delivered_on_time,94.23921778627012,0.31094312445017835,375.94383966730913,2,True,True,0-8-13
baseline_env_rules,15,8,delivered_on_time,119.43650581448249,0.5445984024752754,336.80499581632597,2,True,True,0-8-13
baseline_env_rules,15,9,delivered_on_time,121.88355570827503,0.5099805940245428,237.60776442736227,2,True,True,0-1-11
baseline_env_rules,15,10,delivered_on_time,84.63145238433808,0.19399922247096416,316.64954019288365,2,True,True,0-3-13
baseline_env_rules,15,11,delivered_on_time,118.14266919377326,0.569572367318494,405.9314876815541,2,True,True,0-6-13
baseline_env_rules,15,12,delivered_on_time,99.09618270581649,0.19769088493091388,83.34163913019138,2,True,True,0-6-12
baseline_env_rules,15,13,delivered_on_time,120.59230166253322,0.43151139287920515,243.5836444476958,2,True,True,0-5-13
baseline_env_rules,15,14,delivered_late,43.39719501091325,0.8071673417332443,365.1528333054165,2,True,False,0-2-13
baseline_env_rules,15,15,delivered_on_time,110.04600773307894,0.3910204816851389,310.9186233154044,2,True,True,0-6-13
baseline_env_rules,15,16,delivered_on_time,91.67641874891143,0.2739540066978954,289.1694533932044,2,True,True,0-8-13
baseline_env_rules,15,17,delivered_on_time,99.69095853310878,0.1999621767645787,187.99842041506383,2,True,True,0-4-13
baseline_env_rules,15,18,delivered_late,48.53394784285172,0.8326861403338717,165.88392656568485,2,True,False,0-4-11
baseline_env_rules,15,19,delivered_on_time,124.47306336111919,0.4577929219930391,100.61686790206832,2,True,True,0-9-11
baseline_env_rules,15,20,delivered_on_time,161.15900371968758,0.8367137111340132,69.95625230299163,2,True,True,0-10-13
baseline_env_rules,15,21,delivered_on_time,109.62203665052029,0.41146868609247833,340.94285928213776,2,True,True,0-10-13
baseline_env_rules,15,22,delivered_late,41.665813538455176,0.9455409879516193,374.4927428105841,2,True,False,0-2-13
baseline_env_rules,15,23,delivered_on_time,145.53112448673178,0.7077967354277699,53.72499719043475,3,True,True,0-5-10-11
baseline_env_rules,15,24,delivered_on_time,125.20916984334916,0.5928656821759501,289.4502086597436,2,True,True,0-2-12
baseline_physical,15,0,delivered_on_time,101.91491741929099,0.2677049148483833,149.3260271301591,2,True,True,0-10-13
baseline_physical,15,1,missed_deadline,-32.309252488494195,0.810996315354944,1299.3905066834714,1,False,False,0-4
baseline_physical,15,2,delivered_on_time,85.63636291976161,0.10196989593442443,212.71717057182624,2,True,True,0-10-11
baseline_physical,15,3,delivered_on_time,118.02334597355197,0.5022444701243762,267.053411881126,2,True,True,0-3-12
baseline_physical,15,4,delivered_on_time,12.49914294171914,0.11556223896055742,1526.6062594960267,2,True,True,0-8-12
baseline_physical,15,5,delivered_late,-3.7935128494659613,0.47467479487574205,1275.7754991480176,2,True,False,0-9-13
baseline_physical,15,6,delivered_on_time,123.38505049779566,0.4207361383479329,97.0072782947851,2,True,True,0-2-11
baseline_physical,15,7,delivered_on_time,97.44568128256826,0.31094312445017835,377.97747197443266,2,True,True,0-8-12
baseline_physical,15,8,delivered_on_time,115.16443610118229,0.5445984024752754,450.03593779901524,2,True,True,0-1-11
baseline_physical,15,9,delivered_on_time,121.56249068145281,0.5099805940245428,257.8748852215798,2,True,True,0-7-13
baseline_physical,15,10,delivered_on_time,81.81541793401188,0.19399922247096416,362.53174398509327,2,True,True,0-9-12
baseline_physical,15,11,delivered_on_time,118.14266919377326,0.569572367318494,405.9314876815541,2,True,True,0-6-13
baseline_physical,15,12,delivered_on_time,99.09618270581649,0.19769088493091388,83.34163913019138,2,True,True,0-6-12
baseline_physical,15,13,delivered_on_time,120.59230166253322,0.43151139287920515,243.5836444476958,2,True,True,0-5-13
baseline_physical,15,14,missed_deadline,-32.748698310583634,0.8071673417332443,244.76789187355934,1,False,False,0-7
baseline_physical,15,15,delivered_on_time,94.99541764505621,0.3910204816851389,445.7185605747253,3,True,True,0-6-8-11
baseline_physical,15,16,delivered_on_time,93.55053442909451,0.2739540066978954,366.23220350277234,2,True,True,0-6-12
baseline_physical,15,17,delivered_on_time,99.69095853310878,0.1999621767645787,187.99842041506383,2,True,True,0-4-13
baseline_physical,15,18,delivered_late,48.53394784285172,0.8326861403338717,165.88392656568485,2,True,False,0-4-11
baseline_physical,15,19,delivered_on_time,124.47306336111919,0.4577929219930391,100.61686790206832,2,True,True,0-9-11
baseline_physical,15,20,delivered_on_time,161.15900371968758,0.8367137111340132,69.95625230299163,2,True,True,0-10-13
baseline_physical,15,21,delivered_on_time,92.83373602735959,0.41146868609247833,707.5514641811016,2,True,True,0-4-12
baseline_physical,15,22,delivered_late,31.969440611535617,0.9455409879516193,562.8512030951695,2,True,False,0-4-11
baseline_physical,15,23,delivered_on_time,145.53112448673178,0.7077967354277699,53.72499719043475,3,True,True,0-5-10-11
baseline_physical,15,24,delivered_on_time,121.49827069886423,0.5928656821759501,377.0730153638746,2,True,True,0-5-13
rl_seed_7,15,0,delivered_on_time,106.02940923358041,0.2677049148483833,222.29944067888448,2,True,True,0-10-12
rl_seed_7,15,1,delivered_late,37.092758076629494,0.810996315354944,440.0879110082425,2,True,False,0-10-13
rl_seed_7,15,2,delivered_on_time,85.63636291976161,0.10196989593442443,212.71717057182624,2,True,True,0-10-11
rl_seed_7,15,3,delivered_on_time,117.47517645618245,0.5022444701243762,301.26760959939963,2,True,True,0-10-13
rl_seed_7,15,4,delivered_on_time,80.52287828636979,0.11556223896055742,333.20242291194813,2,True,True,0-10-11
rl_seed_7,15,5,delivered_on_time,103.74813618923879,0.47467479487574205,621.9952273896978,2,True,True,0-9-11
rl_seed_7,15,6,delivered_on_time,115.17481754467761,0.4207361383479329,177.22648713647948,2,True,True,0-9-11
rl_seed_7,15,7,delivered_on_time,95.73136041475615,0.31094312445017835,434.1627435405759,2,True,True,0-9-12
rl_seed_7,15,8,delivered_on_time,112.15984081930085,0.5445984024752754,572.3674170346119,2,True,True,0-10-11
rl_seed_7,15,9,delivered_on_time,119.41361834040214,0.5099805940245428,268.47751833202244,2,True,True,0-9-11
rl_seed_7,15,10,delivered_on_time,81.81541793401188,0.19399922247096416,362.53174398509327,2,True,True,0-9-12
rl_seed_7,15,11,delivered_on_time,112.09406046176481,0.569572367318494,605.2265017012628,2,True,True,0-9-11
rl_seed_7,15,12,delivered_on_time,98.29779523781067,0.19769088493091388,84.120642520675,2,True,True,0-9-11
rl_seed_7,15,13,delivered_on_time,122.66333874339405,0.43151139287920515,243.79008470338385,2,True,True,0-9-13
rl_seed_7,15,14,missed_deadline,-31.786851197951137,0.8071673417332443,460.9069008817652,1,False,False,0-6
rl_seed_7,15,15,delivered_on_time,103.1414534130217,0.3910204816851389,424.4988444264643,2,True,True,0-9-13
rl_seed_7,15,16,delivered_on_time,91.14352964067398,0.2739540066978954,440.795579363102,2,True,True,0-10-11
rl_seed_7,15,17,delivered_on_time,93.03714598052412,0.1999621767645787,325.24692347982386,2,True,True,0-9-13
rl_seed_7,15,18,missed_deadline,-34.30183598040979,0.8326861403338717,148.63891462619344,1,False,False,0-9
rl_seed_7,15,19,delivered_on_time,121.13009523258964,0.4577929219930391,150.074617886896,2,True,True,0-10-11
rl_seed_7,15,20,delivered_on_time,161.15900371968758,0.8367137111340132,69.95625230299163,2,True,True,0-10-13
rl_seed_7,15,21,delivered_on_time,106.48255485690729,0.41146868609247833,403.3555459489435,2,True,True,0-9-12
rl_seed_7,15,22,missed_deadline,-32.16232724671364,0.9455409879516193,516.0064260918689,1,False,False,0-10
rl_seed_7,15,23,delivered_on_time,147.29203602203583,0.7077967354277699,133.77469424827046,2,True,True,0-9-13
rl_seed_7,15,24,delivered_on_time,97.50443219512525,0.5928656821759501,1005.4208309203677,2,True,True,0-9-13
rl_seed_42,15,0,delivered_on_time,106.02940923358041,0.2677049148483833,222.29944067888448,2,True,True,0-10-12
rl_seed_42,15,1,delivered_late,23.393581286316277,0.810996315354944,680.262886463305,2,True,False,0-9-12
rl_seed_42,15,2,delivered_on_time,86.14235105813906,0.10196989593442443,210.57624934526052,2,True,True,0-10-13
rl_seed_42,15,3,delivered_on_time,117.47517645618245,0.5022444701243762,301.26760959939963,2,True,True,0-10-13
rl_seed_42,15,4,delivered_on_time,80.52287828636979,0.11556223896055742,333.20242291194813,2,True,True,0-10-11
rl_seed_42,15,5,delivered_on_time,103.74813618923879,0.47467479487574205,621.9952273896978,2,True,True,0-9-11
rl_seed_42,15,6,delivered_on_time,115.17481754467761,0.4207361383479329,177.22648713647948,2,True,True,0-9-11
rl_seed_42,15,7,delivered_on_time,95.73136041475615,0.31094312445017835,434.1627435405759,2,True,True,0-9-12
rl_seed_42,15,8,delivered_on_time,112.15984081930085,0.5445984024752754,572.3674170346119,2,True,True,0-10-11
rl_seed_42,15,9,delivered_on_time,119.41361834040214,0.5099805940245428,268.47751833202244,2,True,True,0-9-11
rl_seed_42,15,10,delivered_on_time,81.81541793401188,0.19399922247096416,362.53174398509327,2,True,True,0-9-12
rl_seed_42,15,11,delivered_on_time,112.09406046176481,0.569572367318494,605.2265017012628,2,True,True,0-9-11
rl_seed_42,15,12,delivered_on_time,98.29779523781067,0.19769088493091388,84.120642520675,2,True,True,0-9-11
rl_seed_42,15,13,delivered_on_time,122.66333874339405,0.43151139287920515,243.79008470338385,2,True,True,0-9-13
rl_seed_42,15,14,missed_deadline,-30.867373779752942,0.8071673417332443,255.44070318475985,1,False,False,0-8
rl_seed_42,15,15,delivered_on_time,103.1414534130217,0.3910204816851389,424.4988444264643,2,True,True,0-9-13
rl_seed_42,15,16,delivered_on_time,85.89030811710505,0.2739540066978954,565.9088213407822,2,True,True,0-9-11
rl_seed_42,15,17,delivered_on_time,93.03714598052412,0.1999621767645787,325.24692347982386,2,True,True,0-9-13
rl_seed_42,15,18,missed_deadline,-32.06911521099293,0.8326861403338717,238.2870342234845,1,False,False,0-10
rl_seed_42,15,19,delivered_on_time,124.47306336111919,0.4577929219930391,100.61686790206832,2,True,True,0-9-11
rl_seed_42,15,20,delivered_on_time,161.15900371968758,0.8367137111340132,69.95625230299163,2,True,True,0-10-13
rl_seed_42,15,21,delivered_on_time,108.86280479476983,0.41146868609247833,365.0936133315454,2,True,True,0-10-12
rl_seed_42,15,22,missed_deadline,-32.16232724671364,0.9455409879516193,516.0064260918689,1,False,False,0-10
rl_seed_42,15,23,delivered_on_time,147.29203602203583,0.7077967354277699,133.77469424827046,2,True,True,0-9-13
rl_seed_42,15,24,delivered_on_time,97.50443219512525,0.5928656821759501,1005.4208309203677,2,True,True,0-9-13
rl_seed_123,15,0,delivered_on_time,106.02940923358041,0.2677049148483833,222.29944067888448,2,True,True,0-10-12
rl_seed_123,15,1,delivered_late,37.092758076629494,0.810996315354944,440.0879110082425,2,True,False,0-10-13
rl_seed_123,15,2,delivered_on_time,85.63636291976161,0.10196989593442443,212.71717057182624,2,True,True,0-10-11
rl_seed_123,15,3,delivered_on_time,117.47517645618245,0.5022444701243762,301.26760959939963,2,True,True,0-10-13
rl_seed_123,15,4,delivered_on_time,80.52287828636979,0.11556223896055742,333.20242291194813,2,True,True,0-10-11
rl_seed_123,15,5,delivered_on_time,103.74813618923879,0.47467479487574205,621.9952273896978,2,True,True,0-9-11
rl_seed_123,15,6,delivered_on_time,115.17481754467761,0.4207361383479329,177.22648713647948,2,True,True,0-9-11
rl_seed_123,15,7,delivered_on_time,95.73136041475615,0.31094312445017835,434.1627435405759,2,True,True,0-9-12
rl_seed_123,15,8,delivered_on_time,112.15984081930085,0.5445984024752754,572.3674170346119,2,True,True,0-10-11
rl_seed_123,15,9,delivered_on_time,119.41361834040214,0.5099805940245428,268.47751833202244,2,True,True,0-9-11
rl_seed_123,15,10,delivered_on_time,81.81541793401188,0.19399922247096416,362.53174398509327,2,True,True,0-9-12
rl_seed_123,15,11,delivered_on_time,112.09406046176481,0.569572367318494,605.2265017012628,2,True,True,0-9-11
rl_seed_123,15,12,delivered_on_time,98.29779523781067,0.19769088493091388,84.120642520675,2,True,True,0-9-11
rl_seed_123,15,13,delivered_on_time,122.66333874339405,0.43151139287920515,243.79008470338385,2,True,True,0-9-13
rl_seed_123,15,14,delivered_late,35.20606367119794,0.8071673417332443,426.30893070999326,2,True,False,0-1-13
rl_seed_123,15,15,delivered_on_time,103.1414534130217,0.3910204816851389,424.4988444264643,2,True,True,0-9-13
rl_seed_123,15,16,delivered_on_time,91.14352964067398,0.2739540066978954,440.795579363102,2,True,True,0-10-11
rl_seed_123,15,17,delivered_on_time,93.03714598052412,0.1999621767645787,325.24692347982386,2,True,True,0-9-13
rl_seed_123,15,18,missed_deadline,-32.06911521099293,0.8326861403338717,238.2870342234845,1,False,False,0-10
rl_seed_123,15,19,delivered_on_time,121.13009523258964,0.4577929219930391,150.074617886896,2,True,True,0-10-11
rl_seed_123,15,20,delivered_on_time,157.48089719277397,0.8367137111340132,81.82082345840868,2,True,True,0-10-11
rl_seed_123,15,21,delivered_on_time,108.86280479476983,0.41146868609247833,365.0936133315454,2,True,True,0-10-12
rl_seed_123,15,22,missed_deadline,-32.16232724671364,0.9455409879516193,516.0064260918689,1,False,False,0-10
rl_seed_123,15,23,delivered_on_time,149.52100070707266,0.7077967354277699,139.3347490316833,2,True,True,0-9-11
rl_seed_123,15,24,delivered_on_time,97.50443219512525,0.5928656821759501,1005.4208309203677,2,True,True,0-9-13
rl_fallback_invalid,15,0,delivered_on_time,106.02940923358041,0.2677049148483833,222.29944067888448,2,True,True,0-10-12
rl_fallback_invalid,15,1,delivered_late,37.092758076629494,0.810996315354944,440.0879110082425,2,True,False,0-10-13
rl_fallback_invalid,15,2,delivered_on_time,85.63636291976161,0.10196989593442443,212.71717057182624,2,True,True,0-10-11
rl_fallback_invalid,15,3,delivered_on_time,117.47517645618245,0.5022444701243762,301.26760959939963,2,True,True,0-10-13
rl_fallback_invalid,15,4,delivered_on_time,80.52287828636979,0.11556223896055742,333.20242291194813,2,True,True,0-10-11
rl_fallback_invalid,15,5,delivered_on_time,103.74813618923879,0.47467479487574205,621.9952273896978,2,True,True,0-9-11
rl_fallback_invalid,15,6,delivered_on_time,115.17481754467761,0.4207361383479329,177.22648713647948,2,True,True,0-9-11
rl_fallback_invalid,15,7,delivered_on_time,95.73136041475615,0.31094312445017835,434.1627435405759,2,True,True,0-9-12
rl_fallback_invalid,15,8,delivered_on_time,112.15984081930085,0.5445984024752754,572.3674170346119,2,True,True,0-10-11
rl_fallback_invalid,15,9,delivered_on_time,119.41361834040214,0.5099805940245428,268.47751833202244,2,True,True,0-9-11
rl_fallback_invalid,15,10,delivered_on_time,81.81541793401188,0.19399922247096416,362.53174398509327,2,True,True,0-9-12
rl_fallback_invalid,15,11,delivered_on_time,112.09406046176481,0.569572367318494,605.2265017012628,2,True,True,0-9-11
rl_fallback_invalid,15,12,delivered_on_time,98.29779523781067,0.19769088493091388,84.120642520675,2,True,True,0-9-11
rl_fallback_invalid,15,13,delivered_on_time,122.66333874339405,0.43151139287920515,243.79008470338385,2,True,True,0-9-13
rl_fallback_invalid,15,14,missed_deadline,-31.786851197951137,0.8071673417332443,460.9069008817652,1,False,False,0-6
rl_fallback_invalid,15,15,delivered_on_time,103.1414534130217,0.3910204816851389,424.4988444264643,2,True,True,0-9-13
rl_fallback_invalid,15,16,delivered_on_time,91.14352964067398,0.2739540066978954,440.795579363102,2,True,True,0-10-11
rl_fallback_invalid,15,17,delivered_on_time,93.03714598052412,0.1999621767645787,325.24692347982386,2,True,True,0-9-13
rl_fallback_invalid,15,18,missed_deadline,-34.30183598040979,0.8326861403338717,148.63891462619344,1,False,False,0-9
rl_fallback_invalid,15,19,delivered_on_time,121.13009523258964,0.4577929219930391,150.074617886896,2,True,True,0-10-11
rl_fallback_invalid,15,20,delivered_on_time,161.15900371968758,0.8367137111340132,69.95625230299163,2,True,True,0-10-13
rl_fallback_invalid,15,21,delivered_on_time,106.48255485690729,0.41146868609247833,403.3555459489435,2,True,True,0-9-12
rl_fallback_invalid,15,22,missed_deadline,-32.16232724671364,0.9455409879516193,516.0064260918689,1,False,False,0-10
rl_fallback_invalid,15,23,delivered_on_time,147.29203602203583,0.7077967354277699,133.77469424827046,2,True,True,0-9-13
rl_fallback_invalid,15,24,delivered_on_time,97.50443219512525,0.5928656821759501,1005.4208309203677,2,True,True,0-9-13
rl_fallback_unsafe,15,0,delivered_on_time,106.02940923358041,0.2677049148483833,222.29944067888448,2,True,True,0-10-12
rl_fallback_unsafe,15,1,delivered_late,37.092758076629494,0.810996315354944,440.0879110082425,2,True,False,0-10-13
rl_fallback_unsafe,15,2,delivered_on_time,85.63636291976161,0.10196989593442443,212.71717057182624,2,True,True,0-10-11
rl_fallback_unsafe,15,3,delivered_on_time,117.47517645618245,0.5022444701243762,301.26760959939963,2,True,True,0-10-13
rl_fallback_unsafe,15,4,delivered_on_time,76.35836481481626,0.11556223896055742,429.0760536758462,2,True,True,0-10-12
rl_fallback_unsafe,15,5,delivered_on_time,103.74813618923879,0.47467479487574205,621.9952273896978,2,True,True,0-9-11
rl_fallback_unsafe,15,6,delivered_on_time,115.17481754467761,0.4207361383479329,177.22648713647948,2,True,True,0-9-11
rl_fallback_unsafe,15,7,delivered_on_time,97.44568128256826,0.31094312445017835,377.97747197443266,2,True,True,0-8-12
rl_fallback_unsafe,15,8,delivered_on_time,112.15984081930085,0.5445984024752754,572.3674170346119,2,True,True,0-10-11
rl_fallback_unsafe,15,9,delivered_on_time,119.41361834040214,0.5099805940245428,268.47751833202244,2,True,True,0-9-11
rl_fallback_unsafe,15,10,delivered_on_time,81.81541793401188,0.19399922247096416,362.53174398509327,2,True,True,0-9-12
rl_fallback_unsafe,15,11,delivered_on_time,117.49395112377762,0.569572367318494,457.5291166643226,2,True,True,0-6-11
rl_fallback_unsafe,15,12,delivered_on_time,98.29779523781067,0.19769088493091388,84.120642520675,2,True,True,0-9-11
rl_fallback_unsafe,15,13,delivered_on_time,122.66333874339405,0.43151139287920515,243.79008470338385,2,True,True,0-9-13
rl_fallback_unsafe,15,14,missed_deadline,-32.748698310583634,0.8071673417332443,244.76789187355934,1,False,False,0-7
rl_fallback_unsafe,15,15,delivered_late,0.8134657331524009,0.3910204816851389,1240.615606139169,2,True,False,0-9-12
rl_fallback_unsafe,15,16,delivered_on_time,91.14352964067398,0.2739540066978954,440.795579363102,2,True,True,0-10-11
rl_fallback_unsafe,15,17,delivered_on_time,93.03714598052412,0.1999621767645787,325.24692347982386,2,True,True,0-9-13
rl_fallback_unsafe,15,18,missed_deadline,-34.30183598040979,0.8326861403338717,148.63891462619344,1,False,False,0-9
rl_fallback_unsafe,15,19,delivered_on_time,121.13009523258964,0.4577929219930391,150.074617886896,2,True,True,0-10-11
rl_fallback_unsafe,15,20,delivered_on_time,161.15900371968758,0.8367137111340132,69.95625230299163,2,True,True,0-10-13
rl_fallback_unsafe,15,21,delivered_on_time,106.48255485690729,0.41146868609247833,403.3555459489435,2,True,True,0-9-12
rl_fallback_unsafe,15,22,missed_deadline,-32.16232724671364,0.9455409879516193,516.0064260918689,1,False,False,0-10
rl_fallback_unsafe,15,23,delivered_on_time,147.29203602203583,0.7077967354277699,133.77469424827046,2,True,True,0-9-13
rl_fallback_unsafe,15,24,delivered_on_time,97.50443219512525,0.5928656821759501,1005.4208309203677,2,True,True,0-9-13
masked_random,16,0,delivered_on_time,88.93395390116066,0.27185157956596406,435.85177702904684,2,True,True,0-3-11
masked_random,16,1,delivered_on_time,32.6890230022846,0.23762085763597254,1537.579050714941,2,True,True,0-8-11
masked_random,16,2,missed_deadline,-51.30109731205809,0.3875511601451763,2332.038721334802,3,False,False,0-6-4-5
masked_random,16,3,delivered_on_time,90.77320977512531,0.32275551630929955,371.15381845695896,3,True,True,0-2-9-12
masked_random,16,4,delivered_on_time,117.91625521506509,0.5183824380998826,445.4923767573428,2,True,True,0-2-13
masked_random,16,5,missed_deadline,-41.19118367681936,0.8128221661841804,422.51090605569175,2,False,False,0-1-4
masked_random,16,6,delivered_on_time,19.38652462599336,0.1554831360387113,1093.3876496565908,5,True,True,0-4-1-6-7-12
masked_random,16,7,delivered_on_time,27.68957810262942,0.24454273325078194,649.8162907095698,8,True,True,0-2-7-2-6-8-3-8-12
masked_random,16,8,delivered_on_time,147.96727487912594,0.7012792382118772,95.30063954328243,3,True,True,0-8-9-12
masked_random,16,9,delivered_on_time,113.94490103939243,0.5000351557863396,363.390741713593,2,True,True,0-10-13
masked_random,16,10,missed_deadline,-52.92261380696433,0.9319151180866436,232.3855723833268,3,False,False,0-4-3-2
masked_random,16,11,missed_deadline,-31.553941054933222,0.7646037657108843,767.1439513006775,1,False,False,0-4
masked_random,16,12,delivered_late,-28.276543289808135,0.46379188364507384,1646.9969422254112,3,True,False,0-5-3-11
masked_random,16,13,missed_deadline,-38.454158240335225,0.9783809391736839,330.8450242903158,2,False,False,0-8-4
masked_random,16,14,delivered_on_time,62.18601653421158,0.2555632448731121,808.386396497202,3,True,True,0-3-10-12
masked_random,16,15,missed_deadline,-30.892887645785123,0.8180343580631523,1195.5793816776459,1,False,False,0-5
masked_random,16,16,delivered_late,-15.34515775151853,0.444945536724072,1424.2381873923,2,True,False,0-4-12
masked_random,16,17,delivered_on_time,81.80558261743816,0.16742715730829008,242.25978258147808,3,True,True,0-5-10-12
masked_random,16,18,delivered_on_time,50.305965202345185,0.3912074108640389,1298.5044608564504,3,True,True,0-5-9-11
masked_random,16,19,delivered_on_time,96.848249760278,0.4330252667945993,692.9751530705391,2,True,True,0-5-11
masked_random,16,20,delivered_on_time,103.53522261747956,0.4709658013613244,490.8259332073424,2,True,True,0-6-12
masked_random,16,21,missed_deadline,-52.62337683901554,0.23719263916840502,1178.219679487707,3,False,False,0-1-2-1
masked_random,16,22,delivered_on_time,89.56829221706661,0.20089237654757938,306.37217153709844,2,True,True,0-10-13
masked_random,16,23,delivered_on_time,115.60921678460868,0.4101380199177759,128.84112701152247,2,True,True,0-9-13
masked_random,16,24,missed_deadline,-40.740027743256796,0.2997108976428514,1683.1840527981135,2,False,False,0-7-5
baseline_env_rules,16,0,delivered_on_time,99.98154442823126,0.27185157956596406,166.18978354528204,2,True,True,0-6-13
baseline_env_rules,16,1,delivered_on_time,86.35270068471259,0.14961983519952268,223.64418470886807,2,True,True,0-7-11
baseline_env_rules,16,2,delivered_on_time,111.01326441211462,0.3513562160860214,222.8905836431073,2,True,True,0-2-12
baseline_env_rules,16,3,delivered_on_time,93.68440437634166,0.23762085763597254,309.83193152585295,2,True,True,0-7-13
baseline_env_rules,16,4,delivered_on_time,147.5310327358168,0.7289324201953347,215.51870264388236,2,True,True,0-10-12
baseline_env_rules,16,5,delivered_on_time,103.92313793737915,0.25719748218201366,201.95474471979617,2,True,True,0-8-11
baseline_env_rules,16,6,delivered_on_time,117.20347012094885,0.44734419927226265,203.9295279932826,2,True,True,0-4-11
baseline_env_rules,16,7,delivered_on_time,103.91282352529767,0.3875511601451763,347.10599715933836,2,True,True,0-10-13
baseline_env_rules,16,8,delivered_on_time,97.5627430308702,0.20373845245428576,213.29664874406438,2,True,True,0-7-11
baseline_env_rules,16,9,delivered_on_time,80.11860027466477,0.11909292966193827,265.5854870167893,2,True,True,0-9-13
baseline_env_rules,16,10,missed_deadline,-30.029437407645027,0.8185307737909024,208.88257615285178,1,False,False,0-3
baseline_env_rules,16,11,delivered_on_time,128.38179184400522,0.5086592170673356,187.6533160416775,2,True,True,0-1-12
baseline_env_rules,16,12,delivered_on_time,106.36116883299297,0.32275551630929955,201.11742111960535,2,True,True,0-6-11
baseline_env_rules,16,13,delivered_on_time,120.40051665114338,0.5721473451316462,357.3226756666089,2,True,True,0-10-11
baseline_env_rules,16,14,delivered_on_time,118.38168315863078,0.3351356455408251,63.34411043535982,2,True,True,0-8-11
baseline_env_rules,16,15,delivered_on_time,134.80193208490826,0.5585655264183325,113.4520396732542,2,True,True,0-3-12
baseline_env_rules,16,16,delivered_on_time,127.17006983792922,0.5183824380998826,162.5564337488767,2,True,True,0-2-12
baseline_env_rules,16,17,delivered_on_time,88.89115082934555,0.113706237703295,83.09061628341269,2,True,True,0-10-13
baseline_env_rules,16,18,delivered_on_time,103.76027453867908,0.308050476789436,273.78205321636534,2,True,True,0-1-13
baseline_env_rules,16,19,delivered_on_time,158.46985682322583,0.8128221661841804,168.42547739128304,2,True,True,0-5-13
baseline_env_rules,16,20,delivered_on_time,107.75156893162789,0.3774233384755076,258.2782754873225,2,True,True,0-6-13
baseline_env_rules,16,21,delivered_on_time,116.40421003370038,0.41196495003710276,185.9124127857438,2,True,True,0-7-12
baseline_env_rules,16,22,delivered_on_time,84.15846415885143,0.1554831360387113,256.2415472270232,2,True,True,0-8-11
baseline_env_rules,16,23,delivered_on_time,78.52900916937115,0.16213068483345258,405.75503086832,2,True,True,0-6-13
baseline_env_rules,16,24,delivered_on_time,120.48933879868449,0.4880829640315979,259.86154719265585,2,True,True,0-8-13
baseline_physical,16,0,delivered_on_time,99.98154442823126,0.27185157956596406,166.18978354528204,2,True,True,0-6-13
baseline_physical,16,1,delivered_on_time,80.58695259103119,0.14961983519952268,315.79060961878673,2,True,True,0-5-12
baseline_physical,16,2,delivered_on_time,103.7961797595804,0.3513562160860214,309.04829014821377,2,True,True,0-7-12
baseline_physical,16,3,delivered_on_time,51.07068808897746,0.23762085763597254,1087.7061300899984,2,True,True,0-2-12
baseline_physical,16,4,delivered_on_time,147.5310327358168,0.7289324201953347,215.51870264388236,2,True,True,0-10-12
baseline_physical,16,5,delivered_on_time,104.05004500169535,0.25719748218201366,206.45552491738835,2,True,True,0-8-12
baseline_physical,16,6,delivered_on_time,117.20347012094885,0.44734419927226265,203.9295279932826,2,True,True,0-4-11
baseline_physical,16,7,delivered_on_time,86.37519488068475,0.3875511601451763,602.0582237710612,3,True,True,0-6-10-13
baseline_physical,16,8,delivered_on_time,96.1837391231431,0.20373845245428576,254.05498536949062,2,True,True,0-2-11
baseline_physical,16,9,delivered_on_time,80.11860027466477,0.11909292966193827,265.5854870167893,2,True,True,0-9-13
baseline_physical,16,10,missed_deadline,-30.029437407645027,0.8185307737909024,208.88257615285178,1,False,False,0-3
baseline_physical,16,11,delivered_on_time,121.41874654994862,0.5086592170673356,242.42664503891513,2,True,True,0-2-11
baseline_physical,16,12,delivered_on_time,106.36116883299297,0.32275551630929955,201.11742111960535,2,True,True,0-6-11
baseline_physical,16,13,delivered_on_time,118.87164177787025,0.5721473451316462,434.45282528239534,2,True,True,0-8-13
baseline_physical,16,14,delivered_on_time,118.38168315863078,0.3351356455408251,63.34411043535982,2,True,True,0-8-11
baseline_physical,16,15,delivered_on_time,134.80193208490826,0.5585655264183325,113.4520396732542,2,True,True,0-3-12
baseline_physical,16,16,delivered_on_time,127.17006983792922,0.5183824380998826,162.5564337488767,2,True,True,0-2-12
baseline_physical,16,17,delivered_on_time,88.89115082934555,0.113706237703295,83.09061628341269,2,True,True,0-10-13
baseline_physical,16,18,delivered_on_time,103.76027453867908,0.308050476789436,273.78205321636534,2,True,True,0-1-13
baseline_physical,16,19,delivered_on_time,158.46985682322583,0.8128221661841804,168.42547739128304,2,True,True,0-5-13
baseline_physical,16,20,delivered_on_time,86.30033515861267,0.3774233384755076,554.5669090945228,2,True,True,0-3-13
baseline_physical,16,21,delivered_on_time,116.40421003370038,0.41196495003710276,185.9124127857438,2,True,True,0-7-12
baseline_physical,16,22,delivered_on_time,84.27167276716962,0.1554831360387113,284.3009135838207,2,True,True,0-3-12
baseline_physical,16,23,delivered_late,-4.541972078364726,0.16213068483345258,1278.6120541681892,2,True,False,0-8-13
baseline_physical,16,24,delivered_on_time,115.50775787110487,0.4880829640315979,398.3453813526378,2,True,True,0-2-13
rl_seed_7,16,0,delivered_on_time,96.86785393675517,0.27185157956596406,299.1243303126581,2,True,True,0-10-11
rl_seed_7,16,1,delivered_on_time,85.29063762969275,0.14961983519952268,311.0462510428441,2,True,True,0-10-11
rl_seed_7,16,2,delivered_on_time,103.19408191952739,0.3513562160860214,281.3719793723534,2,True,True,0-9-12
rl_seed_7,16,3,delivered_on_time,95.21285477585553,0.23762085763597254,358.1701623144313,2,True,True,0-10-12
rl_seed_7,16,4,delivered_on_time,141.93955551257207,0.7289324201953347,250.1109471871373,2,True,True,0-9-11
rl_seed_7,16,5,delivered_on_time,94.92816846101861,0.25719748218201366,261.9715719624754,2,True,True,0-9-13
rl_seed_7,16,6,delivered_on_time,113.87217330505943,0.44734419927226265,365.29982947625194,2,True,True,0-10-13
rl_seed_7,16,7,delivered_on_time,99.40740636519647,0.3875511601451763,429.5338789768439,2,True,True,0-9-13
rl_seed_7,16,8,delivered_on_time,90.67348884661328,0.20373845245428576,265.5744474773033,2,True,True,0-10-12
rl_seed_7,16,9,delivered_on_time,80.11860027466477,0.11909292966193827,265.5854870167893,2,True,True,0-9-13
rl_seed_7,16,10,delivered_late,34.0478843843314,0.8185307737909024,472.54118310928385,2,True,False,0-9-12
rl_seed_7,16,11,delivered_on_time,124.8439492598287,0.5086592170673356,315.0962809909947,2,True,True,0-9-11
rl_seed_7,16,12,delivered_on_time,98.72531958197001,0.32275551630929955,379.04460943092283,2,True,True,0-10-12
rl_seed_7,16,13,delivered_on_time,118.75389222098096,0.5721473451316462,437.9532704300897,2,True,True,0-9-13
rl_seed_7,16,14,delivered_on_time,114.94447590220653,0.3351356455408251,112.68215479918833,2,True,True,0-9-13
rl_seed_7,16,15,delivered_on_time,136.97607687179126,0.5585655264183325,141.68676020805094,2,True,True,0-9-12
rl_seed_7,16,16,delivered_on_time,125.53931355823364,0.5183824380998826,236.5379668480564,2,True,True,0-10-13
rl_seed_7,16,17,delivered_on_time,88.89115082934555,0.113706237703295,83.09061628341269,2,True,True,0-10-13
rl_seed_7,16,18,delivered_on_time,97.31065921559912,0.308050476789436,385.7137693975105,2,True,True,0-10-11
rl_seed_7,16,19,delivered_on_time,146.27655178966984,0.8128221661841804,306.8930526249742,2,True,True,0-9-12
rl_seed_7,16,20,delivered_on_time,98.10435645376799,0.3774233384755076,499.87519415842985,2,True,True,0-9-11
rl_seed_7,16,21,delivered_on_time,111.21200555352726,0.41196495003710276,244.93649716468906,2,True,True,0-10-12
rl_seed_7,16,22,delivered_on_time,81.63101546311151,0.1554831360387113,333.5811314840723,2,True,True,0-9-12
rl_seed_7,16,23,delivered_on_time,77.6315508779247,0.16213068483345258,508.49486814371187,2,True,True,0-10-11
rl_seed_7,16,24,delivered_on_time,104.15258348126663,0.4880829640315979,622.0097964677334,2,True,True,0-6-12
rl_seed_42,16,0,delivered_on_time,96.86785393675517,0.27185157956596406,299.1243303126581,2,True,True,0-10-11
rl_seed_42,16,1,delivered_on_time,80.50415155391437,0.14961983519952268,341.974161123408,2,True,True,0-9-13
rl_seed_42,16,2,delivered_on_time,103.19408191952739,0.3513562160860214,281.3719793723534,2,True,True,0-9-12
rl_seed_42,16,3,delivered_on_time,95.21285477585553,0.23762085763597254,358.1701623144313,2,True,True,0-10-12
rl_seed_42,16,4,delivered_on_time,141.93955551257207,0.7289324201953347,250.1109471871373,2,True,True,0-9-11
rl_seed_42,16,5,delivered_on_time,94.92816846101861,0.25719748218201366,261.9715719624754,2,True,True,0-9-13
rl_seed_42,16,6,delivered_on_time,113.87217330505943,0.44734419927226265,365.29982947625194,2,True,True,0-10-13
rl_seed_42,16,7,delivered_on_time,99.40740636519647,0.3875511601451763,429.5338789768439,2,True,True,0-9-13
rl_seed_42,16,8,delivered_on_time,88.96956291683617,0.20373845245428576,322.06736161115316,2,True,True,0-9-11
rl_seed_42,16,9,delivered_on_time,80.11860027466477,0.11909292966193827,265.5854870167893,2,True,True,0-9-13
rl_seed_42,16,10,delivered_late,34.0478843843314,0.8185307737909024,472.54118310928385,2,True,False,0-9-12
rl_seed_42,16,11,delivered_on_time,124.8439492598287,0.5086592170673356,315.0962809909947,2,True,True,0-9-11
rl_seed_42,16,12,delivered_on_time,100.69808017095743,0.32275551630929955,320.010610325958,2,True,True,0-10-13
rl_seed_42,16,13,delivered_on_time,118.75389222098096,0.5721473451316462,437.9532704300897,2,True,True,0-9-13
rl_seed_42,16,14,delivered_on_time,114.94447590220653,0.3351356455408251,112.68215479918833,2,True,True,0-9-13
rl_seed_42,16,15,delivered_on_time,136.97607687179126,0.5585655264183325,141.68676020805094,2,True,True,0-9-12
rl_seed_42,16,16,delivered_on_time,125.53931355823364,0.5183824380998826,236.5379668480564,2,True,True,0-10-13
rl_seed_42,16,17,delivered_on_time,87.61276300264385,0.113706237703295,143.83344255350437,2,True,True,0-9-12
rl_seed_42,16,18,delivered_on_time,101.99652707408895,0.308050476789436,292.50444607304786,2,True,True,0-9-11
rl_seed_42,16,19,delivered_on_time,146.27655178966984,0.8128221661841804,306.8930526249742,2,True,True,0-9-12
rl_seed_42,16,20,delivered_on_time,91.73200282775382,0.3774233384755076,554.8091015238109,2,True,True,0-9-13
rl_seed_42,16,21,delivered_on_time,111.21200555352726,0.41196495003710276,244.93649716468906,2,True,True,0-10-12
rl_seed_42,16,22,delivered_on_time,81.63101546311151,0.1554831360387113,333.5811314840723,2,True,True,0-9-12
rl_seed_42,16,23,delivered_on_time,77.6315508779247,0.16213068483345258,508.49486814371187,2,True,True,0-10-11
rl_seed_42,16,24,delivered_on_time,90.73908702053852,0.4880829640315979,936.726049367288,2,True,True,0-10-11
rl_seed_123,16,0,delivered_on_time,96.86785393675517,0.27185157956596406,299.1243303126581,2,True,True,0-10-11
rl_seed_123,16,1,delivered_on_time,85.29063762969275,0.14961983519952268,311.0462510428441,2,True,True,0-10-11
rl_seed_123,16,2,delivered_on_time,103.19408191952739,0.3513562160860214,281.3719793723534,2,True,True,0-9-12
rl_seed_123,16,3,delivered_on_time,95.21285477585553,0.23762085763597254,358.1701623144313,2,True,True,0-10-12
rl_seed_123,16,4,delivered_on_time,147.5310327358168,0.7289324201953347,215.51870264388236,2,True,True,0-10-12
rl_seed_123,16,5,delivered_on_time,90.91600720812072,0.25719748218201366,272.616077769362,2,True,True,0-9-11
rl_seed_123,16,6,delivered_on_time,113.87217330505943,0.44734419927226265,365.29982947625194,2,True,True,0-10-13
rl_seed_123,16,7,delivered_on_time,99.40740636519647,0.3875511601451763,429.5338789768439,2,True,True,0-9-13
rl_seed_123,16,8,delivered_on_time,90.67348884661328,0.20373845245428576,265.5744474773033,2,True,True,0-10-12
rl_seed_123,16,9,delivered_on_time,80.11860027466477,0.11909292966193827,265.5854870167893,2,True,True,0-9-13
rl_seed_123,16,10,delivered_late,32.237996771105365,0.8185307737909024,438.5489481891643,2,True,False,0-9-11
rl_seed_123,16,11,delivered_on_time,124.8439492598287,0.5086592170673356,315.0962809909947,2,True,True,0-9-11
rl_seed_123,16,12,delivered_on_time,98.72531958197001,0.32275551630929955,379.04460943092283,2,True,True,0-10-12
rl_seed_123,16,13,delivered_on_time,120.40051665114338,0.5721473451316462,357.3226756666089,2,True,True,0-10-11
rl_seed_123,16,14,delivered_on_time,114.94447590220653,0.3351356455408251,112.68215479918833,2,True,True,0-9-13
rl_seed_123,16,15,delivered_on_time,135.01543919867666,0.5585655264183325,123.18005952350589,2,True,True,0-10-12
rl_seed_123,16,16,delivered_on_time,125.53931355823364,0.5183824380998826,236.5379668480564,2,True,True,0-10-13
rl_seed_123,16,17,delivered_on_time,88.89115082934555,0.113706237703295,83.09061628341269,2,True,True,0-10-13
rl_seed_123,16,18,delivered_on_time,97.31065921559912,0.308050476789436,385.7137693975105,2,True,True,0-10-11
rl_seed_123,16,19,delivered_on_time,152.91790693367696,0.8128221661841804,258.5341368399006,2,True,True,0-10-13
rl_seed_123,16,20,delivered_on_time,98.10435645376799,0.3774233384755076,499.87519415842985,2,True,True,0-9-11
rl_seed_123,16,21,delivered_on_time,111.21200555352726,0.41196495003710276,244.93649716468906,2,True,True,0-10-12
rl_seed_123,16,22,delivered_on_time,81.63101546311151,0.1554831360387113,333.5811314840723,2,True,True,0-9-12
rl_seed_123,16,23,delivered_on_time,77.6315508779247,0.16213068483345258,508.49486814371187,2,True,True,0-10-11
rl_seed_123,16,24,delivered_on_time,90.73908702053852,0.4880829640315979,936.726049367288,2,True,True,0-10-11
rl_fallback_invalid,16,0,delivered_on_time,96.86785393675517,0.27185157956596406,299.1243303126581,2,True,True,0-10-11
rl_fallback_invalid,16,1,delivered_on_time,85.29063762969275,0.14961983519952268,311.0462510428441,2,True,True,0-10-11
rl_fallback_invalid,16,2,delivered_on_time,103.19408191952739,0.3513562160860214,281.3719793723534,2,True,True,0-9-12
rl_fallback_invalid,16,3,delivered_on_time,95.21285477585553,0.23762085763597254,358.1701623144313,2,True,True,0-10-12
rl_fallback_invalid,16,4,delivered_on_time,141.93955551257207,0.7289324201953347,250.1109471871373,2,True,True,0-9-11
rl_fallback_invalid,16,5,delivered_on_time,94.92816846101861,0.25719748218201366,261.9715719624754,2,True,True,0-9-13
rl_fallback_invalid,16,6,delivered_on_time,113.87217330505943,0.44734419927226265,365.29982947625194,2,True,True,0-10-13
rl_fallback_invalid,16,7,delivered_on_time,99.40740636519647,0.3875511601451763,429.5338789768439,2,True,True,0-9-13
rl_fallback_invalid,16,8,delivered_on_time,90.67348884661328,0.20373845245428576,265.5744474773033,2,True,True,0-10-12
rl_fallback_invalid,16,9,delivered_on_time,80.11860027466477,0.11909292966193827,265.5854870167893,2,True,True,0-9-13
rl_fallback_invalid,16,10,delivered_late,34.0478843843314,0.8185307737909024,472.54118310928385,2,True,False,0-9-12
rl_fallback_invalid,16,11,delivered_on_time,124.8439492598287,0.5086592170673356,315.0962809909947,2,True,True,0-9-11
rl_fallback_invalid,16,12,delivered_on_time,98.72531958197001,0.32275551630929955,379.04460943092283,2,True,True,0-10-12
rl_fallback_invalid,16,13,delivered_on_time,118.75389222098096,0.5721473451316462,437.9532704300897,2,True,True,0-9-13
rl_fallback_invalid,16,14,delivered_on_time,114.94447590220653,0.3351356455408251,112.68215479918833,2,True,True,0-9-13
rl_fallback_invalid,16,15,delivered_on_time,136.97607687179126,0.5585655264183325,141.68676020805094,2,True,True,0-9-12
rl_fallback_invalid,16,16,delivered_on_time,125.53931355823364,0.5183824380998826,236.5379668480564,2,True,True,0-10-13
rl_fallback_invalid,16,17,delivered_on_time,88.89115082934555,0.113706237703295,83.09061628341269,2,True,True,0-10-13
rl_fallback_invalid,16,18,delivered_on_time,97.31065921559912,0.308050476789436,385.7137693975105,2,True,True,0-10-11
rl_fallback_invalid,16,19,delivered_on_time,146.27655178966984,0.8128221661841804,306.8930526249742,2,True,True,0-9-12
rl_fallback_invalid,16,20,delivered_on_time,98.10435645376799,0.3774233384755076,499.87519415842985,2,True,True,0-9-11
rl_fallback_invalid,16,21,delivered_on_time,111.21200555352726,0.41196495003710276,244.93649716468906,2,True,True,0-10-12
rl_fallback_invalid,16,22,delivered_on_time,81.63101546311151,0.1554831360387113,333.5811314840723,2,True,True,0-9-12
rl_fallback_invalid,16,23,delivered_on_time,77.6315508779247,0.16213068483345258,508.49486814371187,2,True,True,0-10-11
rl_fallback_invalid,16,24,delivered_on_time,104.15258348126663,0.4880829640315979,622.0097964677334,2,True,True,0-6-12
rl_fallback_unsafe,16,0,delivered_on_time,96.86785393675517,0.27185157956596406,299.1243303126581,2,True,True,0-10-11
rl_fallback_unsafe,16,1,delivered_on_time,85.29063762969275,0.14961983519952268,311.0462510428441,2,True,True,0-10-11
rl_fallback_unsafe,16,2,delivered_on_time,103.19408191952739,0.3513562160860214,281.3719793723534,2,True,True,0-9-12
rl_fallback_unsafe,16,3,delivered_on_time,95.21285477585553,0.23762085763597254,358.1701623144313,2,True,True,0-10-12
rl_fallback_unsafe,16,4,delivered_on_time,141.93955551257207,0.7289324201953347,250.1109471871373,2,True,True,0-9-11
rl_fallback_unsafe,16,5,delivered_on_time,94.92816846101861,0.25719748218201366,261.9715719624754,2,True,True,0-9-13
rl_fallback_unsafe,16,6,delivered_on_time,113.87217330505943,0.44734419927226265,365.29982947625194,2,True,True,0-10-13
rl_fallback_unsafe,16,7,delivered_on_time,87.1624004064995,0.3875511601451763,685.8611413402073,2,True,True,0-9-11
rl_fallback_unsafe,16,8,delivered_on_time,90.67348884661328,0.20373845245428576,265.5744474773033,2,True,True,0-10-12
rl_fallback_unsafe,16,9,delivered_on_time,80.11860027466477,0.11909292966193827,265.5854870167893,2,True,True,0-9-13
rl_fallback_unsafe,16,10,delivered_late,34.0478843843314,0.8185307737909024,472.54118310928385,2,True,False,0-9-12
rl_fallback_unsafe,16,11,delivered_on_time,124.8439492598287,0.5086592170673356,315.0962809909947,2,True,True,0-9-11
rl_fallback_unsafe,16,12,delivered_on_time,98.72531958197001,0.32275551630929955,379.04460943092283,2,True,True,0-10-12
rl_fallback_unsafe,16,13,delivered_on_time,96.15214435028062,0.5721473451316462,791.667763486213,2,True,True,0-9-11
rl_fallback_unsafe,16,14,delivered_on_time,114.94447590220653,0.3351356455408251,112.68215479918833,2,True,True,0-9-13
rl_fallback_unsafe,16,15,delivered_on_time,136.97607687179126,0.5585655264183325,141.68676020805094,2,True,True,0-9-12
rl_fallback_unsafe,16,16,delivered_on_time,125.53931355823364,0.5183824380998826,236.5379668480564,2,True,True,0-10-13
rl_fallback_unsafe,16,17,delivered_on_time,88.89115082934555,0.113706237703295,83.09061628341269,2,True,True,0-10-13
rl_fallback_unsafe,16,18,delivered_on_time,97.31065921559912,0.308050476789436,385.7137693975105,2,True,True,0-10-11
rl_fallback_unsafe,16,19,delivered_on_time,146.27655178966984,0.8128221661841804,306.8930526249742,2,True,True,0-9-12
rl_fallback_unsafe,16,20,delivered_on_time,98.10435645376799,0.3774233384755076,499.87519415842985,2,True,True,0-9-11
rl_fallback_unsafe,16,21,delivered_on_time,111.21200555352726,0.41196495003710276,244.93649716468906,2,True,True,0-10-12
rl_fallback_unsafe,16,22,delivered_on_time,60.50460809031506,0.1554831360387113,779.5616880193736,2,True,True,0-9-13
rl_fallback_unsafe,16,23,delivered_on_time,77.6315508779247,0.16213068483345258,508.49486814371187,2,True,True,0-10-11
rl_fallback_unsafe,16,24,delivered_on_time,104.15258348126663,0.4880829640315979,622.0097964677334,2,True,True,0-6-12
masked_random,17,0,missed_deadline,-39.7377034073512,0.16268261799021358,1600.3107095851665,2,False,False,0-7-2
masked_random,17,1,delivered_late,36.28822495407919,0.971363705549759,545.323856060566,2,True,False,0-9-11
masked_random,17,2,missed_deadline,-31.137004818734813,0.9271591683971656,224.38895106521855,1,False,False,0-2
masked_random,17,3,delivered_on_time,88.99256717581638,0.34479501504322685,581.6227823705286,2,True,True,0-4-11
masked_random,17,4,missed_deadline,-34.937676863422276,0.867632815374313,208.0657662438536,1,False,False,0-6
masked_random,17,5,delivered_on_time,29.226562924363677,0.258526378201803,997.7449350459694,6,True,True,0-5-4-1-3-1-13
masked_random,17,6,missed_deadline,-34.39874367879249,0.8522452608418934,317.7981863291726,1,False,False,0-7
masked_random,17,7,delivered_on_time,53.021243250989905,0.15005029247619947,928.2788449742563,2,True,True,0-9-11
masked_random,17,8,missed_deadline,-31.28743098054475,0.7649895388474216,519.3304231045164,1,False,False,0-10
masked_random,17,9,delivered_on_time,76.40456050226976,0.332927710413074,607.1848743138189,4,True,True,0-4-8-5-11
masked_random,17,10,missed_deadline,-72.7193820247079,0.11473341579859817,966.15527129725,6,False,False,0-7-6-2-3-1-10
masked_random,17,11,delivered_on_time,65.18287851720208,0.38211399449768935,607.2558761162163,6,True,True,0-3-7-4-6-9-11
masked_random,17,12,delivered_on_time,68.20632967753556,0.1189966235460814,510.7396014573728,2,True,True,0-6-11
masked_random,17,13,delivered_late,-31.577776990843297,0.34866664630442334,1249.1543768570791,5,True,False,0-3-1-3-5-12
masked_random,17,14,missed_deadline,-36.500279263525115,0.1906674617116745,1270.4984855054427,1,False,False,0-6
masked_random,17,15,delivered_on_time,69.88009151722503,0.39621826544015093,554.095084502752,5,True,True,0-2-5-2-9-13
masked_random,17,16,missed_deadline,-43.34172870519877,0.9398034771961644,399.7585357608201,2,False,False,0-8-4
masked_random,17,17,delivered_on_time,157.99484628655804,0.8628957699827355,158.30644167669988,2,True,True,0-1-13
masked_random,17,18,missed_deadline,-43.291069608120274,0.7216005776147304,894.0578732131578,2,False,False,0-2-4
masked_random,17,19,missed_deadline,-33.368691985324716,0.7413082970768385,720.3939052643917,1,False,False,0-9
masked_random,17,20,missed_deadline,-48.202695312840376,0.38339580912537785,862.2850192444381,3,False,False,0-2-4-3
masked_random,17,21,delivered_on_time,104.0098883765137,0.5902729688280934,624.5548153834616,3,True,True,0-8-10-13
masked_random,17,22,missed_deadline,-31.984455005897267,0.8446552054686944,711.8418308261137,1,False,False,0-6
masked_random,17,23,delivered_late,39.91378456107036,0.8176112626771677,372.67615742542046,2,True,False,0-6-12
masked_random,17,24,delivered_late,-1.7638314182109056,0.7592119937308208,740.5942408982978,5,True,False,0-1-3-8-3-11
baseline_env_rules,17,0,delivered_on_time,84.03320953953802,0.16268261799021358,276.9016519079037,2,True,True,0-4-12
baseline_env_rules,17,1,delivered_late,45.707377970603034,0.7448433868045362,259.6905635540619,2,True,False,0-5-11
baseline_env_rules,17,2,delivered_on_time,145.52971147651357,0.7443443982771951,248.76054612641823,2,True,True,0-6-12
baseline_env_rules,17,3,delivered_on_time,113.76170230898202,0.35031814969411856,44.99624080461853,2,True,True,0-4-12
baseline_env_rules,17,4,delivered_on_time,172.69567033277838,0.971363705549759,255.35721971845652,2,True,True,0-2-13
baseline_env_rules,17,5,missed_deadline,-34.932483120027754,0.9744357632282334,167.93907212193784,1,False,False,0-7
baseline_env_rules,17,6,delivered_on_time,89.58474294337232,0.20342490320391507,303.7699711062744,2,True,True,0-5-12
baseline_env_rules,17,7,delivered_on_time,95.37486713339084,0.24731198683742187,305.4165793444075,2,True,True,0-2-12
baseline_env_rules,17,8,delivered_late,45.47954959909339,0.9271591683971656,309.2689287380887,2,True,False,0-7-11
baseline_env_rules,17,9,delivered_on_time,117.02056092378058,0.4178876604096212,100.97116680328003,2,True,True,0-4-11
baseline_env_rules,17,10,delivered_on_time,103.93835017560878,0.34479501504322685,286.413723968064,2,True,True,0-1-11
baseline_env_rules,17,11,delivered_on_time,123.69046511583576,0.4991094629313495,195.85059176373994,2,True,True,0-9-13
baseline_env_rules,17,12,delivered_on_time,152.4585583997954,0.7965186807963175,220.03914390704028,2,True,True,0-8-12
baseline_env_rules,17,13,missed_deadline,-30.557172591271716,0.867632815374313,177.79487058394298,1,False,False,0-1
baseline_env_rules,17,14,delivered_on_time,86.71050257074366,0.1753426248160447,293.8536285822455,2,True,True,0-8-13
baseline_env_rules,17,15,delivered_on_time,98.06983044901304,0.258526378201803,200.8831179057711,2,True,True,0-4-12
baseline_env_rules,17,16,delivered_on_time,156.52315838072084,0.8555891048029288,178.9694342971824,2,True,True,0-7-13
baseline_env_rules,17,17,delivered_on_time,101.32487084748439,0.3295222882841098,80.22791072978033,4,True,True,0-6-5-9-13
baseline_env_rules,17,18,delivered_on_time,120.21265705077764,0.4530140332114464,153.50395020590477,2,True,True,0-5-12
baseline_env_rules,17,19,delivered_on_time,115.64982161346327,0.4698602415776528,325.354079263877,2,True,True,0-5-12
baseline_env_rules,17,20,delivered_on_time,89.06777692959301,0.14864533858389054,253.33889887264746,2,True,True,0-1-12
baseline_env_rules,17,21,delivered_on_time,90.01157052457742,0.10448462499885,135.5503802913976,2,True,True,0-8-11
baseline_env_rules,17,22,delivered_on_time,96.97376874292624,0.29549380622538934,384.4599513644155,2,True,True,0-2-13
baseline_env_rules,17,23,delivered_on_time,166.53781313338584,0.8522452608418934,105.3445613069063,2,True,True,0-8-12
baseline_env_rules,17,24,delivered_on_time,91.83350260566685,0.14765902913575582,168.74712469481256,2,True,True,0-6-12
baseline_physical,17,0,delivered_on_time,85.26875007717646,0.16268261799021358,292.9873471285666,2,True,True,0-1-12
baseline_physical,17,1,missed_deadline,-30.55625551597069,0.7448433868045362,182.8696001840523,1,False,False,0-3
baseline_physical,17,2,delivered_on_time,143.62904514988415,0.7443443982771951,293.57756313690027,2,True,True,0-10-13
baseline_physical,17,3,delivered_on_time,113.76170230898202,0.35031814969411856,44.99624080461853,2,True,True,0-4-12
baseline_physical,17,4,missed_deadline,-32.38526014447323,0.971363705549759,808.8947100847276,1,False,False,0-3
baseline_physical,17,5,missed_deadline,-30.612882500340106,0.9744357632282334,256.3330741947378,1,False,False,0-6
baseline_physical,17,6,delivered_late,-1.3397674489668443,0.20342490320391507,1156.3151412291795,2,True,False,0-9-12
baseline_physical,17,7,delivered_late,23.047657937828983,0.24731198683742187,655.5782478316398,2,True,False,0-8-13
baseline_physical,17,8,missed_deadline,-33.12829802736922,0.9271591683971656,198.90797146374834,1,False,False,0-4
baseline_physical,17,9,delivered_on_time,117.02056092378058,0.4178876604096212,100.97116680328003,2,True,True,0-4-11
baseline_physical,17,10,delivered_on_time,79.46851754354532,0.34479501504322685,671.1381034254227,3,True,True,0-4-3-11
baseline_physical,17,11,delivered_on_time,121.48693157905359,0.4991094629313495,220.6475717740031,2,True,True,0-9-12
baseline_physical,17,12,delivered_on_time,152.4585583997954,0.7965186807963175,220.03914390704028,2,True,True,0-8-12
baseline_physical,17,13,missed_deadline,-32.87887344491242,0.867632815374313,185.38605556572946,1,False,False,0-3
baseline_physical,17,14,delivered_late,-57.21418448183907,0.1753426248160447,2209.947890207914,3,True,False,0-7-8-12
baseline_physical,17,15,delivered_on_time,94.59266918320101,0.258526378201803,307.550069794548,2,True,True,0-1-12
baseline_physical,17,16,delivered_on_time,156.52315838072084,0.8555891048029288,178.9694342971824,2,True,True,0-7-13
baseline_physical,17,17,delivered_on_time,101.32487084748439,0.3295222882841098,80.22791072978033,4,True,True,0-6-5-9-13
baseline_physical,17,18,delivered_on_time,120.21265705077764,0.4530140332114464,153.50395020590477,2,True,True,0-5-12
baseline_physical,17,19,delivered_on_time,68.21182258653424,0.4698602415776528,880.2232899390285,4,True,True,0-1-8-10-12
baseline_physical,17,20,delivered_on_time,85.15746876838554,0.14864533858389054,297.681903591825,2,True,True,0-9-11
baseline_physical,17,21,delivered_on_time,90.01157052457742,0.10448462499885,135.5503802913976,2,True,True,0-8-11
baseline_physical,17,22,delivered_on_time,96.97376874292624,0.29549380622538934,384.4599513644155,2,True,True,0-2-13
baseline_physical,17,23,delivered_on_time,166.53781313338584,0.8522452608418934,105.3445613069063,2,True,True,0-8-12
baseline_physical,17,24,delivered_on_time,84.02298612055034,0.14765902913575582,211.14342456808586,2,True,True,0-5-11
rl_seed_7,17,0,delivered_on_time,82.28257659252958,0.16268261799021358,343.76644088957084,2,True,True,0-9-11
rl_seed_7,17,1,missed_deadline,-35.57131568347335,0.7448433868045362,306.23003844827616,1,False,False,0-10
rl_seed_7,17,2,delivered_late,43.60926834966432,0.7443443982771951,371.6677964107878,2,True,False,0-10-11
rl_seed_7,17,3,delivered_on_time,119.54991081502116,0.35031814969411856,102.9252067045115,2,True,True,0-9-12
rl_seed_7,17,4,delivered_late,36.28822495407919,0.971363705549759,545.323856060566,2,True,False,0-9-11
rl_seed_7,17,5,missed_deadline,-35.39430137350151,0.9744357632282334,303.18424362827693,1,False,False,0-10
rl_seed_7,17,6,delivered_on_time,71.80555887391178,0.20342490320391507,565.0915292316671,2,True,True,0-9-11
rl_seed_7,17,7,delivered_on_time,95.04067721827053,0.24731198683742187,322.8252371713394,2,True,True,0-10-11
rl_seed_7,17,8,missed_deadline,-30.42486774897613,0.9271591683971656,204.12877121165238,1,False,False,0-9
rl_seed_7,17,9,delivered_on_time,112.4326993540927,0.4178876604096212,250.12665651643906,2,True,True,0-10-13
rl_seed_7,17,10,delivered_on_time,98.42890186344351,0.34479501504322685,370.0913821086854,2,True,True,0-10-12
rl_seed_7,17,11,delivered_on_time,123.69046511583576,0.4991094629313495,195.85059176373994,2,True,True,0-9-13
rl_seed_7,17,12,delivered_late,36.50330898897343,0.7965186807963175,425.2077037992883,2,True,False,0-10-11
rl_seed_7,17,13,missed_deadline,-33.58121964363164,0.867632815374313,297.27530271869216,1,False,False,0-9
rl_seed_7,17,14,delivered_on_time,69.25321223611581,0.1753426248160447,664.9139013888264,2,True,True,0-10-12
rl_seed_7,17,15,delivered_on_time,96.539345915517,0.258526378201803,301.1202118441411,2,True,True,0-9-11
rl_seed_7,17,16,delivered_on_time,158.83275975360561,0.8555891048029288,197.309293548043,2,True,True,0-9-11
rl_seed_7,17,17,delivered_on_time,111.68610841453857,0.3295222882841098,87.47178785700683,2,True,True,0-9-13
rl_seed_7,17,18,delivered_on_time,116.13326184652632,0.4530140332114464,233.4840943361397,2,True,True,0-9-13
rl_seed_7,17,19,delivered_on_time,114.96820948433265,0.4698602415776528,356.4192232932844,2,True,True,0-9-13
rl_seed_7,17,20,delivered_on_time,85.15746876838554,0.14864533858389054,297.681903591825,2,True,True,0-9-11
rl_seed_7,17,21,delivered_on_time,83.41159169946874,0.10448462499885,223.74597517191447,2,True,True,0-10-12
rl_seed_7,17,22,delivered_on_time,86.69229445432433,0.29549380622538934,540.1043854570967,2,True,True,0-9-11
rl_seed_7,17,23,delivered_on_time,158.57853442353198,0.8522452608418934,127.86489146796185,2,True,True,0-9-12
rl_seed_7,17,24,delivered_on_time,91.24234666687366,0.14765902913575582,229.33371512787272,2,True,True,0-9-11
rl_seed_42,17,0,delivered_on_time,83.27073622332615,0.16268261799021358,325.3047202761877,2,True,True,0-9-13
rl_seed_42,17,1,missed_deadline,-35.57131568347335,0.7448433868045362,306.23003844827616,1,False,False,0-10
rl_seed_42,17,2,delivered_on_time,143.62904514988415,0.7443443982771951,293.57756313690027,2,True,True,0-10-13
rl_seed_42,17,3,delivered_on_time,119.54991081502116,0.35031814969411856,102.9252067045115,2,True,True,0-9-12
rl_seed_42,17,4,delivered_late,31.25621476176339,0.971363705549759,651.218829478102,2,True,False,0-9-13
rl_seed_42,17,5,missed_deadline,-35.39430137350151,0.9744357632282334,303.18424362827693,1,False,False,0-10
rl_seed_42,17,6,delivered_on_time,71.80555887391178,0.20342490320391507,565.0915292316671,2,True,True,0-9-11
rl_seed_42,17,7,delivered_on_time,95.04067721827053,0.24731198683742187,322.8252371713394,2,True,True,0-10-11
rl_seed_42,17,8,missed_deadline,-30.42486774897613,0.9271591683971656,204.12877121165238,1,False,False,0-9
rl_seed_42,17,9,delivered_on_time,112.4326993540927,0.4178876604096212,250.12665651643906,2,True,True,0-10-13
rl_seed_42,17,10,delivered_on_time,98.42890186344351,0.34479501504322685,370.0913821086854,2,True,True,0-10-12
rl_seed_42,17,11,delivered_on_time,123.69046511583576,0.4991094629313495,195.85059176373994,2,True,True,0-9-13
rl_seed_42,17,12,delivered_late,36.50330898897343,0.7965186807963175,425.2077037992883,2,True,False,0-10-11
rl_seed_42,17,13,missed_deadline,-33.58121964363164,0.867632815374313,297.27530271869216,1,False,False,0-9
rl_seed_42,17,14,delivered_on_time,65.76325378848512,0.1753426248160447,698.689659376718,2,True,True,0-9-13
rl_seed_42,17,15,delivered_on_time,96.539345915517,0.258526378201803,301.1202118441411,2,True,True,0-9-11
rl_seed_42,17,16,delivered_on_time,158.83275975360561,0.8555891048029288,197.309293548043,2,True,True,0-9-11
rl_seed_42,17,17,delivered_on_time,111.68610841453857,0.3295222882841098,87.47178785700683,2,True,True,0-9-13
rl_seed_42,17,18,delivered_on_time,116.13326184652632,0.4530140332114464,233.4840943361397,2,True,True,0-9-13
rl_seed_42,17,19,delivered_on_time,114.96820948433265,0.4698602415776528,356.4192232932844,2,True,True,0-9-13
rl_seed_42,17,20,delivered_on_time,85.15746876838554,0.14864533858389054,297.681903591825,2,True,True,0-9-11
rl_seed_42,17,21,delivered_on_time,77.68369583725888,0.10448462499885,248.3372335252195,2,True,True,0-9-11
rl_seed_42,17,22,delivered_on_time,86.69229445432433,0.29549380622538934,540.1043854570967,2,True,True,0-9-11
rl_seed_42,17,23,delivered_on_time,158.57853442353198,0.8522452608418934,127.86489146796185,2,True,True,0-9-12
rl_seed_42,17,24,delivered_on_time,91.24234666687366,0.14765902913575582,229.33371512787272,2,True,True,0-9-11
rl_seed_123,17,0,delivered_on_time,82.28257659252958,0.16268261799021358,343.76644088957084,2,True,True,0-9-11
rl_seed_123,17,1,missed_deadline,-35.57131568347335,0.7448433868045362,306.23003844827616,1,False,False,0-10
rl_seed_123,17,2,delivered_late,43.60926834966432,0.7443443982771951,371.6677964107878,2,True,False,0-10-11
rl_seed_123,17,3,delivered_on_time,119.54991081502116,0.35031814969411856,102.9252067045115,2,True,True,0-9-12
rl_seed_123,17,4,delivered_late,36.28822495407919,0.971363705549759,545.323856060566,2,True,False,0-9-11
rl_seed_123,17,5,missed_deadline,-35.39430137350151,0.9744357632282334,303.18424362827693,1,False,False,0-10
rl_seed_123,17,6,delivered_on_time,71.80555887391178,0.20342490320391507,565.0915292316671,2,True,True,0-9-11
rl_seed_123,17,7,delivered_on_time,95.04067721827053,0.24731198683742187,322.8252371713394,2,True,True,0-10-11
rl_seed_123,17,8,missed_deadline,-30.42486774897613,0.9271591683971656,204.12877121165238,1,False,False,0-9
rl_seed_123,17,9,delivered_on_time,112.4326993540927,0.4178876604096212,250.12665651643906,2,True,True,0-10-13
rl_seed_123,17,10,delivered_on_time,98.42890186344351,0.34479501504322685,370.0913821086854,2,True,True,0-10-12
rl_seed_123,17,11,delivered_on_time,123.69046511583576,0.4991094629313495,195.85059176373994,2,True,True,0-9-13
rl_seed_123,17,12,delivered_late,36.50330898897343,0.7965186807963175,425.2077037992883,2,True,False,0-10-11
rl_seed_123,17,13,missed_deadline,-33.58121964363164,0.867632815374313,297.27530271869216,1,False,False,0-9
rl_seed_123,17,14,delivered_on_time,69.25321223611581,0.1753426248160447,664.9139013888264,2,True,True,0-10-12
rl_seed_123,17,15,delivered_on_time,96.539345915517,0.258526378201803,301.1202118441411,2,True,True,0-9-11
rl_seed_123,17,16,delivered_on_time,158.83275975360561,0.8555891048029288,197.309293548043,2,True,True,0-9-11
rl_seed_123,17,17,delivered_on_time,111.68610841453857,0.3295222882841098,87.47178785700683,2,True,True,0-9-13
rl_seed_123,17,18,delivered_on_time,113.72762359699489,0.4530140332114464,331.8013925777482,2,True,True,0-10-12
rl_seed_123,17,19,delivered_on_time,114.96820948433265,0.4698602415776528,356.4192232932844,2,True,True,0-9-13
rl_seed_123,17,20,delivered_on_time,85.15746876838554,0.14864533858389054,297.681903591825,2,True,True,0-9-11
rl_seed_123,17,21,delivered_on_time,83.41159169946874,0.10448462499885,223.74597517191447,2,True,True,0-10-12
rl_seed_123,17,22,delivered_on_time,86.69229445432433,0.29549380622538934,540.1043854570967,2,True,True,0-9-11
rl_seed_123,17,23,delivered_on_time,158.57853442353198,0.8522452608418934,127.86489146796185,2,True,True,0-9-12
rl_seed_123,17,24,delivered_on_time,91.24234666687366,0.14765902913575582,229.33371512787272,2,True,True,0-9-11
rl_fallback_invalid,17,0,delivered_on_time,82.28257659252958,0.16268261799021358,343.76644088957084,2,True,True,0-9-11
rl_fallback_invalid,17,1,missed_deadline,-35.57131568347335,0.7448433868045362,306.23003844827616,1,False,False,0-10
rl_fallback_invalid,17,2,delivered_late,43.60926834966432,0.7443443982771951,371.6677964107878,2,True,False,0-10-11
rl_fallback_invalid,17,3,delivered_on_time,119.54991081502116,0.35031814969411856,102.9252067045115,2,True,True,0-9-12
rl_fallback_invalid,17,4,delivered_late,36.28822495407919,0.971363705549759,545.323856060566,2,True,False,0-9-11
rl_fallback_invalid,17,5,missed_deadline,-35.39430137350151,0.9744357632282334,303.18424362827693,1,False,False,0-10
rl_fallback_invalid,17,6,delivered_on_time,71.80555887391178,0.20342490320391507,565.0915292316671,2,True,True,0-9-11
rl_fallback_invalid,17,7,delivered_on_time,95.04067721827053,0.24731198683742187,322.8252371713394,2,True,True,0-10-11
rl_fallback_invalid,17,8,missed_deadline,-30.42486774897613,0.9271591683971656,204.12877121165238,1,False,False,0-9
rl_fallback_invalid,17,9,delivered_on_time,112.4326993540927,0.4178876604096212,250.12665651643906,2,True,True,0-10-13
rl_fallback_invalid,17,10,delivered_on_time,98.42890186344351,0.34479501504322685,370.0913821086854,2,True,True,0-10-12
rl_fallback_invalid,17,11,delivered_on_time,123.69046511583576,0.4991094629313495,195.85059176373994,2,True,True,0-9-13
rl_fallback_invalid,17,12,delivered_late,36.50330898897343,0.7965186807963175,425.2077037992883,2,True,False,0-10-11
rl_fallback_invalid,17,13,missed_deadline,-33.58121964363164,0.867632815374313,297.27530271869216,1,False,False,0-9
rl_fallback_invalid,17,14,delivered_on_time,69.25321223611581,0.1753426248160447,664.9139013888264,2,True,True,0-10-12
rl_fallback_invalid,17,15,delivered_on_time,96.539345915517,0.258526378201803,301.1202118441411,2,True,True,0-9-11
rl_fallback_invalid,17,16,delivered_on_time,158.83275975360561,0.8555891048029288,197.309293548043,2,True,True,0-9-11
rl_fallback_invalid,17,17,delivered_on_time,111.68610841453857,0.3295222882841098,87.47178785700683,2,True,True,0-9-13
rl_fallback_invalid,17,18,delivered_on_time,116.13326184652632,0.4530140332114464,233.4840943361397,2,True,True,0-9-13
rl_fallback_invalid,17,19,delivered_on_time,114.96820948433265,0.4698602415776528,356.4192232932844,2,True,True,0-9-13
rl_fallback_invalid,17,20,delivered_on_time,85.15746876838554,0.14864533858389054,297.681903591825,2,True,True,0-9-11
rl_fallback_invalid,17,21,delivered_on_time,83.41159169946874,0.10448462499885,223.74597517191447,2,True,True,0-10-12
rl_fallback_invalid,17,22,delivered_on_time,86.69229445432433,0.29549380622538934,540.1043854570967,2,True,True,0-9-11
rl_fallback_invalid,17,23,delivered_on_time,158.57853442353198,0.8522452608418934,127.86489146796185,2,True,True,0-9-12
rl_fallback_invalid,17,24,delivered_on_time,91.24234666687366,0.14765902913575582,229.33371512787272,2,True,True,0-9-11
rl_fallback_unsafe,17,0,delivered_on_time,82.28257659252958,0.16268261799021358,343.76644088957084,2,True,True,0-9-11
rl_fallback_unsafe,17,1,missed_deadline,-35.57131568347335,0.7448433868045362,306.23003844827616,1,False,False,0-10
rl_fallback_unsafe,17,2,delivered_late,43.60926834966432,0.7443443982771951,371.6677964107878,2,True,False,0-10-11
rl_fallback_unsafe,17,3,delivered_on_time,119.54991081502116,0.35031814969411856,102.9252067045115,2,True,True,0-9-12
rl_fallback_unsafe,17,4,delivered_late,36.28822495407919,0.971363705549759,545.323856060566,2,True,False,0-9-11
rl_fallback_unsafe,17,5,missed_deadline,-35.39430137350151,0.9744357632282334,303.18424362827693,1,False,False,0-10
rl_fallback_unsafe,17,6,delivered_on_time,71.80555887391178,0.20342490320391507,565.0915292316671,2,True,True,0-9-11
rl_fallback_unsafe,17,7,delivered_on_time,95.04067721827053,0.24731198683742187,322.8252371713394,2,True,True,0-10-11
rl_fallback_unsafe,17,8,missed_deadline,-33.12829802736922,0.9271591683971656,198.90797146374834,1,False,False,0-4
rl_fallback_unsafe,17,9,delivered_on_time,112.4326993540927,0.4178876604096212,250.12665651643906,2,True,True,0-10-13
rl_fallback_unsafe,17,10,delivered_on_time,98.42890186344351,0.34479501504322685,370.0913821086854,2,True,True,0-10-12
rl_fallback_unsafe,17,11,delivered_on_time,123.69046511583576,0.4991094629313495,195.85059176373994,2,True,True,0-9-13
rl_fallback_unsafe,17,12,delivered_late,36.50330898897343,0.7965186807963175,425.2077037992883,2,True,False,0-10-11
rl_fallback_unsafe,17,13,missed_deadline,-33.58121964363164,0.867632815374313,297.27530271869216,1,False,False,0-9
rl_fallback_unsafe,17,14,delivered_on_time,60.58782789233439,0.1753426248160447,773.8174363231226,2,True,True,0-10-11
rl_fallback_unsafe,17,15,delivered_on_time,96.539345915517,0.258526378201803,301.1202118441411,2,True,True,0-9-11
rl_fallback_unsafe,17,16,delivered_on_time,158.83275975360561,0.8555891048029288,197.309293548043,2,True,True,0-9-11
rl_fallback_unsafe,17,17,delivered_on_time,111.68610841453857,0.3295222882841098,87.47178785700683,2,True,True,0-9-13
rl_fallback_unsafe,17,18,delivered_on_time,116.13326184652632,0.4530140332114464,233.4840943361397,2,True,True,0-9-13
rl_fallback_unsafe,17,19,delivered_on_time,114.96820948433265,0.4698602415776528,356.4192232932844,2,True,True,0-9-13
rl_fallback_unsafe,17,20,delivered_on_time,85.15746876838554,0.14864533858389054,297.681903591825,2,True,True,0-9-11
rl_fallback_unsafe,17,21,delivered_on_time,83.41159169946874,0.10448462499885,223.74597517191447,2,True,True,0-10-12
rl_fallback_unsafe,17,22,delivered_on_time,91.77738627089121,0.29549380622538934,461.43672943807184,2,True,True,0-2-12
rl_fallback_unsafe,17,23,delivered_on_time,158.57853442353198,0.8522452608418934,127.86489146796185,2,True,True,0-9-12
rl_fallback_unsafe,17,24,delivered_on_time,91.24234666687366,0.14765902913575582,229.33371512787272,2,True,True,0-9-11
masked_random,18,0,delivered_on_time,48.090194479591716,0.5253162165221147,819.883333064355,7,True,True,0-2-4-6-2-3-10-11
masked_random,18,1,missed_deadline,-35.505037337485426,0.8680953556947734,601.3935240297727,1,False,False,0-3
masked_random,18,2,delivered_on_time,65.47664065803164,0.5103272986257561,1089.0680856282945,5,True,True,0-5-4-1-9-13
masked_random,18,3,delivered_on_time,90.28930578845416,0.47582317143433683,787.6929610660568,2,True,True,0-9-11
masked_random,18,4,missed_deadline,-30.90525110424374,0.8125520137890812,264.8715594290955,1,False,False,0-8
masked_random,18,5,missed_deadline,-40.80192872259045,0.14921782563460265,2764.038679059341,2,False,False,0-7-4
masked_random,18,6,missed_deadline,-37.6035952585063,0.14986796060042332,1410.9281744460573,2,False,False,0-3-7
masked_random,18,7,delivered_on_time,54.84740152033599,0.2692067427604422,832.1357537014557,3,True,True,0-7-9-11
masked_random,18,8,delivered_on_time,64.5853755603456,0.31726608294443515,980.8420069426381,2,True,True,0-1-12
masked_random,18,9,delivered_late,30.989346781958197,0.8840665925309179,412.75105488698273,3,True,False,0-6-8-11
masked_random,18,10,delivered_on_time,78.85615572072398,0.437300670939309,422.825041800294,6,True,True,0-5-1-7-3-9-12
masked_random,18,11,delivered_on_time,63.26426577896455,0.1826407448316186,653.4931772408939,3,True,True,0-7-5-13
masked_random,18,12,delivered_on_time,60.110092370148735,0.30764995769686443,966.5035800305361,2,True,True,0-4-12
masked_random,18,13,delivered_on_time,145.0070688452372,0.7337087022034748,246.47711293434486,2,True,True,0-8-11
masked_random,18,14,missed_deadline,-58.29943028875434,0.5908321851806265,1901.3640383883887,4,False,False,0-8-2-4-7
masked_random,18,15,missed_deadline,-41.038549674733375,0.8311957878979803,206.06532597231583,2,False,False,0-1-9
masked_random,18,16,missed_deadline,-48.11537262987592,0.23215769786187077,3172.7362158933493,3,False,False,0-5-3-9
masked_random,18,17,delivered_on_time,70.20234303611899,0.1495768058709772,483.402909792272,2,True,True,0-10-13
masked_random,18,18,delivered_on_time,64.04099720364925,0.12866206132830585,317.58270509260444,4,True,True,0-4-3-10-13
masked_random,18,19,max_hops,-89.66478409859116,0.5685806634552282,1179.958460792025,8,False,False,0-2-1-3-8-1-7-1-8
masked_random,18,20,delivered_on_time,44.41613603883114,0.12664810424234466,951.2231635358985,3,True,True,0-7-9-11
masked_random,18,21,delivered_on_time,87.668948316931,0.4138432090589038,617.9659116296266,3,True,True,0-3-4-13
masked_random,18,22,delivered_late,-38.42603699379465,0.9160611052414275,1989.8789848483761,2,True,False,0-3-11
masked_random,18,23,missed_deadline,-41.60977328771943,0.8625131346493687,1000.7151339670382,2,False,False,0-8-2
masked_random,18,24,delivered_on_time,89.51665801368384,0.5680946431860081,368.44727649689827,5,True,True,0-2-5-7-9-11
baseline_env_rules,18,0,delivered_on_time,132.6320743906278,0.5253162165221147,74.03889071703895,2,True,True,0-6-11
baseline_env_rules,18,1,delivered_on_time,120.85514786064557,0.46374353941448077,269.9129914306135,2,True,True,0-4-11
baseline_env_rules,18,2,delivered_late,40.39089156468284,0.8681880027986391,358.00637605097074,2,True,False,0-5-13
baseline_env_rules,18,3,delivered_on_time,165.39372143250645,0.8807545345346511,42.52881497375603,2,True,True,0-6-13
baseline_env_rules,18,4,delivered_on_time,173.11686153442696,0.9680888199802598,178.87154007322724,2,True,True,0-7-11
baseline_env_rules,18,5,delivered_on_time,161.61509389011323,0.8948353119408816,222.49313012914166,2,True,True,0-4-12
baseline_env_rules,18,6,delivered_on_time,87.99032065769069,0.222442418544365,377.88586437350193,2,True,True,0-5-12
baseline_env_rules,18,7,delivered_on_time,127.62142558182927,0.4480198387828165,146.92079010995374,2,True,True,0-3-13
baseline_env_rules,18,8,delivered_on_time,130.94792936760587,0.47504512129256193,86.07734952994043,2,True,True,0-3-13
baseline_env_rules,18,9,delivered_on_time,169.076328306456,0.8984162297396212,106.57296694928012,2,True,True,0-1-11
baseline_env_rules,18,10,delivered_on_time,104.78980732229769,0.2548287057398063,66.56535246123511,2,True,True,0-7-12
baseline_env_rules,18,11,delivered_on_time,123.7134638197608,0.5314901480175802,335.3569153113638,2,True,True,0-7-12
baseline_env_rules,18,12,delivered_late,40.89027262679401,0.8680953556947734,332.68126253897583,2,True,False,0-1-12
baseline_env_rules,18,13,delivered_late,39.31683591317372,0.9632444301383802,316.90640428933114,2,True,False,0-1-11
baseline_env_rules,18,14,delivered_on_time,116.83483179712171,0.5103272986257561,364.97484603017466,2,True,True,0-5-12
baseline_env_rules,18,15,delivered_on_time,151.40935253653694,0.8374390101111693,274.9509138920967,2,True,True,0-4-13
baseline_env_rules,18,16,delivered_on_time,94.31734039888062,0.19777247968032083,233.09205503095907,2,True,True,0-1-13
baseline_env_rules,18,17,delivered_on_time,128.7311767368682,0.5970111764837523,359.5902080737904,2,True,True,0-10-13
baseline_env_rules,18,18,delivered_on_time,108.37942578257015,0.305624712123735,129.6124834259046,2,True,True,0-6-12
baseline_env_rules,18,19,delivered_on_time,179.17950645977203,0.9905350454398344,65.82786209600151,2,True,True,0-1-11
baseline_env_rules,18,20,delivered_on_time,121.29594402563018,0.47582317143433683,264.41043822959375,2,True,True,0-6-12
baseline_env_rules,18,21,delivered_on_time,99.1446828498546,0.176523651499898,89.44899455224169,2,True,True,0-10-13
baseline_env_rules,18,22,delivered_on_time,84.9678219258337,0.1547247455969931,301.40024237486654,2,True,True,0-7-13
baseline_env_rules,18,23,delivered_late,44.43525205358862,0.8125520137890812,277.8360009541865,2,True,False,0-4-13
baseline_env_rules,18,24,delivered_on_time,116.58767753167506,0.41062399936294536,213.3793118454347,2,True,True,0-10-11
baseline_physical,18,0,delivered_on_time,132.6320743906278,0.5253162165221147,74.03889071703895,2,True,True,0-6-11
baseline_physical,18,1,delivered_on_time,90.21677032599604,0.46374353941448077,577.4811656121707,3,True,True,0-8-9-12
baseline_physical,18,2,missed_deadline,-35.773628771392275,0.8681880027986391,429.73477434165426,2,False,False,0-2-8
baseline_physical,18,3,delivered_on_time,165.39372143250645,0.8807545345346511,42.52881497375603,2,True,True,0-6-13
baseline_physical,18,4,delivered_on_time,173.11686153442696,0.9680888199802598,178.87154007322724,2,True,True,0-7-11
baseline_physical,18,5,delivered_on_time,158.7076877308217,0.8948353119408816,251.58307960906112,2,True,True,0-4-13
baseline_physical,18,6,delivered_on_time,68.0661973737923,0.222442418544365,531.0586179266597,3,True,True,0-5-4-11
baseline_physical,18,7,delivered_on_time,119.27585566833228,0.4480198387828165,167.79937600834992,2,True,True,0-2-11
baseline_physical,18,8,delivered_on_time,130.94792936760587,0.47504512129256193,86.07734952994043,2,True,True,0-3-13
baseline_physical,18,9,delivered_on_time,169.076328306456,0.8984162297396212,106.57296694928012,2,True,True,0-1-11
baseline_physical,18,10,delivered_on_time,104.78980732229769,0.2548287057398063,66.56535246123511,2,True,True,0-7-12
baseline_physical,18,11,missed_deadline,-32.25120453551077,0.5314901480175802,1394.7221854644902,1,False,False,0-2
baseline_physical,18,12,delivered_late,35.76365046703309,0.8680953556947734,488.793964574955,2,True,False,0-1-13
baseline_physical,18,13,delivered_late,35.498817545746874,0.9632444301383802,392.7607087477106,2,True,False,0-6-11
baseline_physical,18,14,delivered_on_time,120.2537377329951,0.5103272986257561,381.90227172394805,2,True,True,0-7-13
baseline_physical,18,15,delivered_on_time,155.2967518125476,0.8374390101111693,313.99910908526397,2,True,True,0-8-13
baseline_physical,18,16,delivered_on_time,94.31734039888062,0.19777247968032083,233.09205503095907,2,True,True,0-1-13
baseline_physical,18,17,delivered_on_time,120.02060749052625,0.5970111764837523,522.5579955648996,2,True,True,0-2-12
baseline_physical,18,18,delivered_on_time,108.37942578257015,0.305624712123735,129.6124834259046,2,True,True,0-6-12
baseline_physical,18,19,delivered_on_time,179.17950645977203,0.9905350454398344,65.82786209600151,2,True,True,0-1-11
baseline_physical,18,20,delivered_on_time,112.59410848249516,0.47582317143433683,414.0835482929391,2,True,True,0-5-12
baseline_physical,18,21,delivered_on_time,99.1446828498546,0.176523651499898,89.44899455224169,2,True,True,0-10-13
baseline_physical,18,22,delivered_late,-104.82325083814753,0.1547247455969931,3207.511999415948,2,True,False,0-10-12
baseline_physical,18,23,delivered_late,36.51166061335923,0.8125520137890812,375.2346412135842,2,True,False,0-2-13
baseline_physical,18,24,delivered_on_time,106.59392660423651,0.41062399936294536,256.13152949936483,2,True,True,0-4-12
rl_seed_7,18,0,delivered_on_time,135.1587289760304,0.5253162165221147,127.19979392825026,2,True,True,0-9-13
rl_seed_7,18,1,delivered_on_time,109.6267628471486,0.46374353941448077,441.38935002664175,2,True,True,0-9-13
rl_seed_7,18,2,delivered_late,34.698761403559466,0.8681880027986391,504.3007129202696,2,True,False,0-9-11
rl_seed_7,18,3,delivered_on_time,168.9900335697706,0.8807545345346511,92.20689156461128,2,True,True,0-9-12
rl_seed_7,18,4,delivered_on_time,168.87130555413844,0.9680888199802598,184.78026899961583,2,True,True,0-10-11
rl_seed_7,18,5,delivered_on_time,159.34264952681215,0.8948353119408816,282.6791832709984,2,True,True,0-10-12
rl_seed_7,18,6,delivered_on_time,79.51744527213296,0.222442418544365,498.7454159447915,2,True,True,0-9-13
rl_seed_7,18,7,delivered_on_time,123.64129846138935,0.4480198387828165,208.54802280757775,2,True,True,0-9-13
rl_seed_7,18,8,delivered_on_time,124.96977212147647,0.47504512129256193,159.4225684451773,2,True,True,0-9-13
rl_seed_7,18,9,delivered_on_time,170.23524909665335,0.8984162297396212,113.7235320725253,2,True,True,0-10-13
rl_seed_7,18,10,delivered_on_time,97.45849706699813,0.2548287057398063,166.5846639288398,2,True,True,0-9-12
rl_seed_7,18,11,delivered_on_time,124.06106386341992,0.5314901480175802,380.2077099775075,2,True,True,0-10-13
rl_seed_7,18,12,missed_deadline,-31.415367437888996,0.8680953556947734,266.0482546367924,1,False,False,0-10
rl_seed_7,18,13,missed_deadline,-32.89279050203288,0.9632444301383802,252.867675770505,1,False,False,0-9
rl_seed_7,18,14,delivered_on_time,112.31688766379803,0.5103272986257561,414.5152419432866,2,True,True,0-9-13
rl_seed_7,18,15,delivered_on_time,143.64492459763767,0.8374390101111693,368.7554430539964,2,True,True,0-9-13
rl_seed_7,18,16,delivered_on_time,85.56468746391809,0.19777247968032083,356.0091285931448,2,True,True,0-9-11
rl_seed_7,18,17,delivered_on_time,128.7311767368682,0.5970111764837523,359.5902080737904,2,True,True,0-10-13
rl_seed_7,18,18,delivered_on_time,107.22840837070837,0.305624712123735,226.188071656896,2,True,True,0-10-12
rl_seed_7,18,19,delivered_on_time,171.66844525536118,0.9905350454398344,142.08633696584064,2,True,True,0-9-11
rl_seed_7,18,20,delivered_on_time,114.89641446669556,0.47582317143433683,339.8649754988163,2,True,True,0-10-13
rl_seed_7,18,21,delivered_on_time,96.33221774041843,0.176523651499898,100.17732318508759,2,True,True,0-10-11
rl_seed_7,18,22,delivered_on_time,77.90992291768057,0.1547247455969931,402.25696579946396,2,True,True,0-10-13
rl_seed_7,18,23,missed_deadline,-32.00065932832741,0.8125520137890812,298.915677220107,1,False,False,0-10
rl_seed_7,18,24,delivered_on_time,116.58767753167506,0.41062399936294536,213.3793118454347,2,True,True,0-10-11
rl_seed_42,18,0,delivered_on_time,129.79215687461775,0.5253162165221147,113.48835705775033,2,True,True,0-9-12
rl_seed_42,18,1,delivered_on_time,109.6267628471486,0.46374353941448077,441.38935002664175,2,True,True,0-9-13
rl_seed_42,18,2,delivered_late,34.698761403559466,0.8681880027986391,504.3007129202696,2,True,False,0-9-11
rl_seed_42,18,3,delivered_on_time,172.35278986394218,0.8807545345346511,92.31032797653164,2,True,True,0-9-13
rl_seed_42,18,4,delivered_late,41.61013746835242,0.9680888199802598,325.14142320029555,2,True,False,0-9-12
rl_seed_42,18,5,delivered_on_time,159.34264952681215,0.8948353119408816,282.6791832709984,2,True,True,0-10-12
rl_seed_42,18,6,delivered_on_time,79.51744527213296,0.222442418544365,498.7454159447915,2,True,True,0-9-13
rl_seed_42,18,7,delivered_on_time,123.64129846138935,0.4480198387828165,208.54802280757775,2,True,True,0-9-13
rl_seed_42,18,8,delivered_on_time,124.96977212147647,0.47504512129256193,159.4225684451773,2,True,True,0-9-13
rl_seed_42,18,9,delivered_on_time,170.23524909665335,0.8984162297396212,113.7235320725253,2,True,True,0-10-13
rl_seed_42,18,10,delivered_on_time,97.45849706699813,0.2548287057398063,166.5846639288398,2,True,True,0-9-12
rl_seed_42,18,11,delivered_on_time,124.06106386341992,0.5314901480175802,380.2077099775075,2,True,True,0-10-13
rl_seed_42,18,12,missed_deadline,-31.415367437888996,0.8680953556947734,266.0482546367924,1,False,False,0-10
rl_seed_42,18,13,missed_deadline,-32.89279050203288,0.9632444301383802,252.867675770505,1,False,False,0-9
rl_seed_42,18,14,delivered_on_time,112.31688766379803,0.5103272986257561,414.5152419432866,2,True,True,0-9-13
rl_seed_42,18,15,delivered_on_time,143.64492459763767,0.8374390101111693,368.7554430539964,2,True,True,0-9-13
rl_seed_42,18,16,delivered_on_time,85.56468746391809,0.19777247968032083,356.0091285931448,2,True,True,0-9-11
rl_seed_42,18,17,delivered_on_time,128.7311767368682,0.5970111764837523,359.5902080737904,2,True,True,0-10-13
rl_seed_42,18,18,delivered_on_time,107.22840837070837,0.305624712123735,226.188071656896,2,True,True,0-10-12
rl_seed_42,18,19,delivered_on_time,171.66844525536118,0.9905350454398344,142.08633696584064,2,True,True,0-9-11
rl_seed_42,18,20,delivered_on_time,114.89641446669556,0.47582317143433683,339.8649754988163,2,True,True,0-10-13
rl_seed_42,18,21,delivered_on_time,96.33221774041843,0.176523651499898,100.17732318508759,2,True,True,0-10-11
rl_seed_42,18,22,delivered_on_time,77.90992291768057,0.1547247455969931,402.25696579946396,2,True,True,0-10-13
rl_seed_42,18,23,missed_deadline,-32.00065932832741,0.8125520137890812,298.915677220107,1,False,False,0-10
rl_seed_42,18,24,delivered_on_time,116.58767753167506,0.41062399936294536,213.3793118454347,2,True,True,0-10-11
rl_seed_123,18,0,delivered_on_time,129.79215687461775,0.5253162165221147,113.48835705775033,2,True,True,0-9-12
rl_seed_123,18,1,delivered_on_time,109.6267628471486,0.46374353941448077,441.38935002664175,2,True,True,0-9-13
rl_seed_123,18,2,delivered_late,34.698761403559466,0.8681880027986391,504.3007129202696,2,True,False,0-9-11
rl_seed_123,18,3,delivered_on_time,172.35278986394218,0.8807545345346511,92.31032797653164,2,True,True,0-9-13
rl_seed_123,18,4,delivered_on_time,168.87130555413844,0.9680888199802598,184.78026899961583,2,True,True,0-10-11
rl_seed_123,18,5,delivered_on_time,159.34264952681215,0.8948353119408816,282.6791832709984,2,True,True,0-10-12
rl_seed_123,18,6,delivered_on_time,79.51744527213296,0.222442418544365,498.7454159447915,2,True,True,0-9-13
rl_seed_123,18,7,delivered_on_time,123.64129846138935,0.4480198387828165,208.54802280757775,2,True,True,0-9-13
rl_seed_123,18,8,delivered_on_time,120.65970608077633,0.47504512129256193,237.1688099758008,2,True,True,0-9-11
rl_seed_123,18,9,delivered_on_time,170.23524909665335,0.8984162297396212,113.7235320725253,2,True,True,0-10-13
rl_seed_123,18,10,delivered_on_time,97.45849706699813,0.2548287057398063,166.5846639288398,2,True,True,0-9-12
rl_seed_123,18,11,delivered_on_time,124.06106386341992,0.5314901480175802,380.2077099775075,2,True,True,0-10-13
rl_seed_123,18,12,missed_deadline,-31.415367437888996,0.8680953556947734,266.0482546367924,1,False,False,0-10
rl_seed_123,18,13,missed_deadline,-32.89279050203288,0.9632444301383802,252.867675770505,1,False,False,0-9
rl_seed_123,18,14,delivered_on_time,112.31688766379803,0.5103272986257561,414.5152419432866,2,True,True,0-9-13
rl_seed_123,18,15,delivered_late,40.248786034585905,0.8374390101111693,469.4275475034736,2,True,False,0-10-13
rl_seed_123,18,16,delivered_on_time,85.56468746391809,0.19777247968032083,356.0091285931448,2,True,True,0-9-11
rl_seed_123,18,17,delivered_on_time,128.7311767368682,0.5970111764837523,359.5902080737904,2,True,True,0-10-13
rl_seed_123,18,18,delivered_on_time,107.22840837070837,0.305624712123735,226.188071656896,2,True,True,0-10-12
rl_seed_123,18,19,delivered_on_time,171.66844525536118,0.9905350454398344,142.08633696584064,2,True,True,0-9-11
rl_seed_123,18,20,delivered_on_time,114.89641446669556,0.47582317143433683,339.8649754988163,2,True,True,0-10-13
rl_seed_123,18,21,delivered_on_time,96.33221774041843,0.176523651499898,100.17732318508759,2,True,True,0-10-11
rl_seed_123,18,22,delivered_on_time,77.90992291768057,0.1547247455969931,402.25696579946396,2,True,True,0-10-13
rl_seed_123,18,23,missed_deadline,-32.00065932832741,0.8125520137890812,298.915677220107,1,False,False,0-10
rl_seed_123,18,24,delivered_on_time,116.58767753167506,0.41062399936294536,213.3793118454347,2,True,True,0-10-11
rl_fallback_invalid,18,0,delivered_on_time,135.1587289760304,0.5253162165221147,127.19979392825026,2,True,True,0-9-13
rl_fallback_invalid,18,1,delivered_on_time,109.6267628471486,0.46374353941448077,441.38935002664175,2,True,True,0-9-13
rl_fallback_invalid,18,2,delivered_late,34.698761403559466,0.8681880027986391,504.3007129202696,2,True,False,0-9-11
rl_fallback_invalid,18,3,delivered_on_time,168.9900335697706,0.8807545345346511,92.20689156461128,2,True,True,0-9-12
rl_fallback_invalid,18,4,delivered_on_time,168.87130555413844,0.9680888199802598,184.78026899961583,2,True,True,0-10-11
rl_fallback_invalid,18,5,delivered_on_time,159.34264952681215,0.8948353119408816,282.6791832709984,2,True,True,0-10-12
rl_fallback_invalid,18,6,delivered_on_time,79.51744527213296,0.222442418544365,498.7454159447915,2,True,True,0-9-13
rl_fallback_invalid,18,7,delivered_on_time,123.64129846138935,0.4480198387828165,208.54802280757775,2,True,True,0-9-13
rl_fallback_invalid,18,8,delivered_on_time,124.96977212147647,0.47504512129256193,159.4225684451773,2,True,True,0-9-13
rl_fallback_invalid,18,9,delivered_on_time,170.23524909665335,0.8984162297396212,113.7235320725253,2,True,True,0-10-13
rl_fallback_invalid,18,10,delivered_on_time,97.45849706699813,0.2548287057398063,166.5846639288398,2,True,True,0-9-12
rl_fallback_invalid,18,11,delivered_on_time,124.06106386341992,0.5314901480175802,380.2077099775075,2,True,True,0-10-13
rl_fallback_invalid,18,12,missed_deadline,-31.415367437888996,0.8680953556947734,266.0482546367924,1,False,False,0-10
rl_fallback_invalid,18,13,missed_deadline,-32.89279050203288,0.9632444301383802,252.867675770505,1,False,False,0-9
rl_fallback_invalid,18,14,delivered_on_time,112.31688766379803,0.5103272986257561,414.5152419432866,2,True,True,0-9-13
rl_fallback_invalid,18,15,delivered_on_time,143.64492459763767,0.8374390101111693,368.7554430539964,2,True,True,0-9-13
rl_fallback_invalid,18,16,delivered_on_time,85.56468746391809,0.19777247968032083,356.0091285931448,2,True,True,0-9-11
rl_fallback_invalid,18,17,delivered_on_time,128.7311767368682,0.5970111764837523,359.5902080737904,2,True,True,0-10-13
rl_fallback_invalid,18,18,delivered_on_time,107.22840837070837,0.305624712123735,226.188071656896,2,True,True,0-10-12
rl_fallback_invalid,18,19,delivered_on_time,171.66844525536118,0.9905350454398344,142.08633696584064,2,True,True,0-9-11
rl_fallback_invalid,18,20,delivered_on_time,114.89641446669556,0.47582317143433683,339.8649754988163,2,True,True,0-10-13
rl_fallback_invalid,18,21,delivered_on_time,96.33221774041843,0.176523651499898,100.17732318508759,2,True,True,0-10-11
rl_fallback_invalid,18,22,delivered_on_time,77.90992291768057,0.1547247455969931,402.25696579946396,2,True,True,0-10-13
rl_fallback_invalid,18,23,missed_deadline,-32.00065932832741,0.8125520137890812,298.915677220107,1,False,False,0-10
rl_fallback_invalid,18,24,delivered_on_time,116.58767753167506,0.41062399936294536,213.3793118454347,2,True,True,0-10-11
rl_fallback_unsafe,18,0,delivered_on_time,135.1587289760304,0.5253162165221147,127.19979392825026,2,True,True,0-9-13
rl_fallback_unsafe,18,1,delivered_on_time,109.6267628471486,0.46374353941448077,441.38935002664175,2,True,True,0-9-13
rl_fallback_unsafe,18,2,delivered_late,13.561478808976792,0.8681880027986391,854.2725097372123,2,True,False,0-9-12
rl_fallback_unsafe,18,3,delivered_on_time,168.9900335697706,0.8807545345346511,92.20689156461128,2,True,True,0-9-12
rl_fallback_unsafe,18,4,delivered_on_time,168.87130555413844,0.9680888199802598,184.78026899961583,2,True,True,0-10-11
rl_fallback_unsafe,18,5,delivered_on_time,159.34264952681215,0.8948353119408816,282.6791832709984,2,True,True,0-10-12
rl_fallback_unsafe,18,6,delivered_on_time,79.51744527213296,0.222442418544365,498.7454159447915,2,True,True,0-9-13
rl_fallback_unsafe,18,7,delivered_on_time,123.64129846138935,0.4480198387828165,208.54802280757775,2,True,True,0-9-13
rl_fallback_unsafe,18,8,delivered_on_time,124.96977212147647,0.47504512129256193,159.4225684451773,2,True,True,0-9-13
rl_fallback_unsafe,18,9,delivered_on_time,170.23524909665335,0.8984162297396212,113.7235320725253,2,True,True,0-10-13
rl_fallback_unsafe,18,10,delivered_on_time,97.45849706699813,0.2548287057398063,166.5846639288398,2,True,True,0-9-12
rl_fallback_unsafe,18,11,delivered_on_time,124.06106386341992,0.5314901480175802,380.2077099775075,2,True,True,0-10-13
rl_fallback_unsafe,18,12,missed_deadline,-31.415367437888996,0.8680953556947734,266.0482546367924,1,False,False,0-10
rl_fallback_unsafe,18,13,missed_deadline,-32.89279050203288,0.9632444301383802,252.867675770505,1,False,False,0-9
rl_fallback_unsafe,18,14,delivered_on_time,112.31688766379803,0.5103272986257561,414.5152419432866,2,True,True,0-9-13
rl_fallback_unsafe,18,15,delivered_on_time,143.64492459763767,0.8374390101111693,368.7554430539964,2,True,True,0-9-13
rl_fallback_unsafe,18,16,delivered_on_time,85.56468746391809,0.19777247968032083,356.0091285931448,2,True,True,0-9-11
rl_fallback_unsafe,18,17,delivered_on_time,121.87399700184184,0.5970111764837523,433.775865797616,2,True,True,0-10-11
rl_fallback_unsafe,18,18,delivered_on_time,107.22840837070837,0.305624712123735,226.188071656896,2,True,True,0-10-12
rl_fallback_unsafe,18,19,delivered_on_time,171.66844525536118,0.9905350454398344,142.08633696584064,2,True,True,0-9-11
rl_fallback_unsafe,18,20,delivered_on_time,114.89641446669556,0.47582317143433683,339.8649754988163,2,True,True,0-10-13
rl_fallback_unsafe,18,21,delivered_on_time,96.33221774041843,0.176523651499898,100.17732318508759,2,True,True,0-10-11
rl_fallback_unsafe,18,22,delivered_on_time,77.90992291768057,0.1547247455969931,402.25696579946396,2,True,True,0-10-13
rl_fallback_unsafe,18,23,missed_deadline,-32.00065932832741,0.8125520137890812,298.915677220107,1,False,False,0-10
rl_fallback_unsafe,18,24,delivered_on_time,116.58767753167506,0.41062399936294536,213.3793118454347,2,True,True,0-10-11
masked_random,19,0,missed_deadline,-44.31979807078404,0.5722673738749348,2475.740447002785,3,False,False,0-8-6-9
masked_random,19,1,delivered_on_time,81.56452165201033,0.2160218245549642,456.3023742663902,2,True,True,0-3-11
masked_random,19,2,missed_deadline,-45.13552426980488,0.943730398437066,383.04658258474603,2,False,False,0-8-3
masked_random,19,3,missed_deadline,-34.17278897469847,0.8450194609774829,470.6109312455885,1,False,False,0-4
masked_random,19,4,delivered_on_time,115.9566681297023,0.520490161266628,320.4098721518916,3,True,True,0-6-9-12
masked_random,19,5,delivered_late,50.02186179292571,0.8306379752296651,261.20945024244156,2,True,False,0-1-11
masked_random,19,6,delivered_late,-15.13995136780715,0.2271156725626857,1529.7350313618792,2,True,False,0-6-12
masked_random,19,7,missed_deadline,-28.598361064986555,0.7564150439119292,377.18963748141084,1,False,False,0-10
masked_random,19,8,delivered_on_time,96.9385758453641,0.4253525295818458,372.9722344807511,3,True,True,0-3-7-12
masked_random,19,9,delivered_on_time,87.44440077571389,0.30852636275673306,316.98518120997727,3,True,True,0-2-10-12
masked_random,19,10,missed_deadline,-72.57026661708028,0.29468926663727557,1490.9842761964742,5,False,False,0-8-4-6-5-7
masked_random,19,11,delivered_on_time,31.06516898511574,0.11891793135846865,1308.318406114549,2,True,True,0-10-12
masked_random,19,12,delivered_on_time,69.69185468910928,0.465531568068688,937.4344311653633,4,True,True,0-5-3-9-12
masked_random,19,13,delivered_on_time,116.13883781827327,0.5189182118887367,357.66201869941005,2,True,True,0-2-13
masked_random,19,14,delivered_on_time,72.54274983460834,0.3390490732889896,667.3387411318574,3,True,True,0-2-10-11
masked_random,19,15,delivered_on_time,52.60890882366532,0.18187993741913103,545.1175190689646,5,True,True,0-8-6-1-10-13
masked_random,19,16,delivered_on_time,85.80568829647207,0.14089230260935567,155.15880264153267,2,True,True,0-7-11
masked_random,19,17,missed_deadline,-50.9766015206654,0.8421538995914667,499.01460584906863,3,False,False,0-2-7-6
masked_random,19,18,delivered_on_time,125.6688641486287,0.5081707100457058,120.55663547370985,2,True,True,0-6-11
masked_random,19,19,missed_deadline,-41.10797213057688,0.5011167777920822,999.9858841115932,2,False,False,0-8-4
masked_random,19,20,missed_deadline,-36.88109630189232,0.7686395829596269,358.1449097426008,2,False,False,0-5-8
masked_random,19,21,delivered_on_time,117.21950517253845,0.5996897417271612,483.3051522300965,2,True,True,0-9-12
masked_random,19,22,delivered_on_time,162.81089323760904,0.8248930059297693,129.30064494324066,2,True,True,0-9-12
masked_random,19,23,delivered_on_time,101.20399825637065,0.42500717152714396,505.20300248666103,2,True,True,0-4-11
masked_random,19,24,delivered_on_time,162.70479584848528,0.8386853774471125,126.19667970404647,2,True,True,0-6-13
baseline_env_rules,19,0,delivered_on_time,131.0069838268528,0.5722673738749348,186.43829220889702,2,True,True,0-10-13
baseline_env_rules,19,1,delivered_on_time,97.5950201113675,0.22172169940679623,106.43050583864176,2,True,True,0-6-13
baseline_env_rules,19,2,delivered_on_time,155.48967954727507,0.8295340712172881,247.29486941865036,2,True,True,0-9-13
baseline_env_rules,19,3,delivered_on_time,84.81046529321353,0.18037080237415928,211.55558617371992,3,True,True,0-8-7-11
baseline_env_rules,19,4,delivered_on_time,87.77762548650098,0.2160218245549642,338.6805508586656,2,True,True,0-5-12
baseline_env_rules,19,5,delivered_on_time,111.39124317612337,0.309427641163073,85.79725419359434,2,True,True,0-5-13
baseline_env_rules,19,6,delivered_on_time,150.4951405478634,0.712500125713471,187.42338519724794,2,True,True,0-2-11
baseline_env_rules,19,7,delivered_late,49.01418677493297,0.943730398437066,213.46587749125848,2,True,False,0-5-11
baseline_env_rules,19,8,delivered_on_time,105.31074024866916,0.23810556048796613,81.09528774724922,2,True,True,0-9-11
baseline_env_rules,19,9,delivered_on_time,109.11090716730729,0.33501405358357683,67.95428693503615,2,True,True,0-2-11
baseline_env_rules,19,10,delivered_on_time,156.05072900486843,0.8450194609774829,265.63661432929035,2,True,True,0-8-13
baseline_env_rules,19,11,delivered_on_time,100.25817670819944,0.287481295136366,267.9262392923918,2,True,True,0-2-13
baseline_env_rules,19,12,delivered_on_time,131.63689358666417,0.520490161266628,147.51152248337712,2,True,True,0-8-12
baseline_env_rules,19,13,delivered_on_time,162.7413503757305,0.808632866223637,80.15211616495789,2,True,True,0-9-12
baseline_env_rules,19,14,delivered_on_time,154.4949228811119,0.8939490041075469,320.83570257991255,2,True,True,0-1-13
baseline_env_rules,19,15,delivered_on_time,100.57244255754189,0.4096968584309707,422.7429247946537,2,True,True,0-4-12
baseline_env_rules,19,16,delivered_on_time,99.06275334243898,0.2675212171562741,202.35377900231992,2,True,True,0-8-12
baseline_env_rules,19,17,delivered_on_time,166.97641737479694,0.8306379752296651,56.255631628025924,2,True,True,0-5-11
baseline_env_rules,19,18,delivered_on_time,95.8528016892678,0.30218255280721207,286.92094757822707,2,True,True,0-2-11
baseline_env_rules,19,19,delivered_on_time,159.41386678865965,0.8887024274718153,206.4607722964143,2,True,True,0-9-11
baseline_env_rules,19,20,delivered_on_time,90.68385534220445,0.2271156725626857,353.06621901216874,2,True,True,0-8-13
baseline_env_rules,19,21,delivered_on_time,89.54876802663236,0.23221428965930332,322.1025266708938,2,True,True,0-6-13
baseline_env_rules,19,22,delivered_on_time,113.53320835030908,0.34098816766260176,52.07386120246142,2,True,True,0-2-12
baseline_env_rules,19,23,delivered_late,49.7734065443207,0.7564150439119292,238.52778446455915,2,True,False,0-4-11
baseline_env_rules,19,24,delivered_on_time,133.8385462883371,0.5456498877103545,147.2729852828327,2,True,True,0-3-13
baseline_physical,19,0,delivered_on_time,131.0069838268528,0.5722673738749348,186.43829220889702,2,True,True,0-10-13
baseline_physical,19,1,delivered_on_time,97.5950201113675,0.22172169940679623,106.43050583864176,2,True,True,0-6-13
baseline_physical,19,2,delivered_on_time,146.81684235280355,0.8295340712172881,356.1709294901607,2,True,True,0-7-12
baseline_physical,19,3,delivered_on_time,79.82568523969985,0.18037080237415928,213.2207178985749,3,True,True,0-8-7-13
baseline_physical,19,4,delivered_on_time,87.36714342330295,0.2160218245549642,400.8997872377396,2,True,True,0-9-12
baseline_physical,19,5,delivered_on_time,111.39124317612337,0.309427641163073,85.79725419359434,2,True,True,0-5-13
baseline_physical,19,6,delivered_on_time,143.04005550446672,0.712500125713471,235.4806931148159,2,True,True,0-10-12
baseline_physical,19,7,delivered_late,49.01418677493297,0.943730398437066,213.46587749125848,2,True,False,0-5-11
baseline_physical,19,8,delivered_on_time,105.31074024866916,0.23810556048796613,81.09528774724922,2,True,True,0-9-11
baseline_physical,19,9,delivered_on_time,109.11090716730729,0.33501405358357683,67.95428693503615,2,True,True,0-2-11
baseline_physical,19,10,delivered_on_time,150.9603659836352,0.8450194609774829,318.776935128182,2,True,True,0-8-11
baseline_physical,19,11,delivered_on_time,95.27183849976618,0.287481295136366,286.6415269606764,2,True,True,0-10-11
baseline_physical,19,12,delivered_on_time,131.63689358666417,0.520490161266628,147.51152248337712,2,True,True,0-8-12
baseline_physical,19,13,delivered_on_time,162.7413503757305,0.808632866223637,80.15211616495789,2,True,True,0-9-12
baseline_physical,19,14,delivered_late,38.88584481341788,0.8939490041075469,438.93467157117317,2,True,False,0-8-11
baseline_physical,19,15,delivered_on_time,94.85749495048961,0.4096968584309707,561.0261568287924,2,True,True,0-10-13
baseline_physical,19,16,delivered_on_time,98.49001194458285,0.2675212171562741,236.38633552383826,2,True,True,0-4-11
baseline_physical,19,17,delivered_on_time,166.97641737479694,0.8306379752296651,56.255631628025924,2,True,True,0-5-11
baseline_physical,19,18,delivered_on_time,99.3965119502502,0.30218255280721207,302.5460180922095,2,True,True,0-6-13
baseline_physical,19,19,delivered_late,51.787946654247776,0.8887024274718153,228.99683272395743,2,True,False,0-8-13
baseline_physical,19,20,delivered_on_time,64.46512094432562,0.2271156725626857,884.6732626427404,2,True,True,0-6-11
baseline_physical,19,21,delivered_on_time,89.54876802663236,0.23221428965930332,322.1025266708938,2,True,True,0-6-13
baseline_physical,19,22,delivered_on_time,113.53320835030908,0.34098816766260176,52.07386120246142,2,True,True,0-2-12
baseline_physical,19,23,delivered_late,47.53640855439606,0.7564150439119292,280.2503460743942,2,True,False,0-7-12
baseline_physical,19,24,delivered_on_time,134.7706765982237,0.5456498877103545,152.03453682467008,2,True,True,0-9-11
rl_seed_7,19,0,delivered_on_time,131.0069838268528,0.5722673738749348,186.43829220889702,2,True,True,0-10-13
rl_seed_7,19,1,delivered_on_time,94.19750968725313,0.22172169940679623,186.8182923884359,2,True,True,0-9-13
rl_seed_7,19,2,delivered_on_time,155.48967954727507,0.8295340712172881,247.29486941865036,2,True,True,0-9-13
rl_seed_7,19,3,delivered_on_time,88.12146131056966,0.18037080237415928,255.4628820998105,2,True,True,0-10-11
rl_seed_7,19,4,delivered_on_time,87.36714342330295,0.2160218245549642,400.8997872377396,2,True,True,0-9-12
rl_seed_7,19,5,delivered_on_time,109.61191807692838,0.309427641163073,142.49291086452996,2,True,True,0-10-12
rl_seed_7,19,6,delivered_on_time,141.56614606660514,0.712500125713471,240.76646420534533,2,True,True,0-9-11
rl_seed_7,19,7,missed_deadline,-31.472213694172964,0.943730398437066,286.656588727957,1,False,False,0-9
rl_seed_7,19,8,delivered_on_time,102.22358587061458,0.23810556048796613,103.0746809512492,2,True,True,0-9-12
rl_seed_7,19,9,delivered_on_time,113.71679212008162,0.33501405358357683,88.337303812599,2,True,True,0-9-13
rl_seed_7,19,10,delivered_late,43.3056590983236,0.8450194609774829,368.8351941303107,2,True,False,0-9-13
rl_seed_7,19,11,delivered_on_time,81.78920351793357,0.287481295136366,683.5528063190898,2,True,True,0-9-13
rl_seed_7,19,12,delivered_on_time,128.95906840183378,0.520490161266628,182.92129679931236,2,True,True,0-9-13
rl_seed_7,19,13,delivered_on_time,154.40607439169372,0.808632866223637,161.96786519459914,2,True,True,0-10-12
rl_seed_7,19,14,missed_deadline,-30.541282075001263,0.8939490041075469,460.5975175920005,1,False,False,0-9
rl_seed_7,19,15,delivered_on_time,81.42727035239736,0.4096968584309707,820.3342451532977,2,True,True,0-9-11
rl_seed_7,19,16,delivered_on_time,97.12789847648725,0.2675212171562741,262.47231178901956,2,True,True,0-9-11
rl_seed_7,19,17,delivered_on_time,157.9445948213191,0.8306379752296651,139.93030758316038,2,True,True,0-9-11
rl_seed_7,19,18,delivered_on_time,94.93234178171954,0.30218255280721207,305.97391187758234,2,True,True,0-10-12
rl_seed_7,19,19,delivered_on_time,159.41386678865965,0.8887024274718153,206.4607722964143,2,True,True,0-9-11
rl_seed_7,19,20,delivered_on_time,87.41383779223459,0.2271156725626857,360.9043370071969,2,True,True,0-10-12
rl_seed_7,19,21,delivered_on_time,87.70427508707675,0.23221428965930332,364.37153083800376,2,True,True,0-10-11
rl_seed_7,19,22,delivered_on_time,116.9955433851171,0.34098816766260176,68.75408273454534,2,True,True,0-10-13
rl_seed_7,19,23,delivered_late,43.914073884118295,0.7564150439119292,336.54571703445527,2,True,False,0-9-12
rl_seed_7,19,24,delivered_on_time,134.7706765982237,0.5456498877103545,152.03453682467008,2,True,True,0-9-11
rl_seed_42,19,0,delivered_on_time,129.43091969636626,0.5722673738749348,194.6285302327272,2,True,True,0-9-13
rl_seed_42,19,1,delivered_on_time,94.19750968725313,0.22172169940679623,186.8182923884359,2,True,True,0-9-13
rl_seed_42,19,2,delivered_on_time,155.48967954727507,0.8295340712172881,247.29486941865036,2,True,True,0-9-13
rl_seed_42,19,3,delivered_on_time,88.12146131056966,0.18037080237415928,255.4628820998105,2,True,True,0-10-11
rl_seed_42,19,4,delivered_on_time,87.36714342330295,0.2160218245549642,400.8997872377396,2,True,True,0-9-12
rl_seed_42,19,5,delivered_on_time,109.61191807692838,0.309427641163073,142.49291086452996,2,True,True,0-10-12
rl_seed_42,19,6,delivered_on_time,141.56614606660514,0.712500125713471,240.76646420534533,2,True,True,0-9-11
rl_seed_42,19,7,missed_deadline,-31.472213694172964,0.943730398437066,286.656588727957,1,False,False,0-9
rl_seed_42,19,8,delivered_on_time,102.22358587061458,0.23810556048796613,103.0746809512492,2,True,True,0-9-12
rl_seed_42,19,9,delivered_on_time,113.71679212008162,0.33501405358357683,88.337303812599,2,True,True,0-9-13
rl_seed_42,19,10,delivered_late,43.3056590983236,0.8450194609774829,368.8351941303107,2,True,False,0-9-13
rl_seed_42,19,11,delivered_on_time,81.78920351793357,0.287481295136366,683.5528063190898,2,True,True,0-9-13
rl_seed_42,19,12,delivered_on_time,128.95906840183378,0.520490161266628,182.92129679931236,2,True,True,0-9-13
rl_seed_42,19,13,delivered_on_time,157.43971395597117,0.808632866223637,164.0267511792262,2,True,True,0-10-13
rl_seed_42,19,14,missed_deadline,-30.541282075001263,0.8939490041075469,460.5975175920005,1,False,False,0-9
rl_seed_42,19,15,delivered_on_time,81.42727035239736,0.4096968584309707,820.3342451532977,2,True,True,0-9-11
rl_seed_42,19,16,delivered_on_time,97.12789847648725,0.2675212171562741,262.47231178901956,2,True,True,0-9-11
rl_seed_42,19,17,delivered_on_time,157.9445948213191,0.8306379752296651,139.93030758316038,2,True,True,0-9-11
rl_seed_42,19,18,delivered_on_time,94.2742389565609,0.30218255280721207,303.6677360376377,2,True,True,0-10-13
rl_seed_42,19,19,delivered_on_time,159.41386678865965,0.8887024274718153,206.4607722964143,2,True,True,0-9-11
rl_seed_42,19,20,delivered_on_time,87.41383779223459,0.2271156725626857,360.9043370071969,2,True,True,0-10-12
rl_seed_42,19,21,delivered_on_time,87.70427508707675,0.23221428965930332,364.37153083800376,2,True,True,0-10-11
rl_seed_42,19,22,delivered_on_time,114.03171140483596,0.34098816766260176,120.3791821943769,2,True,True,0-8-13
rl_seed_42,19,23,delivered_late,43.914073884118295,0.7564150439119292,336.54571703445527,2,True,False,0-9-12
rl_seed_42,19,24,delivered_on_time,134.7706765982237,0.5456498877103545,152.03453682467008,2,True,True,0-9-11
rl_seed_123,19,0,delivered_on_time,131.0069838268528,0.5722673738749348,186.43829220889702,2,True,True,0-10-13
rl_seed_123,19,1,delivered_on_time,94.19750968725313,0.22172169940679623,186.8182923884359,2,True,True,0-9-13
rl_seed_123,19,2,delivered_on_time,155.48967954727507,0.8295340712172881,247.29486941865036,2,True,True,0-9-13
rl_seed_123,19,3,delivered_on_time,88.12146131056966,0.18037080237415928,255.4628820998105,2,True,True,0-10-11
rl_seed_123,19,4,delivered_on_time,87.36714342330295,0.2160218245549642,400.8997872377396,2,True,True,0-9-12
rl_seed_123,19,5,delivered_on_time,109.61191807692838,0.309427641163073,142.49291086452996,2,True,True,0-10-12
rl_seed_123,19,6,delivered_on_time,141.56614606660514,0.712500125713471,240.76646420534533,2,True,True,0-9-11
rl_seed_123,19,7,missed_deadline,-34.52578432911571,0.943730398437066,214.04305796926133,1,False,False,0-1
rl_seed_123,19,8,delivered_on_time,102.22358587061458,0.23810556048796613,103.0746809512492,2,True,True,0-9-12
rl_seed_123,19,9,delivered_on_time,113.71679212008162,0.33501405358357683,88.337303812599,2,True,True,0-9-13
rl_seed_123,19,10,delivered_late,43.3056590983236,0.8450194609774829,368.8351941303107,2,True,False,0-9-13
rl_seed_123,19,11,delivered_on_time,95.27183849976618,0.287481295136366,286.6415269606764,2,True,True,0-10-11
rl_seed_123,19,12,delivered_on_time,128.95906840183378,0.520490161266628,182.92129679931236,2,True,True,0-9-13
rl_seed_123,19,13,delivered_on_time,154.40607439169372,0.808632866223637,161.96786519459914,2,True,True,0-10-12
rl_seed_123,19,14,missed_deadline,-30.541282075001263,0.8939490041075469,460.5975175920005,1,False,False,0-9
rl_seed_123,19,15,delivered_on_time,81.42727035239736,0.4096968584309707,820.3342451532977,2,True,True,0-9-11
rl_seed_123,19,16,delivered_on_time,97.12789847648725,0.2675212171562741,262.47231178901956,2,True,True,0-9-11
rl_seed_123,19,17,delivered_on_time,157.9445948213191,0.8306379752296651,139.93030758316038,2,True,True,0-9-11
rl_seed_123,19,18,delivered_on_time,94.93234178171954,0.30218255280721207,305.97391187758234,2,True,True,0-10-12
rl_seed_123,19,19,delivered_on_time,159.41386678865965,0.8887024274718153,206.4607722964143,2,True,True,0-9-11
rl_seed_123,19,20,delivered_on_time,87.41383779223459,0.2271156725626857,360.9043370071969,2,True,True,0-10-12
rl_seed_123,19,21,delivered_on_time,87.70427508707675,0.23221428965930332,364.37153083800376,2,True,True,0-10-11
rl_seed_123,19,22,delivered_on_time,116.9955433851171,0.34098816766260176,68.75408273454534,2,True,True,0-10-13
rl_seed_123,19,23,delivered_late,43.914073884118295,0.7564150439119292,336.54571703445527,2,True,False,0-9-12
rl_seed_123,19,24,delivered_on_time,134.7706765982237,0.5456498877103545,152.03453682467008,2,True,True,0-9-11
rl_fallback_invalid,19,0,delivered_on_time,131.0069838268528,0.5722673738749348,186.43829220889702,2,True,True,0-10-13
rl_fallback_invalid,19,1,delivered_on_time,94.19750968725313,0.22172169940679623,186.8182923884359,2,True,True,0-9-13
rl_fallback_invalid,19,2,delivered_on_time,155.48967954727507,0.8295340712172881,247.29486941865036,2,True,True,0-9-13
rl_fallback_invalid,19,3,delivered_on_time,88.12146131056966,0.18037080237415928,255.4628820998105,2,True,True,0-10-11
rl_fallback_invalid,19,4,delivered_on_time,87.36714342330295,0.2160218245549642,400.8997872377396,2,True,True,0-9-12
rl_fallback_invalid,19,5,delivered_on_time,109.61191807692838,0.309427641163073,142.49291086452996,2,True,True,0-10-12
rl_fallback_invalid,19,6,delivered_on_time,141.56614606660514,0.712500125713471,240.76646420534533,2,True,True,0-9-11
rl_fallback_invalid,19,7,missed_deadline,-31.472213694172964,0.943730398437066,286.656588727957,1,False,False,0-9
rl_fallback_invalid,19,8,delivered_on_time,102.22358587061458,0.23810556048796613,103.0746809512492,2,True,True,0-9-12
rl_fallback_invalid,19,9,delivered_on_time,113.71679212008162,0.33501405358357683,88.337303812599,2,True,True,0-9-13
rl_fallback_invalid,19,10,delivered_late,43.3056590983236,0.8450194609774829,368.8351941303107,2,True,False,0-9-13
rl_fallback_invalid,19,11,delivered_on_time,81.78920351793357,0.287481295136366,683.5528063190898,2,True,True,0-9-13
rl_fallback_invalid,19,12,delivered_on_time,128.95906840183378,0.520490161266628,182.92129679931236,2,True,True,0-9-13
rl_fallback_invalid,19,13,delivered_on_time,154.40607439169372,0.808632866223637,161.96786519459914,2,True,True,0-10-12
rl_fallback_invalid,19,14,missed_deadline,-30.541282075001263,0.8939490041075469,460.5975175920005,1,False,False,0-9
rl_fallback_invalid,19,15,delivered_on_time,81.42727035239736,0.4096968584309707,820.3342451532977,2,True,True,0-9-11
rl_fallback_invalid,19,16,delivered_on_time,97.12789847648725,0.2675212171562741,262.47231178901956,2,True,True,0-9-11
rl_fallback_invalid,19,17,delivered_on_time,157.9445948213191,0.8306379752296651,139.93030758316038,2,True,True,0-9-11
rl_fallback_invalid,19,18,delivered_on_time,94.93234178171954,0.30218255280721207,305.97391187758234,2,True,True,0-10-12
rl_fallback_invalid,19,19,delivered_on_time,159.41386678865965,0.8887024274718153,206.4607722964143,2,True,True,0-9-11
rl_fallback_invalid,19,20,delivered_on_time,87.41383779223459,0.2271156725626857,360.9043370071969,2,True,True,0-10-12
rl_fallback_invalid,19,21,delivered_on_time,87.70427508707675,0.23221428965930332,364.37153083800376,2,True,True,0-10-11
rl_fallback_invalid,19,22,delivered_on_time,116.9955433851171,0.34098816766260176,68.75408273454534,2,True,True,0-10-13
rl_fallback_invalid,19,23,delivered_late,43.914073884118295,0.7564150439119292,336.54571703445527,2,True,False,0-9-12
rl_fallback_invalid,19,24,delivered_on_time,134.7706765982237,0.5456498877103545,152.03453682467008,2,True,True,0-9-11
rl_fallback_unsafe,19,0,delivered_on_time,131.0069838268528,0.5722673738749348,186.43829220889702,2,True,True,0-10-13
rl_fallback_unsafe,19,1,delivered_on_time,94.19750968725313,0.22172169940679623,186.8182923884359,2,True,True,0-9-13
rl_fallback_unsafe,19,2,delivered_on_time,155.48967954727507,0.8295340712172881,247.29486941865036,2,True,True,0-9-13
rl_fallback_unsafe,19,3,delivered_on_time,88.12146131056966,0.18037080237415928,255.4628820998105,2,True,True,0-10-11
rl_fallback_unsafe,19,4,delivered_on_time,87.36714342330295,0.2160218245549642,400.8997872377396,2,True,True,0-9-12
rl_fallback_unsafe,19,5,delivered_on_time,109.61191807692838,0.309427641163073,142.49291086452996,2,True,True,0-10-12
rl_fallback_unsafe,19,6,delivered_on_time,141.56614606660514,0.712500125713471,240.76646420534533,2,True,True,0-9-11
rl_fallback_unsafe,19,7,missed_deadline,-31.472213694172964,0.943730398437066,286.656588727957,1,False,False,0-9
rl_fallback_unsafe,19,8,delivered_on_time,102.22358587061458,0.23810556048796613,103.0746809512492,2,True,True,0-9-12
rl_fallback_unsafe,19,9,delivered_on_time,113.71679212008162,0.33501405358357683,88.337303812599,2,True,True,0-9-13
rl_fallback_unsafe,19,10,delivered_late,34.656528611004724,0.8450194609774829,368.8351941303107,3,True,False,0-8-9-13
rl_fallback_unsafe,19,11,delivered_on_time,81.78920351793357,0.287481295136366,683.5528063190898,2,True,True,0-9-13
rl_fallback_unsafe,19,12,delivered_on_time,128.95906840183378,0.520490161266628,182.92129679931236,2,True,True,0-9-13
rl_fallback_unsafe,19,13,delivered_on_time,154.40607439169372,0.808632866223637,161.96786519459914,2,True,True,0-10-12
rl_fallback_unsafe,19,14,delivered_late,38.88584481341788,0.8939490041075469,438.93467157117317,2,True,False,0-8-11
rl_fallback_unsafe,19,15,delivered_late,-86.39309000596126,0.4096968584309707,2940.879061787513,2,True,False,0-9-13
rl_fallback_unsafe,19,16,delivered_on_time,97.12789847648725,0.2675212171562741,262.47231178901956,2,True,True,0-9-11
rl_fallback_unsafe,19,17,delivered_on_time,157.9445948213191,0.8306379752296651,139.93030758316038,2,True,True,0-9-11
rl_fallback_unsafe,19,18,delivered_on_time,94.93234178171954,0.30218255280721207,305.97391187758234,2,True,True,0-10-12
rl_fallback_unsafe,19,19,delivered_on_time,159.41386678865965,0.8887024274718153,206.4607722964143,2,True,True,0-9-11
rl_fallback_unsafe,19,20,delivered_on_time,87.41383779223459,0.2271156725626857,360.9043370071969,2,True,True,0-10-12
rl_fallback_unsafe,19,21,delivered_on_time,87.70427508707675,0.23221428965930332,364.37153083800376,2,True,True,0-10-11
rl_fallback_unsafe,19,22,delivered_on_time,116.9955433851171,0.34098816766260176,68.75408273454534,2,True,True,0-10-13
rl_fallback_unsafe,19,23,delivered_late,43.914073884118295,0.7564150439119292,336.54571703445527,2,True,False,0-9-12
rl_fallback_unsafe,19,24,delivered_on_time,134.7706765982237,0.5456498877103545,152.03453682467008,2,True,True,0-9-11
